id,name,latitude,longitude
24357989,青衣 Tsing Yi,22.358341,114.1074211
243844926,大學 University,22.4133852,114.2100545
243844947,火炭 Fo Tan,22.3953371,114.198366
243844957,沙田 Sha Tin,22.3827727,114.1877677
243844966,大圍 Tai Wai,22.3731177,114.1785062
262135570,沙田圍 Sha Tin Wai,22.3769634,114.1947694
262135577,車公廟 Che Kung Temple,22.3747809,114.1860976
262967415,香港恒生大學 The Hang Seng University of Hong Kong,22.3807215,114.2116331
274265905,,22.3667735,114.0588583
275810912,紅萼樓 Hung Ngok House,22.3366991,114.2067848
275812085,福來邨永樂樓 Wing Lok House Fuk Loi Estate,22.3738994,114.1149871
278947216,鵬程苑 Pang Ching Court,22.3460487,114.189871
279126759,美孚 Mei Foo,22.3388904,114.136522
288376916,青衣 Tsing Yi,22.3583861,114.1074312
288378585,荔景 Lai King,22.3484986,114.1262633
288379339,長沙灣 Cheung Sha Wan,22.3355274,114.156174
288379363,深水埗 Sham Shui Po,22.3306332,114.1624588
288379517,荔枝角 Lai Chi Kok,22.3374427,114.1483992
288379522,美孚 Mei Foo,22.3379838,114.1392054
288379611,葵芳 Kwai Fong,22.3568855,114.1278558
288379617,葵興 Kwai Hing,22.3630265,114.131206
288457559,九龍塘 Kowloon Tong,22.3368912,114.1772614
288699135,石硤尾 Shek Kip Mei,22.332964,114.1687987
288703656,樂富 Lok Fu,22.338231,114.1876606
288704399,黃大仙 Wong Tai Sin,22.3417863,114.1951039
288704403,鑽石山 Diamond Hill,22.3400859,114.2016471
288704409,彩虹 Choi Hung,22.3343989,114.2099149
289841076,又一城 Festival Walk,22.3368828,114.1755108
316731315,馬場 Racecourse,22.4004416,114.2029649
325706988,荃景圍街市 Tsuen King Circuit Market,22.3787221,114.1043732
332214616,正暉樓 Ching Fai House,22.3501964,114.2008717
332214669,樂祥樓 Lok Cheung House,22.3485662,114.1987802
332256682,長沙灣賽馬會診療所 Cheung Sha Wan Jockey Club Clinic,22.3406856,114.1587734
335839461,石梨貝水塘 Shek Lei Pui Reservoir,22.3491194,114.1534919
360268809,九華徑 Kau Wa Keng,22.3436227,114.1361341
360268811,九華徑 Kau Wa Keng,22.3437715,114.1366578
360268814,荔灣道 Lai Wan Road,22.3410992,114.1383243
360603981,盧光輝紀念學校 Lu Kwong Fai Memorial School,22.3636116,114.1228012
367832116,沙田圍巴士總站 Sha Tin Wai Bus Terminus,22.3803665,114.1965694
367843494,愉田苑 Yue Tin Court,22.382945,114.201744
367843504,置富第一城 Fortune City One,22.387387,114.2039819
369228136,愉翠苑 Yu Chui Court,22.3823093,114.2055189
378021485,大學站 University Station,22.4125523,114.2105139
378021490,大學站 University Station,22.4126483,114.2103828
439184874,顯徑 Hin Keng,22.3625749,114.1710195
439190930,秦石邨石瑩樓 Shek Ying House Chun Shek Estate,22.3728946,114.1856713
439190955,新田圍邨 Sun Tin Wai Estate,22.3710119,114.1860816
441991950,,22.3441882,114.1971669
480680818,蘇屋邨杜鵑樓 Azalea House So Uk Estate,22.3396502,114.1565239
490733585,龍德街 Lung Tak Street,22.36493,114.11514
493885058,小瀝源 Siu Lek Yuen,22.3829902,114.2117453
517538615,亞公角 A Kung Kok,22.4020608,114.2155282
567538779,黃大仙廟 Wong Tai Sin Temple,22.3416498,114.1954047
567538784,摩士公園泳池 Morse Park Swimming Pool,22.341597,114.1914886
567538807,永光書院 Wing Kwong College,22.3421425,114.1900456
568095498,新翠邨 Sun Chui Estate,22.3708066,114.1793563
568095509,新翠邨 Sun Chui Estate,22.3703771,114.1796313
574302234,豐力樓 Phoenix House,22.3426364,114.1730826
574435801,李嘉誠專科診所 Li Ka Shing Specialist Clinic,22.3779727,114.2006594
579751607,九龍水塘 Kowloon Reservoir,22.3552268,114.1582293
581848388,沙田第一城 City One Shatin,22.3887225,114.2020487
631551545,荃錦公路觀景台 Viewing Point (Route Twisk),22.4132528,114.110067
660415002,荔景站 Lai King Station,22.3482596,114.1267053
660415003,荔景邨樂景樓 Lok King House Lai King Estate,22.3465599,114.1265093
660415004,救世軍荔景院 The Salvation Army Lai King Home,22.3447871,114.1283911
660415005,葵涌醫院 Kwai Chung Hospital,22.3438085,114.1304969
726537902,黃泥頭巴士總站 Wong Nai Tau Bus Terminus,22.3822224,114.2177352
727423869,崇基學院 Chung Chi College,22.4133315,114.2080086
728099078,崇基學院 Chung Chi College,22.4132412,114.2083956
945814797,荃景圍天橋 Tsuen King Circuit Flyover,22.3754167,114.1086121
945815181,荃景圍天橋 Tsuen King Circuit Flyover,22.375762,114.1078291
945816152,愉景新城 Discovery Park,22.3749476,114.1128735
945817017,"福來邨永康樓 Wing Hong House, Fuk Loi Estate",22.374479,114.1133601
945818167,荃灣站 Tsuen Wan Station,22.3739071,114.1155094
998475537,硃鳳樓 Chu Fung House,22.3460896,114.2009805
998475805,蒲崗村道公園 Po Kong Village Road Park,22.3462856,114.2023595
998477703,富山總站 Fu Shan Bus Terminus,22.3436557,114.2079276
998478801,蒲蘅里 Po Hang Lane,22.3462349,114.2020119
999331571,長沙灣（甘泉街） Cheung Sha Wan (Kom Tsun Street),22.3369101,114.1450102
999331662,甘泉街巴士總站 Kom Tsun Street Bus Terminus,22.3378546,114.144693
1000976278,,22.3917643,114.20609
1001072718,富豪花園 Belair Gardens,22.3848927,114.1984677
1001072792,沙田第一城 City One Shatin,22.3894176,114.2032034
1001072832,麗豪酒店 Regal Riverside Hotel,22.3824045,114.1955364
1001072856,富豪花園 Belair Gardens,22.3851481,114.1982233
1001072885,濱景花園 Ravana Garden,22.3918167,114.2060431
1001072897,新界鄉議局大樓 Heung Yee Kuk Building,22.3915675,114.206521
1001072953,新界鄉議局大樓 Heung Yee Kuk Building,22.3912503,114.2062141
1002632961,愉田苑 Yue Tin Court,22.383026,114.2016379
1012267750,麗豪酒店 Regal Riverside Hotel,22.3822316,114.195795
1012308522,希爾頓中心 Hilton Plaza,22.3795711,114.1871445
1012308530,帝都酒店 Royal Park Hotel,22.3796005,114.1881745
1012308532,好運中心 Lucky Plaza,22.3827533,114.1906103
1099095666,荃景圍天橋 Tsuen King Circuit Flyover,22.375651,114.1068313
1099099060,,22.3715567,114.1151025
1114990274,荃威花園 Allway Gardens,22.3772625,114.1042012
1114993841,荃威花園總站 Allway Gardens Bus Terminus,22.377377,114.1041302
1161209196,美孚巴士總站 Mei Foo Bus Terminus,22.3372566,114.1399661
1161236173,美孚轉車站 Mei Foo BBI,22.3366756,114.1403418
1161273775,蘭秀道 Nassau Street,22.3393523,114.1402937
1191992725,昌華街 Cheung Wah Street,22.3385714,114.1519762
1191992763,昌華街 Cheung Wah Street,22.3385712,114.1517545
1194240777,長沙灣賽馬會診療所 Jockey Club Clinic Cheung Sha Wan,22.3408201,114.158596
1203997858,,22.3728317,114.1967408
1208565912,基慧小學 Kei Wai Primary School,22.3506863,114.0594858
1208566657,臨海廣場 Beach Commercial Complex,22.3500646,114.0607458
1240289789,慈雲山（北）巴士總站 Tsz Wan Shan (North) Bus Terminus,22.3509464,114.1983794
1240289968,慈雲山（北）巴士總站 Tsz Wan Shan (North) Bus Terminus,22.3511305,114.1982596
1241492146,竹園街市 Chuk Yuen Market,22.34511,114.19254
1241492152,竹園邨總站 Chuk Yuen Estate Bus Terminus,22.34544,114.19224
1254866561,正康樓 Ching Hong House,22.3486413,114.202823
1264494680,又一城 Festival Walk,22.3368504,114.1755154
1270160769,甘泉街 Kom Tsun Street,22.337946,114.1445401
1270206132,葵涌醫院 Kwai Chung Hospital,22.3434185,114.1314323
1271091079,葵涌交匯處 Kwai Chung Interchange,22.3408844,114.1316099
1271091209,葵涌交匯處 Kwai Chung Interchange,22.3395426,114.1325881
1271091277,葵涌交滙處 Kwai Chung Interchange,22.3408623,114.1316239
1271128974,,22.361856,114.1318497
1271128992,葵涌道荔景邨 Lai King Estate Kwai Chung Road,22.3524971,114.1264732
1271236069,葵芳邨 Kwai Fong Estate,22.3597177,114.1310359
1272067007,清麗苑 Ching Lai Court,22.3398983,114.1338874
1272067011,聯接街 Joint Street,22.3511342,114.1272027
1272067047,清麗苑 Ching Lai Court,22.339559,114.1345852
1272067059,荔景邨樂景樓 Lok King House Lai King Estate,22.3453504,114.1272438
1272067089,荔景邨樂景樓 Lok King House Lai King Estate,22.34656,114.1265788
1272716285,新都會廣場 Metroplaza,22.3578283,114.1261198
1273039309,昌榮路迴旋處 Cheung Wing Road Gyratory,22.3701728,114.1319004
1273039315,大窩口站 Tai Wo Hau Station,22.3704846,114.1240337
1273039398,大窩口轉車站 Tai Wo Hau BBI,22.3704311,114.1249085
1273039498,葵盛邨盛安樓 Shing On House Kwai Shing Estate,22.3650637,114.1258892
1273177536,荃景圍天橋 Tsuen King Circuit Flyover,22.3754782,114.1086192
1273177551,荃景圍天橋 Tsuen King Circuit Flyover,22.3754466,114.1090327
1274306691,荃灣站 Tsuen Wan Station,22.3738971,114.1160646
1283140044,,22.3613263,114.1045862
1295654768,荔景 Lai King,22.3482836,114.125984
1295654775,青衣 Tsing Yi,22.3583861,114.1074313
1295654784,大圍 Tai Wai,22.3731463,114.1784831
1295654891,九龍塘 Kowloon Tong,22.3369989,114.1758397
1296356656,青衣工業中心 Tsing Yi Industrial Centre,22.3490564,114.1097731
1311402542,大圍新村 Tai Wai New Village,22.3729784,114.1747698
1311402681,美林 Mei Lam,22.377687,114.1749751
1396134416,宏景花園 Grandview Garden,22.3408989,114.2074435
1484015734,,22.4145392,114.2102081
1489344355,富山邨 Fu Shan Estate,22.3420058,114.208298
1489344411,牛池灣村 Ngau Chi Wan Village,22.3368403,114.2070306
1492139177,第一城總站 City One Sha Tin Bus Terminus,22.3860473,114.2025088
1496795382,新田圍巴士總站 Sun Tin Wai Bus Terminus,22.3708627,114.1860558
1502804321,沙田站巴士總站 Sha Tin Station Bus Terminus,22.3830465,114.1879445
1506594356,大圍 Tai Wai,22.3728022,114.1787838
1515149308,中文大學 Chinese University,22.4175101,114.2037607
1515224316,美景花園 Mayfair Gardens,22.3448674,114.1078305
1561104512,高盛臺 High Prosperity Terrace,22.3645909,114.1229373
1561104536,葵盛中巴士總站 Kwai Shing Central Bus Terminus,22.3611802,114.1222763
1595259154,則仁中心 Chak Yan Centre,22.3399996,114.1669486
1629724050,黃泥頭巴士總站 Wong Nai Tau Bus Terminus,22.3824425,114.2178071
1646789175,,22.3760709,114.1246555
1651828143,泰東樓 Tai Tung House,22.3357099,114.1942663
1651828157,樂謙樓 Lok Him House,22.3367927,114.1872561
1651828270,浸會大學逸夫校園 HKBU Shaw Campus,22.3392709,114.1825525
1651828283,富強苑 Fu Keung Court,22.3394015,114.184407
1652874985,黃大仙上邨普善樓 Po Sin House Upper Wong Tai Sin Estate,22.3431115,114.1908088
1652875029,黃大仙祠 Wong Tai Sin Temple,22.3436629,114.1947772
1686529610,蒲崗村道學校村 Po Kong Village Road School Village,22.3454888,114.2063605
1686529625,保良局第一張永慶中學 Po Leung Kuk No.1 W.H. Cheung College,22.3461649,114.205499
1687467628,石籬邨石俊樓 Shek Chun House Shek Lei Estate,22.3634181,114.137655
1697570731,楊屋道街市 Yeung Uk Road Market,22.368723,114.1145989
1698183751,荃灣橫龍街 Wang Lung Street Tsuen Wan,22.3664183,114.1185616
1698231372,大窩口邨富安樓 Fu On House Tai Wo Hau Estate,22.3678984,114.1243609
1700640301,青衣街市 Tsing Yi Market,22.354332,114.1060939
1701214504,楊屋道街市 Yeung Uk Road Market,22.3684262,114.1151484
1701214506,楊屋道街市 Yeung Uk Road Market,22.3683729,114.1152469
1702198147,石圍角新村 Shek Wai Kok Sun Village,22.3759533,114.1364335
1704049321,麗瑤巴士總站 Lai Yiu Bus Terminus,22.3528332,114.131863
1704049540,葵涌邨夏葵樓 Ha Kwai House Kwai Chung Estate,22.3663758,114.1312519
1704079189,葵盛游泳池 Kwai Shing Swimming Pool,22.3596847,114.1225595
1704094699,永基路 Wing Kei Road,22.3596461,114.1185372
1704123077,黃大仙廟 Wong Tai Sin Temple,22.341563,114.1954042
1704463348,瑪嘉烈醫院 Princess Margaret Hospital,22.3412641,114.1327173
1704463350,瑪嘉烈醫院 Princess Margaret Hospital,22.3414117,114.1326355
1704464938,葵青劇院 Kwai Tsing Theatre,22.3561841,114.1257083
1704984244,美孚轉車站 Mei Foo BBI,22.336554,114.1414682
1704984424,美孚巴士總站 Mei Foo Bus Terminus,22.3372265,114.140116
1704984544,美孚 Mei Foo,22.3374537,114.1403676
1704984552,美孚轉車站 Mei Foo BBI,22.3374971,114.1402485
1704984750,荔灣花園 Lai Chi Kok Bay Garden,22.3420448,114.1359269
1704984859,荔枝角巴士總站 Lai Chi Kok Bus Terminus,22.3414564,114.1367159
1704984868,荔枝角巴士總站 Lai Chi Kok Bus Terminus,22.3416219,114.1371251
1705682807,星輝豪庭 Peninsula Heights,22.34333,114.18242
1705682827,范信達道 Fessenden Road,22.3417125,114.1831559
1707529107,,22.3660402,114.0568236
1707529242,,22.3669893,114.0633356
1707529500,,22.3689815,114.0994259
1707529646,麗城花園第三期 Belvedere Garden Phase 3,22.3714025,114.1026157
1711507840,"石圍角邨石葵樓 Shek Kwai House, Shek Wai Kok Estate",22.3758319,114.1247635
1711507862,"石圍角邨石菊樓 Shek Kuk House, Shek Wai Kok Estate",22.3759765,114.1246378
1711522647,"石圍角邨石蓮樓 Shek Lin House, Shek Wai Kok Estate",22.3744493,114.122589
1711522663,"石圍角邨石荷樓 Shek Ho House, Shek Wai Kok Estate",22.3741989,114.1226249
1712883340,綠楊新邨 Luk Yeung Sun Chuen,22.3718641,114.1214195
1712883344,荃灣眾安街 Chung On Street Tsuen Wan,22.3718782,114.1190061
1712883345,荃灣眾安街 Chung On Street Tsuen Wan,22.3710034,114.119427
1712883347,蕙荃體育館 Wai Tsuen Sports Centre,22.3730258,114.1224635
1716519472,大學站 University Station,22.4145368,114.2102205
1716519481,大學體育中心 University Sports Centre,22.4178117,114.2104816
1716519526,崇基教學樓 Chung Chi Teaching Blocks,22.4160358,114.208359
1725039715,圳下 Chun Ha,22.3967854,114.1096146
1784575573,荃灣富華街 Fu Wah Street Tsuen Wan,22.373453,114.1159079
1784575574,美環街 Mei Wan Street,22.376455,114.1105006
1784575575,荃灣聯仁街 Luen Yan Street Tsuen Wan,22.3676864,114.1174709
1784575577,荃景花園 Tsuen King Garden,22.3781664,114.1095771
1784575578,仁濟醫院 Yan Chai Hospital,22.3691377,114.1200954
1784578055,荃灣中心 Tsuen Wan Centre,22.3785947,114.1082576
1784578060,聖母領報堂 Church of the Annunciation,22.3770363,114.1054126
1784578076,荃景花園第二期 Tsuen King Garden Phase 2,22.3779946,114.1100436
1784578078,荃景圍街市 Tsuen King Circuit Market,22.3787034,114.1043394
1784578082,愉景新城 Discovery Park,22.3765361,114.1126853
1784578084,荃景花園第二期 Tsuen King Garden Phase 2,22.3781212,114.110083
1784578085,荃灣港安醫院 Tsuen Wan Adventist Hospital,22.3763679,114.1047455
1784578089,荃威花園 Allway Gardens,22.3772847,114.1041935
1784578107,荃灣中心 Tsuen Wan Centre,22.3786659,114.1072857
1784601680,戴麟趾夫人診所 Lady Trench Polyclinic,22.3699971,114.1159974
1784601681,荃灣站 Tsuen Wan Station,22.3741281,114.1163995
1784601682,悅來酒店 Panda Hotel,22.3693376,114.1207387
1784601685,美環街 Mei Wan Street,22.3763272,114.110743
1784601689,荃灣鹹田街 Ham Tin Street Tsuen Wan,22.369432,114.1170715
1785583828,名逸居 New Haven,22.3676793,114.1206188
1785583832,東普陀 Tung Po Tor,22.3788752,114.1274398
1785583836,荃灣鹹田街 Ham Tin Street Tsuen Wan,22.369521,114.1172324
1785583837,三棟屋村 Sam Tung Uk Resite Village,22.3799855,114.1297732
1785583838,尚翠苑 Sheung Chui Court,22.3674554,114.1206746
1785583841,戴麟趾夫人診所 Lady Trench Polyclinic,22.3704536,114.115471
1785583844,海壩村 Hoi Pa Resite Village,22.378658,114.1273421
1785583846,"象山邨秀山樓 Sau Shan House, Cheung Shan Estate",22.3787564,114.1315521
1785583847,荃富街公園 Tsuen Fu Street Garden,22.3689544,114.1215897
1785583848,三棟屋村 Sam Tung Uk Resite Village,22.3796448,114.1294295
1785584358,寶石大廈 Bo Shek Mansion,22.368896,114.1180283
1785584359,荃灣川龍街 Chuen Lung Street Tsuen Wan,22.3698462,114.116276
1786981493,和宜合道運動場 Wo Yi Hop Road Sports Ground,22.3736613,114.1363224
1786981494,昌榮路 Cheung Wing Road,22.370809,114.1348244
1786981497,和宜合道運動場 Wo Yi Hop Road Sports Ground,22.3737747,114.1364771
1786981498,國瑞路公園 Kwok Shui Road Park,22.3716079,114.1294523
1786981500,大窩口站 Tai Wo Hau Station,22.3705511,114.1240438
1786981501,石圍角新村 Shek Wai Kok Sun Village,22.3759783,114.136325
1786981502,大窩口站 Tai Wo Hau  Station,22.371129,114.1263033
1786981503,昌榮路 Cheung Wing Road,22.3706887,114.13438
1786981504,昌榮路迴旋處 Cheung Wing Road Gyratory,22.370471,114.1329176
1786981505,國瑞路河背村 Ho Pui Village Kwok Shui Road,22.3711764,114.1257969
1786981506,國瑞路公園 Kwok Shui Road Park,22.3716735,114.1287009
1806309133,天宏苑 Tin Wang Court,22.3443526,114.1876413
1806309134,天虹小學 Rainbow Primary School,22.345199,114.1894615
1806309135,橫頭磡邨宏業樓 Wang Yip House Wang Tau Hom Estate,22.3404769,114.188754
1806309136,"黃大仙上邨普善樓 Po Sin House, Upper Wong Tai Sin Estate",22.3430994,114.1908859
1806309137,雅竹街 Nga Chuk Street,22.3442403,114.1939774
1828960695,,22.3844816,114.1437972
1842982814,灣景花園總站 Bayview Garden Bus Terminus,22.3700057,114.0993872
1862502385,荃灣中心 Tsuen Wan Centre,22.3786777,114.1082408
1956621656,澤田樓 Chak Tin House,22.3366213,114.1680719
1956622006,白田（北）Pak Tin (North),22.3364313,114.1683127
1956667021,澤安邨巴士總站 Chak On Estate Bus Terminus,22.340518,114.164501
1958278770,大學站 University Station,22.4126188,114.2105536
1958278774,大學站 University Station,22.4126653,114.2105666
1962267147,,22.3707538,114.1386952
1962454979,,22.3829688,114.1226882
1978881661,又一城 Festival Walk,22.3367072,114.1754362
1978881705,又一城 Festival Walk,22.3366883,114.1754281
1978881837,又一城 Festival Walk,22.3366481,114.175411
1985830888,富圍樓 Foo Wai House,22.3694823,114.1874194
1985830890,新田圍邨 Sun Tin Wai Estate,22.3710339,114.186061
1985830891,秦石邨石瑩樓 Shek Ying House Chun Shek Estate,22.3728414,114.1856179
1985833598,瀝源 Lek Yuen,22.384994,114.1923512
1987148035,清麗商場 Ching Lai Commercial Centre,22.3405746,114.1360246
1988101514,碩門邨 Shek Mun Estate,22.3877205,114.2087966
2003932694,白田邨第9座 Block 9 Pak Tin Estate,22.3368774,114.1657409
2031291862,石門 Shek Mun,22.3877892,114.2085474
2031291917,第一城 City One,22.3830131,114.203784
2031291969,大圍 Tai Wai,22.3727593,114.1788126
2031292033,車公廟 Che Kung Temple,22.374738,114.186095
2031292042,石門 Shek Mun,22.3878743,114.2084283
2035049978,康本國際學術園 Yasumoto International Academic Park,22.4159729,114.2108317
2036051433,港鐵大學站廣場 University MTR Station Piazza,22.4138075,114.2094368
2037709106,白田邨富田樓 Fu Tin House Pak Tin Estate,22.3370138,114.1692028
2037709164,石硤尾消防局 Shek Kip Mei Fire Station,22.3386268,114.1678772
2037709193,石硤尾消防局 Shek Kip Mei Fire Station,22.3387183,114.1667453
2037709282,澤安邨 Chak On Estate,22.3401271,114.1651072
2037709283,澤安邨 Chak On Estate,22.3404851,114.1652451
2041706301,秦石邨 Chun Shek Estate,22.3742459,114.1868164
2041706302,秦石邨 Chun Shek Estate,22.3742732,114.1869717
2041706303,秦石邨 Chun Shek Estate,22.3742987,114.1870656
2041706304,秦石邨 Chun Shek Estate,22.3743415,114.1871922
2041706305,秦石邨 Chun Shek Estate,22.3743903,114.1873174
2041706307,秦石邨 Chun Shek Estate,22.3744745,114.1864659
2041706312,秦石邨 Chun Shek Estate,22.3744822,114.1865686
2041706317,秦石邨 Chun Shek Estate,22.3744846,114.1866049
2041706322,秦石邨石瑩樓 Shek Ying House Chun Shek Estate,22.3729105,114.1855584
2041706325,秦石邨石瑩樓 Shek Ying House Chun Shek Estate,22.3734513,114.1855449
2041706388,秦石邨石瑩樓 Shek Ying House Chun Shek Estate,22.3733791,114.1855092
2041816389,車公廟 Che Kung Miu,22.3743359,114.1839927
2041816394,車公廟 Che Kung Miu,22.3743364,114.1840242
2041816399,車公廟 Che Kung Miu,22.37435,114.1841303
2041839600,車公廟 Che Kung Miu,22.3746249,114.1840902
2041839601,車公廟 Che Kung Miu,22.3746326,114.1841807
2041839602,車公廟 Che Kung Miu,22.3746335,114.1842103
2043956560,美輝街 Mei Fai Street,22.376615,114.1743464
2051466620,積運街 Chik Wan Street,22.3721783,114.1780169
2051466623,海福花園 Holford Garden,22.3733486,114.1770408
2051466624,積輝街 Chik Fai Street,22.3748523,114.1759012
2051466625,海福花園 Holford Garden,22.373284,114.1770925
2051466627,海福花園 Holford Garden,22.3734341,114.1769725
2051466630,海福花園 Holford Garden,22.3732599,114.1771119
2052392452,新翠邨 Sun Chui Estate,22.3702378,114.1796243
2052392453,隆亨邨 Lung Hang Estate,22.3690918,114.1791684
2052392454,隆亨邨 Lung Hang Estate,22.3684536,114.1781129
2052392455,顯耀邨 Hin Yiu Estate,22.3675691,114.1749665
2052392456,隆亨邨 Lung Hang Estate,22.3690432,114.1790554
2052392457,"顯徑邨顯揚樓 Hin Yeung House, Hin Keng Estate",22.3652912,114.173022
2052392459,隆亨邨 Lung Hang Estate,22.3689492,114.1788128
2052392460,新翠邨 Sun Chui Estate,22.3701583,114.1796849
2052392461,新翠邨 Sun Chui Estate,22.3703385,114.1799148
2052392462,隆亨邨 Lung Hang Estate,22.3689915,114.1789345
2052392463,顯耀邨 Hin Yiu Estate,22.367236,114.1754559
2052392464,新翠邨 Sun Chui Estate,22.3703162,114.1795627
2052392465,新翠邨 Sun Chui Estate,22.3705998,114.1796776
2052392466,新翠邨 Sun Chui Estate,22.370404,114.1798627
2052392469,大圍街市 Tai Wai Market,22.3736874,114.1771623
2052392470,新翠邨 Sun Chui Estate,22.3704632,114.179808
2052392471,顯田遊樂場 Hin Tin Playground,22.365605,114.1729863
2052392472,新翠邨 Sun Chui Estate,22.3708551,114.1794199
2052393046,大圍街市 Tai Wai Market,22.3738221,114.1770516
2052393047,大圍街市 Tai Wai Market,22.3737194,114.177136
2052395821,名城 Festival City,22.3688478,114.1750308
2052395825,田心村 Tin Sam Village,22.3708113,114.1780285
2052395828,田心村 Tin Sam Village,22.3706983,114.1778668
2052395830,大圍站 Tai Wai Railway Station,22.3725768,114.1803043
2052395832,雲叠花園 Carado Garden,22.368676,114.1752693
2052395833,大圍站 Tai Wai Station,22.3726476,114.1804132
2085683228,真鐸學校 Chun Tok School,22.3397351,114.207191
2085683229,真鐸學校 Chun Tok School,22.339749,114.207223
2085683230,斧山道運動場 Hammer Hill Road Sports Ground,22.3397054,114.2073186
2085683231,斧山道運動場 Hammer Hill Road Sports Ground,22.3396694,114.207369
2093138544,,22.3567518,114.1283713
2131101385,楊屋道街市 Yeung Uk Road Market,22.3684602,114.1150854
2131101392,楊屋道街市 Yeung Uk Road Market,22.3687196,114.1146052
2135964373,海灣花園 Waterside Plaza,22.3640761,114.1136566
2135964384,海灣花園 Waterside Plaza,22.3641879,114.1132723
2139734067,"石排街嘉翠園 Greenknoll Court, Shek Pai Street",22.3629603,114.1367226
2148624019,青沙公路轉車站 Tsing Sha Highway Bus Interchange,22.3584888,114.1633579
2148624660,青沙公路轉車站 Tsing Sha Highway Bus Interchange,22.3606349,114.1630027
2157416241,長青巴士總站 Cheung Ching Bus Terminus,22.348247,114.1069486
2160627015,南葵涌分科診所 South Kwai Chung Polyclinic,22.3610209,114.1250463
2163048344,荃灣西 Tsuen Wan West,22.3681757,114.1100226
2179527342,美孚 Mei Foo,22.3388903,114.1365875
2179527380,荃灣西 Tsuen Wan West,22.3682204,114.1100671
2183425988,大學 University,22.4133903,114.2100166
2185507407,馬場 Racecourse,22.4004961,114.202847
2185507410,沙田 Sha Tin,22.3829192,114.1875139
2185507473,沙田 Sha Tin,22.3828402,114.1876419
2185507487,沙田 Sha Tin,22.3828531,114.1876187
2185507514,火炭 Fo Tan,22.3953935,114.1982772
2185507515,火炭 Fo Tan,22.3954451,114.1981852
2185546183,九龍塘 Kowloon Tong,22.3370045,114.1758821
2189735357,"李鄭屋邨禮讓樓 Lai Yeung House, Lei Cheng Uk Estate",22.3399145,114.159793
2193690976,長亨 Cheung Hang,22.3554837,114.0976121
2199150269,顯慶樓 Hin Hing House,22.3641043,114.1740458
2199157138,顯沛樓 Hin Pui House,22.3655284,114.1753157
2199157433,下徑口村 Ha Keng Hau Village,22.365388,114.1754484
2206627745,,22.3428316,114.1952388
2231337811,,22.4159718,114.2107857
2236954268,,22.4180193,114.2098145
2236954271,,22.4138458,114.2094164
2241016638,麗坪路 Lai Ping Road,22.4104924,114.2101613
2275082424,大帽山郊野公園 Tai Mo Shan Country Park,22.4075,114.10507
2292179606,青衣 Tsing Yi,22.358341,114.1074211
2292179656,荔景 Lai King,22.3484137,114.12604
2308404910,鑽石山 Diamond Hill,22.3401036,114.2006248
2308404965,顯徑 Hin Keng,22.3638205,114.1707186
2308405061,顯徑 Hin Keng,22.3638076,114.1707728
2308405062,彩虹總站 Choi Hung Bus Terminus,22.3362541,114.2041358
2308405110,鑽石山 Diamond Hill,22.3388988,114.2019089
2317003269,好運中心 Lucky Plaza,22.3827052,114.1906565
2317003274,好運中心 Lucky Plaza,22.3828367,114.1904987
2319363824,,22.2990248,114.1653395
2334425915,馬灣鄉事會路 (南) Ma Wan Rural Committee Road (South),22.3516451,114.0586378
2334425963,馬灣鄉事會路 (北) Ma Wan Rural Committee Road (North),22.3530778,114.0587895
2334425964,田寮新村 Tin Liu New Village,22.3524414,114.0596813
2334425983,馬灣鄉事會路 (南) Ma Wan Rural Committee Road (South),22.3514426,114.0586817
2334426003,基慧小學 Kei Wai Primary School,22.3507781,114.0592726
2334431457,馬灣 (珀欣路) Ma Wan (Pak Yan Road),22.3472195,114.0598247
2365589153,崇基學院 Chung Chi College,22.4133693,114.2080967
2365589243,海恬閣 Seaview Villa,22.4082928,114.210369
2391111080,"葵盛邨盛強樓 Shing Keung House, Kwai Shing Estate",22.3646734,114.1277581
2392325646,葵盛圍總站 Kwai Shing Circuit Terminus,22.3624985,114.1276049
2392388748,"葵盛圍葵康苑 Kwai Hong Court, Kwai Shing Circuit",22.3632311,114.1299979
2392388762,"葵盛圍葵康苑 Kwai Hong Court, Kwai Shing Circuit",22.3638523,114.1302282
2405220291,沙田坳道 Shatin Pass Road,22.3418425,114.1955361
2405220293,沙田坳道 Shatin Pass Road,22.3418434,114.1955539
2405220294,沙田坳道 Shatin Pass Road,22.3418439,114.1957639
2405220295,沙田坳道 Shatin Pass Road,22.3415698,114.1955424
2405220296,黃大仙廟 Wong Tai Sin Temple,22.3415646,114.1956709
2405220297,黃大仙廟 Wong Tai Sin Temple,22.341569,114.1943382
2405220298,黃大仙廟 Wong Tai Sin Temple,22.3415707,114.1939022
2405991159,大有街 Tai Yau Street,22.3374319,114.1982853
2405991178,紅萼樓 Hung Ngok House,22.3368315,114.2064253
2405991184,紅萼樓 Hung Ngok House,22.3369586,114.2062177
2414714376,馬可尼道 Marconi Road,22.3404277,114.1824423
2418861474,葵芳智芳街 Che Fong Street Kwai Fong,22.3595036,114.127973
2418861475,葵芳智芳街 Che Fong Street Kwai Fong,22.3595485,114.1280243
2418861476,葵芳智芳街 Che Fong Street Kwai Fong,22.3596171,114.1280919
2418861477,智芳街 Che Fong Street,22.359453,114.1279388
2418861478,葵涌廣場 Kwai Chung Plaza,22.3583543,114.127845
2418861479,葵涌廣場 Kwai Chung Plaza,22.3583706,114.1278285
2418861480,"葵芳邨葵信樓 Kwai Shun House, Kwai Fong Estate",22.3611018,114.1298582
2418861481,"葵芳邨葵信樓 Kwai Shun House, Kwai Fong Estate",22.3610134,114.1297611
2418861482,"葵芳邨葵信樓 Kwai Shun House, Kwai Fong Estate",22.3610174,114.1297751
2418861483,林士德體育館 Osman Ramju Sadick Memorial Sports Centre,22.3609646,114.1294928
2418861484,林士德體育館 Osman Ramju Sadick Memorial Sports Centre,22.3610447,114.129584
2418861486,林士德體育館 Osman Ramju Sadick Memorial Sports Centre,22.3610614,114.1296031
2419499527,葵芳邨 Kwai Fong Estate,22.3595298,114.1307397
2419499528,葵芳邨 Kwai Fong Estate,22.3597122,114.1307959
2419499529,葵芳邨 Kwai Fong Estate,22.3598205,114.1308294
2419499530,葵芳邨 Kwai Fong Estate,22.3598855,114.1308494
2419499531,葵芳廣場 Kwai Fong Plaza,22.3583079,114.1303595
2419730271,葵康苑 Kwai Hong Court,22.3631842,114.1304963
2419730272,葵康苑 Kwai Hong Court,22.3632398,114.1305082
2419730273,葵康苑 Kwai Hong Court,22.3635091,114.130743
2419730274,新葵興花園 Sun Kwai Hing Gardens,22.3635811,114.1307516
2419940052,葵興路葵興邨 Kwai Hing Estate Kwai Hing Road,22.3661709,114.1318214
2419940057,葵興路葵興邨 Kwai Hing Estate Kwai Hing Road,22.3662207,114.1318371
2419940062,葵興路葵興邨 Kwai Hing Estate Kwai Hing Road,22.3659951,114.1316655
2419940066,葵興路葵興邨 Kwai Hing Estate Kwai Hing Road,22.3666355,114.1318638
2419940071,葵興邨 Kwai Hing Estate,22.3661383,114.1316889
2419949548,禾葵里 Wo Kwai Lane,22.3670322,114.133235
2419949559,禾葵里 Wo Kwai Lane,22.3670472,114.1331835
2420694474,葵聯邨 Kwai Luen Estate,22.3615818,114.1243553
2420694475,葵盛東商場 Kwai Shing East Commercial Complex,22.3632663,114.1265077
2421428579,"葵盛圍葵康苑 Kwai Hong Court, Kwai Shing Circuit",22.3632624,114.1299649
2421428585,"葵盛圍葵康苑 Kwai Hong Court, Kwai Shing Circuit",22.3638513,114.1302788
2421428590,葵盛葵葉街 Kwai Yip Street Kwai Shing,22.3650597,114.1277059
2421428595,林護紀念中學 Lam Woo Memorial Secondary School,22.3650412,114.1300283
2421428600,林護紀念中學 Lam Woo Memorial Secondary School,22.3658083,114.1302152
2421428605,"葵盛邨盛豐樓 Shing Fung House, Kwai Shing Estate",22.3638145,114.1289341
2421428610,"葵盛邨盛強樓 Shing Keung House, Kwai Shing Estate",22.3646245,114.127723
2421428615,"葵盛邨盛強樓 Shing Keung House, Kwai Shing Estate",22.3647091,114.1277028
2421428620,葵盛邨盛安樓 Shing On House Kwai Shing Estate,22.364993,114.1259056
2421428625,葵盛邨盛安樓 Shing On House Kwai Shing Estate,22.3650157,114.1259457
2421428630,葵盛邨盛安樓 Shing On House Kwai Shing Estate,22.3655225,114.1260985
2421428635,葵盛邨盛安樓 Shing On House Kwai Shing Estate,22.3656236,114.1262122
2428807970,荔景邨日景樓 Yat King House Lai King Estate,22.3501787,114.1269836
2428808394,,22.3511953,114.1273193
2429183361,美孚轉車站 Mei Foo BBI,22.3367387,114.1400393
2429183516,美孚轉車站 Mei Foo BBI,22.3367161,114.1404009
2430222390,美孚轉車站 Mei Foo BBI,22.3364704,114.1412439
2430222391,美孚轉車站 Mei Foo BBI,22.336471,114.1413974
2430222392,美孚轉車站 Mei Foo BBI,22.336475,114.1414702
2430222393,美孚轉車站 Mei Foo BBI,22.3364771,114.1411016
2430222394,美孚 Mei Foo,22.3364827,114.1410691
2450794746,文化博物館 Hong Kong Heritage Museum,22.3777831,114.1865429
2480256269,宏照樓 Wang Chiu House,22.340683,114.187578
2480256270,橫頭磡邨宏照樓 Wang Chiu House Wang Tau Hom Estate,22.340685,114.187484
2480256271,宏業樓 Wang Yip House,22.3404763,114.188823
2480256272,宏業樓 Wang Yip House,22.3404767,114.1887771
2480323289,永光書院 Wing Kwong College,22.3422446,114.1900917
2480323294,永光書院 Wing Kwong College,22.3422834,114.1900015
2480323300,五旬節聖潔會永光書院 P.H.C. Wing Kwong College,22.342327,114.188558
2480323303,永光書院 Wing Kwong College,22.3423312,114.188434
2480357365,摩士公園泳池 Morse Park Swimming Pool,22.3415463,114.1915726
2480357367,摩士公園泳池 Morse Park Swimming Pool,22.3415424,114.1914916
2480357368,摩士公園游泳池 Morse Park Swimming Pool,22.3415416,114.1914793
2480357369,摩士公園泳池 Morse Park Swimming Pool,22.3415525,114.1916893
2480357372,黃大仙廟 Wong Tai Sin Temple,22.3418359,114.1917416
2480357373,黃大仙廟 Wong Tai Sin Temple,22.3418369,114.1918566
2480357375,黃大仙廟 Wong Tai Sin Temple,22.3418388,114.1920858
2480357376,黃大仙廟 Wong Tai Sin Temple,22.3418403,114.1922713
2480357379,黃大仙廟 Wong Tai Sin Temple,22.3418409,114.1923431
2480357380,黃大仙站 Wong Tai Sin Station,22.3418391,114.1921236
2512306397,職安健學院 OSH Academy,22.3509881,114.1029841
2514348028,荃灣（荃灣街市街） Tsuen Wan (Tsuen Wan Market Street),22.3716055,114.1171052
2514348029,荃灣（荃灣街市街） Tsuen Wan (Tsuen Wan Market Street),22.3714588,114.1173637
2521837821,香港 Hong Kong,22.2897607,114.1524506
2526208935,深涌碼頭 Sham Chung Pier,22.4409526,114.2811507
2531399115,,22.3661729,114.0567785
2541019066,大窩口 Tai Wo Hau,22.3706945,114.1251194
2541019163,荃灣 Tsuen Wan,22.3736278,114.1178364
2541331746,葵興 Kwai Hing,22.3630255,114.1311712
2541331790,葵芳 Kwai Fong,22.3569016,114.1278299
2541359360,荔景 Lai King,22.3483333,114.1261192
2541384250,美孚 Mei Foo,22.3378719,114.1391541
2543036319,荔枝角 Lai Chi Kok,22.3373649,114.1484311
2544686360,深水埗 Sham Shui Po,22.3305577,114.1623879
2544686394,長沙灣 Cheung Sha Wan,22.3354371,114.1560949
2550864623,太子 Prince Edward,22.3244396,114.1682316
2550870767,大窩口 Tai Wo Hau,22.3708019,114.125116
2550870768,荃灣 Tsuen Wan,22.373658,114.117852
2586215937,,22.3603175,114.1074481
2606300454,大老山隧道巴士轉乘站 Tate's Cairn Tunnel Bus-Bus Interchange,22.3769132,114.2118029
2614782607,世界花園 World Wide Gardens,22.3661979,114.1806542
2614782642,新田圍邨 Sun Tin Wai Estate,22.370752,114.1892126
2616047508,大老山隧道巴士轉乘站 Tate's Cairn Tunnel Bus-Bus Interchange,22.3771491,114.2125775
2616978792,火炭站 Fo Tan Station,22.3951236,114.198308
2616978793,火炭鐵路站 Fo Tan Railway Station,22.395728,114.1988843
2616978794,銀禧花園 Jubilee Garden,22.3968436,114.1994835
2616978795,銀禧花園 Jubilee Garden,22.3977984,114.1997965
2616978796,落路下村 Lok Lo Ha Village,22.4013447,114.2013756
2616978797,落路下 Lok Lo Ha,22.4052415,114.2061607
2633824001,沙田第一城 City One Shatin,22.3888072,114.2023772
2633824003,翠湖花園 Garden Vista,22.3927291,114.2069164
2639504896,,22.3873474,114.2048597
2639504897,,22.3897913,114.2068351
2640394123,,22.3631482,114.1711139
2640394124,,22.3641115,114.1719535
2640394125,,22.3660397,114.1759009
2640394126,,22.3690905,114.1792311
2640394127,,22.3706178,114.1778569
2640394128,,22.3720415,114.1800593
2640394129,,22.3726757,114.1804871
2640394130,,22.3742414,114.1867426
2640394131,車公廟 Che Kung Miu,22.3743361,114.1840051
2640394132,秦石邨 Chun Shek Estate,22.3744705,114.1863291
2640394133,,22.3746184,114.1840758
2640394134,,22.3757635,114.1890319
2640394135,,22.3775649,114.1912458
2640394136,,22.3782689,114.1915699
2640394137,香港駕駛學院 Hong Kong School of Motoring,22.3810967,114.2083023
2640394138,,22.3809506,114.2163847
2640394139,,22.3812533,114.2080274
2640394140,,22.3812951,114.2011535
2640394141,小巴站,22.382005,114.2056189
2640394142,,22.3822324,114.2057
2640394143,,22.3828496,114.2037596
2640394144,,22.3829685,114.2149774
2640394145,小瀝源 Siu Lek Yuen,22.3830711,114.2117325
2640394146,,22.3832563,114.2128023
2640394147,置富第一城 Fortune City One,22.3868119,114.2033073
2640394148,,22.3867728,114.2036427
2666815503,松嶺路 Chung Ling Road,22.3778123,114.1811582
2666815504,富圍樓 Foo Wai House,22.3697122,114.1875678
2666815507,顯慶樓 Hin Hing House,22.3638745,114.1738164
2666815508,顯慶樓 Hin Hing House,22.3639792,114.1739198
2666815509,顯徑商場 Hin Keng Shopping Centre,22.3641416,114.1719922
2666815510,顯沛樓 Hin Pui House,22.3654077,114.1752009
2666815511,顯田村 Hin Tin Village,22.3628797,114.1725674
2666815512,文化博物館 Hong Kong Heritage Museum,22.3777982,114.1862388
2666815513,文化博物館 Hong Kong Heritage Museum,22.3777936,114.1862406
2666815514,文化博物館 Hong Kong Heritage Museum,22.377779,114.186544
2666815515,乙明邨街 Jat Min Chuen Street,22.375803,114.1910024
2666815516,乙明邨街 Jat Min Chuen Street,22.3761654,114.1915308
2666815517,乙明邨街 Jat Min Chuen Street,22.3762442,114.1917302
2666815518,徑口路 Keng Hau Road,22.3660917,114.1680952
2666815519,徑口路 Keng Hau Road,22.3663107,114.1684781
2666815520,九龍水塘 Kowloon Reservoir,22.3543279,114.1579371
2666815521,六合村 Luk Hop Village,22.3635872,114.1651641
2666815522,六合村 Luk Hop Village,22.3635973,114.1646069
2666815523,美致樓 Mei Chi House,22.3769546,114.1717931
2666815524,美林邨美楓樓 Mei Fung House Mei Lam Estate,22.3763191,114.17624
2666815525,美林邨 Mei Lam Estate,22.3771838,114.1785472
2666815526,美林邨 Mei Lam Estate,22.3771876,114.1785573
2666815527,美林邨 Mei Lam Estate,22.3772055,114.1786459
2666815528,美桃樓 Mei Tao House,22.3774568,114.1786618
2666815529,美桃樓 Mei Tao House,22.377466,114.1788264
2666815530,美桃樓 Mei Tao House,22.3774764,114.1789393
2666815531,新田村 San Tin Village,22.371228,114.1827136
2666815534,新田村 San Tin Village,22.3712176,114.1825436
2666815537,沙田嶺路 Sha Tin Heights Road,22.3711763,114.1744376
2666815541,沙田花園 Shatin Heights,22.3681641,114.1706351
2666815542,沙田花園 Shatin Heights,22.3690833,114.1711185
2666815543,石梨貝水塘 Shek Lei Pui Reservoir,22.3488614,114.1527424
2666815545,新翠邨新明樓 Sun Ming House Sun Chui Estate,22.3720943,114.180089
2666815546,新翠邨新明樓 Sun Ming House Sun Chui Estate,22.3721302,114.1801584
2666815547,新翠邨新明樓 Sun Ming House Sun Chui Estate,22.3721399,114.1801794
2666815548,新田圍邨 Sun Tin Wai Estate,22.3688764,114.1873102
2666815549,新田圍邨 Sun Tin Wai Estate,22.3706295,114.189173
2666815550,新田圍邨 Sun Tin Wai Estate,22.3707185,114.1892596
2666815551,新田圍邨 Sun Tin Wai Estate,22.3708155,114.189342
2666815552,大埔道眺望處 Tai Po Road Lookout,22.3582938,114.1599385
2666815553,大埔道眺望處 Tai Po Road Lookout,22.3586533,114.1605744
2666815556,大圍道 Tai Wai Road,22.3758836,114.1763191
2666815557,大圍道 Tai Wai Road,22.3758974,114.1763308
2666815558,大圍道 Tai Wai Road,22.3762496,114.1761721
2666815559,田家炳學校 Tin Ka Ping Primary School,22.3753971,114.1920235
2666815560,田家炳學校 Tin Ka Ping Primary School,22.3753603,114.1919404
2666815561,田家炳學校 Tin Ka Ping Primary School,22.3754401,114.1921408
2666815563,曾大屋 Tsang Tai Uk,22.3756188,114.1893192
2666815564,曾大屋 Tsang Tai Uk,22.3757555,114.1890207
2666815565,曾大屋 Tsang Tai Uk,22.3757591,114.1890257
2666815566,銅鑼灣村 Tung Lo Wan Village,22.3771394,114.1806716
2666815567,銅鑼灣村 Tung Lo Wan Village,22.377433,114.1815515
2672736389,"竹園南邨榮園樓 Wing Yuen House, Chuk Yuen South Estate",22.345066,114.1901086
2672758134,青華苑 Ching Wah Court,22.3486045,114.0969209
2672759120,長亨邨 Cheung Hang Estate,22.3539487,114.0990214
2672768687,荃灣富華街 Fu Wah Street Tsuen Wan,22.373445,114.1159283
2672774659,荃灣大河道 Tai Ho Road Tsuen Wan,22.3719084,114.1159931
2672776492,川龍街 Chuen Lung Street,22.3699952,114.116319
2672777502,寶石大廈 Bo Shek Mansion,22.3689324,114.1183254
2672781290,長亨邨 Cheung Hang Estate,22.3531388,114.098829
2672781798,青華苑 Ching Wah Court,22.3480115,114.0970124
2672983078,長康邨康順樓 Hong Shun House Cheung Hong Estate,22.3495461,114.1002919
2672984139,青盛苑 Ching Shing Court,22.3489947,114.1036592
2672987755,長青巴士總站 Cheung Ching Bus Terminus,22.3481385,114.1069079
2672989069,長青邨青槐樓 Ching Wai House Cheung Ching Estate,22.34562,114.1078998
2672992672,長青邨青桃樓 Ching Tao House Cheung Ching Estate,22.34498,114.1096775
2673026792,希爾頓中心 Hilton Plaza,22.3795491,114.1871506
2673026793,希爾頓中心 Hilton Plaza,22.3796482,114.1871231
2673026795,帝都酒店 Royal Park Hotel,22.3796194,114.1881697
2673026796,帝都酒店 Royal Park Hotel,22.3797339,114.1881404
2673026797,帝都酒店 Royal Park Hotel,22.3798251,114.188116
2673026798,帝都酒店 Royal Park Hotel,22.3798837,114.1880981
2674872294,長青巴士總站 Cheung Ching Bus Terminus,22.3481613,114.1068273
2674872299,長青巴士總站 Cheung Ching Bus Terminus,22.3481745,114.1067803
2674872305,長青巴士總站 Cheung Ching Bus Terminus,22.3482003,114.1066908
2674872309,長青巴士總站 Cheung Ching Bus Terminus,22.3484279,114.1071108
2674872314,長青巴士總站 Cheung Ching Bus Terminus,22.3485398,114.1066744
2674872319,長青邨青梅樓 Ching Mui House Cheung Ching Estate,22.3501068,114.1069533
2674872323,青盛苑 Ching Shing Court,22.3488909,114.1031908
2674872326,青盛苑 Ching Shing Court,22.3488956,114.1031747
2674872330,青盛苑 Ching Shing Court,22.3490363,114.1035012
2674872335,青盛苑 Ching Shing Court,22.3490813,114.1033502
2674872340,長青邨青桃樓 Ching Tao House Cheung Ching Estate,22.3448685,114.1098697
2674872344,長青邨青桃樓 Ching Tao House Cheung Ching Estate,22.3448791,114.1098789
2674872349,長青邨青桃樓 Ching Tao House Cheung Ching Estate,22.3451025,114.1097658
2674872354,長青邨青桃樓 Ching Tao House Cheung Ching Estate,22.3452409,114.1098533
2674872359,青華苑 Ching Wah Court,22.3479265,114.0970056
2674872364,青華苑 Ching Wah Court,22.3480928,114.0970208
2674872368,青華苑 Ching Wah Court,22.3487039,114.0969317
2674872373,青華苑 Ching Wah Court,22.3486431,114.0969252
2674872377,青華苑 Ching Wah Court,22.3494225,114.099549
2674872382,長康邨 Cheung Hong Estate,22.349423,114.0995303
2674872386,長青邨青槐樓 Ching Wai House Cheung Ching Estate,22.3457519,114.1079092
2674872392,長青邨青槐樓 Ching Wai House Cheung Ching Estate,22.3458123,114.1079202
2674872397,長青邨青槐樓 Ching Wai House Cheung Ching Estate,22.3459119,114.1079337
2674872401,長青邨青槐樓 Ching Wai House Cheung Ching Estate,22.3459495,114.1079397
2674872412,長青邨青槐樓 Ching Wai House Cheung Ching Estate,22.3460189,114.1079481
2674872417,長康邨康祥樓 Hong Cheung House Cheung Hong Estate,22.3495634,114.1013467
2674872422,長康邨康祥樓 Hong Cheung House Cheung Hong Estate,22.3499278,114.1007993
2674872423,長康邨康富樓 Hong Fu House Cheung Hong Estate,22.350423,114.105766
2674872425,長康邨康富樓 Hong Fu House Cheung Hong Estate,22.3504496,114.1056619
2674872430,長康邨康富樓 Hong Fu House Cheung Hong Estate,22.350572,114.1059833
2674872435,長康邨康豐樓 Hong Fung House Cheung Hong Estate,22.3508487,114.1019045
2674872442,長康邨康盛樓 Hong Shing House Cheung Hong Estate,22.3507354,114.1037326
2674872450,長康邨康順樓 Hong Shun House Cheung Hong Estate,22.3495462,114.1002685
2674872457,長康邨康順樓 Hong Shun House Cheung Hong Estate,22.3495467,114.1001793
2674872463,長康邨康順樓 Hong Shun House Cheung Hong Estate,22.3500781,114.1004925
2674872469,美景花園 Mayfair Garden,22.3435416,114.1066376
2674872474,美景花園 Mayfair Gardens,22.3447853,114.107779
2674872479,美景花園 Mayfair Gardens,22.3448259,114.1077616
2674872483,青衣工業中心 Tsing Yi Industrial Centre,22.3490221,114.1097603
2674872488,青衣工業中心 Tsing Yi Industrial Centre,22.3490525,114.109736
2674872492,青衣工業中心 Tsing Yi Industrial Centre,22.3497999,114.1093864
2674872496,青衣工業中心 Tsing Yi Industrial Centre,22.3498068,114.1093808
2685161442,海灣花園 Waterside Plaza,22.364033,114.1136102
2689357339,康強苑 Hong Keung Court,22.3369596,114.1901462
2689357340,康強苑 Hong Keung Court,22.3375064,114.1900541
2689357344,嘉強苑 Ka Keung Court,22.3407302,114.184908
2689357345,嘉強苑 Ka Keung Court,22.3407368,114.184873
2689357349,樂富廣場 Lok Fu Plaza,22.3378728,114.1863126
2689357350,樂富遊樂場 Lok Fu Recreation Ground,22.3369683,114.1872679
2689357351,樂謙樓 Lok Him House,22.3366385,114.1872525
2689357352,樂謙樓 Lok Him House,22.3367761,114.1872025
2689357353,龍滿樓 Lung Moon House,22.3379146,114.1926562
2689357357,摩士第二公園 Morse Park No.2,22.3374884,114.1925032
2689357373,大成街 Tai Shing Street,22.337895,114.19329
2689357382,天馬苑 Tin Ma Court,22.3424229,114.1860045
2689357387,天馬苑 Tin Ma Court,22.3424393,114.1859069
2689357393,天馬苑 Tin Ma Court,22.3426285,114.1864967
2689357399,天馬苑 Tin Ma Court,22.342639,114.1863863
2689357402,宏富樓 Wang Fu House,22.340557,114.1864468
2689357403,橫頭磡邨宏富樓 Wang Fu House Wang Tau Hom Estate,22.3405584,114.1864235
2689360828,嘉強苑 Ka Keung Court,22.340681,114.1848913
2689632210,可風中學 Ho Fung College,22.3804437,114.1355714
2689680590,,22.3635532,114.131326
2690901244,志蓮淨苑 Chi Lin Nunnery,22.3400778,114.2040742
2690901245,志蓮淨苑 Chi Lin Nunnery,22.3401185,114.204336
2690901246,志蓮淨苑 Chi Lin Nunnery,22.3400873,114.2040563
2690901247,志蓮淨苑 Chi Lin Nunnery,22.3401204,114.203986
2690901249,鑽石山站 Diamond Hill Station,22.3391784,114.2024111
2690901250,鑽石山站 Diamond Hill Station,22.3391929,114.2023676
2690901251,鑽石山站 Diamond Hill Station,22.3392008,114.2023538
2690901252,鑽石山站 Diamond Hill Station,22.3392524,114.2022685
2690901253,鑽石山站 Diamond Hill Station,22.3395799,114.2027463
2690901254,鑽石山站 Diamond Hill Station,22.3395623,114.2027749
2690901255,紅萼樓 Hung Ngok House,22.3365957,114.2067949
2690901256,紅萼樓 Hung Ngok House,22.3366805,114.2066686
2690901257,紅萼樓 Hung Ngok House,22.3367636,114.2065486
2690901258,紅萼樓 Hung Ngok House,22.336807,114.2064704
2690901259,紅萼樓 Hung Ngok House,22.3368875,114.2063306
2690901260,錦雲樓 Kam Wan House,22.337096,114.2045036
2690901261,錦雲樓 Kam Wan House,22.3371631,114.2045665
2690901262,錦雲樓 Kam Wan House,22.3371913,114.2045929
2690901267,鑽石山站 Diamond Hill Station,22.3413815,114.2010619
2690901272,龍逸樓 Lung Yat House,22.3391175,114.1958322
2690901290,牛池灣村 Ngau Chi Wan Village,22.3368232,114.2070511
2690901295,荷里活廣場 Plaza Hollywood,22.339869,114.2031196
2690901299,"新蒲崗四美街 Sze Mei Street, San Po Kong",22.3378033,114.2019841
2690901304,"新蒲崗四美街 Sze Mei Street, San Po Kong",22.3378419,114.2019006
2690901310,"新蒲崗四美街 Sze Mei Street, San Po Kong",22.3378971,114.2017917
2690901316,"新蒲崗四美街 Sze Mei Street, San Po Kong",22.3379125,114.2023145
2690901321,"新蒲崗四美街 Sze Mei Street, San Po Kong",22.3379317,114.2022791
2690901326,"新蒲崗四美街 Sze Mei Street, San Po Kong",22.3379503,114.202244
2690901332,"新蒲崗四美街 Sze Mei Street, San Po Kong",22.3383663,114.2008493
2690901337,"新蒲崗四美街 Sze Mei Street, San Po Kong",22.338542,114.2010152
2690901342,"新蒲崗大有街 Tai Yau Street, San Po Kong",22.3388169,114.2003318
2690901348,"新蒲崗大有街 Tai Yau Street, San Po Kong",22.3388692,114.2002226
2690901354,"新蒲崗大有街 Tai Yau Street, San Po Kong",22.3386726,114.2002731
2690901387,黃大仙警署 Wong Tai Sin Police Station,22.3389081,114.1970544
2690901392,黃大仙警署 Wong Tai Sin Police Station,22.3389607,114.1971756
2690901397,黃大仙警署 Wong Tai Sin Police Station,22.3389682,114.1971932
2690901403,黃大仙警署 Wong Tai Sin Police Station,22.3389885,114.1967644
2690901408,黃大仙警署 Wong Tai Sin Police Station,22.339156,114.1971289
2690901416,黃大仙警署 Wong Tai Sin Police Station,22.3391212,114.1970404
2690901417,黃大仙警署 Wong Tai Sin Police Station,22.3392291,114.1972997
2690901418,黃大仙警署 Wong Tai Sin Police Station,22.3392301,114.1973138
2690901993,"新蒲崗四美街 Sze Mei Street, San Po Kong",22.338437,114.2008834
2690959716,東頭邨泰東樓 Tai Tung House Tung Tau Estate,22.3357482,114.1942844
2690986640,龍慧樓 Lung Wai House,22.3399539,114.1941999
2690986641,龍榮樓 Lung Wing House,22.3392507,114.1938471
2691276167,石籬天主教小學 Shek Lei Catholic Primary School,22.3671113,114.1421112
2701442884,硃鳳樓 Chu Fung House,22.3460121,114.2009491
2701442885,富祐大廈 Fu Yau Building,22.3440919,114.1988052
2701442886,富祐大廈 Fu Yau Building,22.3441184,114.1988104
2701442887,鳳鑽苑 Fung Chuen Court,22.3442438,114.1990593
2701442888,鳳鑽苑 Fung Chuen Court,22.3443416,114.1990857
2701442889,鳳德公園 Fung Tak Park,22.3431816,114.1980725
2701442890,鳳德公園 Fung Tak Park,22.3431945,114.1980091
2701442891,鳳德商場 Fung Tak Shopping Centre,22.3431327,114.2001484
2701442892,鳳德商場 Fung Tak Shopping Centre,22.3431451,114.2000605
2701442893,鳳德商場 Fung Tak Shopping Centre,22.3431457,114.2000439
2701442895,金鳳街 Kam Fung Street,22.3447266,114.1976365
2701442896,金鳳街 Kam Fung Street,22.3455899,114.1976439
2701442897,"黃大仙上邨普善樓 Po Sin House, Upper Wong Tai Sin Estate",22.3430818,114.1908178
2701442898,龍蟠苑 Lung Poon Court,22.3428157,114.2008645
2701442899,龍蟠苑 Lung Poon Court,22.3428524,114.2007449
2701442900,龍蟠苑 Lung Poon Court,22.3428602,114.2007194
2701442901,美德樓 Mei Tak House,22.3433991,114.1981142
2701442902,美德樓 Mei Tak House,22.343401,114.1981014
2701442903,鳴鳳街 Ming Fung Street,22.344228,114.1971481
2701442904,蒲蘅里 Po Hang Lane,22.3463045,114.2020218
2701442905,蒲蘅里 Po Hang Lane,22.346307,114.2020393
2701442906,蒲慈里 Po Tsz Lane,22.3459729,114.2000225
2701442907,蒲慈里 Po Tsz Lane,22.3459751,114.2000294
2701442908,崇華街 Shung Wah Street,22.346353,114.198177
2701442909,"竹園南邨趣園樓 Tsui Yuen House, Chuk Yuen South Estate",22.3442406,114.1940066
2701442910,"竹園南邨趣園樓 Tsui Yuen House, Chuk Yuen South Estate",22.3443843,114.1940051
2701442911,黃大仙消防局 Wong Tai Sin Fire Station,22.3431089,114.1963357
2701442912,黃大仙祠 Wong Tai Sin Temple,22.3434748,114.1937794
2701442913,黃大仙廟 Wong Tai Sin Temple,22.3434636,114.1938294
2701442914,伍若瑜健康院 Wu York Yu Health Centre,22.3468859,114.1977101
2715657680,,22.3815357,114.137719
2716955426,雲叠花園 Carado Garden,22.3687661,114.1751683
2717008339,可風中學 Ho Fung College,22.3801941,114.1346288
2717008345,梨木樹邨 Lei Muk Shue Estate,22.3771785,114.1368834
2717008351,梨木樹邨 Lei Muk Shue Estate,22.3787706,114.1373149
2717008357,"象山邨秀山樓 Sau Shan House, Cheung Shan Estate",22.3788271,114.1316675
2717008363,城門隧道轉車站 Shing Mun Tunnels Bus Interchange,22.3812951,114.1379938
2717008368,城門隧道轉車站 Shing Mun Tunnels Bus Interchange,22.3814262,114.1376604
2717008373,城門隧道轉車站 Shing Mun Tunnels Bus Interchange,22.3817609,114.1381751
2717008380,城門隧道轉車站 Shing Mun Tunnels Bus Interchange,22.3818439,114.1375
2717008385,和宜合道運動場 Wo Yi Hop Road Sports Ground,22.3738932,114.1364764
2773547583,,22.372884,114.1986421
2946016610,豐順街 Fung Shun Stree,22.3866592,114.1929618
2946016611,瀝源邨壽全樓 Sau Chuen House Lek Yuen Estate,22.3860766,114.192888
2946016620,豐和邨 Fung Wo Estate,22.38715,114.1932421
2946016621,祿泉樓 Luk Chuen House,22.3865925,114.192255
2955897160,眾安街 Chung On Street,22.3678124,114.1161792
2955900902,荃灣（千色店） Tsuen Wan (Citistore),22.3709398,114.1185184
2990436210,長亨邨停車場 Cheung Hang Estate Car Park,22.3561034,114.0974366
2990436212,長亨邨商場 Cheung Hang Estate Shopping Centre,22.354259,114.0975721
2990436213,長亨邨 Cheung Hang Estate,22.3531598,114.0988377
2990436214,長亨邨 Cheung Hang Estate,22.3532812,114.0988898
2990436215,長亨邨 Cheung Hang Estate,22.3539946,114.0990387
2990436216,長亨邨 Cheung Hang Estate,22.3540365,114.0990581
2990436217,曉峰園 Mount Haven,22.3540177,114.0974146
2999564033,石硤尾公園 Shek Kip Mei Park,22.3392439,114.1706658
2999564034,石硤尾公園 Shek Kip Mei Park,22.3392452,114.1707383
2999564035,石硤尾公園 Shek Kip Mei Park,22.339515,114.1701408
2999564036,石硤尾公園 Shek Kip Mei Park,22.3395083,114.1701659
2999564040,古墓公園 Tomb Park,22.3376603,114.1599848
2999564041,古墓公園 Tomb Park,22.3376655,114.1599895
3017941043,帝逸酒店 Alva Hotel By Royal,22.3838144,114.2091728
3017941044,歷奇單車場 Adventure Cycling Area,22.3838719,114.2090937
3017941045,富豪花園 Belair Gardens,22.3846717,114.1981739
3017941046,富豪花園 Belair Gardens,22.3847817,114.1982624
3017941047,富豪花園 Belair Gardens,22.3847452,114.1982513
3017941048,富豪花園 Belair Gardens,22.38484,114.1983145
3017941049,富豪花園 Belair Garden,22.3849168,114.1979593
3017941050,富豪花園 Belair Garden,22.3850194,114.1980573
3017941052,沙田第一城第11座 Block 11 City One Shatin,22.3873115,114.2038421
3017941053,沙田第一城第13座 Block 13 City One Shatin,22.3885356,114.2019391
3017941054,沙田第一城第27座 Block 27 City One Shatin,22.3862822,114.2059576
3017941055,置富第一城 Fortune City One,22.3868045,114.2035285
3017941056,置富第一城 Fortune City One,22.3868397,114.2035612
3017941057,第一城站 City One Station,22.3828085,114.203712
3017941059,第一城總站 City One Sha Tin Bus Terminus,22.3861232,114.202581
3017941060,沙田第一城 City One Shatin,22.3860584,114.202519
3017941061,沙田第一城 City One Shatin,22.3885054,114.2018932
3017941062,沙田第一城 City One Shatin,22.388581,114.2019899
3017941063,沙田第一城 City One Shatin,22.388651,114.2021032
3017941064,沙田第一城 City One Shatin,22.3887313,114.2022313
3017941065,沙田第一城 City One Shatin,22.3887798,114.2023218
3017941066,沙田第一城 City One Shatin,22.3894423,114.2032933
3017941067,沙田第一城 City One Shatin,22.3894512,114.2033257
3017941068,沙田第一城 City One Shatin,22.3894828,114.2034256
3017941069,置富第一城 Fortune City One,22.3866168,114.2030772
3017941070,置富第一城 Fortune City One,22.3866572,114.2031262
3017941071,置富第一城 Fortune City One,22.3867071,114.2031783
3017941072,置富第一城 Fortune City One,22.3868218,114.2035439
3017941073,置富第一城 Fortune City One,22.3869915,114.2037373
3017941074,置富第一城 Fortune City One,22.3870186,114.2037617
3017941075,置富第一城 Fortune City One,22.3872472,114.2037565
3017941076,置富第一城 Fortune City One,22.3874081,114.2039249
3017941078,田園閣 Greenfield Court,22.3797309,114.1958419
3017941079,田園閣 Greenfield Court,22.379753,114.1958145
3017941080,田園閣 Greenfield Court,22.3797412,114.1958291
3017941081,田園閣 Greenfield Court,22.3798186,114.1957325
3017941082,田園閣 Greenfield Court,22.3800184,114.1951494
3017941083,田園閣 Greenfield Court,22.3800298,114.195135
3017941084,田園閣 Greenfield Court,22.3800397,114.1951218
3017941086,香港駕駛學院 Hong Kong School of Motoring,22.380994,114.2081415
3017941087,乙明邨 Jat Min Chuen,22.3772437,114.1909542
3017941088,乙明邨 Jat Min Chuen,22.3772523,114.1909623
3017941089,乙明邨 Jat Min Chuen,22.3773582,114.1910618
3017941090,乙明邨 Jat Min Chuen,22.3774175,114.1911175
3017941091,乙明邨 Jat Min Chuen,22.3783456,114.1916459
3017941092,乙明邨 Jat Min Chuen,22.378392,114.1916919
3017941093,乙明邨 Jat Min Chuen,22.3784761,114.1917752
3017941095,崗背街休憩花園 Kong Pui Street Rest Garden,22.3788418,114.1976951
3017941096,崗背街休憩花園 Kong Pui Street Rest Garden,22.3788326,114.1977239
3017941097,崗背街休憩花園 Kong Pui Street Rest Garden,22.3788374,114.1977103
3017941098,李嘉誠專科診所 Li Ka Shing Specialist Clinic,22.37805,114.20068
3017941099,置富第一城 Fortune City One,22.3866373,114.2031002
3017941100,第一城寶城街 Po Shing Street City One Shatin,22.3863217,114.205915
3017941101,威爾斯親王醫院 Prince of Wales Hospital,22.3811978,114.2012027
3017941102,威爾斯親王醫院 Prince of Wales Hospital,22.3812605,114.2013103
3017941103,威爾斯親王醫院 Prince of Wales Hospital,22.3813094,114.2013946
3017941104,威爾斯親王醫院 Prince of Wales Hospital,22.3813415,114.2014383
3017941105,圓洲角總站 Yuen Chau Kok B/T,22.3813714,114.2014829
3017941106,麗豪酒店 Regal Riverside Hotel,22.3818043,114.1953458
3017941108,麗豪酒店 Regal Riverside Hotel,22.3818962,114.1954242
3017941109,麗豪酒店 Regal Riverside Hotel,22.3820252,114.1955659
3017941110,麗豪酒店 Regal Riverside Hotel,22.3821247,114.1956514
3017941111,麗豪酒店 Regal Riverside Hotel,22.3824635,114.1955895
3017941112,麗豪酒店 Regal Riverside Hotel,22.3825332,114.1956492
3017941113,麗豪酒店 Regal Riverside Hotel,22.3825562,114.1956689
3017941114,小瀝源草地滾球場 Siu Lek Yuen Bowling Greens,22.3885217,114.2039087
3017941115,沙田圍巴士總站 Sha Tin Wai Bus Terminus,22.3803831,114.1965401
3017941116,沙田圍巴士總站 Sha Tin Wai Bus Terminus,22.3804124,114.1964866
3017941117,沙田圍巴士總站 Sha Tin Wai Bus Terminus,22.3804837,114.1963787
3017941118,沙田圍新村 Sha Tin Wai New Village,22.3786266,114.1973845
3017941120,沙田工業中心 Shatin Industrial Centre,22.3840824,114.2050616
3017941127,小瀝源消防局 Siu Lek Yuen Fire Station,22.3840506,114.2053864
3017941128,小瀝源消防局 Siu Lek Yuen Fire Station,22.384126,114.2054792
3017941129,小瀝源報案中心 Siu Lek Yuen Reporting Centre,22.3813971,114.2082228
3017941130,小瀝源路草地滾球場 Siu Lek Yuen Road Bowling Greens,22.3886397,114.2037808
3017941131,小瀝源路遊樂場 Siu Lek Yuen Road Playground,22.3863689,114.2063088
3017941132,小瀝源路遊樂場 Siu Lek Yuen Road Playground,22.3864327,114.2062393
3017941633,聖羅撒書院 St. Rose of Lima's College,22.3797881,114.2040521
3017941634,聖羅撒書院 St. Rose of Lima's College,22.3798044,114.2040391
3017941635,聖羅撒書院 St. Rose of Lima's College,22.3809851,114.2028509
3017941636,聖羅撒書院 St. Rose of Lima's College,22.3810582,114.2027985
3017941637,聖羅撒書院 St. Rose of Lima's College,22.381073,114.2027879
3017941638,多石 To Shek,22.3779968,114.2034018
3017941639,愉翠苑 Yu Chui Court,22.382066,114.205535
3017941640,愉翠苑 Yu Chui Court,22.3821654,114.2054391
3017941641,愉翠苑 Yu Chui Court,22.3823268,114.2056
3017941642,愉翠苑 Yu Chui Court,22.3822627,114.2053375
3017941643,愉翠苑 Yu Chui Court,22.3824318,114.2054884
3017941644,愉翠苑 Yu Chui Court,22.3824526,114.2054649
3017941645,愉翠苑 Yu Chui Court,22.3825239,114.2053843
3017941646,愉田苑 Yue Tin Court,22.3829117,114.2016785
3017941647,愉田苑 Yue Tin Court,22.3829617,114.2016677
3017941648,愉田苑 Yue Tin Court,22.3830438,114.2016373
3017941649,愉田苑 Yue Tin Court,22.3830975,114.2016417
3017941650,愉田苑 Yue Tin Court,22.3842049,114.2020351
3017941651,愉田苑 Yue Tin Court,22.3841666,114.2020259
3017941652,源康街 Yuen Hong Street,22.3836294,114.2089385
3017941653,帝逸酒店 Alva Hotel By Royal,22.3836716,114.208879
3018136675,牛皮沙新村 Ngau Pei Sha New Village,22.3797394,114.2092855
3018136676,牛皮沙新村 Ngau Pei Sha New Village,22.3797598,114.2093302
3018136677,牛皮沙新村 Ngau Pei Sha New Village,22.3799421,114.2078878
3018136678,牛皮沙新村 Ngau Pei Sha New Village,22.3799664,114.2078687
3018257521,濱景花園 Ravana Garden,22.3916705,114.206294
3018257522,濱景花園 Ravana Garden,22.3916192,114.206237
3018257523,濱景花園 Ravana Garden,22.3917545,114.206378
3018257524,濱景花園 Ravana Garden,22.3917682,114.2063917
3035847248,小瀝源 Siu Lek Yuen,22.3832289,114.2132823
3035848231,中文大學 Chinese University,22.4174811,114.203748
3035866965,亞公角 A Kung Kok,22.4019379,114.2154806
3035866966,亞公角 A Kung Kok,22.4019907,114.2155684
3035866967,亞公角 A Kung Kok,22.401996,114.2155774
3035866968,亞公角 A Kung Kok,22.4020328,114.2156479
3035866969,亞公角 A Kung Kok,22.4026763,114.2165172
3035866970,亞公角 A Kung Kok,22.4026862,114.216541
3035866971,亞公角 A Kung Kok,22.4027175,114.216616
3035866972,亞公角 A Kung Kok,22.4027228,114.2166287
3035866973,廣榕樓 Banyan House,22.3809911,114.2137292
3035866974,廣榕樓 Banyan House,22.3809524,114.2137174
3035866975,廣榕樓 Banyan House,22.3810716,114.2137626
3035866976,帝堡城 Castello,22.3828928,114.2150666
3035866981,積德里 Chik Tak Lane,22.3753684,114.1775752
3035866982,廣源邨廣柏樓 Cypress House Kwong Yuen Estate,22.3820929,114.2138777
3035866983,廣柏樓 Cypress House,22.3820581,114.2138705
3035866986,火炭(山尾街)總站 Fo Tan (Shan Mei Street) Bus Terminus,22.3962635,114.1944781
3035866987,火炭(山尾街)總站 Fo Tan (Shan Mei Street) Bus Terminus,22.3963647,114.194368
3035866989,火炭(山尾街)總站 Fo Tan (Shan Mei Street) Bus Terminus,22.396365,114.1945156
3035866990,火炭(山尾街)總站 Fo Tan (Shan Mei Street) Bus Terminus,22.3963141,114.1944198
3035866991,火炭(山尾街) Fo Tan (Shan Mei Street),22.3964765,114.1942289
3035866994,豐利工業中心 Goldfield Industrial Centre,22.3969271,114.1920966
3035866995,香港恒生大學 The Hang Seng University of Hong Kong,22.380645,114.2116635
3035866996,香港恒生大學 The Hang Seng University of Hong Kong,22.3806331,114.2121701
3035866997,香港恒生大學 The Hang Seng University of Hong Kong,22.3806071,114.2122203
3035866998,香港恒生大學 The Hang Seng University of Hong Kong,22.3806638,114.2116158
3035867002,九肚山路 Kau To Shan Road,22.406407,114.2086097
3035867003,九肚山路 Kau To Shan Road,22.4064371,114.2091892
3035867004,廣源邨 Kwong Yuen Estate,22.382789,114.2148728
3035867005,廣源邨 Kwong Yuen Estate,22.382839,114.214801
3035867006,廣源邨 Kwong Yuen Estate,22.38285,114.2147799
3035867007,瀝源邨 Lek Yuen Estate,22.3839284,114.1930167
3035867008,瀝源邨 Lek Yuen Estate,22.3839524,114.1930393
3035867010,瀝源邨 Lek Yuen Estate,22.3841697,114.1932445
3035867013,美城苑 May Shing Court,22.37926,114.1737616
3035867014,美松苑 Mei Chung Court,22.380142,114.1737998
3035867015,美槐樓 Mei Wai House,22.3801117,114.1760235
3035867016,博康邨 Pok Hong Estate,22.3769489,114.1947361
3035867017,博康邨 Pok Hong Estate,22.3770426,114.1948664
3035867018,博康邨 Pok Hong Estate,22.3771404,114.1950023
3035867019,博康邨 Pok Hong Estate,22.3772465,114.1951497
3035867020,博康邨 Pok Hong Estate,22.3772197,114.1951035
3035867021,"博康邨博泰樓 Pok Tai House, Pok Hong Estate",22.3769215,114.1961297
3035867022,新界鄉議局大樓 Heung Yee Kuk Building,22.3913879,114.20635
3035867023,新界鄉議局大樓 Heung Yee Kuk New Territories Building,22.3914408,114.2064
3035867024,新界鄉議局大樓 Heung Yee Kuk Building,22.3914491,114.206408
3035867025,新界鄉議局大樓 Heung Yee Kuk New Territories Building,22.3914926,114.20645
3035867026,新界鄉議局大樓 Heung Yee Kuk Building,22.3915133,114.20647
3035867027,濱景花園 Ravana Garden,22.3917015,114.2059255
3035867031,沙角邨 Sha Kok Estate,22.3772989,114.1947578
3035867032,沙角邨 Sha Kok Estate,22.3773967,114.194882
3035867233,沙角邨 Sha Kok Estate,22.377542,114.1950791
3035867234,沙角邨 Sha Kok Estate,22.3776414,114.1952548
3035867235,沙田大會堂 Sha Tin Town Hall,22.3821567,114.1898998
3035867236,沙田大會堂 Sha Tin Town Hall,22.3822934,114.1897347
3035867237,沙田大會堂 Sha Tin Town Hall,22.3823794,114.1896307
3035867238,沙田大會堂 Sha Tin Town Hall,22.3824565,114.1895377
3035867239,山尾街 Shan Mei Street,22.3973203,114.1928634
3035867240,沙田醫院 Shatin Hospital,22.3984756,114.2120956
3035867241,沙田醫院 Shatin Hospital,22.3985376,114.2121387
3035867242,沙田醫院 Shatin Hospital,22.3985602,114.2121545
3035867243,沙田醫院 Shatin Hospital,22.3986665,114.2122284
3035867244,沙田醫院 Shatin Hospital,22.3996868,114.2128591
3035867245,沙田醫院 Shatin Hospital,22.3997776,114.2129384
3035867246,沙田醫院 Shatin Hospital,22.3998731,114.2130218
3035867247,沙田醫院 Shatin Hospital,22.3998783,114.2130263
3035867248,小瀝源 Siu Lek Yuen,22.3830633,114.2118563
3035867249,小瀝源 Siu Lek Yuen,22.3831609,114.2132316
3035867250,小瀝源 Siu Lek Yuen,22.3831712,114.2132891
3035867251,小瀝源 Siu Lek Yuen,22.3831723,114.2133805
3035867252,穗禾苑巴士總站 Sui Wo Court Bus Terminus,22.3927779,114.1945253
3035867253,穗禾苑巴士總站 Sui Wo Court Bus Terminus,22.3927705,114.1945862
3035867254,穗禾路 Sui Wo Road,22.3968296,114.1918888
3035867259,禾輋邨 Wo Che Estate,22.3872011,114.1961007
3035867260,禾輋邨 Wo Che Estate,22.3873126,114.1962095
3035867261,禾輋邨 Wo Che Estate,22.3873708,114.1962672
3035867262,禾輋邨 Wo Che Estate,22.3875656,114.1961002
3035867263,禾輋邨 Wo Che Estate,22.3876678,114.1961972
3035867264,禾輋邨 Wo Che Estate,22.38779,114.1963189
3035867265,世界花園 World Wide Gardens,22.3646816,114.1812943
3035867266,世界花園 World Wide Gardens,22.3647654,114.1812523
3035867267,世界花園 World Wide Gardens,22.3662033,114.1805938
3035938148,大老山隧道 Tate's Cairn Tunnel,22.3766684,114.2120056
3035938149,大老山隧道 Tate's Cairn Tunnel,22.3767384,114.2119288
3035938150,大老山隧道 Tate's Cairn Tunnel,22.3767985,114.2118545
3035938151,大老山隧道 Tate's Cairn Tunnel,22.3768598,114.2117858
3035938152,大老山隧道巴士轉乘站 Tate's Cairn Tunnel Bus-Bus Interchange,22.3768758,114.2117673
3035938153,大老山隧道巴士轉乘站 Tate's Cairn Tunnel Bus-Bus Interchange,22.377158,114.212612
3035938154,大老山隧道 Tate's Cairn Tunnel,22.3772052,114.2125797
3035938155,大老山隧道 Tate's Cairn Tunnel,22.3772879,114.2125083
3035938156,大老山隧道 Tate's Cairn Tunnel,22.37737,114.2124269
3047963337,荃灣站 Tsuen Wan Station,22.3741649,114.116328
3047964806,龍德街 Lung Tak Street,22.3649181,114.1153364
3047970199,,22.3710725,114.1171337
3048003339,近水灣 Approach Beach,22.3674777,114.0877597
3048003340,灣景花園 Bayview Garden,22.3689159,114.0994759
3048003341,灣景花園 Bayview Garden,22.3695193,114.099856
3048003342,碧堤半島 Bellagio,22.3675072,114.0614822
3048003343,碧堤半島 Bellagio,22.3675114,114.0614339
3048003344,麗城花園第一期 Belvedere Garden Phase 1,22.3732595,114.1030275
3048003345,麗城花園第一期 Belvedere Garden Phase 1,22.3732922,114.1030751
3048003346,麗城花園第三期 Belvedere Garden Phase 3,22.3713425,114.1026567
3048003347,麗城花園第三期 Belvedere Garden Phase 3,22.3717737,114.1011233
3048003348,麗城花園第三期 Belvedere Garden Phase 3,22.3721259,114.1028295
3048003349,寶石大廈 Bo Shek Mansion,22.3688481,114.118472
3048003350,寶石大廈 Bo Shek Mansion,22.3687935,114.1182305
3048003351,寶石大廈 Bo Shek Mansion,22.3688349,114.1181414
3048003352,寶石大廈 Bo Shek Mansion,22.3688757,114.1184231
3048003353,寶石大廈 Bo Shek Mansion,22.3689715,114.1182499
3048003354,寶石大廈 Bo Shek Mansion,22.3689846,114.1182272
3048003355,荃灣柴灣角街 Chai Wan Kok Street Tsuen Wan,22.3747344,114.1056074
3048003356,荃灣川龍街 Chuen Lung Street Tsuen Wan,22.3698871,114.1162005
3048003357,川龍 Chuen Lung,22.3952852,114.1085874
3048003358,川龍 Chuen Lung,22.3954039,114.1086124
3048003359,荃灣眾安街 Chung On Street Tsuen Wan,22.3710619,114.1193703
3048003360,荃灣眾安街 Chung On Street Tsuen Wan,22.3712606,114.1191839
3048003361,荃灣眾安街 Chung On Street Tsuen Wan,22.3713216,114.119109
3048003362,荃灣眾安街 Chung On Street Tsuen Wan,22.3714151,114.1190154
3048003363,荃灣眾安街 Chung On Street Tsuen Wan,22.3714583,114.1189723
3048003364,荃灣眾安街 Chung On Street Tsuen Wan,22.3721411,114.1187074
3048003365,荃灣眾安街 Chung On Street Tsuen Wan,22.3722046,114.1186422
3048003366,荃灣眾安街 Chung On Street Tsuen Wan,22.372222,114.1186234
3048003367,荃灣眾安街 Chung On Street Tsuen Wan,22.3723308,114.118494
3048003368,祈德尊新邨 Clague Garden Estate,22.3714147,114.1098501
3048003369,祈德尊新邨 Clague Garden Estate,22.3715115,114.1099044
3048003370,祈德尊新邨 Clague Garden Estate,22.371772,114.1096529
3048003371,大帽山郊野公園 Tai Mo Shan Country Park,22.40693,114.105351
3048003372,愉景新城 Discovery Park,22.374836,114.1131688
3048003373,愉景新城 Discovery Park,22.3748686,114.1130825
3048003374,愉景新城 Discovery Park,22.3749077,114.1129791
3048003375,愉景新城 Discovery Park,22.3749404,114.1128924
3048003376,大涌道福來邨 Fok Loi Estate Tai Chung Road,22.3738721,114.1113596
3048003377,大涌道福來邨 Fok Loi Estate Tai Chung Road,22.3739242,114.111034
3048003378,大涌道福來邨 Fok Loi Estate Tai Chung Road,22.373879,114.1113636
3048003379,大涌道福來邨 Fok Loi Estate Tai Chung Road,22.3739365,114.1110425
3048003380,大涌道福來邨 Fok Loi Estate Tai Chung Road,22.3739767,114.1114209
3048003381,荃灣富華街 Fu Wah Street Tsuen Wan,22.3735669,114.1156514
3048003382,金麗苑 Golden Villa,22.3676261,114.0908749
3048003383,翠景臺 Greenview Terrace,22.3683049,114.0975872
3048003384,翠景臺 Greenview Terrace,22.3685142,114.0968761
3048003385,下花山村 Ha Fa Shan Tsuen,22.38804,114.10568
3048003386,荃灣鹹田街 Ham Tin Street Tsuen Wan,22.369435,114.117387
3048003387,荃灣鹹田街 Ham Tin Street Tsuen Wan,22.3694635,114.1173357
3048003388,海美灣 Hoi Mei Beach,22.3642543,114.0696226
3048003389,海美灣 Hoi Mei Beach,22.3646958,114.0696055
3048003390,荃灣建明街 Kin Ming Street Tsuen Wan,22.3736089,114.115538
3048003391,荃灣建明街 Kin Ming Street Tsuen Wan,22.3736172,114.1155166
3048003392,荃灣建明街 Kin Ming Street Tsuen Wan,22.3736681,114.1153962
3048003393,光板田村一段 Kwong Pan Tin Tsuen Section 1,22.3797345,114.1127407
3048003394,光板田村一段 Kwong Pan Tin Tsuen Section 1,22.3797649,114.1128988
3048003395,光板田村二段 Kwong Pan Tin Tsuen Section 2,22.3812122,114.1125171
3048003396,光板田村二段 Kwong Pan Tin Tsuen Section 2,22.3819771,114.1120395
3048003397,戴麟趾夫人診療所 Lady Trench Polyclinic,22.3703308,114.1153914
3048003398,戴麟趾夫人診所 Lady Trench Polyclinic,22.3703802,114.1153059
3048003399,戴麟趾夫人診療所 Lady Trench Polyclinic,22.3704439,114.1154876
3048003400,戴麟趾夫人診所 Lady Trench Polyclinic,22.3705551,114.1152888
3048003401,戴麟趾夫人診所 Lady Trench Polyclinic,22.3705683,114.1152639
3048003402,麗都灣 Lido Beach,22.3679583,114.0744969
3048003403,麗都灣 Lido Beach,22.3682847,114.0757265
3048003404,荃灣聯仁街 Luen Yan Street Tsuen Wan,22.3676329,114.1177206
3048003405,尚翠苑 Sheung Chui Court,22.3675201,114.1205582
3048003406,尚翠苑 Sheung Chui Court,22.3675785,114.1204379
3048003407,尚翠苑 Sheung Chui Court,22.3675917,114.1204186
3048003408,荃灣龍德街 Lung Tak Street Tsuen Wan,22.36495,114.11513
3048003409,荃灣龍德街 Lung Tak Street Tsuen Wan,22.364898,114.1154261
3048003410,荃灣馬頭壩道 Ma Tau Pa Road Tsuen Wan,22.3669731,114.1162443
3048003411,滿樂大廈 Moon Lok Dai Ha,22.3721323,114.1123483
3048003412,滿樂大廈 Moon Lok Dai Ha,22.3721364,114.1123418
3048003414,木棉下村 Muk Min Ha Tsuen,22.3763256,114.11688
3048003415,名逸居 New Haven,22.3675583,114.1208436
3048003416,名逸居 New Haven,22.3675488,114.1208613
3048003417,名逸居 New Haven,22.3675535,114.1208525
3048003418,白田壩村 Pak Tin Pa Tsuen,22.3759786,114.1197396
3048003419,悅來酒店 Panda Hotel,22.3692942,114.1206727
3048003420,海韻花園 Rhine Garden,22.3677083,114.0618939
3048003421,海韻花園 Rhine Garden,22.3677221,114.0617656
3048003422,新開田村 San Hoi Tin Tsuen,22.399129,114.108737
3048003423,深井村 Sham Tseng Village,22.3667905,114.0588291
3048003424,深井村 Sham Tseng Village,22.3668429,114.0591767
3048003425,深井村 Sham Tseng Village,22.3668826,114.0592256
3048003426,深井村 Sham Tseng Village,22.3669042,114.0589499
3048003427,深井村 Sham Tseng Village,22.3669209,114.0589681
3048003428,深井深慈街 Sham Tsz Street Sham Tseng,22.3669895,114.0630661
3048003429,深井深慈街 Sham Tsz Street Sham Tseng,22.3670386,114.0633859
3048003430,南山游泳會 South Mountain Swimming Association,22.3680885,114.084681
3048003431,南山游泳會 South Mountain Swimming Association,22.3687924,114.0839719
3048003432,荃灣大河道 Tai Ho Road Tsuen Wan,22.3716725,114.1155938
3048004333,荃灣大河道 Tai Ho Road Tsuen Wan,22.3716444,114.1155376
3048004334,荃灣大河道 Tai Ho Road Tsuen Wan,22.3715637,114.1150094
3048004335,荃灣大河道 Tai Ho Road Tsuen Wan,22.3721658,114.1158822
3048004337,大橋村 Tai Kiu Tsuen,22.3918337,114.1044339
3048004338,大橋村 Tai Kiu Tsuen,22.391997,114.1042638
3048004339,大窩口站 Tai Wo Hau Station,22.3705215,114.1237185
3048004340,大窩口站 Tai Wo Hau Station,22.3705477,114.1238132
3048004341,大窩口站 Tai Wo Hau Station,22.370552,114.1240049
3048004342,汀九 Ting Kau,22.3702789,114.0795471
3048004343,汀九 Ting Kau,22.3703821,114.0792046
3048004344,曹公潭戶外康樂中心 Tso Kung Tam Outdoor Recreation Centre,22.3841777,114.1085521
3048004345,曹公潭戶外康樂中心 Tso Kung Tam Outdoor Recreation Centre,22.3841895,114.1086534
3048004346,荃富街公園 Tsuen Fu Street Garden,22.3688349,114.1217991
3048004347,荃富街公園 Tsuen Fu Street Garden,22.3688792,114.1217183
3048004348,荃灣荃富街 Tsuen Fu Street Tsuen Wan,22.3676467,114.1220037
3048004349,荃富街 Tsuen Fu Street,22.3680746,114.1222548
3048004350,荃景圍天橋 Tsuen King Circuit Flyover,22.3753935,114.1096509
3048004351,荃景圍天橋 Tsuen King Circuit Flyover,22.3753978,114.1093917
3048004352,荃景圍天橋 Tsuen King Circuit Flyover,22.3754086,114.1092119
3048004353,荃景圍天橋 Tsuen King Circuit Flyover,22.3754089,114.1090312
3048004354,荃景圍天橋 Tsuen King Circuit Flyover,22.3757462,114.1069236
3048004355,荃景圍天橋 Tsuen King Circuit Flyover,22.3757678,114.1087999
3048004356,荃景圍天橋 Tsuen King Circuit Flyover,22.3757606,114.1077315
3048004357,荃景圍天橋 Tsuen King Circuit Flyover,22.3757638,114.1079491
3048004358,荃景圍街市 Tsuen King Circuit Market,22.3786183,114.1043898
3048004359,荃灣中心 Tsuen Wan Centre,22.3785985,114.1086546
3048004360,荃灣公園 Tsuen Wan Park,22.3660454,114.1141267
3048004361,荃灣體育館 Tsuen Wan Sports Centre,22.3662153,114.11404
3048004362,荃灣站 Tsuen Wan Station,22.3736628,114.1177204
3048004363,荃灣站 Tsuen Wan Station,22.3736722,114.1177255
3048004364,荃灣站 Tsuen Wan Station,22.3739422,114.1154085
3048004365,荃灣站 Tsuen Wan Station,22.3739009,114.1176075
3048004366,荃灣站 Tsuen Wan Station,22.3740307,114.1176731
3048004367,荃灣站 Tsuen Wan Station,22.3742049,114.1162611
3048004368,荃灣站 Tsuen Wan Station,22.3742929,114.1161355
3048004369,荃灣站 Tsuen Wan Station,22.3743263,114.1160718
3048004370,荃錦公路觀景台 Viewing Point (Route Twisk),22.413299,114.1100001
3048004371,荃灣橫龍街 Wang Lung Street Tsuen Wan,22.3664234,114.1185492
3048004372,橫龍街 Wang Lung Street,22.3663896,114.1186224
3048004373,荃灣橫窩仔街 Wang Wo Tsai Street Tsuen Wan,22.3665796,114.1186479
3048004374,荃灣橫窩仔街 Wang Wo Tsai Street Tsuen Wan,22.3666628,114.1184839
3048004375,橫窩仔街 Wang Wo Tsai Street,22.3666476,114.1185137
3048004376,"福來邨永康樓 Wing Hong House, Fuk Loi Estate",22.3745402,114.1132142
3048004377,油柑頭 Yau Kom Tau,22.3681229,114.0928779
3048004378,油柑頭 Yau Kom Tau,22.3683254,114.0925581
3048004379,楊屋道街市 Yeung Uk Road Market,22.3683774,114.1144438
3048004380,楊屋道街市 Yeung Uk Road Market,22.3684155,114.1143719
3048004381,楊屋道街市 Yeung Uk Road Market,22.3684258,114.1143517
3283614054,青沙公路轉車站 Tsing Sha Highway Bus Interchange,22.3580839,114.1631376
3283614055,青沙公路轉車站 Tsing Sha Highway Bus Interchange,22.3582355,114.1632109
3283614056,青沙公路巴士轉乘站 Tsing Sha Highway Bus Interchange,22.3583341,114.1632618
3283614057,青沙公路轉車站 Tsing Sha Highway Bus Interchange（落客站 Alighting Stop）,22.3586058,114.1634258
3283614058,青沙公路轉車站 Tsing Sha Highway Bus Interchange （落客站 Alighting Stop）,22.3600667,114.1627354
3283614059,青沙公路轉車站 Tsing Sha Highway Bus Interchange,22.3601798,114.162787
3283614060,青沙公路轉車站 Tsing Sha Highway Bus Interchange,22.3602923,114.1628383
3283621761,青沙公路轉車站 Tsing Sha Highway Bus Interchange,22.3604013,114.1628926
3283621762,青沙公路轉車站 Tsing Sha Highway Bus Interchange,22.3605273,114.162947
3283621765,青沙公路轉車站 Tsing Sha Highway Bus Interchange,22.3581052,114.1630435
3283621772,青沙公路巴士轉乘站 Tsing Sha Highway Bus Interchange,22.3606634,114.1630727
3293573101,,22.370468,114.1390216
3293573985,,22.3706119,114.1388611
3293575820,"石籬邨石歡樓 Shek Cheung House, Shek Lei Estate",22.3689457,114.1413831
3293613275,"石籬邨石歡樓 Shek Cheung House, Shek Lei Estate",22.3688717,114.1414577
3476748067,朗泉樓 Long Chuen House,22.3729168,114.1985809
3476748068,月泉樓 Yuet Chuen House,22.372515,114.1966292
3476748074,嶺泉樓 Ling Chuen House,22.3711349,114.1985813
3481652173,石蔭路 Shek Yam Road,22.3696453,114.1395859
3491417499,海濱花園 Riviera Gardens,22.3626284,114.1143529
3494656198,,22.3451227,114.1938958
3559147157,美全樓 Mei Chuen House,22.3772343,114.1730009
3574346793,長青巴士總站 Cheung Ching Bus Terminus,22.3480981,114.1058413
3605494224,蘭秀道 Nassau Street,22.3383502,114.14079
3605494226,九華徑 Kau Wa Keng,22.343536,114.136178
3606563084,蘭秀道 Nassau Street,22.339334,114.1403981
3606563085,荔灣道 Lai Wan Road,22.3397829,114.1399685
3606563088,九華徑 Kau Wa Keng,22.3438478,114.1366252
3606563089,華荔邨 Wah Lai Estate,22.3426801,114.1381945
3606630974,饒宗頤文化館 Jao Tsung-I Academy,22.3372078,114.1420328
3606630975,美孚轉車站 Mei Foo BBI,22.3371242,114.1415887
3606630976,美孚轉車站 Mei Foo BBI,22.3375171,114.1403309
3609046392,担杆山路 Tam Kon Shan Road,22.3611237,114.0895182
3609084907,荃灣（千色店） Tsuen Wan (Citistore),22.3708515,114.1186995
3609132322,青泰苑 Ching Tai Court,22.3623156,114.1014397
3609132323,長安邨安洋樓 On Yeung House Cheung On Estate,22.3620887,114.1016135
3609132324,長安邨安湄樓 On Mei House Cheung On Estate,22.3611344,114.1053066
3609132325,灝景灣 Villa Esplanada,22.3607515,114.1059781
3640612918,祈德尊新邨 Clague Garden Estate,22.3717481,114.1097646
3687251041,,22.3569591,114.1275848
3687893135,大圍街市 Tai Wai Market,22.3735978,114.1771058
3688567833,沙田坳道 Shatin Pass Road,22.3417602,114.1957668
3716338861,minibus stop,22.3712893,114.1125197
3716341283,,22.3699451,114.1123035
3716354235,GMB80,22.3722622,114.1171107
3716354236,GMB82,22.3718784,114.1179957
3716354237,GMB85,22.3720774,114.1176444
3716615361,,22.3744463,114.1700641
3718802928,欣泉樓 Yan Chuen House,22.3720071,114.1985085
3718802929,"水泉澳邨月泉樓 Yuet Chuen House, Shui Chuen O Estate",22.3725113,114.1966263
3791310615,映月台 Moonbeam Terrace,22.3419419,114.1788054
3846078057,火炭村 Fo Tan Village,22.3939555,114.1965528
3846078058,碧霞花園 Shatin 33,22.3943957,114.1922863
3846078063,,22.3921033,114.1931986
3846078066,,22.393054,114.1891535
3846078077,豐景花園 Scenery Garden,22.3941565,114.1912868
3905977014,清麗商場 Ching Lai Commercial Centre,22.3403839,114.1357999
3905977015,清麗商場 Ching Lai Commercial Centre,22.34041,114.1359754
3905977018,荔灣花園 Lai Chi Kok Bay Garden,22.3412104,114.1360892
3905977020,荔枝角巴士總站 Lai Chi Kok Bus Terminus,22.3414694,114.1367041
3905977021,荔灣道 Lai Wan Road,22.3410641,114.1382349
3906009470,美孚轉車站 Mei Foo BBI,22.3371189,114.1416033
3906009494,長沙灣長荔街 Cheung Lai Street Cheung Sha Wan,22.3367427,114.1470291
3906009495,長沙灣長荔街 Cheung Lai Street Cheung Sha Wan,22.336786,114.1471564
3906009496,長沙灣長荔街 Cheung Lai Street Cheung Sha Wan,22.3368472,114.1473364
3906009497,長沙灣長荔街 Cheung Lai Street Cheung Sha Wan,22.3368881,114.147459
3906009498,長沙灣長荔街 Cheung Lai Street Cheung Sha Wan,22.3369307,114.1475819
3906009499,荔枝角站 Lai Chi Kok Station,22.3375075,114.1484107
3906022938,荔枝角站 Lai Chi Kok Station,22.3372938,114.1485936
3906022939,長沙灣巴士總站 Cheung Sha Wan Bus Terminus,22.3371374,114.1491636
3906022941,通州西街 Tung Chau West Street,22.3379858,114.1468351
3906022942,通州西街 Tung Chau West Street,22.3381174,114.1472213
3906022943,大南西街 Tai Nan West Street,22.3383893,114.1480693
3906022944,汝州西街 Yu Chau West Street,22.3389426,114.1497143
3906022945,光昌街 Kwong Cheung Street,22.3392791,114.1507122
3906022946,光昌街 Kwong Cheung Street,22.339581,114.15155
3906022947,集輝街 Tsap Fai Street,22.3399065,114.1524936
3906022948,昌華街 Cheung Wah Street,22.339901,114.1545553
3906022949,興華街 Hing Wah Street,22.3396526,114.1548824
3906022950,"蘇屋邨海棠樓 Begonia House, So Uk Estate",22.3397056,114.1572023
3906022951,長沙灣賽馬會診療所 Jockey Club Clinic Cheung Sha Wan,22.3407764,114.1585795
3906022952,"李鄭屋邨禮讓樓 Lai Yeung House, Lei Cheng Uk Estate",22.3398257,114.1597664
3906022953,聖公會基愛小學 SKH Kei Oi Primary School,22.3393427,114.1606335
3906022954,長發街 Cheung Fat Street,22.3383245,114.1565908
3906022955,長發街 Cheung Fat Street,22.3383013,114.1566205
3906022956,發祥街 Fat Tseung Street,22.338371,114.1565315
3906031057,永隆街 Wing Lung Street,22.3377372,114.157347
3906031058,永隆街 Wing Lung Street,22.3374952,114.1576597
3906031059,寶熙苑 Po Hei Court,22.3376048,114.1591539
3906031060,東京街 Tonkin Street,22.3368995,114.1584241
3906539825,,22.3449288,114.1631847
3920059939,水泉澳巴士總站 Shui Chuen O Bus Terminus,22.3746192,114.1976571
3926715378,"安蔭邨豐蔭樓 Fung Yam House, On Yam Estate",22.3688587,114.1417192
3926717561,"石籬邨石祥樓 Shek Cheung House, Shek Lei Estate",22.3681987,114.1411807
3926765916,裘錦秋中學 Ju Ching Chu Secondary School,22.3695502,114.1406065
3926806527,葵涌藍田街 Lam Tin Street Kwai Chung,22.370055,114.1382938
3926806528,葵涌藍田街 Lam Tin Street Kwai Chung,22.3701087,114.1382314
3926815157,葵涌藍田街 Lam Tin Street Kwai Chung,22.3699981,114.138141
3926815158,葵涌藍田街 Lam Tin Street Kwai Chung,22.3699391,114.1382156
3926816597,葵涌石宜路 Shek Yi Road Kwai Chung,22.3683439,114.1392272
3977871355,真鐸學校 Chun Tok School,22.3396776,114.2072902
4087334644,沙田圍 Sha Tin Wai,22.3768367,114.194839
4092981296,第一城 City One,22.3831084,114.2036765
4146007341,美孚轉車站 Mei Foo BBI,22.3367146,114.1401728
4285668240,星輝豪庭 Peninsula Heights,22.3432859,114.1824438
4287106872,多實街 Dorset Crescent,22.3389449,114.17767
4331887005,鑽石山 Diamond Hill,22.3399391,114.2015739
4331887067,石硤尾 Shek Kip Mei,22.3310586,114.1689174
4331931864,彩虹 Choi Hung,22.3352653,114.2084856
4331931865,九龍塘 Kowloon Tong,22.3367533,114.1772586
4331931866,樂富 Lok Fu,22.3375039,114.1859052
4331931868,太子 Prince Edward,22.3244672,114.1683664
4331931871,黃大仙 Wong Tai Sin,22.3416178,114.1932053
4333569538,鑽石山站 Diamond Hill Station,22.3407736,114.2018728
4333631508,鑽石山站 Diamond Hill Station,22.3407413,114.2019236
4333631509,鑽石山站 Diamond Hill Station,22.3407879,114.2018503
4333631511,鑽石山站 Diamond Hill Station,22.3408287,114.201786
4333631512,鑽石山站 Diamond Hill Station,22.3408694,114.2017221
4333631513,鑽石山站 Diamond Hill Station,22.3409096,114.2016587
4333631514,鑽石山站 Diamond Hill Station,22.3408969,114.2014362
4333631515,鑽石山站 Diamond Hill Station,22.3409505,114.2015944
4333631516,鑽石山站 Diamond Hill Station,22.3409914,114.2015301
4333631517,鑽石山站 Diamond Hill Station,22.3410736,114.2014008
4333631550,鑽石山站 Diamond Hill Station,22.3407125,114.2019689
4333631552,鑽石山站 Diamond Hill Station,22.3408143,114.2018087
4333631553,鑽石山站 Diamond Hill Station,22.340855,114.2017446
4333631554,鑽石山站 Diamond Hill Station,22.3408953,114.2016814
4333631555,鑽石山站 Diamond Hill Station,22.3408714,114.2014763
4333631556,鑽石山站 Diamond Hill Station,22.3409362,114.201617
4333631557,鑽石山站 Diamond Hill Station,22.3409772,114.2015525
4333631558,鑽石山站 Diamond Hill Station,22.3410481,114.2014409
4335116170,,22.3368239,114.2065979
4335116171,錦雲樓 Kam Wan House,22.3371848,114.2045237
4335116172,志蓮淨苑 Chi Lin Nunnery,22.340148,114.2040949
4337961219,麗豪酒店 Regal Riverside Hotel,22.382163,114.1956077
4337961220,麗豪酒店 Regal Riverside Hotel,22.3824695,114.1957062
4337961221,沙田市中心 Sha Tin Central,22.3824623,114.1880656
4337961222,沙田市中心 Sha Tin Central,22.3824902,114.1880419
4337961223,富豪花園 Belair Gardens,22.3848981,114.1982606
4337961224,富豪花園 Belair Garden,22.3849557,114.1981217
4337961227,沙田第一城 City One Shatin,22.3894405,114.2034492
4337961229,濱景花園 Ravana Garden,22.3917451,114.2064453
4337961232,亞公角 A Kung Kok,22.4020116,114.2154423
4337989999,大學站 University Station,22.4126146,114.2103411
4338380701,志蓮淨苑 Chi Lin Nunnery,22.3399817,114.2043927
4338380702,志蓮淨苑 Chi Lin Nunnery,22.3400618,114.2044132
4338380703,志蓮淨苑 Chi Lin Nunnery,22.3400368,114.2042931
4342252978,碧海樓 Pik Hoi House,22.336198,114.2044544
4347552008,沙田站巴士總站 Sha Tin Station Bus Terminus,22.3831744,114.1880686
4347552013,,22.3817314,114.1376329
4347552015,沙田站巴士總站 Sha Tin Station Bus Terminus,22.3832439,114.1880897
4348153115,甘泉街巴士總站 Kom Tsun Street Bus Terminus,22.3378888,114.1447932
4348153116,長沙灣光昌街 Kwong Cheung Street Cheung Sha Wan,22.3383805,114.1509391
4348153136,甘泉街巴士總站 Kom Tsun Street Bus Terminus,22.3378763,114.1447568
4348153141,豐力樓 Phoenix House,22.3431495,114.172771
4348158028,荔枝角站 Lai Chi Kok Station,22.3374649,114.1484311
4348158029,長沙灣光昌街 Kwong Cheung Street Cheung Sha Wan,22.3383349,114.1509618
4348158031,澤安邨 Chak On Estate,22.3401408,114.1651573
4348158032,黃大仙廟 Wong Tai Sin Temple,22.3417925,114.1918
4348158033,畢架山花園 Beacon Heights,22.341676,114.1670184
4348158034,沙田坳道 Shatin Pass Road,22.3417592,114.1955537
4348158035,豐力樓 Phoenix House,22.3430506,114.1726384
4348591408,彩虹 Choi Hung,22.3348277,114.2092069
4348674091,畢架山花園 Beacon Heights,22.3415869,114.1667446
4348674092,長沙灣徑 Cheung Sha Wan Path,22.3381913,114.1511886
4348674113,長沙灣遊樂場 Cheung Sha Wan Playground,22.3357673,114.1557115
4348674114,長沙灣長荔街 Cheung Lai Street Cheung Sha Wan,22.3368429,114.1469909
4348674115,長沙灣徑 Cheung Sha Wan Path,22.3382616,114.1511594
4348674116,石硤尾消防局 Shek Kip Mei Fire Station,22.338584,114.1678759
4348674117,鑽石山站 Diamond Hill Station,22.3393479,114.2023129
4348674118,澤安邨 Chak On Estate,22.3404615,114.1651887
4348674119,摩士公園泳池 Morse Park Swimming Pool,22.3416015,114.1916876
4348674121,畢架山花園 Beacon Heights,22.3417024,114.1667296
4348674122,永光書院 Wing Kwong College,22.3424319,114.1884714
4348674125,豐力樓 Phoenix House,22.342534,114.1729898
4349321451,龍蟠苑 Lung Poon Court,22.3428488,114.2010301
4349321452,"新蒲崗大有街 Tai Yau Street, San Po Kong",22.3388501,114.2002092
4349321455,龍蟠苑 Lung Poon Court,22.3428777,114.2009465
4349755490,,22.3387138,114.2003054
4350617690,美孚轉車站 Mei Foo BBI,22.3365368,114.1412399
4350617696,葵涌交滙處 Kwai Chung Interchange,22.3406711,114.1317433
4350650793,葵涌交滙處 Kwai Chung Interchange,22.3395914,114.1326733
4350650806,美孚轉車站 Mei Foo BBI,22.3374712,114.140325
4350650807,葵涌交滙處 Kwai Chung Interchange,22.3395584,114.1325789
4353541525,昌華街 Cheung Wah Street,22.3385909,114.1521933
4353541527,荔枝角站 Lai Chi Kok Station,22.3375806,114.1486293
4353541546,元州邨 Un Chau Estate,22.3359035,114.1557408
4353541549,美孚轉車站 Mei Foo BBI,22.3370559,114.14158
4353541550,荔枝角站 Lai Chi Kok Station,22.3375402,114.1486459
4353541551,昌華街 Cheung Wah Street,22.3385342,114.1521822
4353561374,長沙灣興華街 Hing Wah Street Cheung Sha Wan,22.3383049,114.1521602
4353561384,長沙灣遊樂場 Cheung Sha Wan Playground,22.3355884,114.1559421
4353561385,長沙灣長荔街 Cheung Lai Street Cheung Sha Wan,22.3369482,114.1472943
4353561386,長沙灣興華街 Hing Wah Street Cheung Sha Wan,22.3383768,114.1521965
4353625293,長沙灣遊樂場 Cheung Sha Wan Playground,22.3356706,114.1558361
4353625294,美孚轉車站 Mei Foo BBI,22.3365495,114.1413903
4353625295,荔枝角站 Lai Chi Kok Station,22.3373813,114.1485582
4353699939,荃灣站 Tsuen Wan Station,22.3739178,114.1163623
4353699944,荃灣站 Tsuen Wan Station,22.3739155,114.1163797
4353699946,愉景新城 Discovery Park,22.3748719,114.1128301
4353699947,荃景圍天橋 Tsuen King Circuit Flyover,22.3756373,114.1079322
4353711733,,22.3745879,114.1132307
4354066970,荃灣站 Tsuen Wan Station,22.373902,114.1160461
4354092462,荃景圍天橋 Tsuen King Circuit Flyover,22.3754462,114.1092157
4354298842,美孚轉車站 Mei Foo BBI,22.3371531,114.141508
4355065424,長沙灣興華街 Hing Wah Street Cheung Sha Wan,22.3382612,114.1522615
4355065430,長沙灣興華街 Hing Wah Street Cheung Sha Wan,22.3383312,114.1523039
4355088373,長沙灣興華街 Hing Wah Street Cheung Sha Wan,22.3379247,114.1532479
4355088377,長沙灣光昌街 Kwong Cheung Street Cheung Sha Wan,22.3383977,114.1509934
4355088385,元州邨 Un Chau Estate,22.3357555,114.1559326
4355088392,長沙灣興華街 Hing Wah Street Cheung Sha Wan,22.3378567,114.1531928
4355088393,長沙灣光昌街 Kwong Cheung Street Cheung Sha Wan,22.3383541,114.1510162
4355100470,長沙灣長荔街 Cheung Lai Street Cheung Sha Wan,22.3370328,114.1475382
4355122413,荃灣站 Tsuen Wan Station,22.3738399,114.1165601
4355122416,荃灣站 Tsuen Wan Station,22.3739551,114.1162819
4355316057,博康巴士總站 Pok Hong Bus Terminus,22.3772126,114.1954552
4355316058,博泰樓 Pok Tai House,22.3768919,114.1961308
4355316059,城泉樓 Shing Chuen House,22.3728728,114.1966905
4355316060,水泉澳巴士總站 Shui Chuen O Bus Terminus,22.3747509,114.1982838
4355316061,,22.3711467,114.1985648
4355316062,,22.371989,114.1986212
4355316069,水泉澳巴士總站 Shui Chuen O Bus Terminus,22.3748206,114.1979686
4355316071,,22.3769079,114.1961709
4355316072,,22.3771719,114.1954975
4355316073,文化博物館 Hong Kong Heritage Museum,22.3777666,114.1864691
4355316074,帝都酒店 Royal Park Hotel,22.379579,114.1880505
4355316075,田園閣 Greenfield Court,22.3800509,114.1951835
4355316076,沙田大會堂 Sha Tin Town Hall,22.382257,114.1898787
4356090199,大學站 University Station,22.412431,114.2108588
4356090205,大學站 University Station,22.4124774,114.2108676
4356090206,水上活動中心 Water Sports Centre,22.4199731,114.2142697
4357557293,葵俊苑 Kwai Chun Court,22.3644223,114.1327432
4357557294,葵芳站總站 Kwai Fong Station Bus Terminus,22.3565658,114.1281853
4357557295,國瑞路公園 Kwok Shui Road Park,22.3709843,114.1303064
4357557297,新都會廣場 Metroplaza,22.3569155,114.1276658
4357557298,新葵興花園 Sun Kwai Hing Gardens,22.3618338,114.1319303
4357557299,,22.3565266,114.1281923
4357557301,葵俊苑 Kwai Chun Court,22.3644354,114.1326966
4357557302,大窩口站 Tai Wo Hau Station,22.3704689,114.1238291
4357557303,國瑞路公園 Kwok Shui Road Park,22.3709551,114.1302835
4357557304,荃灣眾安街 Chung On Street Tsuen Wan,22.3720956,114.1186819
4357557305,荃灣站 Tsuen Wan Station,22.3738102,114.1154759
4357557306,愉景新城 Discovery Park,22.3747871,114.1130453
4357557307,荃景圍天橋 Tsuen King Circuit Flyover,22.3757153,114.1088154
4357610158,葵涌健全街 Kin Chuen Street Kwai Chung,22.3704741,114.1309647
4357610159,大窩口站 Tai Wo Hau Station,22.3703757,114.1249123
4357610160,福來邨永樂樓 Wing Lok House Fuk Loi Estate,22.3739124,114.114792
4357610161,耀榮里 Yiu Wing Lane,22.3695124,114.1325389
4357610164,,22.3594481,114.1307916
4357610165,,22.3695919,114.1325805
4357610166,葵涌健全街 Kin Chuen Street Kwai Chung,22.3705217,114.131041
4357610167,荃灣眾安街 Chung On Street Tsuen Wan,22.3713818,114.1191826
4357610168,福來邨永樂樓 Wing Lok House Fuk Loi Estate,22.3739723,114.1148228
4357639267,青衣站總站 Tsing Yi Station Bus Terminus,22.3599321,114.1078785
4357639268,,22.3600467,114.1078543
4357639269,,22.3607146,114.1058965
4357639271,荃灣站 Tsuen Wan Station,22.3738587,114.1153631
4357639272,荃景圍天橋 Tsuen King Circuit Flyover,22.3756358,114.1077733
4357668755,青衣站總站 Tsing Yi Station Bus Terminus,22.3604228,114.107424
4357668757,,22.3612225,114.1053437
4357668758,荃富街公園 Tsuen Fu Street Garden,22.368889,114.1218281
4357668759,荃灣眾安街 Chung On Street Tsuen Wan,22.3713192,114.1192409
4357668760,荃景圍天橋 Tsuen King Circuit Flyover,22.3754473,114.1093972
4357695647,葵芳站總站 Kwai Fong Station Bus Terminus,22.3566936,114.1283
4357695648,光輝圍 Kwong Fai Circuit,22.3680317,114.1337298
4357695650,,22.3566786,114.1283024
4357695651,光輝圍 Kwong Fai Circuit,22.3680167,114.1337795
4358436928,沙田站 Sha Tin Station,22.383624,114.1878328
4358436929,,22.3814289,114.1380564
4358515228,荃灣站 Tsuen Wan Station,22.3738786,114.1164626
4358515230,荃灣站 Tsuen Wan Station,22.3738773,114.1164778
4358543323,荃景圍天橋 Tsuen King Circuit Flyover,22.3754457,114.1096543
4361104024,葵俊苑 Kwai Chun Court,22.3640912,114.1326306
4361104025,昌榮路迴旋處 Cheung Wing Road Gyratory,22.3701414,114.1320451
4361104026,葵芳邨 Kwai Fong Estate,22.3596965,114.1311121
4361104027,新葵興花園 Sun Kwai Hing Gardens,22.3617707,114.1319126
4361104029,,22.36179,114.1318284
4361104030,葵俊苑 Kwai Chun Court,22.3642956,114.132651
4361104031,昌榮路迴旋處 Cheung Wing Road Gyratory,22.3701014,114.132024
4361104032,荃灣眾安街 Chung On Street Tsuen Wan,22.3723056,114.1184802
4361104034,愉景新城 Discovery Park,22.3748245,114.1129504
4361130438,葵涌健全街 Kin Chuen Street Kwai Chung,22.370502,114.1309116
4361130439,光輝圍 Kwong Fai Circuit,22.3681331,114.1337604
4361130440,大窩口站 Tai Wo Hau Station,22.370393,114.1251478
4361130441,福來邨永樂樓 Wing Lok House Fuk Loi Estate,22.3738441,114.1149623
4361130442,光輝圍 Kwong Fai Circuit,22.3681245,114.1338133
4361130443,大窩口轉車站 Tai Wo Hau BBI,22.370452,114.1251776
4361130444,葵涌健全街 Kin Chuen Street Kwai Chung,22.3705602,114.1309716
4361130445,荃灣眾安街 Chung On Street Tsuen Wan,22.3715271,114.1190405
4364214616,荔景北巴士總站 Lai King North Bus Terminus,22.3518228,114.127263
4364214617,荔景北巴士總站 Lai King North Bus Terminus,22.3518557,114.1271832
4364214620,荔景北巴士總站 Lai King North Bus Terminus,22.3517884,114.1272743
4364214621,,22.3518135,114.1272134
4364228429,葵俊苑 Kwai Chun Court,22.3642881,114.1327001
4364228430,昌榮路迴旋處 Cheung Wing Road Gyratory,22.3702094,114.1319351
4364228431,葵芳邨 Kwai Fong Estate,22.3596123,114.1310857
4364228432,葵芳邨 Kwai Fong Estate,22.3596334,114.1310071
4364228433,,22.3641062,114.132588
4364228434,荃灣眾安街 Chung On Street Tsuen Wan,22.3721891,114.1185918
4364250683,葵芳站總站 Kwai Fong Station Bus Terminus,22.3569086,114.1282343
4364250684,光輝圍 Kwong Fai Circuit,22.3680802,114.1337431
4364250685,,22.3568678,114.1282413
4380221118,葵青劇院 Kwai Tsing Theatre,22.3563169,114.1258545
4380221119,新都會廣場 Metroplaza,22.3577761,114.1261613
4380221125,,22.3584096,114.1279052
4380338924,,22.3629287,114.1314514
4380338926,,22.3629243,114.1314851
4388705823,荃灣西站 Tsuen Wan West Station,22.3677365,114.1109897
4388705824,荃灣西站總站 Tsuen Wan West Station Bus Terminus,22.3680393,114.1106527
4400716198,昌華街 Cheung Wah Street,22.3386328,114.1519775
4400716202,荔枝角站 Lai Chi Kok Station,22.3369517,114.1467678
4400716217,元州邨 Un Chau Estate,22.3358215,114.1558471
4400716218,荔枝角站 Lai Chi Kok Station,22.3369083,114.146786
4400716223,,22.3655551,114.0567269
4400716224,,22.367633,114.0618828
4400746273,長沙灣長荔街 Cheung Lai Street Cheung Sha Wan,22.3369895,114.1474148
4400747599,,22.3652121,114.0564069
4400747600,,22.3669131,114.0591609
4400747601,,22.3675831,114.0614938
4402344120,,22.3566111,114.1282436
4407862579,,22.3646421,114.0696485
4407862580,,22.3668931,114.0590036
4407862581,,22.3675638,114.0908872
4407862582,,22.3679041,114.0745301
4407862583,油柑頭 Yau Kom Tau,22.3682577,114.0925683
4407862584,,22.3684414,114.0968668
4407862585,,22.3687252,114.083939
4407862586,,22.3694723,114.0999167
4407862587,,22.3703238,114.0792335
4407862588,麗城花園第三期 Belvedere Garden Phase 3,22.3717536,114.1011409
4407862989,荃灣大河道 Tai Ho Road Tsuen Wan,22.371941,114.1159778
4407862990,麗城花園第一期 Belvedere Garden Phase 1,22.3732051,114.103068
4407862991,荃灣站 Tsuen Wan Station,22.3740716,114.1163721
4407862992,愉景新城 Discovery Park,22.3747532,114.1131311
4407862993,荃景圍天橋 Tsuen King Circuit Flyover,22.3756777,114.1067351
4408001599,美孚轉車站 Mei Foo BBI,22.3375404,114.1402498
4416408767,,22.3603518,114.1076352
4416780922,爾登華庭 Villa Carlton,22.34385,114.1547685
4416780923,爾登華庭 Villa Carlton,22.3439584,114.155476
4422237699,96B綠色小巴站,22.3724332,114.1168592
4427821788,,22.3643058,114.069623
4427821889,,22.3669849,114.0631948
4427821890,近水灣 Approach Beach,22.3675638,114.0877631
4427821891,,22.3681627,114.0847229
4427821892,油柑頭 Yau Kom Tau,22.3681915,114.0928566
4427821893,,22.3683624,114.075723
4427821894,,22.3683686,114.0975834
4427821895,,22.3703534,114.0795383
4427821897,荃灣富華街 Fu Wah Street Tsuen Wan,22.373622,114.1156813
4427821898,荃灣柴灣角街 Chai Wan Kok Street Tsuen Wan,22.3748149,114.1055219
4432259336,青華苑 Ching Wah Court,22.348639,114.0970086
4432259337,長亨邨 Cheung Hang Estate,22.3539859,114.0991001
4432268414,青衣站總站 Tsing Yi Station Bus Terminus,22.3604514,114.1076034
4432268415,青華苑 Ching Wah Court,22.3480091,114.0969026
4432268416,長亨邨 Cheung Hang Estate,22.3531784,114.098756
4438803903,,22.3396006,114.1725199
4438803904,,22.3397863,114.1725
4438803910,則仁中心 Chak Yan Centre,22.3397927,114.1676084
4438803911,則仁中心 Chak Yan Centre,22.3400515,114.1669327
4439547967,,22.3921096,114.1869839
4439547968,,22.3920145,114.1866289
4440028288,浪翠園巴士總站 Sea Crest Villa Bus Terminus,22.3661362,114.0570293
4440028591,荃灣西站總站 Tsuen Wan West Station Bus Terminus,22.3690696,114.109506
4440042449,荃灣大河道 Tai Ho Road Tsuen Wan,22.3716054,114.1151736
4440474677,長沙灣站 Cheung Sha Wan Station,22.3367207,114.154823
4440474678,貿易廣場 Trade Square,22.336787,114.1542594
4454008933,,22.3790065,114.1079322
4457380100,"新蒲崗四美街 Sze Mei Street, San Po Kong",22.3384966,114.2009877
4457419323,摩士公園泳池 Morse Park Swimming Pool,22.3415982,114.1915668
4458727771,,22.401573,114.1966182
4461125037,,22.3502215,114.1324349
4483921588,光昌街 Kwong Cheung Street,22.3393262,114.1508488
4483921989,光昌街 Kwong Cheung Street,22.339592,114.151587
4484875683,,22.3937634,114.188225
4492446836,葵芳邨 Kwai Fong Estate,22.3595475,114.1310549
4492446837,葵涌道荔景邨 Lai King Estate Kwai Chung Road,22.3523756,114.1264492
4492446838,美孚巴士總站 Mei Foo Bus Terminus,22.3369,114.13972
4492446839,美孚巴士總站 Mei Foo Bus Terminus,22.3371574,114.1405194
4492446840,美孚巴士總站 Mei Foo Bus Terminus,22.3371678,114.1404646
4492446841,美孚巴士總站 Mei Foo Bus Terminus,22.337175,114.1404142
4492446842,美孚巴士總站 Mei Foo Bus Terminus,22.3371955,114.1403185
4492446843,美孚巴士總站 Mei Foo Bus Terminus,22.3372192,114.1401698
4492446844,美孚巴士總站 Mei Foo Bus Terminus,22.3372398,114.1400637
4492446845,美孚巴士總站 Mei Foo Bus Terminus,22.3372533,114.1399853
4492446846,美孚巴士總站 Mei Foo Bus Terminus,22.3372638,114.1399362
4492446850,,22.3595636,114.1309833
4492488337,葵涌道荔景邨 Lai King Estate Kwai Chung Road,22.3528619,114.1265215
4492488338,葵涌耀榮里 Yiu Wing Lane Kwai Chung,22.3694708,114.1326251
4492488339,葵涌道荔景邨 Lai King Estate Kwai Chung Road,22.3527781,114.1265832
4492488340,,22.3597651,114.1309023
4492488341,,22.3695451,114.1326599
4492488342,荃灣建明街 Kin Ming Street Tsuen Wan,22.3736848,114.1155193
4609654969,荃灣眾安街 Chung On Street Tsuen Wan,22.3711296,114.1194243
4609654970,,22.398225,114.2024267
4609654971,沙田馬場巴士總站 Sha Tin Racecourse Bus Terminus,22.3990343,114.2035036
4609654972,沙田馬場巴士總站 Sha Tin Racecourse Bus Terminus,22.3981853,114.2025043
4609654973,沙田馬場巴士總站 Sha Tin Racecourse Bus Terminus,22.3982089,114.2024569
4609654974,沙田馬場巴士總站 Sha Tin Racecourse Bus Terminus,22.3982233,114.2024052
4609654975,沙田馬場巴士總站 Sha Tin Racecourse Bus Terminus,22.3982211,114.2023419
4609654976,沙田馬場巴士總站 Sha Tin Racecourse Bus Terminus,22.39822,114.2022781
4609654977,沙田馬場巴士總站 Sha Tin Racecourse Bus Terminus,22.3982173,114.2022175
4609654978,沙田馬場巴士總站 Sha Tin Racecourse Bus Terminus,22.3982121,114.2021464
4609654979,沙田馬場巴士總站 Sha Tin Racecourse Bus Terminus,22.3982104,114.2020771
4609690900,荃灣眾安街 Chung On Street Tsuen Wan,22.3718259,114.118941
4614253285,,22.367646,114.0617511
4621592285,黃大仙警署 Wong Tai Sin Police Station,22.3389679,114.1970282
4621592286,鑽石山站 Diamond Hill Station,22.3412742,114.2011328
4621592287,天馬苑 Tin Ma Court,22.3425807,114.1865084
4621600946,黃大仙警署 Wong Tai Sin Police Station,22.3390677,114.1970659
4621600947,王仲銘中學 Wong Chung Ming Secondary School,22.3343614,114.1943769
4684852796,32M小巴站,22.3424452,114.16654
4751197760,香港浸會大學 HK Baptist University,22.3378773,114.1816308
4775055072,石硤尾公園 Shek Kip Mei Park,22.3393108,114.1706695
4775874742,,22.3438915,114.1554774
4791095669,,22.3568114,114.1284103
4829150035,青衣站總站 Tsing Yi Station Bus Terminus,22.3601285,114.1081446
4829150036,青衣站總站 Tsing Yi Station Bus Terminus,22.359872,114.1075226
4829150037,青衣站總站 Tsing Yi Station Bus Terminus,22.3598956,114.1076899
4829150040,青衣站總站 Tsing Yi Station Bus Terminus,22.3604788,114.1077594
4847919150,鳳德商場 Fung Tak Shopping Centre,22.3430676,114.200149
4849864700,鳳鑽苑 Fung Chuen Court,22.3443615,114.1989803
4870108936,玖瓏山 Dragons Range,22.413078,114.2003176
4881195412,荃灣站 Tsuen Wan Station,22.3742804,114.1159734
4956420008,恆峰花園,22.3775292,114.1718896
4971452726,火炭村 Fo Tan Village,22.3940148,114.1968626
4979721187,葵盛邨六座 Block 6 Kwai Shing Estate,22.3618589,114.1212663
4979721188,葵盛邨六座 Block 6 Kwai Shing Estate,22.3619297,114.1210951
4979721189,葵盛游泳池 Kwai Shing Swimming Pool,22.3597395,114.122559
4979721190,葵盛游泳池 Kwai Shing Swimming Pool,22.35959,114.1224473
4979721191,南葵涌分科診所 South Kwai Chung Polyclinic,22.3610505,114.1250241
4979721192,南葵涌分科診所 South Kwai Chung Polyclinic,22.360939,114.1248433
4979721193,南葵涌分科診所 South Kwai Chung Polyclinic,22.3615814,114.1259487
4979721194,"葵盛邨盛樂樓 Shing Lok House, Kwai Shing Estate",22.3624393,114.1276342
4979721195,"葵盛邨盛樂樓 Shing Lok House, Kwai Shing Estate",22.3624592,114.1276891
4979721196,"葵盛邨盛樂樓 Shing Lok House, Kwai Shing Estate",22.362453,114.1279302
4979753134,"石籬邨石佳樓 Shek Kai House, Shek Lei Estate",22.3650794,114.1403749
4979753135,"石籬邨石佳樓 Shek Kai House, Shek Lei Estate",22.3648308,114.1402271
4979753136,石籬商場 Shek Lei Commercial Complex,22.3645398,114.1390841
4979753137,石籬邨石安樓 Shek On House Shek Lei Estate,22.363964,114.1385608
4979753138,石籬邨石俊樓 Shek Chun House Shek Lei Estate,22.3633445,114.137644
4979753139,"石排街嘉翠園 Greenknoll Court, Shek Pai Street",22.3630003,114.1366541
4981431853,楓樹窩體育館 Fung Shue Wo Sports Centre,22.3558548,114.1022932
4981431854,楓樹窩體育館 Fung Shue Wo Sports Centre,22.3557991,114.1023035
4981431855,楓樹窩體育館 Fung Shue Wo Sports Centre,22.3557969,114.1021459
4981431856,楓樹窩體育館 Fung Shue Wo Sports Centre,22.3556263,114.1020966
4981431857,青衣邨宜偉樓 Yee Wai House Tsing Yi Estate,22.3551708,114.1033681
4981503613,青衣邨宜業樓 Yee Yip House Tsing Yi Estate,22.3541496,114.1024104
4981503614,青衣邨宜業樓 Yee Yip House Tsing Yi Estate,22.3540958,114.1024161
4981503615,青衣邨宜業樓 Yee Yip House Tsing Yi Estate,22.3542105,114.1022065
4981503616,青衣邨宜業樓 Yee Yip House Tsing Yi Estate,22.3541584,114.1022062
4981503617,青衣邨宜業樓 Yee Yip House Tsing Yi Estate,22.3540927,114.102208
4981503618,青衣邨 Tsing Yi Estate,22.3539836,114.1038237
4981503619,青衣邨商場 Tsing Yi Estate Comm. Complex,22.3541847,114.1039919
4981503620,青衣街市 Tsing Yi Market,22.3543033,114.106004
4981504921,青衣街市 Tsing Yi Market,22.3539593,114.1068479
4981504922,宏福花園 Tivoli Garden,22.3550699,114.1070612
4981504923,青衣運動場 Tsing Yi Sports Ground,22.3560105,114.106719
4981504924,盈翠半島 Tierra Verde,22.3576464,114.1059561
4981504925,綠悠雅苑 Greenview Villa,22.352647,114.105165
4981504926,綠悠雅苑 Greenview Villa,22.3526427,114.1050635
4981504927,綠悠雅苑 Greenview Villa,22.3524285,114.1051392
4981504928,綠悠雅苑 Greenview Villa,22.3524257,114.1050636
4982909375,葵青劇院 Kwai Tsing Theatre,22.3564075,114.1256828
4987792593,葵芳站總站 Kwai Fong Station Bus Terminus,22.3562168,114.1275227
4987792594,,22.3561901,114.1275727
4987792600,葵芳站總站 Kwai Fong Station Bus Terminus,22.3566281,114.1282403
4987812597,荃灣建明街 Kin Ming Street Tsuen Wan,22.3737214,114.1154185
4987812598,,22.3596509,114.1308683
5001221340,麗坪路 Lai Ping Road,22.4104013,114.2100629
5001221341,麗坪路 Lai Ping Road,22.4102181,114.210497
5001221342,海恬閣 Seaview Villa,22.4083165,114.2102736
5001221343,火炭站 Fo Tan Station,22.3952024,114.197949
5001221345,禾寮坑路 Wo Liu Hang Road,22.3967762,114.1962479
5001264316,郝德傑道 Caldecott Road,22.3456511,114.1512311
5001264317,郝德傑道 Caldecott Road,22.3441281,114.1510814
5001801779,畢架山花園 Beacon Heights,22.341726,114.1670934
5002440874,清麗苑 Ching Lai Court,22.3394827,114.1345852
5002440875,清麗苑 Ching Lai Court,22.3399388,114.1339443
5002440880,瑪嘉烈醫院 Princess Margaret Hospital,22.3413891,114.1327112
5002440881,瑪嘉烈醫院 Princess Margaret Hospital,22.3412324,114.1326618
5002517446,葵涌醫院 Kwai Chung Hospital,22.3435811,114.1312938
5003299257,荔景邨樂景樓 Lok King House Lai King Estate,22.3457737,114.1268623
5003299258,荔景站 Lai King Station,22.3482355,114.1268676
5003299259,下葵涌分科診所 Ha Kwai Chung Polyclinic,22.352149,114.128206
5003299261,下葵涌分科診所 Ha Kwai Chung Polyclinic,22.3522456,114.1284258
5003299262,麗瑤邨榮瑤樓 Wing Yiu House Lai Yiu Estate,22.3546497,114.1307046
5003299263,麗瑤邨榮瑤樓 Wing Yiu House Lai Yiu Estate,22.354142,114.1316283
5003325917,華員邨 Wah Yuen Chuen,22.3521279,114.1331303
5003325918,華員邨 Wah Yuen Chuen,22.3514641,114.1328712
5003327098,鐘山台 Chung Shan Terrace,22.3441959,114.1392034
5003327099,鐘山台 Chung Shan Terrace,22.3437,114.1393968
5003329018,蝴蝶谷新村 Butterfly Valley Village,22.3401005,114.1430579
5005266340,慈正邨正暉樓 Ching Fai House Tsz Ching Estate,22.3501582,114.2009766
5005273641,愛富閣 Oi Fu House,22.3507319,114.1995424
5005273642,愛富閣 Oi Fu House,22.3506825,114.1993047
5005273643,正暉樓 Ching Fai House,22.3502763,114.2009017
5005273644,慈雲山邨中央遊樂場 Tsz Wan Shan Estate Central Playground,22.3495255,114.201789
5005273645,慈安苑 Tsz On Court,22.3486774,114.2012524
5005273646,樂祥樓 Lok Cheung House,22.34861,114.1987915
5014479004,大窩口邨富安樓 Fu On House Tai Wo Hau Estate,22.3675537,114.1245399
5014479005,大窩口邨富貴樓 Fu Kwai House Tai Wo Hau Estate,22.3668581,114.1250825
5014479006,大窩口邨富華樓 Fu Wah House Tai Wo Hau Estate,22.3661952,114.1251389
5014479007,葵涌邨曉葵樓 Hiu Kwai House Kwai Chung Estate,22.3682608,114.1272886
5014479008,葵涌邨芷葵樓 Tsz Kwai House Kwai Chung Estate,22.3681332,114.1268913
5014479009,葵涌邨綠葵樓 Luk Kwai House Kwai Chung Estate,22.3681119,114.128273
5014479010,葵涌邨茵葵樓 Yan Kwai House Kwai Chung Estate,22.3671516,114.1270553
5014479011,葵涌邨茵葵樓 Yan Kwai House Kwai Chung Estate,22.3667785,114.1276056
5014479012,葵馥苑 Kwai Fuk Court,22.3671631,114.1291378
5014479013,葵涌邨秋葵樓 Chau Kwai House Kwai Chung Estate,22.368279,114.130436
5014479014,葵涌邨秋葵樓 Chau Kwai House Kwai Chung Estate,22.3680803,114.1303114
5014479015,葵涌邨夏葵樓 Ha Kwai House Kwai Chung Estate,22.3664017,114.1312125
5014479017,葵涌街坊會 Kwai Chung Kai Fong Association,22.3687267,114.1296228
5014479018,荃灣帝盛酒店 Dorsett Tsuen Wan,22.3700254,114.1293912
5014502710,健康街 Kin Hong Street,22.3691804,114.1305738
5014502711,新葵興花園 Sun Kwai Hing Gardens,22.3628372,114.1318961
5014516330,葵青交滙處 Kwai Tsing Interchange,22.3547636,114.1221801
5014516332,葵涌葵泰路 Kwai Tai Road Kwai Chung,22.3507226,114.1185637
5014516333,葵涌葵泰路 Kwai Tai Road Kwai Chung,22.3515301,114.1197285
5014540026,青衣警署 Tsing Yi Police Station,22.3519099,114.1073878
5014540027,翠怡花園 Greenfield Garden,22.3515867,114.1079323
5014540029,葵涌交滙處 Kwai Chung Interchange,22.3408273,114.1315441
5016621151,裘錦秋中學 Ju Ching Chu Secondary School,22.3695812,114.1406348
5024794510,慈民邨 Tsz Man Estate,22.3487078,114.2025229
5027047447,新界鄉議局大樓 Heung Yee Kuk New Territories Building,22.3917396,114.2065864
5027214436,黃大仙警署 Wong Tai Sin Police Station,22.3391035,114.1971485
5027214439,黃大仙警署 Wong Tai Sin Police Station,22.3391796,114.1973406
5039719243,葵涌業成街 Yip Shing Street Kwai Chung,22.3600413,114.1352454
5039930736,沙田大會堂 Sha Tin Town Hall,22.3823383,114.1897794
5039971019,落路下 Lok Lo Ha,22.4051795,114.2061718
5041508417,樂富廣場 Lok Fu Plaza,22.3378322,114.1862687
5041538474,翠竹花園 Tsui Chuk Garden,22.3464961,114.1875325
5041576929,馬仔坑遊樂場 Ma Chai Hang Recreation Ground,22.3442973,114.1877309
5041991435,彩虹道遊樂場 Choi Hung Road Playground,22.3375619,114.195607
5052258088,葵青劇院 Kwai Tsing Theatre,22.3562628,114.1257965
5053977568,荃灣大河道 Tai Ho Road Tsuen Wan,22.3717334,114.1155832
5057268810,沙田第一城第13座 Block 13 City One Shatin,22.3885904,114.2018731
5058499149,瀝源邨 Lek Yuen Estate,22.3839945,114.1929859
5058982159,荔景站 Lai King Station,22.3486464,114.126859
5058982160,荔景站 Lai King Station,22.3484457,114.1268324
5069413600,三棟屋村 Sam Tung Uk Resite Village,22.3797289,114.1294335
5069588550,黃大仙消防局 Wong Tai Sin Fire Station,22.3431411,114.196327
5069636124,葵涌道荔景邨 Lai King Estate Kwai Chung Road,22.3524075,114.1264045
5069636160,葵盛（東） Kwai Shing (East),22.3641104,114.1275728
5069636168,葵涌邨秋葵樓 Chau Kwai House Kwai Chung Estate,22.3681851,114.1304666
5069983891,林護紀念中學 Lam Woo Memorial Secondary School,22.3657685,114.1303043
5070344564,康強苑 Hong Keung Court,22.3375265,114.1901303
5072129782,延文禮士道 Inverness Road,22.3336347,114.1874044
5074742619,荃灣站 Tsuen Wan Station,22.3739383,114.1177077
5081757798,石蔭東邨 Shek Yam East Estate,22.37234,114.1396
5084140351,鑽石山站 Diamond Hill Station,22.339549,114.2027172
5084749463,龍逸樓 Lung Yat House,22.339115,114.195883
5089044423,荔灣道 Lai Wan Road,22.339703,114.1399151
5093607699,大澳 Tai O,22.25257,113.860974
5120479365,美孚 Mei Foo,22.3370528,114.1408954
5129518502,,22.4160077,114.2083955
5161303198,保良局第一張永慶中學 Po Leung Kuk No.1 W.H. Cheung College,22.3459719,114.2058183
5175409115,小瀝源 Siu Lek Yuen,22.3830016,114.2118643
5203293107,曹公潭戶外康樂中心 Tso Kung Tam Outdoor Recreation Centre,22.3841582,114.1086016
5242750932,富圍樓 Foo Wai House,22.3697306,114.1875422
5285781227,葵翠邨 Kwai Tsui Estate,22.3565065,114.1285242
5413637590,,22.4178596,114.2104901
5413654369,,22.4192818,114.212938
5414326179,,22.413993,114.2097415
5414326180,港鐵大學站廣場 University MTR Station Piazza,22.4139575,114.2097625
5420052315,,22.3990236,114.2035239
5444525659,長沙灣徑 Cheung Sha Wan Path,22.3381398,114.1507706
5464805938,,22.3387963,114.2003236
5693824440,"象山邨秀山樓 Sau Shan House, Cheung Shan Estate",22.3785817,114.1315843
5693824444,"象山邨秀山樓 Sau Shan House, Cheung Shan Estate",22.3787198,114.1316087
5709137559,沙田第一城 City One Shatin,22.3886307,114.201926
5709137560,新界鄉議局大樓 Heung Yee Kuk New Territories Building,22.3914374,114.2062939
5709137563,,22.3836035,114.1878792
5709169553,大學站 University Station,22.4125938,114.2105202
5829192997,鵬程苑 Pang Ching Court,22.3462104,114.1903909
5829192998,鵬程苑 Pang Ching Court,22.3460225,114.189868
5909888479,祈德尊新邨 Clague Garden Estate,22.3714622,114.1097662
5909888480,大涌道福來邨 Fok Loi Estate Tai Chung Road,22.373957,114.1113055
5909888481,大涌道福來邨 Fok Loi Estate Tai Chung Road,22.3740231,114.1113474
5939153504,發祥街 Fat Tseung Street,22.337132,114.156959
5959107691,美孚巴士總站 Mei Foo Bus Terminus,22.3372004,114.1401993
5983014128,青宏苑 Ching Wang Court,22.3613831,114.1045837
6001936806,青衣工業中心 Tsing Yi Industrial Centre,22.3497817,114.1092931
6170756050,美林 Mei Lam,22.3777752,114.1748811
6293092662,蘇屋邨 So Uk Estate,22.3407924,114.1588359
6293092663,蘇屋邨 So Uk Estate,22.3408614,114.1588787
6293092664,蘇屋邨 So Uk Estate,22.3408162,114.1588444
6311932101,順寧道 Shun Ning Road,22.3368727,114.1595716
6327409152,聯福道 Renfrew Road,22.3382232,114.1817654
6389190341,長沙灣站 Cheung Sha Wan Station,22.3367005,114.15492
6407621606,長康邨康富樓 Hong Fu House Cheung Hong Estate,22.3505366,114.1057074
6410429097,葵青交滙處 Kwai Tsing Interchange,22.354079,114.1219714
6419067042,美景花園 Mayfair Gardens,22.344344,114.1081694
6419067043,長青巴士總站 Cheung Ching Bus Terminus,22.3481697,114.1073198
6419067044,涌美老屋村 Chung Mei Lo Uk Tsuen,22.3504702,114.1055958
6419067045,長青邨青楊樓 Ching Yeung House Cheung Ching Estate,22.3499245,114.1076852
6449303522,長康邨康順樓 Hong Shun House Cheung Hong Estate,22.3495294,114.1001637
6478257962,義德道 Ede Road,22.3400772,114.1787369
6495121076,馬頭壩道 Ma Tau Pa Road,22.3666422,114.1152984
6536380385,長安 Cheung On,22.3612345,114.1028485
6564772893,梨木道 Lei Muk Road,22.3712607,114.1367917
6590929454,,22.3483402,114.1247717
6645426409,海濱花園 (310M 小巴站),22.363234,114.1143341
6652799652,清麗苑 Ching Lai Court,22.339478,114.1349177
6698693249,石門總站 Shek Mun Bus Terminus,22.3877975,114.2088754
6698706809,碩門邨 Shek Mun Estate,22.3877878,114.2088652
6699260879,黃大仙總站 Wong Tai Sin Bus Terminus,22.3408196,114.1952371
6699260880,黃大仙總站 Wong Tai Sin Bus Terminus,22.3408915,114.1954596
6699260881,黃大仙總站 Wong Tai Sin Bus Terminus,22.3407873,114.1950052
6699260882,黃大仙總站（落客站） Wong Tai Sin Bus Terminus (Alighting only),22.3410435,114.1949834
6699260883,黃大仙總站 Wong Tai Sin Bus Terminus,22.3407979,114.1950815
6699260884,黃大仙總站 Wong Tai Sin Bus Terminus,22.3408143,114.195151
6699262076,,22.3407711,114.1929161
6699262079,正德街公共小巴總站 Ching Tak Street PLB Terminus,22.3407222,114.192974
6699348674,龍慧樓 Lung Wai House,22.3399185,114.1942577
6700009088,龍榮樓 Lung Wing House,22.3392883,114.1937807
6702244367,美林 Mei Lam,22.3777445,114.1749261
6716133193,龍豐樓 Lung Fung House,22.3401043,114.1944878
6716219064,黃大仙站 Wong Tai Sin Station,22.341204,114.1944768
6716383147,龍吉樓 Lung Gut House,22.3392091,114.1931374
6720484364,昌華街 Cheung Wah Street,22.3386055,114.1516151
6743171854,田園閣 Greenfield Court,22.3796757,114.1958014
6743171855,田園閣 Greenfield Court,22.3797768,114.1956722
6743171860,崗背街休憩花園 Kong Pui Street Rest Garden,22.378757,114.19766
6743171863,沙田圍新村 Sha Tin Wai New Village,22.378721,114.1974023
6744814145,多石 To Shek,22.3780656,114.203366
6750167372,獅子山隧道 Lion Rock Tunnel,22.358605,114.1747047
6750167373,獅子山隧道 Lion Rock Tunnel,22.3584581,114.173104
6784186244,翠竹商場 Tsui Chuk Shopping Centre,22.3457383,114.188626
6795103272,,22.3797036,114.2019072
6795103273,,22.3797234,114.2018459
6795144645,,22.379656,114.2018923
6795144646,,22.3796766,114.2018334
6812239145,小瀝源 Siu Lek Yuen,22.3830081,114.2119149
6812239157,,22.3832146,114.212817
6812953436,小瀝源 Siu Lek Yuen,22.3832426,114.2133702
6812953437,小瀝源 Siu Lek Yuen,22.3832182,114.2132178
6816143605,帝逸酒店 Alva Hotel By Royal,22.3837285,114.2089635
6816143606,源康街 Yuen Hong Street,22.38367,114.2090442
6816143609,帝逸酒店 Alva Hotel By Royal,22.3837618,114.2091362
6816143610,歷奇單車場 Adventure Cycling Area,22.3838197,114.2090526
6816237273,香港駕駛學院 Hong Kong School of Motoring,22.381056,114.2080966
6816237274,香港駕駛學院 Hong Kong School of Motoring,22.3811676,114.2082508
6816241592,小瀝源報案中心 Siu Lek Yuen Reporting Centre,22.3813311,114.2082744
6816241593,,22.3811914,114.208086
6818004293,大成街街市 Tai Shing Street Market,22.3373542,114.1941825
6832781241,金麗苑 Golden Villa,22.3675602,114.0908635
6832781242,金麗苑 Golden Villa,22.3675636,114.0908861
6832781243,金麗苑 Golden Villa,22.3676245,114.0908537
6853948555,黃大仙廟 Wong Tai Sin Temple,22.3415734,114.1947297
6865320948,荔景站 Lai King Station,22.3476699,114.1267038
6934092753,,22.3677194,114.1669904
6969336868,葵涌打磚坪街 Ta Chuen Ping Street Kwai Chung,22.3663592,114.137316
6969336869,葵涌打磚坪街 Ta Chuen Ping Street Kwai Chung,22.366301,114.1372231
6976357516,石籬商場 Shek Lei Commercial Complex,22.3645453,114.1391205
7007836941,葵涌屏麗徑 Ping Lai Path Kwai Chung,22.3673717,114.1349896
7007836942,葵涌石英徑 Shek Ying Path Kwai Chung,22.3646479,114.1357223
7025532589,葵涌業成街 Yip Shing Street Kwai Chung,22.360071,114.1351904
7025532590,葵涌業成街 Yip Shing Street Kwai Chung,22.3611688,114.1362398
7051582003,荔灣花園 Lai Chi Kok Bay Garden,22.3412073,114.1359777
7051582009,清麗商場 Ching Lai Commercial Centre,22.3403575,114.1358755
7051582010,清麗商場 Ching Lai Commercial Centre,22.34043,114.1358998
7090216449,饒宗頤文化館 Jao Tsung-I Academy,22.3372549,114.1420807
7092712370,"象山邨秀山樓 Sau Shan House, Cheung Shan Estate",22.3787657,114.1316853
7097539856,長青邨青槐樓 Ching Wai House Cheung Ching Estate,22.3445622,114.1082094
7097539857,長康邨康盛樓 Hong Shing House Cheung Hong Estate,22.3508451,114.1043864
7149623334,獅子山隧道 Lion Rock Tunnel,22.3583503,114.173231
7149623336,獅子山隧道 Lion Rock Tunnel,22.3586395,114.174697
7151049527,荔枝角站 Lai Chi Kok Station,22.3374866,114.148334
7151049528,荔枝角站 Lai Chi Kok Station,22.3374379,114.1483486
7231973807,大學站 University Station,22.4125234,114.2105065
7231973808,大學站 University Station,22.4126461,114.210526
7231973810,大學站 University Station,22.4128174,114.2102703
7252194055,沙田市中心總站 Shatin Central Bus Terminus,22.3820913,114.187807
7252251366,啟德花園 Kai Tak Garden,22.3371335,114.1951164
7252251367,啟德花園 Kai Tak Garden,22.3371614,114.1950726
7357749372,葵涌邨茵葵樓 Yan Kwai House Kwai Chung Estate,22.3667731,114.1276279
7367012143,荃景圍街市 Tsuen King Circuit Market,22.3784676,114.1045266
7367012146,荃景圍街市 Tsuen King Circuit Market,22.3786334,114.1044265
7367012148,荃景圍街市 Tsuen King Circuit Market,22.3784506,114.104498
7367080862,荃威花園總站 Allway Gardens Bus Terminus,22.3773336,114.1041164
7372784128,永光書院 Wing Kwong College,22.342334,114.18835
7469204856,大窩口邨富貴樓 Fu Kwai House Tai Wo Hau Estate,22.36686,114.1250212
7523272006,,22.4118926,114.211423
7523272007,,22.4118804,114.2113569
7597535156,富強苑 Fu Keung Court,22.3394356,114.1844842
7637904914,林士德體育館 Osman Ramju Sadick Memorial Sports Centre,22.3610154,114.1296746
7637904915,林士德體育館 Osman Ramju Sadick Memorial Sports Centre,22.3609162,114.1295666
7637904923,"葵芳邨葵信樓 Kwai Shun House, Kwai Fong Estate",22.3610528,114.1297155
7637904929,葵芳智芳街 Che Fong Street Kwai Fong,22.359563,114.1281398
7644849995,GMB82M,22.3717997,114.1181525
7644849996,GMB81,22.3719417,114.1178841
7757156013,葵芳廣場 Kwai Fong Plaza,22.3582654,114.130364
7765141719,中環 Central,22.2883791,114.1564816
7765219862,荃灣西（如心廣場） Tsuen Wan West (Nina Tower),22.3683805,114.1120301
7765219863,荃灣（西樓角路） Tsuen Wan (Sai Lau Kok Road),22.3729689,114.1187182
7765305805,葵芳（新都會廣場） Kwai Fong (Metroplaza),22.3571184,114.1263819
7765351094,灝景灣 Villa Esplanada,22.3608966,114.1059051
7768902146,香港浸會大學 HK Baptist University,22.3391603,114.18261
7768902147,香港浸會大學 HK Baptist University,22.3392931,114.18261
7770420709,長安邨安湄樓 On Mei House Cheung On Estate,22.3611077,114.1054107
7770420727,,22.3611823,114.1054448
7770420736,,22.3608448,114.1058312
7772335703,廣播道巴士總站 Broadcast Drive Bus Terminus,22.3421233,114.180446
7772335704,廣播道巴士總站 Broadcast Drive Bus Terminus,22.3420828,114.1804948
7772335730,范信達道 Fessenden Road,22.3417281,114.1830948
7772335737,馬可尼道 Marconi Road,22.3404444,114.1824176
7772335738,聯福道 Renfrew Road,22.3382288,114.1817148
7775582904,,22.3446918,114.1865245
7821587798,香港浸會大學 HK Baptist University,22.3378784,114.1816775
7821587814,香港電台電視大廈 RTHK Television House,22.3404985,114.1812357
7925319507,,22.3729435,114.1748389
7927046074,,22.3735987,114.1785796
7927046077,大圍站（村南道） Tai Wai Station (Tsuen Nam Road),22.3736471,114.1785528
7927181678,,22.3734294,114.1783415
7927225891,大圍站（村南道） Tai Wai Station (Tsuen Nam Road),22.3733791,114.1783888
7936153888,大涌道福來邨 Fok Loi Estate Tai Chung Road,22.3738918,114.1111308
7973190121,長沙灣站 Cheung Sha Wan Station,22.336773,114.1548257
7973190122,光昌街 Kwong Cheung Street,22.3383322,114.150789
7973190123,蘇屋邨 So Uk Estate,22.3408276,114.15883
7973190124,長沙灣（甘泉街） Cheung Sha Wan (Kom Tsun Street),22.3370905,114.1450372
7973190125,長沙灣（甘泉街） Cheung Sha Wan (Kom Tsun Street),22.3368765,114.1450447
7973190126,長順街遊樂場 Cheung Shun Street Playground,22.336508,114.1463386
7973190127,長沙灣徑 Cheung Sha Wan Path,22.3377991,114.1499417
7973190128,貿易廣場 Trade Square,22.3367614,114.1543059
7979705843,葵芳（葵翠邨）總站 Kwai Fong (Kwai Tsui Estate) Bus Terminus,22.3562972,114.1286762
7979705845,葵芳（葵翠邨）總站 Kwai Fong (Kwai Tsui Estate) Bus Terminus,22.3563122,114.1287018
7990606717,葵芳邨 Kwai Fong Estate,22.3595157,114.1310389
7990606718,新葵興花園 Sun Kwai Hing Gardens,22.3620287,114.1319753
7990606719,葵俊苑 Kwai Chun Court,22.3639433,114.1325824
7990606720,葵榮路 Kwai Wing Road,22.3671899,114.1337327
7990606721,昌榮路迴旋處 Cheung Wing Road Gyratory,22.3701213,114.1320709
7990606722,大窩口站 Tai Wo Hau Station,22.370509,114.1236073
7990606723,愉景新城 Discovery Park,22.3750241,114.1126951
7990606724,荃景圍天橋 Tsuen King Circuit Flyover,22.3757652,114.1080489
7992156631,荃青交匯處 Tsuen Tsing Interchange,22.3634071,114.1181552
7992156632,大涌道迴旋處 Tai Chung Road Roundabout,22.3704704,114.1090357
8006516447,,22.3369885,114.1405917
8006516448,,22.3369539,114.1407491
8006527132,,22.3369447,114.1407965
8043720660,長宏 Cheung Wang,22.3574952,114.0961436
8043720661,長宏 Cheung Wang,22.357434,114.0961291
8043720662,長宏巴士總站 Cheung Wang Bus Terminal,22.3573682,114.0961162
8043720663,長宏巴士總站 Cheung Wang Bus Terminal,22.3572876,114.0961146
8044485495,川龍（小巴總站）,22.3951414,114.1081596
8164263128,馬料水公眾碼頭 Ma Liu Shui Public Pier,22.4160546,114.2139718
8164263129,馬料水公眾碼頭 Ma Liu Shui Public Pier,22.4159022,114.2136965
8164263130,馬料水公眾碼頭 Ma Liu Shui Public Pier,22.4158916,114.2137009
8164263131,馬料水公眾碼頭 Ma Liu Shui Public Pier,22.416028,114.2139763
8215547596,昌華街 Cheung Wah Street,22.3385487,114.1516267
8223975288,大學站 University Station,22.4128813,114.210519
8223975289,大學站 University Station,22.4127602,114.2105157
8223975290,大學站 University Station,22.4127018,114.2105301
8226568965,長沙灣長荔街 Cheung Lai Street Cheung Sha Wan,22.3368872,114.1471162
8230279202,紅萼樓 Hung Ngok House,22.3366293,114.206736
8233762012,,22.3678875,114.1125874
8375463685,長安邨安清樓 On Ching House Cheung On Estate,22.3610254,114.1037181
8375463688,青衣站 Tsing Yi Station,22.3593136,114.1066545
8375463689,青衣站 Tsing Yi Station,22.3592797,114.1064844
8375463690,青衣站 Tsing Yi Station,22.3592668,114.1064137
8375463691,青衣站 Tsing Yi Station,22.3592576,114.1063585
8375463692,青衣站 Tsing Yi Station,22.3592457,114.1062864
8378251263,葵涌運動場 Kwai Chung Sports Ground,22.3580633,114.126146
8386816671,碧堤半島 Bellagio,22.3671256,114.0614786
8386816672,青嶼幹線訪客中心 Lantau Link Visitors Centre,22.3580219,114.0815854
8404864071,顯徑 Hin Keng,22.362769,114.170925
8407507278,彩虹道遊樂場 Choi Hung Road Playground,22.3375334,114.1956838
8411655894,青泰苑 Ching Tai Court,22.3623635,114.1011621
8415040548,青衣碼頭 Tsing Yi Ferry,22.3534272,114.1091965
8415040549,長安 Cheung On,22.361402,114.1033512
8440217976,長亨 Cheung Hang,22.3555954,114.0974661
8440217977,葵芳邨葵喜樓 Kwai Hei House Kwai Fong Estate,22.359505,114.1281577
8440217978,永基路 Wing Kei Road,22.3609922,114.1202812
8440217980,新都會廣場 Metroplaza,22.356835,114.127082
8440217981,新都會廣場 Metroplaza,22.3574882,114.12777
8440217982,新都會廣場 Metroplaza,22.3568992,114.1273174
8440217984,瑪嘉烈醫院 Princess Margaret Hospital,22.3408195,114.1340512
8440268197,"葵盛邨盛樂樓 Shing Lok House, Kwai Shing Estate",22.3624218,114.127713
8440356687,永基路 Wing Kei Road,22.3609809,114.120105
8440356688,新葵芳花園 New Kwai Fong Gardens,22.3575946,114.1287645
8440356689,鍾榮光中學 Chung Wing Kwong Secondary School,22.3533997,114.1281677
8440356690,荔景邨和景樓 Wo King House Lai King Estate,22.350912,114.1270864
8445522835,荃灣（千色店） Tsuen Wan (Citistore),22.3706302,114.1190581
8445522836,荃灣（千色店） Tsuen Wan (Citistore),22.3707759,114.1188354
8445522837,荃灣（千色店） Tsuen Wan (Citistore),22.3710322,114.1182901
8445646273,偉景花園 Broadview Garden,22.3556568,114.1039073
8445646274,宏福花園 Tivoli Garden,22.3544058,114.1074015
8445646280,青衣游泳池 Tsing Yi Swimming Pool,22.3570702,114.106665
8445646281,荃灣（眾安街） Tsuen Wan (Chung On Street),22.3707076,114.1174376
8445646282,鴻福堂集團(物流中心) Hung Fook Tong Holdings (Logistics Centre),22.3666429,114.1210872
8445646283,鴻福堂集團(物流中心) Hung Fook Tong Holdings (Logistics Centre),22.3665323,114.1210487
8445684938,荃灣（海貴路） Tsuen Wan (Hoi Kwai Road),22.3686287,114.1107774
8445684939,長亨（亨美街） Cheung Hang (Hang Mei Street),22.3577384,114.0973173
8541476921,青富苑 Ching Fu Court,22.3415125,114.106884
8544070435,荃灣（如心廣場） Tsuen Wan (Nina Tower),22.3678614,114.1126153
8544070436,荃灣（如心廣場） Tsuen Wan (Nina Tower),22.367867,114.1126994
8544070437,荃灣（愉景新城） Tsuen Wan (Discovery Park),22.3772759,114.1111937
8544070438,荃灣（愉景新城） Tsuen Wan (Discovery Park),22.3773795,114.1114915
8544070439,荃灣（愉景新城） Tsuen Wan (Discovery Park),22.3773176,114.1115219
8544070440,長安 Cheung On,22.3615668,114.103398
8544070441,,22.3614919,114.1033683
8544070442,長安 Cheung On,22.3616884,114.1034402
8544070443,長安 Cheung On,22.3616879,114.103225
8544070444,長安 Cheung On,22.3616926,114.1028886
8544070445,長安 Cheung On,22.3616474,114.1028563
8544070446,長安 Cheung On,22.3615968,114.102827
8544070447,長安 Cheung On,22.3615487,114.1028015
8544070448,長安 Cheung On,22.3615018,114.1027714
8544070449,長安 Cheung On,22.3615289,114.1032115
8544070450,長安 Cheung On,22.3614474,114.102932
8544070451,長安 Cheung On,22.3614449,114.1028206
8544070452,長安 Cheung On,22.3614449,114.1028082
8544070453,長安 Cheung On,22.3612989,114.1031282
8544070454,長安 Cheung On,22.3612689,114.1029909
8549690949,葵俊苑 Kwai Chun Court,22.3645519,114.1327918
8549690950,葵涌邨 Kwai Chung Estate,22.3671097,114.1285241
8549690967,健全街 Kin Chuen Street,22.3704892,114.1309412
8549690968,光輝圍 Kwong Fai Circuit,22.3675074,114.1335496
8549690969,葵芳站總站 Kwai Fong Station Bus Terminus,22.3569017,114.1281525
8549690970,葵興站 Kwai Hing Station,22.3630032,114.1314541
8553093828,葵芳（南）總站 Kwai Fong (South) Bus Terminus,22.35463,114.1264868
8553093829,新葵興花園 Sun Kwai Hing Gardens,22.3617402,114.1319018
8553093830,昌榮路迴旋處 Cheung Wing Road Gyratory,22.370218,114.131912
8553251289,大窩口站 Tai Wo Hau Station,22.3703971,114.1252186
8667899526,大圍站 Tai Wai Station,22.3731182,114.1805229
8667899530,沙角邨 Sha Kok Estate,22.3774571,114.1949617
8667899531,乙明邨街 Jat Min Chuen Street,22.3761821,114.1915672
8667899532,秦石邨 Chun Shek Estate,22.3744735,114.1864293
8667899533,車公廟 Che Kung Miu,22.3746335,114.1842186
8667899534,大圍站 Tai Wai Station,22.3725702,114.1802942
8667899535,隆亨邨 Lung Hang Estate,22.3690578,114.1790948
8667899536,顯沛樓 Hin Pui House,22.3654458,114.1752445
8667899537,顯慶樓 Hin Hing House,22.3641438,114.1740706
8667899538,顯徑商場 Hin Keng Shopping Centre,22.3641854,114.1720244
8667899539,"顯徑邨顯揚樓 Hin Yeung House, Hin Keng Estate",22.3653442,114.173076
8667899540,雲叠花園 Carado Garden,22.3686489,114.1752472
8667899541,田心村 Tin Sam Village,22.3707436,114.1779308
8668041920,大圍街市 Tai Wai Market,22.3738299,114.1770452
8668041921,美林邨 Mei Lam Estate,22.3777485,114.1751526
8668041922,美城苑 May Shing Court,22.379234,114.1737659
8668041923,美林邨美槐樓 Mei Wai House Mei Lam Estate,22.3801139,114.1760268
8668041924,美松苑 Mei Chung Court,22.3801881,114.1738376
8668041925,美林邨 Mei Lam Estate,22.3771801,114.178534
8668041926,銅鑼灣村 Tung Lo Wan Village,22.3771436,114.1806556
8668041927,帝都酒店 Royal Park Hotel,22.3798095,114.1881208
8668041928,沙田大會堂 Sha Tin Town Hall,22.3824637,114.189529
8668041929,瀝源邨 Lek Yuen Estate,22.3840511,114.1931325
8668041930,禾輋邨 Wo Che Estate,22.3872827,114.1961727
8668041931,火炭村 Fo Tan Tsuen,22.3941033,114.1968392
8668041933,火炭駿洋邨 Fo Tan Chun Yeung Estate,22.3991888,114.1898829
8668052715,荃灣西站 Tsuen Wan West Station,22.3675042,114.1109285
8668052716,龍德街 Lung Tak Street,22.3649303,114.1154004
8668095517,馬頭壩道 Ma Tau Pa Road,22.3666069,114.1153101
8668095518,楊屋道街市 Yeung Uk Road Market,22.3686924,114.1146555
8671079721,大圍站 Tai Wai Station,22.37313,114.1797734
8671079722,名城 Festival City,22.3687664,114.1749624
8671079723,顯田遊樂場 Hin Tin Playground,22.3656177,114.1729972
8671079724,顯田村 Hin Tin Village,22.3628758,114.1725581
8671079725,下徑口村 Ha Keng Hau Village,22.3653766,114.1754418
8671079726,隆亨邨 Lung Hang Estate,22.3685034,114.1782365
8671079727,新翠邨 Sun Chui Estate,22.3707401,114.179555
8671079728,車公廟 Che Kung Miu,22.3743531,114.1841547
8671079729,秦石邨 Chun Shek Estate,22.3742707,114.1869499
8671079730,田家炳學校 Tin Ka Ping Primary School,22.3754179,114.1920865
8671079731,博康邨 Pok Hong Estate,22.3773197,114.1952529
8671079732,沙田圍新村 Sha Tin Wai New Village,22.3786135,114.1974247
8671158638,松頭下路 Tsung Tau Ha Road,22.3976811,114.1937293
8671158639,火炭村 Fo Tan Tsuen,22.3940351,114.1965421
8671158640,禾輋邨 Wo Che Estate,22.3877978,114.1963263
8671158641,瀝源邨 Lek Yuen Estate,22.3844913,114.1932521
8671158642,好運中心 Lucky Plaza,22.3827946,114.190561
8671158643,希爾頓中心 Hilton Plaza,22.3796716,114.187117
8671158644,銅鑼灣村 Tung Lo Wan Village,22.3774258,114.1815321
8671158645,美桃樓 Mei Tao House,22.3774668,114.1788448
8671158646,海福花園 Holford Garden,22.3734251,114.1769796
8671217551,聯仁街 Luen Yan Street,22.3676957,114.1174862
8680568660,美孚新邨 Mei Foo MTR Station,22.3369805,114.1406424
8680568662,美孚 Mei Foo,22.336939,114.1408614
8794998796,長沙灣（甘泉街） Cheung Sha Wan (Kom Tsun Street),22.3369722,114.1449591
8811581327,希爾頓中心 Hilton Plaza,22.3797148,114.1871063
8869018399,,22.354582,114.1264751
8869018400,,22.3545373,114.1264789
8900138258,,22.3382014,114.2142007
8962331106,,22.3701978,114.1975154
8962521024,,22.3991085,114.2171523
8987583543,樂富廣場穿梭巴士筆架山線 Lok Fu Shopping Centre to Beacon Hill Road (Circular),22.3439462,114.1766631
8987583544,樂富廣場穿梭巴士筆架山線 Lok Fu Shopping Centre to Beacon Hill Road (Circular),22.3440099,114.1777615
9171364051,紅萼樓 Hung Ngok House,22.3370333,114.2062658
9173233129,崇華街 Shung Wah Street,22.3464115,114.1981719
9173905257,"新蒲崗四美街 Sze Mei Street, San Po Kong",22.3380264,114.2019024
9173905259,"新蒲崗四美街 Sze Mei Street, San Po Kong",22.3380979,114.2017898
9173905261,"新蒲崗四美街 Sze Mei Street, San Po Kong",22.3378883,114.2019621
9173938649,"新蒲崗四美街 Sze Mei Street, San Po Kong",22.3379442,114.201853
9242286065,新開田村 San Hoi Tin Tsuen,22.3991475,114.10881
9336813858,樂富廣場穿梭巴士筆架山線 Lok Fu Shopping Centre to Beacon Hill Road (Circular),22.3407104,114.1781788
9336813859,樂富廣場穿梭巴士筆架山線 Lok Fu Shopping Centre to Beacon Hill Road (Circular),22.3407961,114.1782252
9336813860,樂富廣場穿梭巴士筆架山線 Lok Fu Shopping Centre to Beacon Hill Road (Circular),22.3431943,114.176183
9336813861,樂富廣場穿梭巴士筆架山線 Lok Fu Shopping Centre to Beacon Hill Road (Circular),22.342218,114.1785761
9339646044,白田（北）巴士總站 Pak Tin (North) Bus Terminus,22.3364543,114.1685107
9441308237,白田巴士總站 Pak Tin Bus Terminus,22.3364825,114.1660168
9441308242,白田邨第9座 Block 9 Pak Tin Estate,22.3370174,114.1656706
9546585037,石蔭邨 Shek Yam Estate,22.3717317,114.1385493
9546585038,石蔭東邨 Shek Yam East Estate,22.372364,114.1393251
9546585064,北葵涌街市 North Kwai Chung Market,22.3707342,114.1386698
9678576431,葵盛游泳池 Kwai Shing Swimming Pool,22.3596573,114.1224318
9759792949,海灣花園 Waterside Plaza,22.3642058,114.1133014
9759792950,荃灣體育館 Tsuen Wan Sports Centre,22.3661897,114.1140594
9759792952,海灣花園 (404M 小巴站),22.3635064,114.1142999
9767598055,海濱花園總站 Riviera Gardens Bus Terminus,22.3626192,114.1140641
9767598057,海濱花園總站 Riviera Gardens Bus Terminus,22.3625697,114.1140479
9767598058,海濱花園總站 Riviera Gardens Bus Terminus,22.3625486,114.1140317
9767598059,海濱花園總站 Riviera Gardens Bus Terminus,22.362542,114.1139836
9767598087,海濱花園 Riviera Gardens,22.3626982,114.1140738
9767598088,海濱花園總站 Riviera Gardens Bus Terminus,22.3625887,114.1140632
9767598089,海濱花園總站 Riviera Gardens Bus Terminus,22.3626567,114.114079
9768688217,荃灣聯仁街 Luen Yan Street Tsuen Wan,22.3676759,114.1174844
9768780515,光輝圍 Kwong Fai Circuit,22.3676741,114.1336058
9768780516,新葵興花園 Sun Kwai Hing Gardens,22.3619452,114.1319506
9768780917,葵涌道荔景邨 Lai King Estate Kwai Chung Road,22.3524639,114.126516
9770172539,沙田市中心總站 Shatin Central Bus Terminus,22.3820599,114.1878393
9771059439,美孚巴士總站 Mei Foo Bus Terminus,22.337163,114.1404416
9771792145,碩門邨總站 Shek Mun Estate Bus Terminus,22.3876167,114.2087609
9771792146,碩門邨總站 Shek Mun Estate Bus Terminus,22.3875803,114.2086492
9772391428,,22.3912974,114.2061602
9772967568,長沙灣興華街 Hing Wah Street Cheung Sha Wan,22.337832,114.152957
9772967569,長沙灣興華街 Hing Wah Street Cheung Sha Wan,22.3378609,114.1529908
9772967570,荔枝角站 Lai Chi Kok Station,22.3372075,114.1483344
9772967571,荔枝角站 Lai Chi Kok Station,22.3372924,114.1483001
9773023843,光輝圍 Kwong Fai Circuit,22.3676711,114.1336566
9773023844,悅來酒店 Panda Hotel,22.3693516,114.1206782
9773023845,爵悅庭 Chelsea Court,22.36696,114.1163374
9773023846,荃灣馬頭壩道 Ma Tau Pa Road Tsuen Wan,22.3669342,114.1162562
9773023847,荃灣馬頭壩道 Ma Tau Pa Road Tsuen Wan,22.3669284,114.116235
9773023848,龍德街 Lung Tak Street,22.3649687,114.1151865
9773023849,荃灣公園 Tsuen Wan Park,22.3660738,114.1140986
9773964265,長沙灣巴士總站 Cheung Sha Wan Bus Terminus,22.3371018,114.1490584
9774522643,,22.3885582,114.1944476
9775254386,青衣碼頭總站 Tsing Yi Ferry Bus Terminus,22.3538062,114.1088715
9775254423,青衣碼頭總站 Tsing Yi Ferry Bus Terminus,22.3538322,114.1089205
9775254424,青衣碼頭總站 Tsing Yi Ferry Bus Terminus,22.3537874,114.1088787
9775254429,青衣碼頭總站 Tsing Yi Ferry Bus Terminus,22.3537431,114.1089
9775254430,青衣碼頭總站 Tsing Yi Ferry Bus Terminus,22.3536803,114.10893
9775254444,青衣碼頭總站 Tsing Yi Ferry Bus Terminus,22.3537539,114.1088956
9775254448,青衣碼頭總站 Tsing Yi Ferry Bus Terminus,22.3537037,114.1089185
9775254513,青衣碼頭總站 Tsing Yi Ferry Bus Terminus,22.3537388,114.1093494
9775254530,青衣碼頭總站 Tsing Yi Ferry Bus Terminus,22.3537489,114.1093727
9776899123,偉景花園 Broadview Garden,22.3554342,114.1039342
9778552550,青衣街市 Tsing Yi Market,22.3540836,114.1068411
9778552555,青衣街市 Tsing Yi Market,22.354068,114.1069075
9778552556,青衣街市 Tsing Yi Market,22.3543707,114.1060121
9778552564,青衣邨商場 Tsing Yi Estate Comm. Complex,22.3540539,114.1039093
9778552565,青衣邨商場 Tsing Yi Estate Commercial Complex,22.3540726,114.1039971
9778552566,青衣邨 Tsing Yi Estate,22.3541102,114.1039069
9778552567,青衣邨總站 Tsing Yi Estate Bus Terminus,22.3541268,114.1035982
9778552568,青衣邨總站 Tsing Yi Estate Bus Terminus,22.3541252,114.1037004
9778552569,青衣邨總站 Tsing Yi Estate Bus Terminus,22.3541239,114.1037378
9778552570,青衣邨總站 Tsing Yi Estate Bus Terminus,22.3541239,114.1036346
9778552577,青衣邨宜偉樓 Yee Wai House Tsing Yi Estate,22.3551858,114.1033526
9778552578,青衣邨宜偉樓 Yee Wai House Tsing Yi Estate,22.3550971,114.1033342
9778552582,楓樹窩體育館 Fung Shue Wo Sports Centre,22.3557918,114.1020612
9778552587,楓樹窩體育館 Fung Shue Wo Sports Centre,22.3558152,114.1020654
9778552588,長安 Cheung On,22.3614743,114.1028215
9778552589,長安 Cheung On,22.3616588,114.1029277
9778552590,荃灣橫龍街 Wang Lung Street Tsuen Wan,22.3663643,114.1186716
9778552591,荃灣橫龍街 Wang Lung Street Tsuen Wan,22.3664689,114.1185871
9778552592,荃灣橫龍街 Wang Lung Street Tsuen Wan,22.3664132,114.1186967
9778552593,樂悠居 Indihome,22.3664633,114.1184741
9778552594,荃灣橫窩仔街 Wang Wo Tsai Street Tsuen Wan,22.3665461,114.118628
9778552595,荃灣橫窩仔街 Wang Wo Tsai Street Tsuen Wan,22.3666309,114.118465
9778552596,楊屋道街市 Yeung Uk Road Market,22.3684216,114.1151567
9778552597,楊屋道街市 Yeung Uk Road Market,22.3683687,114.1151176
9778552598,楊屋道街市 Yeung Uk Road Market,22.3683175,114.1152119
9778552603,楊屋道街市 Yeung Uk Road Market,22.368465,114.1144008
9778552608,荃灣大河道 Tai Ho Road Tsuen Wan,22.372217,114.1159718
9778552609,荃灣大河道 Tai Ho Road Tsuen Wan,22.3721119,114.1159195
9778552614,荃灣站 Tsuen Wan Station,22.3739901,114.1161848
9778552615,荃灣站 Tsuen Wan Station,22.3739905,114.116169
9778552616,荃灣站 Tsuen Wan Station,22.3739562,114.1162632
9778562569,,22.366679,114.118452
9778602455,澤安邨巴士總站 Chak On Estate Bus Terminus,22.3405817,114.1643112
9778602456,澤安邨巴士總站 Chak On Estate Bus Terminus,22.340518,114.16431
9778870070,荃灣鹹田街 Ham Tin Street Tsuen Wan,22.369466,114.1170894
9778870071,戴麟趾夫人診所 Lady Trench Polyclinic,22.3704189,114.1153274
9781328235,,22.3681723,114.1120777
9781328236,,22.3681354,114.1121437
9781328237,,22.3680997,114.1122075
9781328238,,22.3680581,114.1122821
9781328239,,22.3680216,114.1123474
9781328240,荃灣（如心廣場） Tsuen Wan (Nina Tower),22.3679815,114.1124192
9781328241,,22.3679447,114.1124852
9781328242,荃灣（如心廣場） Tsuen Wan (Nina Tower),22.3679114,114.1125446
9781328998,,22.3678893,114.1126782
9781359603,荃灣（如心廣場） Tsuen Wan (Nina Tower),22.3678918,114.112561
9781359604,荃灣（如心廣場） Tsuen Wan (Nina Tower),22.3679203,114.1125099
9781359605,荃灣（如心廣場） Tsuen Wan (Nina Tower),22.3679554,114.1124472
9781359606,荃灣（如心廣場） Tsuen Wan (Nina Tower),22.3679938,114.1123783
9781359607,荃灣（如心廣場） Tsuen Wan (Nina Tower),22.3680321,114.1123097
9781359608,荃灣（如心廣場） Tsuen Wan (Nina Tower),22.3680712,114.1122398
9781359609,荃灣（如心廣場） Tsuen Wan (Nina Tower),22.3681099,114.1121706
9781359610,荃灣（如心廣場） Tsuen Wan (Nina Tower),22.3681461,114.1121057
9785972732,楊屋道街市 Yeung Uk Road Market,22.3686673,114.1145679
9790406988,荃灣站 Tsuen Wan Station,22.3738378,114.1165753
9798019348,顯徑 Hin Keng,22.362796,114.1709243
9798019349,顯徑 Hin Keng,22.3627459,114.1709335
9798019350,顯徑 Hin Keng,22.3626956,114.1709584
9798019351,顯徑 Hin Keng,22.3626207,114.1709853
9798019352,顯徑 Hin Keng,22.3625287,114.1710176
9798019353,顯徑 Hin Keng,22.3628179,114.1709227
9798019354,顯徑 Hin Keng,22.3627221,114.1709545
9798019355,顯徑 Hin Keng,22.3626512,114.1709834
9798077735,美孚巴士總站 Mei Foo Bus Terminus,22.3371447,114.1405399
9801426285,荃灣（麗城花園）總站 Tsuen Wan (Belvedere Garden) B/T,22.3710451,114.1022858
9806787474,中環 Central,22.2861299,114.1625504
9831082317,竹園邨總站 Chuk Yuen Estate Bus Terminus,22.3454497,114.1922289
9831082318,"竹園南邨榮園樓 Wing Yuen House, Chuk Yuen South Estate",22.3450941,114.1896096
9831082319,"竹園南邨榮園樓 Wing Yuen House, Chuk Yuen South Estate",22.3450697,114.1896045
9831082320,天宏苑 Tin Wang Court,22.3444065,114.1877201
9831082322,馬仔坑遊樂場 Ma Chai Hang Recreation Ground,22.3443016,114.1877997
9831082327,橫頭磡邨宏業樓 Wang Yip House Wang Tau Hom Estate,22.3405846,114.1887528
9831082328,宏業樓 Wang Yip House,22.3405825,114.1888243
9831082329,宏富樓 Wang Fu House,22.3406641,114.1864213
9831082330,根德道 Kent Road,22.3400892,114.1766792
9831082331,根德道 Kent Road,22.3400137,114.1766821
9831082332,則仁中心 Chak Yan Centre,22.339838,114.1675843
9831082334,永隆街 Wing Lung Street,22.3363775,114.1580198
9831082335,元州商場 Un Chau Shopping Centre,22.3378523,114.1561289
9831082336,元州商場 Un Chau Shopping Centre,22.3378043,114.1560853
9831082337,長沙灣巴士總站 Cheung Sha Wan Bus Terminus,22.3370556,114.1489117
9831082338,長沙灣巴士總站 Cheung Sha Wan Bus Terminus,22.3370672,114.1489254
9831082339,光昌街 Kwong Cheung Street,22.3392319,114.1507312
9831082340,昌華街 Cheung Wah Street,22.3398642,114.1545219
9831082341,永隆街 Wing Lung Street,22.3374539,114.1576223
9831082342,永隆街 Wing Lung Street,22.3376704,114.1573425
9831082347,則仁中心 Chak Yan Centre,22.3400499,114.1669676
9831082348,石硤尾公園 Shek Kip Mei Park,22.339448,114.1701456
9831082349,義德道 Ede Road,22.3401265,114.1787403
9831082350,義德道 Ede Road,22.3401307,114.1786578
9831082351,金城道 Kam Shing Road,22.3391038,114.1812991
9831082352,金城道 Kam Shing Road,22.3392046,114.1812938
9831082354,宏照樓 Wang Chiu House,22.3406405,114.1875757
9831082355,天宏苑 Tin Wang Court,22.3444043,114.1876535
9831082356,天虹小學 Rainbow Primary School,22.3451772,114.1894326
9832002062,慈雲山（北）巴士總站 Tsz Wan Shan (North) Bus Terminus,22.3509017,114.1982944
9832002069,慈雲山（北）巴士總站 Tsz Wan Shan (North) Bus Terminus,22.3509941,114.1982345
9832002070,慈雲山（北）巴士總站 Tsz Wan Shan (North) Bus Terminus,22.3510401,114.1982048
9832002071,慈雲山（北）巴士總站 Tsz Wan Shan (North) Bus Terminus,22.3509486,114.198264
9832002072,慈雲山（北）巴士總站 Tsz Wan Shan (North) Bus Terminus,22.3510547,114.198196
9832002073,慈雲山（北）巴士總站 Tsz Wan Shan (North) Bus Terminus,22.3510093,114.1982244
9832002074,慈雲山（北）巴士總站 Tsz Wan Shan (North) Bus Terminus,22.3509644,114.1982541
9832002075,慈雲山（北）巴士總站 Tsz Wan Shan (North) Bus Terminus,22.3509167,114.1982846
9832002076,慈雲山（北）巴士總站 Tsz Wan Shan (North) Bus Terminus,22.3511374,114.1982768
9832002077,慈雲山（北）巴士總站 Tsz Wan Shan (North) Bus Terminus,22.3509515,114.1983931
9832030013,愛富閣 Oi Fu House,22.3506855,114.1995242
9832030014,愛富閣 Oi Fu House,22.3507522,114.1993257
9832030015,慈正邨正康樓 Ching Hong House Tsz Ching Estate,22.348639,114.2028521
9832030016,正康樓 Ching Hong House,22.3486728,114.2028252
9832042805,德愛中學 Tak Oi Secondary School,22.3479445,114.2042103
9832042806,德愛中學 Tak Oi Secondary School,22.3479435,114.2043044
9832098907,慈雲山（南）總站 Tsz Wan Shan (South) Bus Terminus,22.3469016,114.203294
9832098908,慈雲山（南）總站 Tsz Wan Shan (South) Bus Terminus,22.3468734,114.20311
9832098909,慈雲山（南）總站 Tsz Wan Shan (South) Bus Terminus,22.3469122,114.2032095
9832098910,慈雲山（南）總站 Tsz Wan Shan (South) Bus Terminus,22.3469074,114.2032639
9832098911,慈雲山（南）總站 Tsz Wan Shan (South) Bus Terminus,22.3468713,114.2031565
9832098912,慈雲山（南）總站 Tsz Wan Shan (South) Bus Terminus,22.3469242,114.2032388
9832594667,貫華里 Koon Wah Lane,22.3471803,114.2022491
9832594669,貫華里 Koon Wah Lane,22.3471327,114.202244
9832594710,樂滿樓 Lok Moon House,22.347281,114.2007579
9832594711,樂滿樓 Lok Moon House,22.3472432,114.2007543
9832732010,崇華街 Shung Wah Street,22.3463797,114.198355
9832732011,崇華街 Shung Wah Street,22.3464276,114.1983387
9832806609,金鳳街休憩處 Kam Fung Street Sitting-Out Area,22.3448133,114.1975928
9832806610,金鳳街休憩處 Kam Fung Street Sitting-Out Area,22.3448238,114.1976377
9832806611,美德樓 Mei Tak House,22.3433536,114.198099
9832806612,黃大仙廟 Wong Tai Sin Temple,22.3416523,114.1956688
9832806613,黃大仙廟 Wong Tai Sin Temple,22.3415625,114.1953861
9832806614,沙田坳道 Shatin Pass Road,22.3416511,114.1955419
9832857807,長沙灣巴士總站 Cheung Sha Wan Bus Terminus,22.3370428,114.1488511
9832857808,長沙灣巴士總站 Cheung Sha Wan Bus Terminus,22.3370273,114.1488371
9832982989,黃大仙廟 Wong Tai Sin Temple,22.3417939,114.1921374
9833119903,富祐大廈 Fu Yau Building,22.3440855,114.1988434
9833119904,蒲慈里 Po Tsz Lane,22.3458971,114.2001186
9833119905,正康樓 Ching Hong House,22.3486297,114.2029587
9833119906,慈民邨 Tsz Man Estate,22.3485877,114.2029464
9833119908,慈正商場(二),22.3494764,114.2018292
9833119910,慈雲山邨中央遊樂場 Tsz Wan Shan Estate Central Playground,22.3494622,114.2018902
9833119911,愛富閣 Oi Fu House,22.3506788,114.1993212
9833537348,豐力樓 Phoenix House,22.3425008,114.173056
9833537349,豐力樓 Phoenix House,22.3425429,114.1729709
9833966630,灣景花園總站 Bayview Garden Bus Terminus,22.3701545,114.0993196
9833966632,灣景花園總站 Bayview Garden Bus Terminus,22.3700702,114.0993961
9833966634,灣景花園總站 Bayview Garden Bus Terminus,22.3701051,114.0993644
9833966637,灣景花園總站 Bayview Garden Bus Terminus,22.3701374,114.0993351
9833966638,灣景花園總站 Bayview Garden Bus Terminus,22.3700523,114.0994124
9833966639,灣景花園總站 Bayview Garden Bus Terminus,22.370087,114.0993808
9833966640,灣景花園總站 Bayview Garden Bus Terminus,22.370237,114.0994308
9833966641,灣景花園總站 Bayview Garden Bus Terminus,22.3702206,114.0994457
9833966642,灣景花園總站 Bayview Garden Bus Terminus,22.3699919,114.0993961
9840463632,荃灣站 Tsuen Wan Station,22.374357,114.1160121
9840463633,麗城花園第三期 Belvedere Garden Phase 3,22.3721548,114.102869
9840463635,"福來邨永康樓 Wing Hong House, Fuk Loi Estate",22.374529,114.1133815
9841479700,荃灣大河道 Tai Ho Road Tsuen Wan,22.3715215,114.1150463
9845691170,"石籬邨石佳樓 Shek Kai House, Shek Lei Estate",22.3650108,114.1404252
9847650746,荃灣大河道 Tai Ho Road Tsuen Wan,22.371643,114.1151503
9847791582,荃灣站 Tsuen Wan Station,22.3736978,114.1176627
9847791583,木棉下村 Muk Min Ha Tsuen,22.3762685,114.116797
9847791584,光板田村二段 Kwong Pan Tin Tsuen Section 2,22.3811993,114.1124751
9847791585,光板田村四段 Kwong Pan Tin Tsuen Section 4,22.3867927,114.106882
9847791586,光板田村四段 Kwong Pan Tin Tsuen Section 4,22.386757,114.1068611
9847791587,圳下 Chun Ha,22.3967831,114.1096733
9847791593,大帽山郊野公園 Tai Mo Shan Country Park,22.4075196,114.1051565
9847791594,大帽山郊野公園 Tai Mo Shan Country Park,22.4069203,114.1052754
9847791595,川龍 Chuen Lung,22.3953293,114.108614
9847791596,大橋村 Tai Kiu Tsuen,22.3917985,114.1043837
9847791597,大橋村 Tai Kiu Tsuen,22.3920096,114.1043238
9847791598,下花山村 Ha Fa Shan Tsuen,22.3880832,114.1057519
9847791599,光板田村二段 Kwong Pan Tin Tsuen Section 2,22.3819883,114.1120623
9847791600,光板田村一段 Kwong Pan Tin Tsuen Section 1,22.3797606,114.112823
9847791601,白田壩村 Pak Tin Pa Tsuen,22.3760228,114.1197073
9848516475,荃灣西站 Tsuen Wan West Station,22.3693819,114.1091584
9848516476,荃灣西站 Tsuen Wan West Station,22.369282,114.1092696
9848516477,荃灣西站總站 Tsuen Wan West Station Bus Terminus,22.3689007,114.1096939
9848516478,荃灣西站總站 Tsuen Wan West Station Bus Terminus,22.3686364,114.1099882
9848516479,荃灣西站總站 Tsuen Wan West Station Bus Terminus,22.3684556,114.1101894
9848516480,荃灣西站總站 Tsuen Wan West Station Bus Terminus,22.3682238,114.1104474
9848516481,荃灣西站巴士總站 Tsuen Wan West Station Bus Terminus,22.367889,114.11082
9848516482,荃灣西站總站 Tsuen Wan West Station Bus Terminus,22.3678947,114.1104939
9848516483,荃灣西站總站 Tsuen Wan West Station Bus Terminus,22.3679967,114.1103803
9848516484,荃灣西站總站 Tsuen Wan West Station Bus Terminus,22.3680891,114.1102775
9848516485,荃灣西站總站 Tsuen Wan West Station Bus Terminus,22.3683177,114.1100231
9848516486,荃灣西站總站 Tsuen Wan West Station Bus Terminus,22.368867,114.1094117
9848516487,荃灣西站總站 Tsuen Wan West Station Bus Terminus,22.3690573,114.1091999
9848516488,荃灣西站巴士總站 Tsuen Wan West Station Bus Terminus,22.3679439,114.1105457
9848516489,荃灣西站巴士總站 Tsuen Wan West Station Bus Terminus,22.3680384,114.1104397
9848516490,荃灣西站巴士總站 Tsuen Wan West Station Bus Terminus,22.3681334,114.1103345
9848516491,荃灣西站巴士總站 Tsuen Wan West Station Bus Terminus,22.3683621,114.1100808
9848516492,荃灣西站巴士總站 Tsuen Wan West Station Bus Terminus,22.3689108,114.1094698
9848516493,荃灣西站巴士總站 Tsuen Wan West Station Bus Terminus,22.3690991,114.1092603
9848516495,荃灣西站 Tsuen Wan West Station,22.3693557,114.10914
9848516496,荃灣西站 Tsuen Wan West Station,22.3692528,114.1092367
9848516501,荃灣西站巴士總站 Tsuen Wan West Station Bus Terminus,22.3690397,114.1094725
9848516502,荃灣西站巴士總站 Tsuen Wan West Station Bus Terminus,22.3688711,114.1096605
9848516503,荃灣西站巴士總站 Tsuen Wan West Station Bus Terminus,22.3686065,114.109955
9848516504,荃灣西站巴士總站 Tsuen Wan West Station Bus Terminus,22.3684275,114.110157
9848516507,荃灣西站巴士總站 Tsuen Wan West Station Bus Terminus,22.368187,114.1104056
9848516508,荃灣西站巴士總站 Tsuen Wan West Station Bus Terminus,22.3680104,114.1106194
9848516509,荃灣西站巴士總站 Tsuen Wan West Station Bus Terminus,22.3677092,114.110957
9848516510,荃灣西站巴士總站 Tsuen Wan West Station Bus Terminus,22.3678602,114.1107864
9848516513,荃灣西站 Tsuen Wan West Station,22.3677042,114.1109611
9848516514,荃灣西站 Tsuen Wan West Station,22.3675497,114.11098
9849413410,戴麟趾夫人診所 Lady Trench Polyclinic,22.3705442,114.1152493
9849413411,戴麟趾夫人診療所 Lady Trench Polyclinic,22.3704196,114.1154733
9850113762,寶石大廈 Bo Shek Mansion,22.3689501,114.1182035
9850113764,寶石大廈 Bo Shek Mansion,22.3689006,114.1182945
9850113765,寶石大廈 Bo Shek Mansion,22.3688249,114.1184339
9850113766,寶石大廈 Bo Shek Mansion,22.3688805,114.1181656
9850113767,寶石大廈 Bo Shek Mansion,22.3689418,114.1180535
9850113768,寶石大廈 Bo Shek Mansion,22.3688337,114.1182512
9850113769,荃灣鹹田街 Ham Tin Street Tsuen Wan,22.369402,114.1173636
9850113770,荃灣鹹田街 Ham Tin Street Tsuen Wan,22.3694863,114.1172039
9850113771,荃灣川龍街 Chuen Lung Street Tsuen Wan,22.3699309,114.116221
9850113772,戴麟趾夫人診所 Lady Trench Polyclinic,22.3700419,114.1160123
9850113773,川龍街 Chuen Lung Street,22.3699734,114.1163021
9850113774,尚翠苑 Sheung Chui Court,22.3675107,114.1207029
9850113775,尚翠苑 Sheung Chui Court,22.3675729,114.120587
9850113776,尚翠苑 Sheung Chui Court,22.3676374,114.1204668
9850113777,名逸居 New Haven,22.3676528,114.1206034
9850113778,名逸居 New Haven,22.3675281,114.1208364
9853771088,大窩口邨富貴樓 Fu Kwai House Tai Wo Hau Estate,22.3673504,114.1251176
9853771100,大窩口邨富安樓 Fu On House Tai Wo Hau Estate,22.3675765,114.1245392
9853771101,大窩口邨富安樓 Fu On House Tai Wo Hau Estate,22.3678267,114.1244001
9855414374,北葵涌街市 North Kwai Chung Market,22.3704413,114.1390008
9855414375,北葵涌街市 North Kwai Chung Market,22.370579,114.1388402
9856224486,葵涌邨綠葵樓 Luk Kwai House Kwai Chung Estate,22.3682018,114.1282737
9856224487,葵涌邨曉葵樓 Hiu Kwai House Kwai Chung Estate,22.3681941,114.127289
9856224488,葵涌邨芷葵樓 Tsz Kwai House Kwai Chung Estate,22.3681911,114.1268955
9857366518,葵涌邨秋葵樓 Chau Kwai House Kwai Chung Estate,22.3681791,114.1303085
9858177981,林護紀念中學 Lam Woo Memorial Secondary School,22.3650492,114.1299911
9858177983,"葵盛邨盛豐樓 Shing Fung House, Kwai Shing Estate",22.3639136,114.1289694
9859496859,大窩口邨富華樓 Fu Wah House Tai Wo Hau Estate,22.3662386,114.1251518
9859496918,大窩口邨富泰樓 Fu Tai House Tai Wo Hau Estate,22.3659988,114.1231226
9860230564,葵涌商場 Kwai Chung Shopping Centre,22.367258,114.1289955
9860230565,葵涌商場 Kwai Chung Shopping Centre,22.3672576,114.1290532
9860230582,葵馥苑 Kwai Fuk Court,22.3671624,114.1290561
9860230586,葵涌邨茵葵樓 Yan Kwai House Kwai Chung Estate,22.3670357,114.1271448
9860230590,葵涌邨茵葵樓 Yan Kwai House Kwai Chung Estate,22.3670776,114.1270219
9860874498,葵盛邨盛安樓 Shing On House Kwai Shing Estate,22.365576,114.1262586
9860874499,葵盛邨盛安樓 Shing On House Kwai Shing Estate,22.3654637,114.1261755
9861658365,盧光輝紀念學校 Lu Kwong Fai Memorial School,22.3636039,114.1227023
9861658367,盧光輝紀念學校 Lu Kwong Fai Memorial School,22.3639538,114.1228716
9861658368,盧光輝紀念學校 Lu Kwong Fai Memorial School,22.3638359,114.122862
9861658369,盧光輝紀念學校 Lu Kwong Fai Memorial School,22.3639533,114.1228283
9861658370,盧光輝紀念學校 Lu Kwong Fai Memorial School,22.3638363,114.122819
9861658371,盧光輝紀念學校 Lu Kwong Fai Memorial School,22.3636304,114.1227021
9861658372,盧光輝紀念學校 Lu Kwong Fai Memorial School,22.3636176,114.1227015
9861658389,高盛臺 High Prosperity Terrace,22.3649578,114.1238893
9861658390,高盛臺 High Prosperity Terrace,22.3649592,114.1238283
9861658408,高盛臺 High Prosperity Terrace,22.364604,114.1228971
9861658409,高盛臺 High Prosperity Terrace,22.3643132,114.1228569
9861658410,高盛臺 High Prosperity Terrace,22.3643115,114.1229044
9861662426,高盛臺 High Prosperity Terrace,22.3650121,114.1238192
9861662442,高盛臺 High Prosperity Terrace,22.3649192,114.1238901
9861662443,高盛臺 High Prosperity Terrace,22.3649192,114.1239947
9861662444,高盛臺 High Prosperity Terrace,22.3650148,114.1237071
9861662445,高盛臺 High Prosperity Terrace,22.3650121,114.1238075
9862655156,葵盛中巴士總站 Kwai Shing Central Bus Terminus,22.3611683,114.1222763
9862655157,葵盛中巴士總站 Kwai Shing Central Bus Terminus,22.3611231,114.1223104
9862655158,葵盛中巴士總站 Kwai Shing Central Bus Terminus,22.3610667,114.1223278
9862655159,葵盛中巴士總站 Kwai Shing Central Bus Terminus,22.3613426,114.1223091
9862655160,葵盛西邨 Kwai Shing West Estate,22.3612425,114.1223695
9862655161,葵盛西邨 Kwai Shing West Estate,22.3612463,114.1224768
9862655162,葵盛西邨 Kwai Shing West Estate,22.3612471,114.1226027
9862655163,葵盛西邨 Kwai Shing West Estate,22.3612426,114.1223592
9862655165,葵盛西邨 Kwai Shing West Estate,22.3612649,114.1226022
9862655166,葵盛西邨 Kwai Shing West Estate,22.3612666,114.1224763
9862655167,葵盛西邨 Kwai Shing West Estate,22.3612682,114.1223644
9862655168,葵盛中巴士總站 Kwai Shing Central Bus Terminus,22.361269,114.1223099
9862655169,葵盛中巴士總站 Kwai Shing Central Bus Terminus,22.3610811,114.1223279
9862655170,葵盛中巴士總站 Kwai Shing Central Bus Terminus,22.3611378,114.1223102
9863263102,葵盛邨六座 Block 6 Kwai Shing Estate,22.3619271,114.1212383
9863723472,葵盛游泳池 Kwai Shing Swimming Pool,22.3598414,114.1230778
9863723492,葵盛游泳池 Kwai Shing Swimming Pool,22.3597239,114.1227412
9863723493,葵盛游泳池 Kwai Shing Swimming Pool,22.3597993,114.1230912
9863723494,葵盛游泳池 Kwai Shing Swimming Pool,22.3596765,114.1227505
9863723495,葵盛游泳池 Kwai Shing Swimming Pool,22.3596169,114.1225695
9863723496,葵盛游泳池 Kwai Shing Swimming Pool,22.359714,114.1224277
9864032230,南葵涌分科診所 South Kwai Chung Polyclinic,22.3613731,114.1255685
9864032231,南葵涌分科診所 South Kwai Chung Polyclinic,22.3608569,114.1248017
9864032232,南葵涌分科診所 South Kwai Chung Polyclinic,22.3608277,114.1248229
9864032233,南葵涌分科診所 South Kwai Chung Polyclinic,22.3609746,114.1249772
9864032234,南葵涌分科診所 South Kwai Chung Polyclinic,22.3609437,114.1249976
9864032245,南葵涌分科診所 South Kwai Chung Polyclinic,22.3609026,114.1248698
9864032246,南葵涌分科診所 South Kwai Chung Polyclinic,22.3614091,114.1255481
9864125543,葵聯邨聯悅樓 Luen Yuet House Kwai Luen Estate,22.3619492,114.1263494
9864125550,南葵涌分科診所 South Kwai Chung Polyclinic,22.3616102,114.1259277
9864125551,南葵涌分科診所 South Kwai Chung Polyclinic,22.3615747,114.1259531
9866285939,葵盛圍總站 Kwai Shing Circuit Terminus,22.3624608,114.1273815
9866285940,葵盛圍總站 Kwai Shing Circuit Terminus,22.3625648,114.1276035
9866285941,葵盛圍總站 Kwai Shing Circuit Terminus,22.3624627,114.1273514
9866285942,葵盛圍總站 Kwai Shing Circuit Terminus,22.3625791,114.1275991
9866285943,葵盛圍總站 Kwai Shing Circuit Terminus,22.3624889,114.1275744
9866285949,"葵盛邨盛樂樓 Shing Lok House, Kwai Shing Estate",22.3623789,114.1277232
9866285950,"葵盛邨盛樂樓 Shing Lok House, Kwai Shing Estate",22.3624747,114.1277399
9866285957,葵聯邨聯悅樓 Luen Yuet House Kwai Luen Estate,22.3620447,114.1267646
9868620936,"葵盛圍葵康苑 Kwai Hong Court, Kwai Shing Circuit",22.3638766,114.1302822
9868620953,"葵盛圍葵康苑 Kwai Hong Court, Kwai Shing Circuit",22.3632679,114.1299777
9870627672,葵盛東商場 Kwai Shing East Commercial Complex,22.363653,114.127091
9870627679,葵盛（東） Kwai Shing (East),22.3640961,114.1275869
9870627684,葵盛東巴士總站 Kwai Shing East Bus Terminus,22.363391,114.1271305
9870627685,葵盛東巴士總站 Kwai Shing East Bus Terminus,22.3634221,114.1270982
9870627686,葵盛東巴士總站 Kwai Shing East Bus Terminus,22.3634605,114.1270584
9870627687,葵盛東巴士總站 Kwai Shing East Bus Terminus,22.3634778,114.1270404
9870627688,葵盛東巴士總站 Kwai Shing East Bus Terminus,22.3635073,114.1270325
9870627689,葵盛東巴士總站 Kwai Shing East Bus Terminus,22.3635264,114.1270127
9872729212,葵聯邨 Kwai Luen Estate,22.3616027,114.1243142
9872729213,葵聯邨 Kwai Luen Estate,22.3615703,114.1243357
9872729214,葵聯邨 Kwai Luen Estate,22.3615592,114.1243176
9872759890,葵盛東商場 Kwai Shing East Commercial Complex,22.3632223,114.1265444
9875923907,美孚轉車站 Mei Foo BBI,22.3367718,114.140182
9876341532,新葵興花園 Sun Kwai Hing Gardens,22.3619527,114.1318797
9876341533,仁濟醫院 Yan Chai Hospital,22.3691231,114.1201048
9876361097,青沙公路轉車站 Tsing Sha Highway Bus Interchange （落客站 Alighting Stop）,22.3586237,114.1633749
9876361098,好運中心 Lucky Plaza,22.3826608,114.1905867
9876361099,青沙公路轉車站 Tsing Sha Highway Bus Interchange,22.3602796,114.1629034
9876361100,青沙公路轉車站 Tsing Sha Highway Bus Interchange （落客站 Alighting Stop）,22.3600506,114.1628058
9877790167,富山總站 Fu Shan Bus Terminus,22.3436579,114.2079835
9878952174,基愛小學 Kei Oi Primary School,22.3392506,114.1606634
9878952175,基愛小學 Kei Oi Primary School,22.3392953,114.1607032
9878952176,"蘇屋邨海棠樓 Begonia House, So Uk Estate",22.3396683,114.1572509
9878952177,"蘇屋邨海棠樓 Begonia House, So Uk Estate",22.3397402,114.1572334
9878952178,寶熙苑 Po Hei Court,22.3376551,114.1592092
9878952179,寶熙苑 Po Hei Court,22.3377373,114.1591008
9878952180,寶熙苑 Po Hei Court,22.3376885,114.1590566
9878952189,東京街 Tonkin Street,22.3368562,114.1595551
9878952190,東京街 Tonkin Street,22.3369025,114.159501
9878952191,蘇屋邨巴士總站 So Uk Estate Bus Terminus,22.3409634,114.1589964
9878952192,蘇屋邨巴士總站 So Uk Estate Bus Terminus,22.3409394,114.1590059
9878952193,蘇屋邨巴士總站 So Uk Estate Bus Terminus,22.3409037,114.1589369
9878952194,蘇屋邨巴士總站 So Uk Estate Bus Terminus,22.3409353,114.1589661
9878952195,李鄭屋商場 Lei Cheng Uk Shopping Centre,22.3382464,114.1584387
9878952196,李鄭屋商場 Lei Cheng Uk Shopping Centre,22.3383112,114.158501
9880797609,小瀝源草地滾球場 Siu Lek Yuen Bowling Greens,22.3885819,114.2037286
9883486207,荔枝角巴士總站 Lai Chi Kok Bus Terminus,22.3415362,114.1370919
9883486208,荔枝角巴士總站 Lai Chi Kok Bus Terminus,22.3416661,114.1371248
9883486209,荔枝角巴士總站 Lai Chi Kok Bus Terminus,22.3415812,114.136652
9883558325,荔枝角巴士總站 Lai Chi Kok Bus Terminus,22.341497,114.1370936
9883558326,荔枝角巴士總站 Lai Chi Kok Bus Terminus,22.3415609,114.136663
9885456793,東京街 Tonkin Street,22.3369466,114.1582766
9885456794,東京街 Tonkin Street,22.3368686,114.1583769
9885456795,永隆街 Wing Lung Street,22.3370671,114.1582085
9885456796,東京街 Tonkin Street,22.3369253,114.1584073
9885456797,長發街 Cheung Fat Street,22.3382736,114.1565694
9885456798,興華街 Hing Wah Street,22.3396097,114.1548474
9885456799,興華街 Hing Wah Street,22.339691,114.1547434
9885456800,興華街 Hing Wah Street,22.3397262,114.1547763
9885456801,光昌街 Kwong Cheung Street,22.3395277,114.1515888
9885456802,大南西街 Tai Nan West Street,22.3383176,114.1480935
9887809829,東京街 Tonkin Street,22.3369862,114.1583126
9887809830,東京街 Tonkin Street,22.3369168,114.1584018
9890170263,荔灣道 Lai Wan Road,22.339836,114.1396219
9890170270,蘭秀道 Nassau Street,22.3386374,114.1405957
9890170275,元州商場 Un Chau Shopping Centre,22.338409,114.1553883
9890170276,元州商場 Un Chau Shopping Centre,22.3383715,114.1553544
9890170277,發祥街 Fat Tseung Street,22.337173,114.1569931
9891882311,汝州西街 Yu Chau West Street,22.3388907,114.1497319
9891915019,美孚巴士總站 Mei Foo Bus Terminus,22.3371722,114.1403721
9892610702,白田（北）Pak Tin (North),22.3364889,114.1683229
9892610703,白田（北）巴士總站 Pak Tin (North) Bus Terminus,22.3365227,114.1678273
9892610704,白田（北）巴士總站 Pak Tin (North) Bus Terminus,22.3365781,114.1678378
9893504830,白田邨 Pak Tin Estate,22.3365771,114.1658546
9893504831,白田巴士總站 Pak Tin Bus Terminus,22.3365989,114.1656879
9893504832,白田巴士總站 Pak Tin Bus Terminus,22.3364734,114.1654467
9893504833,白田巴士總站 Pak Tin Bus Terminus,22.336551,114.1660261
9893504835,白田邨第9座 Block 9 Pak Tin Estate,22.3368817,114.1657196
9893504836,白田邨第9座 Block 9 Pak Tin Estate,22.3369276,114.1657364
9893504837,白田邨 Pak Tin Estate,22.3365136,114.1658431
9893504838,白田巴士總站 Pak Tin Bus Terminus,22.3365432,114.1656786
9893504840,白田巴士總站 Pak Tin Bus Terminus,22.3364659,114.1655125
9893504841,白田巴士總站 Pak Tin Bus Terminus,22.3363419,114.1659899
9902000969,麗豪酒店 Regal Riverside Hotel,22.382514,114.1957539
9906966959,白田邨富田樓 Fu Tin House Pak Tin Estate,22.3370088,114.1692305
9906966960,澤田樓 Chak Tin House,22.3365373,114.1680596
9906966963,白田邨安田樓 On Tin House Pak Tin Estate,22.3358394,114.165511
9915190625,彩虹道遊樂場 Choi Hung Road Playground,22.3374261,114.1956079
9917356234,秦石邨 Chun Shek Estate,22.3743713,114.1869529
9917356236,秦石邨 Chun Shek Estate,22.3744373,114.1871519
9917420264,美孚 Mei Foo,22.3370648,114.1407954
9917420267,美孚新邨 Mei Foo MTR Station,22.3368807,114.1406267
9917420284,美孚巴士總站 Mei Foo Bus Terminus,22.3371536,114.140493
9917420312,美孚巴士總站 Mei Foo Bus Terminus,22.3372425,114.1400207
9922490306,彩虹道遊樂場 Choi Hung Road Playground,22.3374677,114.1955362
9922490307,彩虹道遊樂場 Choi Hung Road Playground,22.337524,114.1956686
9922490312,彩虹道遊樂場 Choi Hung Road Playground,22.3375085,114.1956668
9922500417,紅萼樓 Hung Ngok House,22.3369039,114.2064723
9922759320,蘇屋邨杜鵑樓 Azalea House So Uk Estate,22.3396888,114.1565814
9922759321,蘇屋邨杜鵑樓 Azalea House So Uk Estate,22.3397662,114.1565953
9922759322,蘇屋邨杜鵑樓 Azalea House So Uk Estate,22.3397178,114.1566537
9922759323,蘇屋邨杜鵑樓 Azalea House So Uk Estate,22.339617,114.1565665
9922759324,長沙灣賽馬會診療所 Cheung Sha Wan Jockey Club Clinic,22.3406488,114.1587465
9922759325,"李鄭屋邨禮讓樓 Lai Yeung House, Lei Cheng Uk Estate",22.3398285,114.1597627
9922759326,古墓公園 Tomb Park,22.3375975,114.1600244
9925069394,偉東樓 Wai Tung House,22.3351824,114.1913046
9925069398,摩士露天劇場 Morse Park Open-Air Theatre,22.3361808,114.1916111
9925069402,摩士公園體育館 Morse Park Sports Centre,22.3379696,114.1897226
9925069403,摩士公園體育館 Morse Park Sports Centre,22.3380379,114.1897482
9925069407,康強苑 Hong Keung Court,22.3374663,114.1900961
9925070831,摩士公園 Morse Park,22.3399475,114.1893392
9925070832,宏業樓 Wang Yip House,22.3398915,114.1893388
9925070839,天虹小學 Rainbow Primary School,22.3451988,114.1893229
9925070844,天虹小學 Rainbow Primary School,22.3451972,114.1892774
9925070845,鵬程苑 Pang Ching Court,22.3451962,114.1895244
9925070846,"竹園南邨榮園樓 Wing Yuen House, Chuk Yuen South Estate",22.3450652,114.1900929
9925070865,竹園邨總站 Chuk Yuen Estate Bus Terminus,22.3453312,114.1926469
9925070866,竹園邨總站 Chuk Yuen Estate Bus Terminus,22.3453694,114.1926807
9925070870,"竹園南邨榮園樓 Wing Yuen House, Chuk Yuen South Estate",22.3451029,114.1901106
9957505733,昌華街 Cheung Wah Street,22.3397917,114.1546146
9957505734,昌華街 Cheung Wah Street,22.3398288,114.1546483
9957505735,,22.3398722,114.1545925
9957505740,光昌街 Kwong Cheung Street,22.339279,114.1508678
9958847109,通州西街 Tung Chau West Street,22.3381399,114.147294
9958847110,通州西街 Tung Chau West Street,22.3378952,114.1468674
9958847111,通州西街 Tung Chau West Street,22.3380391,114.1472936
9969849321,大隴街 Tai Loong Street,22.3657429,114.1388104
9969900231,昌榮路 Cheung Wing Road,22.3703968,114.1346802
9969914193,葵涌打磚坪街 Ta Chuen Ping Street Kwai Chung,22.367332,114.1389016
9970013081,葵涌屏麗徑 Ping Lai Path Kwai Chung,22.3660918,114.1349289
9977165605,瀝源邨 Lek Yuen Estate,22.3844189,114.1931913
9977165606,瀝源邨 Lek Yuen Estate,22.3841268,114.1929136
9977165607,瀝源邨 Lek Yuen Estate,22.3844771,114.1932429
10008996616,小瀝源路遊樂場 Siu Lek Yuen Road Playground,22.3865205,114.2061435
10048623766,曾大屋 Tsang Tai Uk,22.375601,114.1892967
10048623767,曾大屋 Tsang Tai Uk,22.3756095,114.1893075
10065779833,龍滿樓 Lung Moon House,22.3378735,114.1927098
10065779834,摩士第二公園 Morse Park No.2,22.3375314,114.1924508
10065782052,黃大仙總站 Wong Tai Sin Bus Terminus,22.3407851,114.1949767
10065782053,黃大仙總站 Wong Tai Sin Bus Terminus,22.3408444,114.1952835
10209261792,斧山道運動場 Hammer Hill Road Sports Ground,22.3396943,114.2073943
10235589464,慈安苑 Tsz On Court,22.3487272,114.2012925
10235589465,慈安苑 Tsz On Court,22.3486649,114.2013671
10235589467,慈雲山中心 Tsz Wan Shan Shopping Centre,22.3487776,114.200646
10235589468,慈雲山中心 Tsz Wan Shan Shopping Centre,22.3487849,114.200623
10235589469,慈雲山中心 Tsz Wan Shan Shopping Centre,22.3488758,114.2003332
10235589470,慈雲山中心 Tsz Wan Shan Shopping Centre,22.3488119,114.2005366
10235589471,慈雲山中心 Tsz Wan Shan Shopping Centre,22.3488417,114.2005475
10235589472,慈雲山（中）巴士總站 Tsz Wan Shan (Central) Bus Terminus,22.3486568,114.200094
10235589473,慈雲山（中）巴士總站 Tsz Wan Shan (Central) Bus Terminus,22.3486909,114.2001065
10235589474,慈雲山（中）巴士總站 Tsz Wan Shan (Central) Bus Terminus,22.3487334,114.2001221
10235589475,慈雲山（中）巴士總站 Tsz Wan Shan (Central) Bus Terminus,22.3487759,114.2001377
10235589476,慈雲山（中）巴士總站 Tsz Wan Shan (Central) Bus Terminus,22.348827,114.2001565
10235589477,慈雲山（中）巴士總站 Tsz Wan Shan (Central) Bus Terminus,22.3488461,114.2001635
10235589478,慈雲山（中）巴士總站 Tsz Wan Shan (Central) Bus Terminus,22.3488736,114.2001736
10235589479,慈雲山（中）巴士總站 Tsz Wan Shan (Central) Bus Terminus,22.3488928,114.2001806
10235589480,慈雲山（中） Tsz Wan Shan (Central),22.3486854,114.2006072
10235589481,慈雲山（中）巴士總站 Tsz Wan Shan (Central) Bus Terminus,22.3486839,114.2006117
10235589482,慈雲山（中） Tsz Wan Shan (Central),22.3487265,114.2006273
10235589484,慈雲山（中）巴士總站 Tsz Wan Shan (Central) Bus Terminus,22.3486034,114.2005359
10235589485,慈雲山（中）巴士總站 Tsz Wan Shan (Central) Bus Terminus,22.3486502,114.200553
10235589490,慈雲山（中）巴士總站 Tsz Wan Shan (Central) Bus Terminus,22.3486225,114.2005429
10235589491,慈雲山（中）巴士總站 Tsz Wan Shan (Central) Bus Terminus,22.3486693,114.2005601
10237974642,慈民邨 Tsz Man Estate,22.3486619,114.202468
10237974647,德愛中學 Tak Oi Secondary School,22.3475695,114.2042035
10237974648,德愛中學 Tak Oi Secondary School,22.3476772,114.2041283
10237974651,德愛中學 Tak Oi Secondary School,22.3473673,114.2041995
10237974652,德愛中學 Tak Oi Secondary School,22.3474751,114.2042016
10237974653,德愛中學 Tak Oi Secondary School,22.3473659,114.20428
10237974654,德愛中學 Tak Oi Secondary School,22.3474738,114.2042745
10237974659,德愛中學 Tak Oi Secondary School,22.3476287,114.2041277
10237974660,蒲崗村道學校村 Po Kong Village Road School Village,22.3460426,114.2055921
10237974661,保良局第一張永慶中學 Po Leung Kuk No.1 W.H. Cheung College,22.3460335,114.2058693
10237974662,蒲崗村道學校村 Po Kong Village Road School Village,22.3460921,114.2056285
10237974663,蒲崗村道學校村 Po Kong Village Road School Village,22.3454412,114.2063022
10237974664,宏景花園 Grand View Garden,22.3423387,114.2079486
10237974665,宏景花園 Grand View Garden,22.3424263,114.2079168
10237974666,宏景花園 Grand View Garden,22.3424377,114.2080275
10237974678,富山邨 Fu Shan Estate,22.3419748,114.2082016
10237974682,鑽石山火葬場 Diamond Hill Crematorium,22.3447419,114.2071709
10237974683,鑽石山火葬場 Diamond Hill Crematorium,22.3446973,114.2071163
10237974685,保良局第一張永慶中學 Po Leung Kuk No.1 W.H. Cheung College,22.3462469,114.2055547
10245217483,蒲崗村道公園 Po Kong Village Road Park,22.3462127,114.2023073
10250234960,龍濤花園 La Villa,22.3311311,114.1787976
10250234965,九龍塘站 Kowloon Tong Station,22.3358031,114.1790605
10250234966,九龍塘聯合道 Junction Road Kowloon Tong,22.3379375,114.1792377
10250234967,九龍塘聯合道 Junction Road Kowloon Tong,22.3379349,114.1793036
10275924876,正康樓 Ching Hong House,22.3486652,114.2029607
10278032247,"新蒲崗衍慶街 Yin Hing Street, San Po Kong",22.3356405,114.1943371
10278032248,"新蒲崗衍慶街 Yin Hing Street, San Po Kong",22.3357897,114.194396
10303785728,蝴蝶谷新村 Butterfly Valley Village,22.340078,114.1429869
10304285213,蘇屋邨 So Uk Estate,22.3408532,114.1588911
10309956922,水泉澳（上）總站 Shui Chuen O (Upper) Bus Terminus,22.3683889,114.1982434
10310128564,黃大仙警署 Wong Tai Sin Police Station,22.3389439,114.1968097
10313055783,啟德花園 Kai Tak Garden,22.3371487,114.1950926
10313055794,啟德花園 Kai Tak Garden,22.3370928,114.1951804
10572697809,樂滿樓 Lok Moon House,22.347291,114.2006321
10572697810,樂滿樓 Lok Moon House,22.3472534,114.2006285
10584512450,永隆街 Wing Lung Street,22.3373825,114.1577146
10584512451,永隆街 Wing Lung Street,22.3374238,114.157752
10584512452,永隆街 Wing Lung Street,22.3377118,114.1573799
10584512453,永隆街 Wing Lung Street,22.3376859,114.1574134
10618586279,濱景花園 Ravana Garden,22.391575,114.2062805
10618586280,,22.3916068,114.2062198
10618586281,,22.3917041,114.2066413
10618753536,,22.3916709,114.2059878
10654524682,大窩口站 Tai Wo Hau Station,22.370405,114.125296
10654524683,,22.3704599,114.1252748
10654524684,大窩口站 Tai Wo Hau Station,22.3704526,114.1236177
10657658273,黃大仙廟 Wong Tai Sin Temple,22.3416447,114.1947309
10657658274,黃大仙廟 Wong Tai Sin Temple,22.3416416,114.1943232
10657658275,黃大仙廟 Wong Tai Sin Temple,22.3416384,114.1938968
10772405832,沙田市中心總站 Shatin Central Bus Terminus,22.3824023,114.1882886
10778123750,天馬苑 Tin Ma Court,22.3425663,114.1859346
10778205404,荷里活廣場 Plaza Hollywood,22.3398389,114.2031213
10778259505,荷里活廣場 Plaza Hollywood,22.3398557,114.2030943
10789334887,樂富巴士總站 Lok Fu Bus Terminus,22.3393436,114.1879299
10789334888,樂富巴士總站 Lok Fu Bus Terminus,22.3390696,114.1879209
10789334889,樂富邨 Lok Fu Estate,22.3389573,114.1879172
10789334890,樂富巴士總站 Lok Fu Bus Terminus,22.3389752,114.1879178
10789334891,樂富巴士總站 Lok Fu Bus Terminus,22.3389483,114.1879169
10789334892,樂富巴士總站 Lok Fu Bus Terminus,22.339321,114.1879292
10789334893,樂富巴士總站 Lok Fu Bus Terminus,22.3392852,114.187928
10789334894,樂富巴士總站 Lok Fu Bus Terminus,22.3392627,114.1879272
10789334895,樂富巴士總站 Lok Fu Bus Terminus,22.3392402,114.1879265
10789334896,樂富巴士總站 Lok Fu Bus Terminus,22.3392178,114.1879258
10789334897,樂富巴士總站 Lok Fu Bus Terminus,22.3391954,114.187925
10789334898,樂富巴士總站 Lok Fu Bus Terminus,22.3391727,114.1879243
10789334899,樂富巴士總站 Lok Fu Bus Terminus,22.3391504,114.1879235
10789334900,樂富巴士總站 Lok Fu Bus Terminus,22.3391099,114.1879222
10789334901,樂富巴士總站 Lok Fu Bus Terminus,22.3389932,114.1879184
10789334902,樂富巴士總站 Lok Fu Bus Terminus,22.3390337,114.1879197
10789334903,樂富巴士總站 Lok Fu Bus Terminus,22.3389302,114.1879163
10789383982,香港佛教醫院 Hong Kong Buddhist Hospital,22.3359561,114.1884526
10789383987,康強苑 Hong Keung Court,22.3369944,114.1900972
10789835576,樂謙樓 Lok Him House,22.3366536,114.1873059
10790417278,多實街 Dorset Crescent,22.3388766,114.1776724
10790417279,多實街 Dorset Crescent,22.338885,114.177661
10790425405,義德道 Ede Road,22.340082,114.1786549
10790425410,金城道 Kam Shing Road,22.3392078,114.1813036
10796733486,竹園邨總站 Chuk Yuen Estate Bus Terminus,22.3455036,114.1925236
10796733487,竹園邨總站 Chuk Yuen Estate Bus Terminus,22.3454919,114.1925044
10796733488,雅竹街 Nga Chuk Street,22.3443122,114.1939767
10796733489,"竹園南邨趣園樓 Tsui Yuen House, Chuk Yuen South Estate",22.3443124,114.1940058
10799462655,大成街 Tai Shing Street,22.3379433,114.1933237
10799610761,黃大仙總站 Wong Tai Sin Bus Terminus,22.3408867,114.1954164
10799610762,黃大仙總站 Wong Tai Sin Bus Terminus,22.3408342,114.1952658
10799610763,黃大仙總站 Wong Tai Sin Bus Terminus,22.340822,114.1951987
10799610764,黃大仙總站 Wong Tai Sin Bus Terminus,22.3408132,114.1951175
10799610765,黃大仙總站 Wong Tai Sin Bus Terminus,22.3407994,114.1950455
10804933073,錦雲樓 Kam Wan House,22.3372567,114.2045896
10804959567,龍蟠苑 Lung Poon Court,22.3428953,114.2008878
10814695963,麗瑤巴士總站 Lai Yiu Bus Terminus,22.3528927,114.1319117
10814695964,麗瑤巴士總站 Lai Yiu Bus Terminus,22.3528543,114.1318805
10814695969,麗瑤巴士總站 Lai Yiu Bus Terminus,22.3528897,114.1321039
10814695970,麗瑤巴士總站 Lai Yiu Bus Terminus,22.3528706,114.1318937
10814695971,麗瑤巴士總站 Lai Yiu Bus Terminus,22.3528155,114.1318482
10814695976,麗瑤巴士總站 Lai Yiu Bus Terminus,22.3529762,114.1319798
10814695977,麗瑤巴士總站 Lai Yiu Bus Terminus,22.3529187,114.1319329
10814695986,麗瑤巴士總站 Lai Yiu Bus Terminus,22.3529664,114.1319414
10814695991,麗瑤巴士總站 Lai Yiu Bus Terminus,22.3528664,114.1320849
10832069085,樂祥樓 Lok Cheung House,22.3486103,114.1987818
10833857641,鑽石山 Diamond Hill,22.3406086,114.2022945
10833857642,鑽石山站 Diamond Hill Station,22.3406522,114.2022259
10833857643,鑽石山站 Diamond Hill Station,22.3406958,114.2021573
10833857644,鑽石山 Diamond Hill,22.3405943,114.202317
10833857645,鑽石山站 Diamond Hill Station,22.3406379,114.2022484
10833857646,鑽石山站 Diamond Hill Station,22.3406815,114.2021798
10833857647,,22.3407245,114.2021122
10833968388,黃大仙總站（落客站） Wong Tai Sin Bus Terminus (Alighting only),22.3409733,114.1949569
10852992223,則仁中心 Chak Yan Centre,22.3397981,114.1675823
10853034870,根德道 Kent Road,22.340014,114.1766772
10857632676,鳳德公園 Fung Tak Park,22.3432822,114.198061
10857944626,黃大仙祠 Wong Tai Sin Temple,22.3437126,114.1947752
10857944627,黃大仙祠 Wong Tai Sin Temple,22.3435552,114.1937707
10857944632,黃大仙廟 Wong Tai Sin Temple,22.3435597,114.193819
10858000998,竹園街市 Chuk Yuen Market,22.3451485,114.1925391
10858000999,竹園邨 Chuk Yuen Estate,22.3453299,114.1922815
10858001000,竹園邨 Chuk Yuen Estate,22.3453629,114.1922813
10858001001,竹園邨總站 Chuk Yuen Estate Bus Terminus,22.3453789,114.1927872
10858001002,竹園邨總站 Chuk Yuen Estate Bus Terminus,22.3453659,114.1927739
10858001003,竹園邨總站 Chuk Yuen Estate Bus Terminus,22.3454609,114.1925992
10858001004,竹園邨總站 Chuk Yuen Estate Bus Terminus,22.3454221,114.1926276
10858027981,馬仔坑遊樂場 Ma Chai Hang Recreation Ground,22.3443957,114.1877807
10858065305,竹園邨總站 Chuk Yuen Estate Bus Terminus,22.3454442,114.192575
10858065306,竹園邨總站 Chuk Yuen Estate Bus Terminus,22.3453994,114.1926034
10873490307,摩士公園體育館 Morse Park Sports Centre,22.3379835,114.1897915
10873490308,摩士公園 Morse Park,22.3399743,114.1894546
10873490309,宏業樓 Wang Yip House,22.3398581,114.1892635
10883632821,"翠竹花園四座 Block 4, Tsui Chuk Garden",22.3458497,114.1877397
10883632832,"翠竹花園五座 Block 5, Tsui Chuk Garden",22.3457435,114.1873562
10904637730,"翠竹花園五座 Block 5, Tsui Chuk Garden",22.3457264,114.18737
10904654052,"翠竹花園四座 Block 4, Tsui Chuk Garden",22.3458728,114.1877394
10904654053,"翠竹花園一座 Block 1, Tsui Chuk Garden",22.3457748,114.188803
10904654054,翠竹商場 Tsui Chuk Shopping Centre,22.345709,114.1886119
10904677686,"翠竹花園一座 Block 1, Tsui Chuk Garden",22.3457539,114.1888125
10904677687,鵬程苑 Pang Ching Court,22.3461902,114.1903996
10904677688,黃大仙上邨普善樓 Po Sin House Upper Wong Tai Sin Estate,22.3431307,114.1908764
10914436373,,22.3817449,114.1374662
10915649430,翠竹花園 Tsui Chuk Garden,22.346545,114.1875553
10915649431,翠竹花園 Tsui Chuk Garden,22.3465006,114.187064
10915649432,翠竹花園 Tsui Chuk Garden,22.3464604,114.1870645
10945583854,"安蔭邨豐蔭樓 Fung Yam House, On Yam Estate",22.3688368,114.1416832
10976897796,車公廟 Che Kung Miu,22.3745557,114.1842251
10976897797,秦石邨 Chun Shek Estate,22.374412,114.1864346
10976897798,曾大屋 Tsang Tai Uk,22.3756947,114.1890938
10976897799,乙明邨 Jat Min Chuen,22.3784083,114.1918309
10976897801,富豪花園 Belair Garden,22.3849759,114.1980159
10978933103,新界鄉議局大樓 Heung Yee Kuk New Territories Building,22.3915354,114.2063887
10978933104,沙田第一城第13座 Block 13 City One Shatin,22.3885429,114.2018204
10978965206,乙明邨 Jat Min Chuen,22.3774646,114.1910681
10978965207,曾大屋 Tsang Tai Uk,22.3756633,114.1892805
10978965208,秦石邨 Chun Shek Estate,22.374365,114.1869324
10978965209,車公廟 Che Kung Miu,22.3744271,114.1840704
10988289334,永基路 Wing Kei Road,22.3596476,114.1184791
11011587191,荃灣荃富街 Tsuen Fu Street Tsuen Wan,22.3675578,114.1219574
11016144900,又一城 Festival Walk,22.3366293,114.175403
11016182094,聯合道 Junction Road,22.337926,114.1793032
11016182095,聯合道 Junction Road,22.3379286,114.1792371
11030093919,香港電台電視大廈 RTHK Television House,22.3405152,114.1812704
11038778515,昌華街 Cheung Wah Street,22.3386172,114.1521037
11038778516,昌華街 Cheung Wah Street,22.3385553,114.1520984
11041912297,沙田市中心總站 Shatin Central Bus Terminus,22.3822364,114.1881273
11041912298,沙田市中心總站 Shatin Central Bus Terminus,22.3822048,114.1881575
11041912299,文化博物館 Hong Kong Heritage Museum,22.3776596,114.186377
11041912300,希爾頓中心 Hilton Plaza,22.3797332,114.1871633
11042335091,第一城寶城街 Po Shing Street City One Shatin,22.3863886,114.2059677
11042335092,置富第一城 Fortune City One,22.3870402,114.2037337
11042335093,愉田苑 Yue Tin Court,22.3842301,114.2019555
11042335094,第一城站 City One Station,22.3827814,114.2037696
11042335095,愉翠苑 Yu Chui Court,22.3821385,114.2056063
11042335096,愉田苑 Yue Tin Court,22.382864,114.2017621
11042335097,置富第一城 Fortune City One,22.3866367,114.2031957
11042335098,小瀝源路遊樂場 Siu Lek Yuen Road Playground,22.3864681,114.2060918
11042335099,牛皮沙新村 Ngau Pei Sha New Village,22.3799364,114.2077743
11042335100,牛皮沙新村 Ngau Pei Sha New Village,22.3798699,114.2093694
11042335101,廣榕樓 Banyan House,22.3810731,114.2136857
11042335102,廣柏樓 Cypress House,22.3820699,114.2139143
11042335103,廣源邨 Kwong Yuen Estate,22.382844,114.2148579
11042335104,帝堡城 Castello,22.3828304,114.2150009
11042371605,黃泥頭巴士總站 Wong Nai Tau Bus Terminus,22.3824581,114.2178053
11042721730,沙田市中心總站 Shatin Central Bus Terminus,22.381944,114.187838
11042721731,沙田市中心總站 Shatin Central Bus Terminus,22.3819137,114.1878673
11042721732,沙田市中心總站 Shatin Central Bus Terminus,22.3823709,114.1883215
11049116432,名城 Festival City,22.3688545,114.1750376
11050718956,馬料水公眾碼頭 Ma Liu Shui Public Pier,22.4159303,114.2137222
11050718957,馬料水公眾碼頭 Ma Liu Shui Public Pier,22.4159732,114.2139032
11057897158,紅萼樓 Hung Ngok House,22.3369243,114.2062846
11057897159,紅萼樓 Hung Ngok House,22.3369953,114.2063264
11057897160,紅萼樓 Hung Ngok House,22.3369602,114.2063825
11057897161,紅萼樓 Hung Ngok House,22.3368772,114.2065135
11057897162,紅萼樓 Hung Ngok House,22.3367531,114.2067039
11057897163,紅萼樓 Hung Ngok House,22.3366586,114.2068403
11057897166,牛池灣村 Ngau Chi Wan Village,22.3367736,114.2069612
11057897167,牛池灣村 Ngau Chi Wan Village,22.3367581,114.2069831
11058060485,,22.3469026,114.1977359
11058060486,,22.3455855,114.1976215
11084887656,大老山隧道 Tate's Cairn Tunnel,22.3771881,114.2125446
11084887657,大老山隧道 Tate's Cairn Tunnel,22.3772664,114.2124712
11084887658,大老山隧道 Tate's Cairn Tunnel,22.3773486,114.2123913
11084887659,大老山隧道 Tate's Cairn Tunnel,22.3768971,114.2118223
11084887660,大老山隧道 Tate's Cairn Tunnel,22.3768416,114.2118944
11084887661,大老山隧道 Tate's Cairn Tunnel,22.3767809,114.2119689
11084887662,大老山隧道 Tate's Cairn Tunnel,22.3767163,114.2120485
11085030278,青沙公路轉車站 Tsing Sha Highway Bus Interchange,22.3583724,114.1632882
11085030279,青沙公路巴士轉乘站 Tsing Sha Highway Bus Interchange,22.3606776,114.1630193
11085030280,青沙公路轉車站 Tsing Sha Highway Bus Interchange,22.3582577,114.1631548
11085030281,青沙公路巴士轉乘站 Tsing Sha Highway Bus Interchange,22.3583462,114.1632092
11085030282,青沙公路轉車站 Tsing Sha Highway Bus Interchange,22.3583978,114.163241
11085030283,青沙公路轉車站 Tsing Sha Highway Bus Interchange,22.3585152,114.1633134
11085030284,青沙公路轉車站 Tsing Sha Highway Bus Interchange,22.3603963,114.1629561
11085030285,青沙公路轉車站 Tsing Sha Highway Bus Interchange,22.3605097,114.163006
11085030286,青沙公路轉車站 Tsing Sha Highway Bus Interchange,22.3606221,114.1630541
11088575677,"新蒲崗四美街 Sze Mei Street, San Po Kong",22.3378607,114.2020214
11088575678,"新蒲崗四美街 Sze Mei Street, San Po Kong",22.3379852,114.2019852
11088677332,鳳德商場 Fung Tak Shopping Centre,22.3430793,114.200052
11088677333,鳳德商場 Fung Tak Shopping Centre,22.3430814,114.2000341
11088677398,志蓮淨苑 Chi Lin Nunnery,22.340194,114.2040126
11093586876,甘泉街巴士總站 Kom Tsun Street Bus Terminus,22.3378623,114.1447158
11093586883,甘泉街 Kom Tsun Street,22.3379646,114.1445947
11093586884,長沙灣（甘泉街） Cheung Sha Wan (Kom Tsun Street),22.3370719,114.1450073
11097575002,映日灣 The Aurora,22.3670141,114.1157548
11099018348,戴麟趾夫人診所 Lady Trench Polyclinic,22.3704345,114.1155053
11099018349,戴麟趾夫人診所 Lady Trench Polyclinic,22.3705302,114.1152744
11099018350,戴麟趾夫人診所 Lady Trench Polyclinic,22.3704294,114.1154557
11099018351,戴麟趾夫人診所 Lady Trench Polyclinic,22.3704097,114.1154912
11099018352,戴麟趾夫人診療所 Lady Trench Polyclinic,22.3703731,114.1154121
11099018353,荃灣鹹田街 Ham Tin Street Tsuen Wan,22.3694278,114.1173147
11099018355,荃灣聯仁街 Luen Yan Street Tsuen Wan,22.3676472,114.1177504
11099018356,荃灣聯仁街 Luen Yan Street Tsuen Wan,22.3676635,114.1177778
11099018357,荃灣聯仁街 Luen Yan Street Tsuen Wan,22.3676922,114.117713
11099018362,聯仁街 Luen Yan Street,22.3676816,114.1174564
11099018363,荃灣聯仁街 Luen Yan Street Tsuen Wan,22.3676742,114.1174397
11099645647,摩士公園游泳池 Morse Park Swimming Pool,22.3415974,114.1914769
11099645648,豐力樓 Phoenix House,22.3431168,114.1727852
11099645649,豐力樓 Phoenix House,22.3431779,114.172665
11099645654,畢架山花園 Beacon Heights,22.3416112,114.1667093
11099645655,畢架山花園 Beacon Heights,22.3415632,114.1667916
11099645656,畢架山花園 Beacon Heights,22.3417435,114.1670439
11099645657,畢架山花園 Beacon Heights,22.3417595,114.1670155
11100884288,長順街遊樂場 Cheung Shun Street Playground,22.3365351,114.1463268
11101174057,鑽石山站 Diamond Hill Station,22.3391888,114.2023822
11101174058,鑽石山站 Diamond Hill Station,22.3393016,114.2023917
11101174059,鑽石山站 Diamond Hill Station,22.339266,114.2024522
11101174060,鑽石山站 Diamond Hill Station,22.3392941,114.2024044
11101174061,鑽石山站 Diamond Hill Station,22.3392842,114.2024212
11101174070,啟鑽苑啟湖閣 Kai Wu House Kai Chuen Court,22.3387942,114.2003878
11101174071,啟鑽苑啟湖閣 Kai Wu House Kai Chuen Court,22.3387704,114.2003785
11101174072,大有街 Tai Yau Street,22.3374133,114.1982716
11101174073,大有街 Tai Yau Street,22.3374909,114.1982661
11106969661,牛皮沙新村 Ngau Pei Sha New Village,22.3800015,114.2078412
11106969662,牛皮沙新村 Ngau Pei Sha New Village,22.379744,114.2092955
11106969679,香港恒生大學 The Hang Seng University of Hong Kong,22.3806662,114.2116099
11106969680,香港恒生大學 The Hang Seng University of Hong Kong,22.3805438,114.212157
11106969681,香港恒生大學 The Hang Seng University of Hong Kong,22.3806033,114.2122336
11106969682,"廣源邨廣榕樓 Banyan House, Kwong Yuen Estate",22.3810119,114.2137363
11106969691,廣柏樓 Cypress House,22.3820792,114.2138734
11106969704,多石街 To Shek Street,22.37741,114.2019884
11106990356,又一城 Festival Walk,22.3367383,114.1754494
11106990367,又一城 Festival Walk,22.3367669,114.1754616
11107003405,多石街 To Shek Street,22.377447,114.2019388
11107003406,多石街 To Shek Street,22.3774775,114.2015578
11107003407,多石街 To Shek Street,22.3774125,114.2014913
11107003413,小瀝源 Siu Lek Yuen,22.3831705,114.213267
11107003414,小瀝源 Siu Lek Yuen,22.3832258,114.2132636
11107003419,小瀝源 Siu Lek Yuen,22.3830601,114.2117926
11107003420,小瀝源 Siu Lek Yuen,22.3830627,114.2119089
11107003422,黃泥頭巴士總站 Wong Nai Tau Bus Terminus,22.382363,114.2178082
11107003423,黃泥頭巴士總站 Wong Nai Tau Bus Terminus,22.3823471,114.2178096
11107003424,黃泥頭巴士總站 Wong Nai Tau Bus Terminus,22.3821274,114.2175333
11107003425,黃泥頭巴士總站 Wong Nai Tau Bus Terminus,22.382172,114.217937
11107003426,黃泥頭巴士總站 Wong Nai Tau Bus Terminus,22.3822983,114.2179094
11107003427,黃泥頭巴士總站 Wong Nai Tau B/T,22.3822638,114.217941
11107003428,黃泥頭巴士總站 Wong Nai Tau Bus Terminus,22.3823543,114.2179397
11107003429,黃泥頭巴士總站 Wong Nai Tau Bus Terminus,22.382193,114.2179082
11107003430,黃泥頭巴士總站 Wong Nai Tau Bus Terminus,22.3823679,114.2178981
11107003431,黃泥頭巴士總站 Wong Nai Tau Bus Terminus,22.3822724,114.2178096
11107003432,黃泥頭巴士總站 Wong Nai Tau Bus Terminus,22.3822552,114.2178123
11107003433,黃泥頭巴士總站 Wong Nai Tau Bus Terminus,22.3821881,114.2178109
11107003434,黃泥頭巴士總站 Wong Nai Tau Bus Terminus,22.3821677,114.2178123
11107003435,黃泥頭巴士總站 Wong Nai Tau Bus Terminus,22.3821075,114.2178136
11107003436,黃泥頭巴士總站 Wong Nai Tau Bus Terminus,22.3820554,114.2178122
11107062074,多石街 To Shek Street,22.3774092,114.2019781
11107062075,多石街 To Shek Street,22.3774784,114.2015688
11107062076,水泉澳巴士總站 Shui Chuen O Bus Terminus,22.3747796,114.1977997
11107062077,水泉澳巴士總站 Shui Chuen O Bus Terminus,22.3747387,114.197843
11107062078,水泉澳巴士總站 Shui Chuen O Bus Terminus,22.3747998,114.1978277
11107062080,水泉澳巴士總站 Shui Chuen O Bus Terminus,22.3746559,114.1976249
11107062081,水泉澳巴士總站 Shui Chuen O Bus Terminus,22.3742826,114.1976683
11107062082,水泉澳巴士總站 Shui Chuen O Bus Terminus,22.3748613,114.1979341
11107062083,水泉澳邨 Shui Chuen O Estate,22.3743066,114.1976573
11107062084,水泉澳巴士總站 Shui Chuen O Bus Terminus,22.3747187,114.1980946
11107062085,水泉澳巴士總站 Shui Chuen O Bus Terminus,22.3743306,114.1977168
11107062086,水泉澳巴士總站 Shui Chuen O Bus Terminus,22.374733,114.1982429
11107062087,水泉澳公共運輸交匯處 Shui Chuen O Public Transport Interchange,22.3745658,114.1980094
11107138070,澤安邨巴士總站 Chak On Estate Bus Terminus,22.3405764,114.1646013
11107138071,澤安邨巴士總站 Chak On Estate Bus Terminus,22.3405782,114.1645032
11107138077,澤安邨巴士總站 Chak On Estate Bus Terminus,22.3405167,114.1646006
11113192924,華員邨 Wah Yuen Chuen,22.3520108,114.133125
11113192927,華員邨 Wah Yuen Chuen,22.3521213,114.1330925
11113192930,華員邨 Wah Yuen Chuen,22.3514416,114.1329429
11113192931,華員邨 Wah Yuen Chuen,22.3520142,114.1330975
11113192933,鐘山台 Chung Shan Terrace,22.344152,114.1391272
11113192934,鐘山台 Chung Shan Terrace,22.3437384,114.1394507
11113192943,iPlace,22.3600374,114.1351582
11113192944,葵涌業成街 Yip Shing Street Kwai Chung,22.3612237,114.1362381
11113192949,葵涌石英徑 Shek Ying Path Kwai Chung,22.3646134,114.1357375
11113192950,葵涌石英徑 Shek Ying Path Kwai Chung,22.3646359,114.1357285
11113192951,葵涌屏麗徑 Ping Lai Path Kwai Chung,22.3661163,114.1350084
11113192952,葵涌屏麗徑 Ping Lai Path Kwai Chung,22.3674138,114.1349298
11113790835,楓樹窩體育館 Fung Shue Wo Sports Centre,22.3558169,114.1022242
11113790836,青衣邨宜業樓 Yee Yip House Tsing Yi Estate,22.3541373,114.1022709
11113790837,青衣邨宜業樓 Yee Yip House Tsing Yi Estate,22.3541012,114.1023658
11113790838,綠悠雅苑 Greenview Villa,22.3525772,114.1051174
11113790839,綠悠雅苑 Greenview Villa,22.3524999,114.1050953
11113790840,綠悠雅苑 Greenview Villa,22.3524261,114.1050336
11113790853,青衣警署 Tsing Yi Police Station,22.3518259,114.1074553
11113790854,翠怡花園 Greenfield Garden,22.3515987,114.1079226
11113790855,翠怡花園 Greenfield Garden,22.3515022,114.1080004
11113790856,翠怡花園 Greenfield Garden,22.3516256,114.1079009
11113790857,翠怡花園 Greenfield Garden,22.3515967,114.1078125
11113790858,青衣警署 Tsing Yi Police Station,22.3518787,114.1074777
11113790859,翠怡花園 Greenfield Garden,22.3516204,114.1077932
11113790860,翠怡花園 Greenfield Garden,22.3516506,114.1077686
11113790861,翠怡花園 Greenfield Garden,22.3516711,114.1077518
11113790870,長青邨青梅樓 Ching Mui House Cheung Ching Estate,22.3501604,114.1070357
11113790871,長康邨康富樓 Hong Fu House Cheung Hong Estate,22.3504643,114.1059603
11113790876,長康邨康盛樓 Hong Shing House Cheung Hong Estate,22.350849,114.10374
11113790877,職安健學院 OSH Academy,22.3508964,114.1029791
11113790878,長康邨康豐樓 Hong Fung House Cheung Hong Estate,22.3509536,114.1019018
11113790879,長康邨康祥樓 Hong Cheung House Cheung Hong Estate,22.3499407,114.1007681
11113790880,長康邨康順樓 Hong Shun House Cheung Hong Estate,22.3495248,114.1002897
11113790882,長康邨康順樓 Hong Shun House Cheung Hong Estate,22.3495256,114.1002669
11113790883,長康邨康順樓 Hong Shun House Cheung Hong Estate,22.3495289,114.1001769
11113790884,長康邨康順樓 Hong Shun House Cheung Hong Estate,22.3495481,114.1001671
11114585752,青華苑 Ching Wah Court,22.349513,114.0995428
11114585757,曉峰園 Mount Haven,22.3540378,114.0974983
11114585762,長亨邨商場 Cheung Hang Estate Shopping Centre,22.3542323,114.0975788
11114585763,長亨邨商場 Cheung Hang Estate Shopping Centre,22.3542487,114.0974587
11114585764,長亨 Cheung Hang,22.3553864,114.0976163
11114585765,長亨 Cheung Hang,22.355545,114.097618
11114585766,長亨 Cheung Hang,22.3554211,114.0976148
11114585767,長亨 Cheung Hang,22.3554606,114.0976116
11114585768,長亨 Cheung Hang,22.3555208,114.0976163
11114585769,長亨 Cheung Hang,22.3555998,114.0975825
11114585770,長亨 Cheung Hang,22.3556928,114.0975711
11114585771,葵盛東巴士總站 Kwai Shing East Bus Terminus,22.3638435,114.1272962
11114585772,葵盛東巴士總站 Kwai Shing East Bus Terminus,22.3638787,114.1272734
11114585786,葵盛邨盛安樓 Shing On House Kwai Shing Estate,22.3656455,114.1262499
11114585787,葵盛葵葉街 Kwai Yip Street Kwai Shing,22.3651233,114.1276782
11114585788,葵葉街 Kwai Yip Street,22.3650133,114.1277254
11114585789,葵盛葵葉街 Kwai Yip Street Kwai Shing,22.3650314,114.1276195
11114585798,葵康苑 Kwai Hong Court,22.3635311,114.1306614
11114585800,新葵興花園 Sun Kwai Hing Gardens,22.3635909,114.1306749
11114585801,葵康苑 Kwai Hong Court,22.3631794,114.1305821
11114585802,葵康苑 Kwai Hong Court,22.3632321,114.130594
11114585803,葵芳智芳街 Che Fong Street Kwai Fong,22.3594839,114.1279564
11114599605,葵芳邨葵喜樓 Kwai Hei House Kwai Fong Estate,22.359521,114.128093
11114599607,葵興路葵興邨 Kwai Hing Estate Kwai Hing Road,22.3659937,114.1317058
11114599608,葵興路葵興邨 Kwai Hing Estate Kwai Hing Road,22.3662607,114.1317944
11114599609,禾葵里 Wo Kwai Lane,22.3669859,114.1331841
11114599610,葵興路葵興邨 Kwai Hing Estate Kwai Hing Road,22.3666276,114.1319213
11115534322,,22.3639571,114.1325362
11115534324,葵俊苑 Kwai Chun Court,22.3645714,114.1327956
11115534325,葵俊苑 Kwai Chun Court,22.3645791,114.1327453
11115534342,新葵興花園 Sun Kwai Hing Gardens,22.3620451,114.1319084
11115534343,,22.36176,114.1318177
11115534344,,22.3635592,114.1313871
11115534345,,22.363198,114.1313419
11115534346,,22.3631981,114.1313584
11115534347,,22.3631937,114.1313997
11115534348,,22.3631895,114.1314174
11115534349,,22.3631869,114.1314654
11115534350,,22.3631841,114.1314872
11115534351,葵興站 Kwai Hing Station,22.3630051,114.1314858
11115534352,,22.363091,114.1314618
11115534353,,22.363092,114.1314865
11115534354,葵芳邨 Kwai Fong Estate,22.3600137,114.1308889
11115534357,葵芳廣場 Kwai Fong Plaza,22.358321,114.1303641
11115534358,光輝圍 Kwong Fai Circuit,22.3678477,114.1336631
11115534359,光輝圍 Kwong Fai Circuit,22.3679736,114.133709
11115534360,光輝圍 Kwong Fai Circuit,22.3675012,114.1335961
11115534361,光輝圍 Kwong Fai Circuit,22.3678495,114.13372
11115534362,光輝圍 Kwong Fai Circuit,22.3680829,114.1338003
11115534363,光輝圍 Kwong Fai Circuit,22.3679685,114.1337624
11118205599,沙田醫院 Shatin Hospital,22.398654,114.2121305
11118221412,沙田醫院 Shatin Hospital,22.3998202,114.2130755
11118221414,沙田醫院 Shatin Hospital,22.399703,114.2129726
11118221415,亞公角 A Kung Kok,22.4020688,114.2155422
11118221416,亞公角 A Kung Kok,22.4021066,114.2156087
11118221417,亞公角 A Kung Kok,22.4026091,114.2165605
11118221418,亞公角 A Kung Kok,22.4026194,114.2165801
11118221419,亞公角 A Kung Kok,22.402663,114.2166632
11118221420,亞公角 A Kung Kok,22.4026722,114.2166808
11122156754,小瀝源草地滾球場 Siu Lek Yuen Bowling Greens,22.3884833,114.2038435
11122156755,小瀝源路遊樂場 Siu Lek Yuen Road Playground,22.3863917,114.2061735
11122156756,小瀝源路遊樂場 Siu Lek Yuen Road Playground,22.3863252,114.2062442
11122156757,新界鄉議局大樓 Heung Yee Kuk New Territories Building,22.3915557,114.2064084
11122156758,新界鄉議局大樓 Heung Yee Kuk New Territories Building,22.3915966,114.206448
11122156759,新界鄉議局大樓 Heung Yee Kuk New Territories Building,22.3914727,114.206328
11122156760,新界鄉議局大樓 Heung Yee Kuk New Territories Building,22.3914806,114.2063357
11122156761,濱景花園 Ravana Garden,22.3917254,114.2064263
11122156762,濱景花園 Ravana Garden,22.3916572,114.2063601
11122156763,濱景花園 Ravana Garden,22.391643,114.2063464
11122156784,濱景花園 Ravana Garden,22.3916888,114.2063124
11124634024,世界花園 World Wide Gardens,22.364638,114.1812206
11124634025,世界花園 World Wide Gardens,22.3647378,114.1811621
11124634026,新翠邨 Sun Chui Estate,22.370227,114.17976
11124634027,新翠邨 Sun Chui Estate,22.3702952,114.1797016
11124634028,新翠邨 Sun Chui Estate,22.370683,114.1794783
11124634029,新翠邨 Sun Chui Estate,22.3705425,114.1796144
11124634030,新翠邨 Sun Chui Estate,22.3704125,114.179737
11124634031,新翠邨 Sun Chui Estate,22.3703506,114.1797922
11124634032,新翠邨 Sun Chui Estate,22.3702959,114.17984
11124634067,車公廟 Che Kung Miu,22.3744398,114.18418
11125451148,第一城寶城街 Po Shing Street City One Shatin,22.3863417,114.2060184
11125463960,大圍站 Tai Wai Station,22.3731236,114.1805383
11125463961,大圍站 Tai Wai Station,22.3733298,114.1803146
11125463962,大圍站 Tai Wai Station,22.3733619,114.1803157
11125463963,大圍站 Tai Wai Station,22.3732954,114.1802088
11125463964,大圍站 Tai Wai Station,22.3730806,114.1798955
11125463965,大圍站 Tai Wai Station,22.3731125,114.1798732
11125463967,大圍站 Tai Wai Station,22.3731572,114.1799771
11125463968,大圍站（落客站） Tai Wai Station (Alighting Stop),22.3730161,114.1796991
11127072623,秦石巴士總站 Chun Shek Bus Terminus,22.3732336,114.1873365
11127072624,秦石巴士總站 Chun Shek Bus Terminus,22.373165,114.1873284
11127072625,秦石巴士總站 Chun Shek Bus Terminus,22.3730997,114.1873267
11127072626,秦石巴士總站 Chun Shek Bus Terminus,22.3732091,114.1873542
11127072627,秦石巴士總站 Chun Shek Bus Terminus,22.3731417,114.187346
11127072628,秦石巴士總站 Chun Shek Bus Terminus,22.3730532,114.1873598
11127072641,新田圍巴士總站 Sun Tin Wai Bus Terminus,22.3708729,114.1860291
11127072643,新田圍巴士總站 Sun Tin Wai Bus Terminus,22.3708401,114.1860825
11127072644,新田圍巴士總站 Sun Tin Wai Bus Terminus,22.3708293,114.186105
11127072645,新田圍巴士總站 Sun Tin Wai Bus Terminus,22.3708109,114.1861255
11127072646,新田圍巴士總站 Sun Tin Wai Bus Terminus,22.3708007,114.1861643
11127072663,富圍樓 Foo Wai House,22.3695039,114.1873849
11127072685,秦石邨石瑩樓 Shek Ying House Chun Shek Estate,22.3729622,114.1856169
11127072686,秦石邨 Chun Shek Estate,22.3743346,114.1868023
11127072687,秦石邨 Chun Shek Estate,22.3743948,114.1870291
11127072688,秦石邨 Chun Shek Estate,22.3744891,114.1872866
11127075005,秦石邨 Chun Shek Estate,22.3744173,114.186475
11127075006,秦石邨 Chun Shek Estate,22.3744314,114.1865742
11127075007,秦石邨 Chun Shek Estate,22.3744369,114.1866178
11127075016,乙明邨街 Jat Min Chuen Street,22.3761764,114.1917413
11127075017,乙明邨街 Jat Min Chuen Street,22.3761193,114.1916018
11127075018,乙明邨街 Jat Min Chuen Street,22.3761041,114.1915653
11127075019,乙明邨街 Jat Min Chuen Street,22.3759118,114.1910784
11127075032,乙明邨街 Jat Min Chuen Street,22.3761951,114.1916041
11127075033,乙明邨街 Jat Min Chuen Street,22.3761328,114.1916383
11127075034,田家炳學校 Tin Ka Ping Primary School,22.3754337,114.1921191
11127075035,田家炳學校 Tin Ka Ping Primary School,22.3754699,114.1919015
11127075036,田家炳學校 Tin Ka Ping Primary School,22.3755034,114.1919819
11127075037,田家炳學校 Tin Ka Ping Primary School,22.3755255,114.1920352
11127075038,田家炳學校 Tin Ka Ping Primary School,22.3755433,114.1920779
11127075039,田家炳學校 Tin Ka Ping Primary School,22.3755587,114.192115
11127075060,沙角邨 Sha Kok Estate,22.3776073,114.1951916
11127075069,沙角邨 Sha Kok Estate,22.3776062,114.1952964
11127075070,沙角邨 Sha Kok Estate,22.3775675,114.1952427
11127075071,沙角邨 Sha Kok Estate,22.3774919,114.1951377
11127075072,沙角邨 Sha Kok Estate,22.3774115,114.1950261
11127075073,沙角邨 Sha Kok Estate,22.3773506,114.1949414
11127075074,沙角邨 Sha Kok Estate,22.3772567,114.194811
11127075075,博康邨 Pok Hong Estate,22.3770483,114.1946494
11127075076,博康邨 Pok Hong Estate,22.3771441,114.1947811
11127075077,博康邨 Pok Hong Estate,22.3772315,114.1949012
11127075078,博康邨 Pok Hong Estate,22.3773118,114.1950115
11127075079,博康邨 Pok Hong Estate,22.3773509,114.1950652
11129305622,東京街 Tonkin Street,22.3351735,114.1566865
11129305623,長沙灣徑 Cheung Sha Wan Path,22.3378548,114.1499187
11129305624,貿易廣場 Trade Square,22.336846,114.1543128
11129305625,貿易廣場 Trade Square,22.3368144,114.154354
11129305628,長沙灣（甘泉街） Cheung Sha Wan (Kom Tsun Street),22.3369723,114.1449771
11135523472,荃威花園總站 Allway Gardens Bus Terminus,22.3774395,114.1041966
11135523473,荃威花園總站 Allway Gardens Bus Terminus,22.3773921,114.1040891
11135523474,荃威花園總站 Allway Gardens Bus Terminus,22.3774405,114.1040712
11135523475,荃威花園總站 Allway Gardens Bus Terminus,22.3774594,114.104225
11135523476,荃威花園總站 Allway Gardens Bus Terminus,22.3774645,114.1040659
11135523477,荃威花園總站 Allway Gardens Bus Terminus,22.3774181,114.1040915
11135865835,荃灣中心 Tsuen Wan Centre,22.3786128,114.107283
11135865836,荃灣中心 Tsuen Wan Centre,22.3785428,114.1086522
11135865837,荃灣中心 Tsuen Wan Centre,22.3786631,114.1072668
11135865838,荃灣中心 Tsuen Wan Centre,22.3786216,114.1081736
11138787371,福來邨 Fok Loi Estate,22.3739298,114.1112882
11140555075,長康邨康順樓 Hong Shun House Cheung Hong Estate,22.3500844,114.1005645
11140555080,長安 Cheung On,22.3615374,114.1031916
11140555081,荃富街公園 Tsuen Fu Street Garden,22.3690081,114.1216155
11140555090,國瑞路公園 Kwok Shui Road Park,22.3709917,114.1302747
11140555095,葵涌石英徑 Shek Ying Path Kwai Chung,22.3646165,114.1357076
11140555100,天馬苑 Tin Ma Court,22.3425976,114.1863843
11140556205,黃大仙廟 Wong Tai Sin Temple,22.3418336,114.1914618
11140556206,黃大仙廟 Wong Tai Sin Temple,22.3417913,114.1917226
11140556207,黃大仙廟 Wong Tai Sin Temple,22.341793,114.1919286
11140556208,黃大仙站 Wong Tai Sin Station,22.3417941,114.1921923
11140556209,黃大仙廟 Wong Tai Sin Temple,22.3417944,114.1922507
11140556210,黃大仙廟 Wong Tai Sin Temple,22.34179,114.1923733
11140556211,永光書院 Wing Kwong College,22.3424327,114.1883541
11140556212,荃灣荃富街 Tsuen Fu Street Tsuen Wan,22.3680207,114.1222149
11140556213,荃灣荃富街 Tsuen Fu Street Tsuen Wan,22.36805,114.1221933
11140556214,荃灣荃富街 Tsuen Fu Street Tsuen Wan,22.3676645,114.1219637
11140556215,荃灣荃富街 Tsuen Fu Street Tsuen Wan,22.3675902,114.1219189
11140556216,長安 Cheung On,22.3613025,114.1029848
11140599339,長青邨青桃樓 Ching Tao House Cheung Ching Estate,22.3449123,114.1098039
11140599340,長青邨青桃樓 Ching Tao House Cheung Ching Estate,22.3449647,114.10974
11140599341,長青邨青桃樓 Ching Tao House Cheung Ching Estate,22.3450926,114.1098426
11140599351,長青邨青桃樓 Ching Tao House Cheung Ching Estate,22.3452198,114.1099217
11140599356,長青邨青槐樓 Ching Wai House Cheung Ching Estate,22.346029,114.1078695
11140599357,長青邨青槐樓 Ching Wai House Cheung Ching Estate,22.3459662,114.1078597
11140599358,長青邨青槐樓 Ching Wai House Cheung Ching Estate,22.3459283,114.1078538
11140599359,長青邨青槐樓 Ching Wai House Cheung Ching Estate,22.3458244,114.1078375
11140599360,長青邨青槐樓 Ching Wai House Cheung Ching Estate,22.3457578,114.107827
11140599361,長青邨青槐樓 Ching Wai House Cheung Ching Estate,22.3456287,114.1078088
11142724152,荃景花園第二期 Tsuen King Garden Phase 2,22.3780843,114.1101185
11142724157,美環街 Mei Wan Street,22.3763353,114.1106863
11142747745,長青巴士總站 Cheung Ching Bus Terminus,22.3480744,114.1068917
11142747746,長青巴士總站 Cheung Ching Bus Terminus,22.348099,114.1068096
11142747747,長青巴士總站 Cheung Ching Bus Terminus,22.3481135,114.1067521
11142747748,長青巴士總站 Cheung Ching Bus Terminus,22.3481347,114.1066681
11142747749,長青巴士總站 Cheung Ching Bus Terminus,22.3481184,114.1057642
11142747750,長青巴士總站 Cheung Ching Bus Terminus,22.3482077,114.1057854
11142747751,長青巴士總站 Cheung Ching Bus Terminus,22.3481897,114.1058692
11142747768,長青巴士總站 Cheung Ching Bus Terminus,22.3483703,114.1070598
11142747769,長青巴士總站 Cheung Ching Bus Terminus,22.3483217,114.1070231
11142747770,長青巴士總站 Cheung Ching Bus Terminus,22.3482729,114.107003
11142747775,長青巴士總站 Cheung Ching Bus Terminus,22.3482967,114.1070116
11142747776,長青巴士總站 Cheung Ching Bus Terminus,22.3483505,114.1070522
11142747777,長青巴士總站 Cheung Ching Bus Terminus,22.3484003,114.1071007
11142747778,青盛苑 Ching Shing Court,22.349011,114.1035979
11142747787,青盛苑 Ching Shing Court,22.3489389,114.1036303
11142747788,青盛苑 Ching Shing Court,22.3489578,114.1035725
11142747789,青盛苑 Ching Shing Court,22.3489894,114.1034765
11142747790,青盛苑 Ching Shing Court,22.3490396,114.1033234
11142747791,青盛苑 Ching Shing Court,22.3489433,114.1032209
11142747792,青盛苑 Ching Shing Court,22.3489517,114.1031922
11142747797,長康邨康祥樓 Hong Cheung House Cheung Hong Estate,22.3495078,114.1012097
11142925904,隆亨邨 Lung Hang Estate,22.3690159,114.1792186
11142972905,隆亨邨 Lung Hang Estate,22.3689834,114.1791399
11142972906,隆亨邨 Lung Hang Estate,22.3689651,114.1790955
11142972907,隆亨邨 Lung Hang Estate,22.3689144,114.178973
11142972908,隆亨邨 Lung Hang Estate,22.3688645,114.1788522
11142972929,隆亨邨 Lung Hang Estate,22.3684793,114.1781767
11142972930,隆亨邨 Lung Hang Estate,22.368484,114.178095
11142972931,隆亨邨 Lung Hang Estate,22.3684912,114.178113
11142972932,隆亨邨 Lung Hang Estate,22.3684992,114.1781331
11142972945,下徑口村 Ha Keng Hau Village,22.3654674,114.1753614
11142972946,顯沛樓 Hin Pui House,22.3653614,114.1752687
11142972947,顯慶樓 Hin Hing House,22.3641047,114.1741374
11142972948,顯慶樓 Hin Hing House,22.3640689,114.1741067
11142972949,顯慶樓 Hin Hing House,22.36394,114.1739936
11142972950,顯慶樓 Hin Hing House,22.3638369,114.1738937
11142972963,顯田村 Hin Tin Village,22.3629403,114.1725355
11142972964,顯徑商場 Hin Keng Shopping Centre,22.3641251,114.1719754
11142972965,顯徑商場 Hin Keng Shopping Centre,22.3641602,114.1718975
11142972966,顯徑商場 Hin Keng Shopping Centre,22.3641757,114.1719133
11142972967,顯徑商場 Hin Keng Shopping Centre,22.3642027,114.1719399
11142972968,"顯徑邨顯揚樓 Hin Yeung House, Hin Keng Estate",22.3653116,114.1730419
11142972969,"顯徑邨顯揚樓 Hin Yeung House, Hin Keng Estate",22.3653655,114.1729836
11142972982,顯田遊樂場 Hin Tin Playground,22.3655709,114.1730737
11142972983,雲叠花園 Carado Garden,22.368688,114.1752774
11142972984,雲叠花園 Carado Garden,22.368664,114.1752552
11142972985,名城 Festival City,22.3688224,114.1751077
11142972986,名城 Festival City,22.3688134,114.1750996
11142972987,名城 Festival City,22.368739,114.175033
11142972988,雲叠花園 Carado Garden,22.3687117,114.1751216
11142972989,雲叠花園 Carado Garden,22.3687281,114.1751357
11142972990,雲叠花園 Carado Garden,22.3687462,114.1751512
11142972991,田心村 Tin Sam Village,22.3707765,114.1779695
11142973008,田心村 Tin Sam Village,22.3707688,114.1778185
11142973009,田心村 Tin Sam Village,22.3708168,114.1778895
11142973010,田心村 Tin Sam Village,22.3708484,114.1779362
11142973011,田心村 Tin Sam Village,22.3708888,114.1779959
11142973012,海福花園 Holford Garden,22.3733988,114.177094
11142973013,海福花園 Holford Garden,22.3733708,114.1771186
11142973014,海福花園 Holford Garden,22.3733605,114.1771276
11142973015,海福花園 Holford Garden,22.3732736,114.1772039
11142973016,海福花園 Holford Garden,22.3732552,114.1772201
11142973033,大圍街市 Tai Wai Market,22.3736293,114.1770809
11142973034,大圍街市 Tai Wai Market,22.37365,114.1770644
11142973035,大圍街市 Tai Wai Market,22.373671,114.1770477
11142973036,積德里 Chik Tak Lane,22.3754124,114.1776304
11142973037,積輝街 Chik Fai Street,22.374902,114.1760005
11142973038,美全樓 Mei Chuen House,22.3773023,114.1729905
11142973039,美致樓 Mei Chi House,22.3769264,114.1718158
11142973040,美田邨 Mei Tin Estate,22.3763036,114.1708705
11142973041,美田邨 Mei Tin Estate,22.3762881,114.1708806
11142973043,美田邨 Mei Tin Estate,22.3762995,114.1708595
11142973044,美田邨 Mei Tin Estate,22.3762639,114.170898
11142973045,美田邨 Mei Tin Estate,22.3762555,114.1709093
11142973046,美田邨 Mei Tin Estate,22.3762254,114.1709287
11142973047,美田邨 Mei Tin Estate,22.3762144,114.1709349
11142973048,美田邨 Mei Tin Estate,22.3762046,114.1708473
11142973049,美田邨 Mei Tin Estate,22.3761861,114.1708555
11142973050,美林 Mei Lam,22.3777621,114.1749149
11142973051,美林 Mei Lam,22.3777168,114.1750672
11142973052,美林 Mei Lam,22.3777142,114.175053
11142973053,美林 Mei Lam,22.3777944,114.1748677
11142973054,美林 Mei Lam,22.3777217,114.1749642
11142973055,美林 Mei Lam,22.3777501,114.175044
11142973056,美林 Mei Lam,22.3777833,114.1751371
11142973057,新翠 Sun Chui,22.3678176,114.1806957
11144125627,青衣邨宜業樓 Yee Yip House Tsing Yi Estate,22.3540923,114.102272
11144125628,美景花園 Mayfair Gardens,22.3448235,114.1078579
11144125629,天馬苑 Tin Ma Court,22.3425504,114.1860201
11144125634,永光書院 Wing Kwong College,22.3424326,114.1884317
11144125635,永光書院 Wing Kwong College,22.3423306,114.1884658
11144125641,長亨邨 Cheung Hang Estate,22.3531622,114.0987488
11144125642,長亨邨 Cheung Hang Estate,22.3533007,114.0988095
11144125643,長亨邨 Cheung Hang Estate,22.3540219,114.0991153
11144125644,長亨邨 Cheung Hang Estate,22.3539347,114.0990783
11149514372,福來邨 Fok Loi Estate,22.3738658,114.1113549
11149514384,祈德尊新邨 Clague Garden Estate,22.3714042,114.1098444
11149514385,祈德尊新邨 Clague Garden Estate,22.3715498,114.1098206
11149514394,祈德尊新邨 Clague Garden Estate,22.3717998,114.1096837
11149803443,美環街 Mei Wan Street,22.3764583,114.1105685
11149803450,美環街 Mei Wan Street,22.3764735,114.1104985
11149803455,荃景花園 Tsuen King Garden,22.3782438,114.109555
11149803460,荃景花園 Tsuen King Garden,22.3781896,114.1095302
11150781613,鑽石山站 Diamond Hill Station,22.3395322,114.2027437
11150781614,永光書院 Wing Kwong College,22.3421816,114.18996
11150781615,"顯徑邨顯揚樓 Hin Yeung House, Hin Keng Estate",22.3653981,114.1730112
11150781616,"顯徑邨顯揚樓 Hin Yeung House, Hin Keng Estate",22.3653358,114.1729569
11150786414,"象山邨秀山樓 Sau Shan House, Cheung Shan Estate",22.37859,114.1316329
11151075274,荃威花園 Allway Gardens,22.3772826,114.1041866
11152180705,美孚 Mei Foo,22.3375059,114.1403718
11152180706,美孚轉車站 Mei Foo BBI,22.3370604,114.141568
11152180707,美孚轉車站 Mei Foo BBI,22.3370887,114.1414865
11152180716,美孚 Mei Foo,22.336553,114.1410784
11152180717,美孚轉車站 Mei Foo BBI,22.3365481,114.1411085
11152180718,美孚 Mei Foo,22.3364821,114.1415524
11152180719,美孚 Mei Foo,22.3365591,114.1415493
11152180724,美孚轉車站 Mei Foo BBI,22.3367935,114.140045
11152234827,聖母領報堂 Church of the Annunciation,22.3770777,114.1053757
11152234842,聖母領報堂 Church of the Annunciation,22.3770768,114.1054177
11152234853,荃灣港安醫院 Tsuen Wan Adventist Hospital,22.3763872,114.1047265
11152234858,荃灣港安醫院 Tsuen Wan Adventist Hospital,22.3763646,114.1047341
11152437236,荃灣眾安街 Chung On Street Tsuen Wan,22.3714832,114.1190835
11152437237,荃灣眾安街 Chung On Street Tsuen Wan,22.3710712,114.1194816
11152437254,荃灣富華街 Fu Wah Street Tsuen Wan,22.3735145,114.1159471
11152437263,荃灣建明街 Kin Ming Street Tsuen Wan,22.3736754,114.1153762
11152437268,愉景新城 Discovery Park,22.3749748,114.1127937
11152437269,愉景新城 Discovery Park,22.3749011,114.112756
11152437270,荃景圍天橋 Tsuen King Circuit Flyover,22.3754091,114.1090058
11152437271,荃景圍天橋 Tsuen King Circuit Flyover,22.3754158,114.1087494
11152437272,荃灣柴灣角街 Chai Wan Kok Street Tsuen Wan,22.3747409,114.105615
11152437273,荃灣（麗城花園）總站 Tsuen Wan (Belvedere Garden) B/T,22.3711277,114.1022441
11152437275,麗城花園（第一期） Belvedere Garden (Phase 1),22.3733286,114.1031232
11152437276,麗城花園（第三期） Belvedere Garden (Phase 3),22.3717819,114.1011375
11152437277,荃景圍天橋 Tsuen King Circuit Flyover,22.37576,114.1085109
11152437280,荃景圍天橋 Tsuen King Circuit Flyover,22.3757419,114.106834
11152437282,荃景圍天橋 Tsuen King Circuit Flyover,22.3757436,114.1067216
11152437283,荃景圍天橋 Tsuen King Circuit Flyover,22.3757421,114.1068239
11152437300,滿樂大廈 Moon Lok Dai Ha,22.372154,114.1123119
11152437303,滿樂大廈 Moon Lok Dai Ha,22.3721363,114.1123001
11152437304,荃灣大河道 Tai Ho Road Tsuen Wan,22.3721732,114.1160201
11152439005,荃灣大河道 Tai Ho Road Tsuen Wan,22.3716083,114.1150771
11152439006,荃灣大河道 Tai Ho Road Tsuen Wan,22.3717181,114.1155484
11155256430,愉翠苑 Yu Chui Court,22.3822031,114.2056369
11155256431,愉翠苑 Yu Chui Court,22.3824001,114.2054272
11155256432,愉翠苑 Yu Chui Court,22.3823268,114.2055012
11155256433,愉翠苑 Yu Chui Court,22.3823465,114.2055705
11155256434,愉翠苑 Yu Chui Court,22.3822206,114.2056174
11155256455,愉翠苑 Yu Chui Court,22.38233,114.2053965
11155256456,愉翠苑 Yu Chui Court,22.3822352,114.2055003
11155256457,愉翠苑 Yu Chui Court,22.3822178,114.2054051
11155256458,愉翠苑 Yu Chui Court,22.3822787,114.2054527
11155256463,愉翠苑 Yu Chui Court,22.3821673,114.2055748
11155256464,愉翠苑 Yu Chui Court,22.3822274,114.2053866
11155256465,第一城站 City One Station,22.3827607,114.2036608
11155256466,第一城站 City One Station,22.382829,114.2037321
11155256467,第一城站 City One Station,22.3827733,114.203672
11155256476,第一城站 City One Station,22.3827315,114.2037162
11155256477,威爾斯親王醫院 Prince of Wales Hospital,22.3812332,114.2012585
11155256478,威爾斯親王醫院 Prince of Wales Hospital,22.3812929,114.2013526
11155256479,威爾斯親王醫院 Prince of Wales Hospital,22.3813314,114.2014148
11155256480,威爾斯親王醫院 Prince of Wales Hospital,22.3813605,114.2014585
11155256481,圓洲角總站 Yuen Chau Kok B/T,22.3813866,114.2015021
11155256482,愉田苑 Yue Tin Court,22.3829974,114.2017339
11155256483,愉田苑 Yue Tin Court,22.3830476,114.2017266
11155256484,愉田苑 Yue Tin Court,22.3830959,114.2017208
11155256497,愉田苑 Yue Tin Court,22.3841844,114.2019449
11155256504,沙田第一城第11座 Block 11 City One Shatin,22.3872861,114.2038769
11155294805,置富第一城 Fortune City One,22.3872184,114.2038064
11155294818,置富第一城 Fortune City One,22.3866822,114.2032414
11155294819,置富第一城 Fortune City One,22.386609,114.2031679
11155294820,置富第一城 Fortune City One,22.3865965,114.2031553
11155294822,置富第一城 Fortune City One,22.387015,114.2037072
11155294823,置富第一城 Fortune City One,22.3868292,114.2035144
11155294824,置富第一城 Fortune City One,22.3868477,114.2035333
11155294825,置富第一城 Fortune City One,22.386861,114.2035471
11155294826,沙田第一城 City One Shatin,22.388798,114.2021802
11155294827,沙田第一城 City One Shatin,22.3888592,114.2022868
11155476749,沙田站 Sha Tin Station,22.3831576,114.1880563
11155476750,沙田站 Sha Tin Station,22.3831801,114.1880431
11155476751,沙田站巴士總站 Sha Tin Station Bus Terminus,22.3833994,114.1880144
11155476752,沙田站巴士總站 Sha Tin Station Bus Terminus,22.3830476,114.1879755
11155476753,沙田站 Sha Tin Station,22.3829944,114.1878927
11155476754,沙田站 Sha Tin Station,22.3832711,114.1875888
11155476755,沙田站 Sha Tin Station,22.3834219,114.1881208
11155476756,沙田站 Sha Tin Station,22.3834096,114.1881438
11155476757,沙田站 Sha Tin Station,22.383463,114.1880709
11155476758,沙田站 Sha Tin Station,22.3834486,114.1881035
11155476759,沙田站 Sha Tin Station,22.3834941,114.1880206
11155476760,沙田站 Sha Tin Station,22.3834836,114.1880446
11155476761,沙田站 Sha Tin Station,22.3835251,114.187972
11155476762,沙田站 Sha Tin Station,22.3835163,114.1879966
11155476763,沙田站 Sha Tin Station,22.3835688,114.1879194
11155476764,沙田站 Sha Tin Station,22.3835588,114.1879451
11155476769,麗豪酒店 Regal Riverside Hotel,22.3824351,114.195673
11155476770,麗豪酒店 Regal Riverside Hotel,22.3824549,114.1955786
11155476771,麗豪酒店 Regal Riverside Hotel,22.382421,114.1956594
11155476772,麗豪酒店 Regal Riverside Hotel,22.3818457,114.1953831
11155476773,麗豪酒店 Regal Riverside Hotel,22.3818651,114.1954007
11155476790,麗豪酒店 Regal Riverside Hotel,22.3818447,114.1953014
11155476791,麗豪酒店 Regal Riverside Hotel,22.3818824,114.1953374
11155476792,麗豪酒店 Regal Riverside Hotel,22.3819026,114.1953566
11155476793,麗豪酒店 Regal Riverside Hotel,22.3819366,114.195389
11155476794,麗豪酒店 Regal Riverside Hotel,22.3820691,114.1955153
11155476795,富豪花園 Belair Gardens,22.3848339,114.198199
11155476796,富豪花園 Belair Gardens,22.3847315,114.1980995
11155476797,富豪花園 Belair Gardens,22.3847626,114.1981293
11155476798,富豪花園 Belair Gardens,22.3847114,114.1982152
11155486711,富豪花園 Belair Gardens,22.3850377,114.1980751
11155486720,富豪花園 Belair Garden,22.3848704,114.1980414
11155486721,富豪花園 Belair Garden,22.3849799,114.1981445
11155486722,富豪花園 Belair Garden,22.3850052,114.1981684
11155486723,沙田第一城第13座 Block 13 City One Shatin,22.3884834,114.201859
11155486724,沙田第一城 City One Shatin,22.3885625,114.2018421
11155559527,黃大仙警署 Wong Tai Sin Police Station,22.3390281,114.1971648
11158346011,田園閣 Greenfield Court,22.3796882,114.1957887
11158346012,田園閣 Greenfield Court,22.3797065,114.1957613
11158346013,田園閣 Greenfield Court,22.3800781,114.1951471
11158346014,田園閣 Greenfield Court,22.3800655,114.195164
11158346015,瀝源邨 Lek Yuen Estate,22.3839377,114.1930255
11158346016,瀝源邨 Lek Yuen Estate,22.3840584,114.1931394
11158346025,瀝源邨 Lek Yuen Estate,22.3839737,114.1929662
11158346026,瀝源邨 Lek Yuen Estate,22.3840103,114.1930007
11158346027,瀝源邨 Lek Yuen Estate,22.3840924,114.1930802
11158346028,瀝源邨 Lek Yuen Estate,22.3841352,114.1931223
11158346029,瀝源邨 Lek Yuen Estate,22.3842311,114.1932133
11158346030,瀝源邨 Lek Yuen Estate,22.3841987,114.1929797
11158346039,瀝源邨 Lek Yuen Estate,22.3841069,114.1929481
11158346040,瀝源邨 Lek Yuen Estate,22.384178,114.1930155
11158346041,瀝源邨 Lek Yuen Estate,22.3844007,114.1932242
11158346042,瀝源邨 Lek Yuen Estate,22.3844565,114.1932785
11158346043,瀝源邨 Lek Yuen Estate,22.3844685,114.19329
11158346044,禾輋邨 Wo Che Estate,22.3874217,114.1963074
11158346057,禾輋邨 Wo Che Estate,22.387258,114.1960478
11158346058,禾輋邨 Wo Che Estate,22.3873349,114.1961185
11158346059,禾輋邨 Wo Che Estate,22.3873689,114.1961509
11158346060,禾輋邨 Wo Che Estate,22.3874239,114.1962038
11158346061,禾輋邨 Wo Che Estate,22.3874692,114.1962466
11158346074,禾輋邨 Wo Che Estate,22.3876956,114.1962236
11158346075,禾輋邨 Wo Che Estate,22.3875231,114.1961713
11158346076,禾輋邨 Wo Che Estate,22.3876231,114.1962675
11158346077,禾輋邨 Wo Che Estate,22.3876854,114.1963276
11158346078,禾輋邨 Wo Che Estate,22.3877477,114.1963875
11158346079,禾輋邨 Wo Che Estate,22.38776,114.1963993
11158346080,松頭下路 Tsung Tau Ha Road,22.3976671,114.1937439
11158346081,松頭下路 Tsung Tau Ha Road,22.397715,114.1937696
11158346082,麵房街 Min Fong Street,22.3970818,114.1947906
11158346083,麵房街 Min Fong Street,22.397101,114.1947602
11158346084,麵房街 Min Fong Street,22.3970465,114.1947408
11158346085,火炭駿洋邨 Fo Tan Chun Yeung Estate,22.3992768,114.1902378
11158346086,火炭駿洋邨 Fo Tan Chun Yeung Estate,22.3992715,114.1902496
11158346087,駿洋邨 Chun Yeung Estate,22.3992334,114.1902677
11158346088,駿洋邨 Chun Yeung Estate,22.3992217,114.1902854
11158579077,火炭村 Fo Tan Village,22.3939994,114.1966533
11158579078,火炭村 Fo Tan Village,22.3940307,114.1968079
11158579079,火炭村 Fo Tan Village,22.394144,114.1968277
11158579080,火炭村 Fo Tan Village,22.3939039,114.1965598
11159159210,沙田圍巴士總站 Sha Tin Wai Bus Terminus,22.3804479,114.1964302
11159159211,沙田圍巴士總站 Sha Tin Wai Bus Terminus,22.3804702,114.1964033
11159159212,沙田圍巴士總站 Sha Tin Wai Bus Terminus,22.3804378,114.19645
11159255351,車公廟 Che Kung Miu,22.3745428,114.1840914
11159255352,車公廟 Che Kung Miu,22.3745446,114.1841103
11159255353,車公廟 Che Kung Miu,22.3745519,114.1841857
11159255362,大圍站 Tai Wai Station,22.3724979,114.1803553
11159255363,大圍站 Tai Wai Station,22.3725651,114.1804569
11159255364,沙田坳道 Shatin Pass Road,22.3417591,114.1955427
11160307179,威爾斯親王醫院 Prince of Wales Hospital (落客站 Alighting Stop),22.3812072,114.2015704
11160307180,威爾斯親王醫院 Prince of Wales Hospital (落客站 Alighting Stop),22.3811902,114.2015551
11160307181,沙田站 Sha Tin Station (落客站 Alighting Stop),22.3830562,114.1879513
11160307182,沙田站 Sha Tin Station (落客站 Alighting Stop),22.3830258,114.1879865
11160307183,置富第一城 Fortune City One,22.3865715,114.2031316
11160853737,沙田大會堂 Sha Tin Town Hall,22.3822109,114.1898343
11160853738,沙田大會堂 Sha Tin Town Hall,22.382202,114.189946
11160853739,沙田大會堂 Sha Tin Town Hall,22.3824248,114.1896735
11160853740,沙田大會堂 Sha Tin Town Hall,22.3824938,114.1895892
11160853741,沙田大會堂 Sha Tin Town Hall,22.3825168,114.189561
11160853758,好運中心 Lucky Plaza,22.3826957,114.1905453
11160853759,好運中心 Lucky Plaza,22.3827346,114.1904945
11160853760,好運中心 Lucky Plaza,22.3827753,114.1904463
11160853761,帝都酒店 Royal Park Hotel,22.379599,114.1880451
11160853762,帝都酒店 Royal Park Hotel,22.3797177,114.1880118
11160853763,帝都酒店 Royal Park Hotel,22.3797891,114.1879935
11160853764,帝都酒店 Royal Park Hotel,22.3798062,114.1879899
11160853765,帝都酒店 Royal Park Hotel,22.3798661,114.1879733
11160853770,希爾頓中心 Hilton Plaza,22.3796906,114.1871739
11160853771,希爾頓中心 Hilton Plaza,22.3796677,114.1871803
11160853772,希爾頓中心 Hilton Plaza,22.3795915,114.1872012
11160853773,希爾頓中心 Hilton Plaza,22.3795656,114.1872084
11160853782,沙田市中心總站 Shatin Central Bus Terminus,22.3822508,114.1882675
11160853783,沙田市中心總站 Shatin Central Bus Terminus,22.3822237,114.1883047
11160853784,銅鑼灣村 Tung Lo Wan Village,22.377225,114.1806928
11160853785,銅鑼灣村 Tung Lo Wan Village,22.3773616,114.181545
11160853789,美林邨 Mei Lam Estate,22.3772264,114.1785529
11160853799,美桃樓 Mei Tao House,22.3773749,114.1787649
11162421215,瀝源邨壽全樓 Sau Chuen House Lek Yuen Estate,22.3861137,114.1929238
11162421216,祿泉樓 Luk Chuen House,22.3866356,114.1922943
11162421221,新田圍邨 Sun Tin Wai Estate,22.3688808,114.1873394
11162421226,瀝源 Lek Yuen,22.3849061,114.1922767
11162421227,瀝源 Lek Yuen,22.3849657,114.192324
11162421228,瀝源 Lek Yuen,22.3849284,114.192295
11162944863,林護紀念中學 Lam Woo Memorial Secondary School,22.3658113,114.1302212
11162944864,葵盛邨盛安樓 Shing On House Kwai Shing Estate,22.3656158,114.1262983
11162966641,富山邨 Fu Shan Estate,22.3423779,114.20805
11162966642,富山邨 Fu Shan Estate,22.3415846,114.2083483
11162966643,富山邨 Fu Shan Estate,22.3423993,114.2081167
11162966644,富山邨 Fu Shan Estate,22.3424502,114.2080976
11162966650,富山邨 Fu Shan Estate,22.3416082,114.2084217
11165074432,香港電台電視大廈 RTHK Television House,22.3404888,114.181252
11165136263,葵涌邨秋葵樓 Chau Kwai House Kwai Chung Estate,22.3682756,114.1304552
11165136264,葵涌邨 Kwai Chung Estate,22.3671453,114.1285379
11165136265,葵涌邨總站 Kwai Chung Estate Bus Terminus,22.3673226,114.1285823
11165136266,葵涌邨總站 Kwai Chung Estate Bus Terminus,22.3672481,114.1285817
11165136267,葵涌邨總站 Kwai Chung Estate Bus Terminus,22.3673024,114.1285827
11165136268,葵涌邨總站 Kwai Chung Estate Bus Terminus,22.3671727,114.128581
11165136269,葵涌邨總站 Kwai Chung Estate Bus Terminus,22.3672488,114.1286045
11165136270,葵涌邨總站 Kwai Chung Estate Bus Terminus,22.3671548,114.1286122
11165136275,葵涌邨秋葵樓 Chau Kwai House Kwai Chung Estate,22.3680809,114.1302902
11165136280,葵涌邨夏葵樓 Ha Kwai House Kwai Chung Estate,22.3663927,114.1312069
11165178486,浸會大學逸夫校園 HKBU Shaw Campus,22.3391667,114.1825987
11166483534,石籬邨石安樓 Shek On House Shek Lei Estate,22.363887,114.1386099
11166483535,葵涌打磚坪街 Ta Chuen Ping Street Kwai Chung,22.366253,114.1373549
11166483536,石籬（大隴街）總站 Shek Lei (Tai Loong Street) Bus Terminus,22.3655878,114.1393862
11166483537,石籬（大隴街）總站 Shek Lei (Tai Loong Street) Bus Terminus,22.3656064,114.1393769
11166483538,石籬（大隴街）總站 Shek Lei (Tai Loong Street) Bus Terminus,22.3656617,114.139508
11166483539,石籬（大隴街）總站 Shek Lei (Tai Loong Street) Bus Terminus,22.3656833,114.1394967
11166483540,石籬（大隴街）總站 Shek Lei (Tai Loong Street) Bus Terminus,22.365742,114.1396266
11166483541,石籬（大隴街）總站 Shek Lei (Tai Loong Street) Bus Terminus,22.3657578,114.139616
11166483542,石籬（大隴街）總站 Shek Lei (Tai Loong Street) Bus Terminus,22.3657367,114.139456
11166483543,石籬（大隴街）總站 Shek Lei (Tai Loong Street) Bus Terminus,22.3657585,114.1394439
11166483544,石籬（大隴街）總站 Shek Lei (Tai Loong Street) Bus Terminus,22.3657139,114.1392986
11166483545,石籬（大隴街）總站 Shek Lei (Tai Loong Street) Bus Terminus,22.3657441,114.1392796
11166483546,石籬（大隴街）總站 Shek Lei (Tai Loong Street) Bus Terminus,22.3657731,114.139254
11166483547,石籬（大隴街）總站 Shek Lei (Tai Loong Street) Bus Terminus,22.3658024,114.1392355
11166483548,"石籬邨石佳樓 Shek Kai House, Shek Lei Estate",22.3650934,114.1404005
11166483549,"石籬邨石佳樓 Shek Kai House, Shek Lei Estate",22.3648763,114.1402068
11166483550,石籬天主教小學 Shek Lei Catholic Primary School,22.3670954,114.1422084
11166483551,石籬天主教小學 Shek Lei Catholic Primary School,22.3670899,114.1421061
11166483552,"石籬邨石歡樓 Shek Cheung House, Shek Lei Estate",22.3689906,114.1414626
11166483561,石蔭邨 Shek Yam Estate,22.3717837,114.138478
11166483562,石蔭東邨 Shek Yam East Estate,22.3722888,114.1395648
11166483563,石蔭東邨 Shek Yam East Estate,22.3723949,114.1393635
11166483564,石蔭東邨 Shek Yam East Estate,22.3723478,114.1393399
11166483565,石蔭東邨 Shek Yam East Estate,22.3723831,114.1393082
11166483566,和宜合道運動場 Wo Yi Hop Road Sports Ground,22.3738088,114.1364769
11166483567,和宜合道運動場 Wo Yi Hop Road Sports Ground,22.3736705,114.1363949
11166483568,和宜合道運動場 Wo Yi Hop Road Sports Ground,22.3738484,114.1363949
11166483569,梨木樹邨 Lei Muk Shue Estate,22.3771978,114.1368183
11166483570,梨木樹邨 Lei Muk Shue Estate,22.37716,114.1368784
11166483595,梨木樹邨 Lei Muk Shue Estate,22.3787802,114.1373594
11166483596,梨木樹邨 Lei Muk Shue Estate,22.3787979,114.1373241
11166483597,可風中學 Ho Fung College,22.3804415,114.1355484
11166483598,可風中學 Ho Fung College,22.3803762,114.1355637
11166483599,可風中學 Ho Fung College,22.3802843,114.1346486
11166483600,三棟屋村 Sam Tung Uk Resite Village,22.37997,114.1297993
11166483601,海壩村 Hoi Pa Resite Village,22.3787602,114.1272964
11166483602,東普陀 Tung Po Tor,22.378839,114.1274679
11166490019,"石圍角邨石葵樓 Shek Kwai House, Shek Wai Kok Estate",22.3758537,114.1246822
11166490020,"石圍角邨石菊樓 Shek Kuk House, Shek Wai Kok Estate",22.3759402,114.1247461
11166490021,"石圍角邨石荷樓 Shek Ho House, Shek Wai Kok Estate",22.3741926,114.1225556
11166490030,"石圍角邨石蓮樓 Shek Lin House, Shek Wai Kok Estate",22.3743962,114.1225538
11166490031,"石圍角邨石蓮樓 Shek Lin House, Shek Wai Kok Estate",22.3744931,114.1226602
11168688169,荃富街公園 Tsuen Fu Street Garden,22.3689334,114.1217476
11168756675,麗城花園（第三期） Belvedere Garden (Phase 3),22.3721146,114.1028382
11168934327,九肚山路 Kau To Shan Road,22.4065107,114.2091651
11168934328,麗坪路 Lai Ping Road,22.410171,114.2104354
11168934329,崇基學院 Chung Chi College,22.4131837,114.2083351
11169109984,,22.3729238,114.1025957
11169109993,麗城花園（第三期） Belvedere Garden (Phase 3),22.3717633,114.1011538
11169109994,,22.3729461,114.102734
11169109995,麗城花園第一期 Belvedere Garden Phase 1,22.3732379,114.1031117
11169109996,麗城花園（第一期） Belvedere Garden (Phase 1),22.3732755,114.1031619
11169989803,九龍塘聯合道 Junction Road Kowloon Tong,22.3379734,114.1792401
11169989804,九龍塘聯合道 Junction Road Kowloon Tong,22.3379708,114.1793053
11170984348,大窩口站 Tai Wo Hau Station,22.3704607,114.1237235
11171448036,葵涌屏麗徑 Ping Lai Path Kwai Chung,22.3673602,114.134993
11172054755,九龍塘站 Kowloon Tong Station,22.335857,114.1790637
11172054756,九龍塘站 Kowloon Tong Station,22.3357762,114.1790589
11172170378,龍濤花園 La Villa,22.3312589,114.1788057
11173547019,愉景新城 Discovery Park,22.3764772,114.112621
11173803149,荃灣站 Tsuen Wan Station,22.3742298,114.1160657
11173803150,荃灣站 Tsuen Wan Station,22.3741224,114.1162689
11173803151,荃灣站 Tsuen Wan Station,22.3741842,114.1162971
11176057266,馬料水公眾碼頭 Ma Liu Shui Public Pier,22.4160814,114.2139672
11176550887,葵涌交匯處 Kwai Chung Interchange,22.3395836,114.132678
11176550892,葵涌交匯處 Kwai Chung Interchange,22.3408429,114.1315346
11176550893,葵涌交滙處 Kwai Chung Interchange,22.340626,114.1316624
11178874749,梨木道 Lei Muk Road,22.3712334,114.1367497
11181487231,楊屋道街市 Yeung Uk Road Market,22.3686986,114.1145103
11181487232,楊屋道街市 Yeung Uk Road Market,22.3686388,114.1146216
11181487233,楊屋道街市 Yeung Uk Road Market,22.3684056,114.1150509
11181487234,楊屋道街市 Yeung Uk Road Market,22.3685146,114.1149847
11181487235,楊屋道街市 Yeung Uk Road Market,22.3687524,114.1145443
11181487236,楊屋道街市 Yeung Uk Road Market,22.368686,114.1146768
11181514537,楊屋道街市 Yeung Uk Road Market,22.3686645,114.1147167
11181514550,橫窩仔街 Wang Wo Tsai Street,22.3666155,114.1184946
11182539238,"葵芳邨葵信樓 Kwai Shun House, Kwai Fong Estate",22.3611466,114.1298145
11182539239,,22.3611129,114.1298714
11182539244,新都會廣場 Metroplaza,22.3578878,114.1262007
11182539245,新都會廣場 Metroplaza,22.3577109,114.1259581
11182539246,新都會廣場 Metroplaza,22.357833,114.1262412
11182539247,新都會廣場 Metroplaza,22.3576718,114.1260059
11182539248,新都會廣場 Metroplaza,22.3576648,114.1259927
11182539261,葵青劇院 Kwai Tsing Theatre,22.3564527,114.1257353
11182539262,葵青劇院 Kwai Tsing Theatre,22.356291,114.1258601
11182539267,葵青劇院 Kwai Tsing Theatre,22.3561591,114.1256767
11182539268,葵青劇院 Kwai Tsing Theatre,22.3565108,114.1256893
11182539269,葵青劇院 Kwai Tsing Theatre,22.3561477,114.1256896
11182927617,下葵涌分科診所 Ha Kwai Chung Polyclinic,22.3520969,114.1282455
11182927618,下葵涌分科診所 Ha Kwai Chung Polyclinic,22.3522761,114.1283914
11182927619,下葵涌分科診所 Ha Kwai Chung Polyclinic,22.3523781,114.1284746
11182927624,麗瑤邨榮瑤樓 Wing Yiu House Lai Yiu Estate,22.354697,114.1307392
11182927625,麗瑤邨榮瑤樓 Wing Yiu House Lai Yiu Estate,22.3546195,114.1308464
11182927626,麗瑤邨榮瑤樓 Wing Yiu House Lai Yiu Estate,22.354095,114.1315805
11182927627,麗瑤邨榮瑤樓 Wing Yiu House Lai Yiu Estate,22.3545653,114.1308149
11182927632,下葵涌分科診所 Ha Kwai Chung Polyclinic,22.3523542,114.1285112
11183841630,聯接街 Joint Street,22.3511185,114.127294
11183841631,,22.35107,114.1272641
11183841632,荔景邨日景樓 Yat King House Lai King Estate,22.3500308,114.1270148
11183841633,荔景站 Lai King Station,22.3480735,114.126783
11183841634,荔景站 Lai King Station,22.3486393,114.1269189
11183841635,荔景站 Lai King Station,22.3485521,114.126907
11183841636,荔景站 Lai King Station,22.3484375,114.1268876
11183891737,荔景站 Lai King Station,22.3483548,114.1268792
11183891738,荔景站 Lai King Station,22.3480651,114.1268449
11183891760,荔景邨樂景樓 Lok King House Lai King Estate,22.3453861,114.1273126
11184953393,祖堯邨商場 Cho Yiu Chuen Commercial Centre,22.3460692,114.1285712
11184953394,祖堯邨商場 Cho Yiu Chuen Commercial Centre,22.3461396,114.128571
11185326592,救世軍荔景院 The Salvation Army Lai King Home,22.3448045,114.128401
11185326593,晨輝學校 Morninghope School,22.3442042,114.1297138
11185326594,晨輝學校 Morninghope School,22.3442785,114.1297874
11185326599,葵涌醫院 Kwai Chung Hospital,22.3438488,114.1304992
11185326600,葵涌醫院 Kwai Chung Hospital,22.3434621,114.1314864
11185326617,華荔邨 Wah Lai Estate,22.3426792,114.138082
11186250728,蘭秀道 Nassau Street,22.3383185,114.1407309
11187348575,光昌街 Kwong Cheung Street,22.3382827,114.1508113
11187348576,光昌街 Kwong Cheung Street,22.3382984,114.1508571
11187348577,光昌街 Kwong Cheung Street,22.3383491,114.1508341
11187348578,昌華街 Cheung Wah Street,22.338628,114.1517419
11187348591,長沙灣興華街 Hing Wah Street Cheung Sha Wan,22.3379379,114.1530858
11187348592,長沙灣興華街 Hing Wah Street Cheung Sha Wan,22.3380028,114.1531452
11188397826,長沙灣巴士總站 Cheung Sha Wan Bus Terminus,22.337077,114.1489846
11188397827,長沙灣巴士總站 Cheung Sha Wan Bus Terminus,22.3371632,114.1492095
11188397828,長沙灣廣場 Cheung Sha Wan Plaza,22.337018,114.1487773
11188397829,長沙灣巴士總站 Cheung Sha Wan Bus Terminus,22.3371172,114.1490725
11188397830,長沙灣巴士總站 Cheung Sha Wan Bus Terminus,22.3370925,114.1489987
11189578190,汝州西街 Yu Chau West Street,22.3389349,114.1498625
11189578191,汝州西街 Yu Chau West Street,22.3389614,114.1499408
11189578192,汝州西街 Yu Chau West Street,22.3389824,114.1498421
11189578193,汝州西街 Yu Chau West Street,22.339007,114.1499244
11189578194,集輝街 Tsap Fai Street,22.3398388,114.1524972
11191138954,長沙灣站 Cheung Sha Wan Station,22.3359395,114.1556942
11191161246,長沙灣東京街 Tonkin Street Cheung Sha Wan,22.3350799,114.1568077
11197229279,發祥街 Fat Tseung Street,22.3383315,114.1564954
11197409433,蘇屋邨 So Uk Estate,22.3408629,114.1589127
11197409434,蘇屋邨 So Uk Estate,22.3408279,114.1588808
11197409435,聖公會基愛小學 SKH Kei Oi Primary School,22.3393014,114.1605967
11197939613,順寧道 Shun Ning Road,22.3369203,114.1595158
11203086317,石硤尾消防局 Shek Kip Mei Fire Station,22.3386247,114.1678866
11204042119,白田邨第9座 Block 9 Pak Tin Estate,22.3369433,114.1656575
11210505854,元州街 Un Chau Street,22.338908,114.1550633
11210505855,元州街 Un Chau Street,22.3388833,114.1550947
11215818490,沙田第一城 City One Shatin,22.3861557,114.2025551
11219323818,青富苑 Ching Fu Court,22.3422154,114.107169
11219323819,青富苑 Ching Fu Court,22.3417168,114.1070072
11219323820,青富苑 Ching Fu Court,22.3414782,114.1069609
11219323821,長安 Cheung On,22.361336,114.1031214
11225084934,五旬節聖潔會永光書院 P.H.C. Wing Kwong College,22.3424322,114.1885532
11295778594,海濱花園 Riviera Gardens,22.3627137,114.1141016
11295778596,海濱花園 Riviera Gardens,22.3627539,114.1141179
11295778601,海濱花園 Riviera Gardens,22.3627388,114.1140967
11295778602,海濱花園 Riviera Gardens,22.3626043,114.1143528
11297526113,葵芳（新都會廣場） Kwai Fong (Metroplaza),22.3571489,114.1264173
11383913575,長亨邨停車場 Cheung Hang Estate Car Park,22.3560983,114.0974784
11383913578,長宏巴士總站 Cheung Wang Bus Terminal,22.3574002,114.0961268
11383913579,青富苑 Ching Fu Court,22.3419796,114.1070746
11394249590,,22.3433242,114.1951939
11394249591,,22.3433221,114.1952578
11394249592,,22.3432603,114.1955489
11394249593,,22.3432228,114.195468
11394249594,,22.3431738,114.1953889
11395553216,翠怡花園,22.3529806,114.1083859
11405423126,正暉樓 Ching Fai House,22.3502622,114.2006852
11405423127,正暉樓 Ching Fai House,22.3502213,114.2008016
11405423128,慈正邨正暉樓 Ching Fai House Tsz Ching Estate,22.3502098,114.2008334
11405423129,正暉樓 Ching Fai House,22.3503792,114.2006104
11405423130,正暉樓 Ching Fai House,22.3503461,114.2007173
11405423131,正暉樓 Ching Fai House,22.3502937,114.2008543
11405423132,慈正邨正暉樓 Ching Fai House Tsz Ching Estate,22.350289,114.2008628
11405423133,慈正邨正暉樓 Ching Fai House Tsz Ching Estate,22.3502393,114.201006
11405648175,慈民邨 Tsz Man Estate,22.3486303,114.2029491
11405648176,慈正邨正康樓 Ching Hong House Tsz Ching Estate,22.3486711,114.2028542
11405648177,慈正邨正康樓 Ching Hong House Tsz Ching Estate,22.3486557,114.2031232
11405648186,慈民邨 Tsz Man Estate,22.34865,114.2024987
11469105827,石硤尾消防局 Shek Kip Mei Fire Station,22.3387863,114.1667638
11469105828,石硤尾消防局 Shek Kip Mei Fire Station,22.3387262,114.1667274
11472526734,沙田市中心 Sha Tin Central,22.3821694,114.1877763
11472526735,沙田市中心 Sha Tin Central,22.3821588,114.1878053
11472526739,火炭駿洋邨 Fo Tan Chun Yeung Estate,22.3992845,114.1900404
11472526740,火炭駿洋邨 Fo Tan Chun Yeung Estate,22.3993657,114.1901826
11472526741,火炭駿洋邨 Fo Tan Chun Yeung Estate,22.3993429,114.1901921
11494518603,彩虹（采頤花園） Choi Hung (Rhythm Garden),22.3382209,114.20309
11494518604,啟翔苑 Kai Cheung Court,22.3380689,114.2030338
11494518605,啟翔苑 Kai Cheung Court,22.3380887,114.2030323
11494518606,啟翔苑 Kai Cheung Court,22.3379491,114.2029904
11494518607,啟翔苑 Kai Cheung Court,22.3379852,114.2029909
11494518608,啟翔苑 Kai Cheung Court,22.3379807,114.2031688
11494518609,啟翔苑 Kai Cheung Court,22.338012,114.2031675
11494518610,啟翔苑 Kai Cheung Court,22.3378165,114.2029057
11494518611,啟翔苑 Kai Cheung Court,22.3378415,114.2029114
11494518612,啟翔苑 Kai Cheung Court,22.3378406,114.2030791
11494518613,啟翔苑 Kai Cheung Court,22.3378715,114.2030783
11494518614,啟翔苑 Kai Cheung Court,22.3378804,114.2032781
11494518615,啟翔苑 Kai Cheung Court,22.3379139,114.2032655
11494629371,四美街 Sze Mei Street,22.3379164,114.2017624
11494629372,四美街 Sze Mei Street,22.3379842,114.2017924
11500432632,"蘇屋邨海棠樓 Begonia House, So Uk Estate",22.3397029,114.1572819
11500432633,寶熙苑 Po Hei Court,22.3376928,114.159051
11514193295,元州商場 Un Chau Shopping Centre,22.3382763,114.1554772
11514193300,長沙灣東京街 Tonkin Street Cheung Sha Wan,22.3350052,114.1566936
11514193301,長沙灣東京街 Tonkin Street Cheung Sha Wan,22.3351121,114.1565558
11522489354,興華街 Hing Wah Street,22.3378718,114.1529766
11522489355,興華街 Hing Wah Street,22.3383427,114.1522807
11522489356,長沙灣徑 Cheung Sha Wan Path,22.3382179,114.1510215
11522489357,長沙灣徑 Cheung Sha Wan Path,22.3379866,114.1503164
11522489358,長沙灣徑 Cheung Sha Wan Path,22.3379245,114.150129
11522489359,長沙灣徑 Cheung Sha Wan Path,22.3378835,114.1500055
11522489360,興華街 Hing Wah Street,22.3378346,114.1529499
11522489361,興華街 Hing Wah Street,22.338265,114.1522527
11522489362,長沙灣徑 Cheung Sha Wan Path,22.338143,114.1510526
11522489363,長沙灣徑 Cheung Sha Wan Path,22.3380846,114.1507933
11522489364,長沙灣徑 Cheung Sha Wan Path,22.3379391,114.1503361
11522489365,長沙灣徑 Cheung Sha Wan Path,22.3378732,114.1501503
11522489366,長沙灣徑 Cheung Sha Wan Path,22.3378297,114.1500278
11525106545,荔枝角站 Lai Chi Kok Station,22.3374623,114.148795
11525106546,荔枝角站 Lai Chi Kok Station,22.3374187,114.1486676
11525106547,長沙灣廣場 Cheung Sha Wan Plaza,22.3374,114.1486129
11525106548,荔枝角站 Lai Chi Kok Station,22.3373359,114.1484263
11525106549,長沙灣廣場 Cheung Sha Wan Plaza,22.3373944,114.1488846
11525106550,荔枝角站 Lai Chi Kok Station,22.3373756,114.1488301
11525106551,荔枝角站 Lai Chi Kok Station,22.3373315,114.1487028
11525106552,長沙灣廣場 Cheung Sha Wan Plaza,22.3373127,114.1486482
11525106553,荔枝角站 Lai Chi Kok Station,22.3372482,114.1484617
11525106554,長沙灣廣場 Cheung Sha Wan Plaza,22.3372081,114.1483163
11525106555,長沙灣廣場 Cheung Sha Wan Plaza,22.3372078,114.1483253
11543568932,映月台 Moonbeam Terrace,22.3419222,114.1787571
11543568933,映月台 Moonbeam Terrace,22.3420278,114.1787235
11557033729,美孚新邨 Mei Foo MTR Station,22.3370948,114.1406694
11557033730,美孚新邨 Mei Foo MTR Station,22.3369067,114.1405732
11557033731,美孚新邨 Mei Foo MTR Station,22.3369847,114.1405892
11557033732,美孚新邨 Mei Foo MTR Station,22.3371341,114.1406198
11557033733,美孚 Mei Foo,22.3370715,114.1407461
11557033734,美孚 Mei Foo,22.3369412,114.140808
11557033735,美孚 Mei Foo,22.3370648,114.1408332
11557050210,蘭秀道 Nassau Street,22.3384582,114.1405787
11557050211,蘭秀道 Nassau Street,22.3385816,114.1405197
11557050212,荔灣道 Lai Wan Road,22.3397531,114.1396436
11639990578,火炭(山尾街)總站 Fo Tan (Shan Mei Street) Bus Terminus,22.3964175,114.1943094
11639990579,火炭(山尾街)總站 Fo Tan (Shan Mei Street) Bus Terminus,22.3964762,114.194246
11662303274,瑪嘉烈醫院 Princess Margaret Hospital,22.3401622,114.1335633
11662303275,,22.3422417,114.1322599
11681754855,美輝街 Mei Fai Street,22.3766021,114.1743917
11681754856,美輝街 Mei Fai Street,22.3766061,114.1743758
11692270007,"城泉樓 Shing Chuen House, Shui Chuen O Estate",22.3728554,114.1966814
11692270020,月泉樓 Yuet Chuen House,22.3725022,114.1966063
11744863737,荃景圍天橋 Tsuen King Circuit Flyover,22.3756502,114.1069328
11765907943,銅鑼灣村 Tung Lo Wan Village,22.377135,114.1806884
11769504828,,22.3990464,114.1862119
11769516588,,22.400019,114.188094
11772768940,祖堯邨巴士總站 Cho Yiu Chuen Bus Terminus,22.3460111,114.1285513
11772768941,祖堯邨商場 Cho Yiu Chuen Commercial Centre,22.3459406,114.128698
11772768942,祖堯邨商場 Cho Yiu Chuen Commercial Centre,22.3459418,114.1285506
11772768943,葵涌醫院 Kwai Chung Hospital,22.3434571,114.1312353
11772768944,葵涌醫院 Kwai Chung Hospital,22.3437972,114.1305288
11772768945,祖堯邨巴士總站 Cho Yiu Chuen Bus Terminus,22.3459916,114.1285025
11772768952,祖堯邨商場 Cho Yiu Chuen Commercial Centre,22.345907,114.1287157
11772768953,祖堯邨商場 Cho Yiu Chuen Commercial Centre,22.345902,114.1285818
11772768954,荔景邨樂景樓 Lok King House Lai King Estate,22.3458218,114.1267406
11821260308,Mini bus,22.3392201,114.150204
11847506412,大學站 University Station,22.4124732,114.2109871
11847506413,大學站 University Station,22.4124149,114.210964
11847506434,大學站 University Station,22.4124633,114.2111666
11862396518,馬料水公眾碼頭 Ma Liu Shui Public Pier,22.4159011,114.2136931
11862396519,馬料水公眾碼頭 Ma Liu Shui Public Pier,22.4160763,114.2139681
11862396538,大學站 University Station,22.4124164,114.2109548
11862396540,大學站 University Station,22.4124803,114.211029
11862433292,葵翠邨 Kwai Tsui Estate,22.3564435,114.1285608
11866491651,葵芳站總站 Kwai Fong Station Bus Terminus,22.3568553,114.1281602
11897028445,荔景站 Lai King Station,22.3482407,114.1268052
11897028450,荔景站 Lai King Station,22.348342,114.12676
11897028451,荔景站 Lai King Station,22.3484557,114.126775
11897080960,荔景站 Lai King Station,22.3476837,114.1266158
11897080961,荔景站 Lai King Station,22.3483533,114.1267169
11897080962,荔景站 Lai King Station,22.3484715,114.1267314
11897080963,荔景站 Lai King Station,22.3485586,114.1267422
11897080964,荔景邨日景樓 Yat King House Lai King Estate,22.3498841,114.1269473
11897080965,荔景邨日景樓 Yat King House Lai King Estate,22.3500368,114.1269574
11897080966,荔景邨和景樓 Wo King House Lai King Estate,22.3510304,114.1271148
12050653607,火炭駿洋邨 Fo Tan Chun Yeung Estate,22.3991606,114.1899032
12050653608,火炭駿洋邨 Fo Tan Chun Yeung Estate,22.399263,114.1900654
12050653609,穗禾苑巴士總站 Sui Wo Court Bus Terminus,22.3927753,114.1945586
12050653610,穗禾苑巴士總站 Sui Wo Court Bus Terminus,22.3927786,114.194499
12050653611,豐利工業中心 Goldfield Industrial Centre,22.3968539,114.1920636
12050653612,穗禾路 Sui Wo Road,22.3968909,114.1918986
12128716566,顯耀邨 Hin Yiu Estate,22.367237,114.175446
12128716568,隆亨邨 Lung Hang Estate,22.3684897,114.1782025
12135817115,大圍站（落客站） Tai Wai Station (Alighting Stop),22.3729918,114.179712
12135817118,大圍站 Tai Wai Station,22.3732782,114.1802273
12135817120,大圍站 Tai Wai Station,22.3726779,114.1799108
12135817121,大圍站 Tai Wai Station,22.3726969,114.1798974
12135817122,大圍站 Tai Wai Station,22.3726748,114.179903
12135817123,大圍站 Tai Wai Station,22.372882,114.1802044
12135817124,大圍站 Tai Wai Station,22.3728606,114.1802108
12135817125,大圍站 Tai Wai Station,22.3727793,114.1800361
12135817126,大圍站 Tai Wai Station,22.3727564,114.1800526
12189554988,基慧小學 Kei Wai Primary School,22.3506459,114.0595035
12306592743,青富商場 Ching Fu Shopping Centre,22.3432532,114.1079659
12323658984,,22.3603926,114.1072479
12323658985,,22.3601888,114.1070731
12323658986,,22.3598459,114.1073596
12422362178,,22.3818287,114.1884892
12597667363,,22.351121,114.0846358
12629503171,,22.3804058,114.1964991
12649873907,九肚山路 Kau To Shan Road,22.4063287,114.2086337
12697997192,沙田圍新村 Sha Tin Wai New Village,22.3786352,114.1973676
12701768506,啟翔苑 Kai Cheung Court,22.338129,114.2032697
12701768507,啟翔苑 Kai Cheung Court,22.3381034,114.2032731
12762150172,青衣街市 Tsing Yi Market,22.3543147,114.106004
12801953708,深井村 Sham Tseng Village,22.3668493,114.0591846
12801953710,碧堤半島 Bellagio,22.3675102,114.0614475
12860588650,葵芳南 Kwai Fong South,22.3547626,114.1264794
12860588651,葵芳（南）總站 Kwai Fong (South) Bus Terminus,22.354673,114.126487
12860588652,葵芳南 Kwai Fong South,22.3547325,114.1264756
12860588653,葵芳（南）總站 Kwai Fong (South) Bus Terminus,22.3546336,114.1264865
12985140585,長安 Cheung On,22.361722,114.1029169
12985140586,青衣碼頭總站 Tsing Yi Ferry Bus Terminus,22.3538059,114.1089283
12985140587,青衣碼頭 Tsing Yi Ferry,22.3534334,114.1092134
12985140588,青衣碼頭 Tsing Yi Ferry,22.353477,114.1091794
13019312169,沙田工業中心 Shatin Industrial Centre,22.3841069,114.2050877
13051013588,臨海廣場（落客站） Beach Commercial Complex (alighting only),22.3500687,114.0611202
13051013597,臨海廣場 Beach Commercial Complex,22.3500009,114.060654
13051013598,臨海廣場 Beach Commercial Complex,22.3497584,114.0611549
13051013599,馬灣 (珀欣路) Ma Wan (Pak Yan Road),22.3481717,114.0607925
13051013600,馬灣 (珀欣路) Ma Wan (Pak Yan Road),22.3471855,114.0598453
13070545696,,22.3660095,114.1393879
13072784947,,22.3001363,114.166864
13094872846,葵翠邨 Kwai Tsui Estate,22.3563486,114.1286151
13094872847,葵翠邨 Kwai Tsui Estate,22.3563335,114.12865
13272262321,沙田市中心總站 Shatin Central Bus Terminus,22.3824001,114.1884731
13272262322,沙田市中心總站 Shatin Central Bus Terminus,22.3824266,114.1884336
13333303161,世界花園 World Wide Gardens,22.3661728,114.1805943
13333303162,新翠邨 Sun Chui Estate,22.3703526,114.1795345
13342839951,"博康邨博泰樓 Pok Tai House, Pok Hong Estate",22.3766757,114.1962657
13344689122,饒宗頤文化館 Jao Tsung-I Academy,22.3372028,114.1420376
13344689123,長荔街 Cheung Lai Street,22.3368579,114.1473632
13344689125,大河道 Tai Ho Road,22.371897,114.1159773
13344689126,荃灣站 Tsuen Wan Station,22.3735335,114.1169279
13344689127,荃灣站 Tsuen Wan Station,22.3735141,114.1169529
13344689128,大河道 Tai Ho Road,22.3721974,114.1159354
13344689129,長荔街 Cheung Lai Street,22.3368006,114.1472039
13420700765,深井深慈街 Sham Tsz Street Sham Tseng,22.3669836,114.0630733
13495293387,,22.3722821,114.0967281
13583847460,葵芳站巴士總站 Kwai Fong Station Bus Terminus,22.3571108,114.1287179
13686432014,長安 Cheung On,22.361614,114.1028408
13686487908,,22.3439599,114.1547742
13689003114,青衣邨 Tsing Yi Estate,22.3541082,114.1038269
13705311324,大學站 University Station,22.4128104,114.2103173
13707217352,水泉澳（上）總站 Shui Chuen O (Upper) Bus Terminus,22.3684099,114.1983111
13860947359,葵芳新都會廣場 Kwai Fong Metroplaza,22.3573378,114.126137
13898748344,"石排街嘉翠園 Greenknoll Court, Shek Pai Street",22.362988,114.136639
13898748345,石籬邨石安樓 Shek On House Shek Lei Estate,22.3639436,114.1385414
13898748346,梨木樹巴士總站 Lei Muk Shue Bus Terminus,22.3779997,114.1363728
13898748347,梨木樹巴士總站 Lei Muk Shue Bus Terminus,22.3781398,114.136586
13898748348,梨木樹巴士總站 Lei Muk Shue Bus Terminus,22.3781435,114.1367483
13898748349,梨木樹巴士總站 Lei Muk Shue Bus Terminus,22.3776816,114.1365445
13898748350,梨木樹巴士總站 Lei Muk Shue Bus Terminus,22.3776816,114.136525
13898748351,梨木樹巴士總站 Lei Muk Shue Bus Terminus,22.3776803,114.1366007
13898748352,梨木樹巴士總站 Lei Muk Shue Bus Terminus,22.3776816,114.1366222
13898748353,梨木樹巴士總站 Lei Muk Shue Bus Terminus,22.3776834,114.1366885
13898748354,梨木樹巴士總站 Lei Muk Shue Bus Terminus,22.3776834,114.1367114
13898748357,梨木樹巴士總站 Lei Muk Shue Bus Terminus,22.3776884,114.1367865
13898748358,梨木樹巴士總站 Lei Muk Shue Bus Terminus,22.3778186,114.1367885
13898748359,梨木樹巴士總站 Lei Muk Shue Bus Terminus,22.3776872,114.1367631
13898748360,梨木樹巴士總站 Lei Muk Shue Bus Terminus,22.3778223,114.1367605
13937925761,石門總站 Shek Mun Bus Terminus,22.3877629,114.2089103
13937925762,帝逸酒店 Alva Hotel By Royal,22.3836619,114.2089172
13937925764,沙田市中心總站 Shatin Central Bus Terminus,22.3824715,114.1885412
13937925765,沙田市中心總站 Shatin Central Bus Terminus,22.3820685,114.1880919
13937925766,青沙公路轉車站 Tsing Sha Highway Bus Interchange,22.360161,114.1628529
13937925767,積運街 Chik Wan Street,22.3721991,114.178078
13937925768,積運街 Chik Wan Street,22.3721648,114.1780248
13937925769,新翠邨新明樓 Sun Ming House Sun Chui Estate,22.3721798,114.1801113
13937925770,沙田市中心總站 Shatin Central Bus Terminus,22.3820402,114.188126
13937925771,沙田市中心總站 Shatin Central Bus Terminus,22.3824952,114.1885051
13937925772,香港駕駛學院 Hong Kong School of Motoring,22.3810057,114.2081568
13937925773,帝逸酒店 Alva Hotel By Royal,22.383833,114.2091331
13987291724,沙田市中心總站 Shatin Central Bus Terminus,22.3821705,114.1881887
13987291725,禾輋 Wo Che,22.3885949,114.1944234
14051828173,沙田市中心總站 Shatin Central Bus Terminus,22.3823182,114.1883326
14051828174,沙田市中心總站 Shatin Central Bus Terminus,22.3823289,114.188522
14051828175,沙田市中心總站 Shatin Central Bus Terminus,22.3821727,114.188386
14051828176,沙田市中心總站 Shatin Central Bus Terminus,22.381962,114.188187
14051828179,沙田市中心 Sha Tin Central,22.3820816,114.1880289
14051828217,沙田市中心總站 Shatin Central Bus Terminus,22.3824857,114.1882546
14051828218,沙田市中心總站 Shatin Central Bus Terminus,22.3823903,114.1881641
14051828219,沙田市中心總站 Shatin Central Bus Terminus,22.3822608,114.1880341
14051828227,沙田市中心總站 Shatin Central Bus Terminus,22.3822746,114.1879064
14051828236,沙田市中心總站 Shatin Central Bus Terminus,22.3819454,114.1879695
