route_id,route_number,service_type,operator,origin,destination,origin_key,destination_key,bound,gtfs_id,source
1+1+Central (Macao Ferry)+Happy Valley (Upper),1,1,ctb,Central (Macao Ferry),Happy Valley (Upper),Central (Macao Ferry),Happy Valley (Upper),,1480,HK Bus Crawling
1+1+Happy Valley (Upper)+Central (Macao Ferry),1,1,ctb,Happy Valley (Upper),Central (Macao Ferry),Happy Valley (Upper),Central (Macao Ferry),,1480,HK Bus Crawling
1+2+Central (Macao Ferry)+Happy Valley (Upper),1,2,ctb,Central (Macao Ferry),Happy Valley (Upper),Central (Macao Ferry),Happy Valley (Upper),,1000326,HK Bus Crawling
10+1+Kennedy Town+North Point Ferry Pier,10,1,ctb,Kennedy Town,North Point Ferry Pier,Kennedy Town,North Point Ferry Pier,,1000296,HK Bus Crawling
10+1+North Point Ferry Pier+Kennedy Town,10,1,ctb,North Point Ferry Pier,Kennedy Town,North Point Ferry Pier,Kennedy Town,,1000296,HK Bus Crawling
10+2+Kennedy Town+North Point Ferry Pier,10,2,ctb,Kennedy Town,North Point Ferry Pier,Kennedy Town,North Point Ferry Pier,,1000295,HK Bus Crawling
101R+1+Happy Valley Racecourse+Kwun Tong (Yue Man Square),101R,1,ctb,Happy Valley Racecourse,Kwun Tong (Yue Man Square),Happy Valley Racecourse,Kwun Tong (Yue Man Square),,,HK Bus Crawling
102R+1+Happy Valley Racecourse+Mei Foo,102R,1,ctb,Happy Valley Racecourse,Mei Foo,Happy Valley Racecourse,Mei Foo,,,HK Bus Crawling
104R+1+Central (Ferry Piers)+Mong Kok,104R,1,ctb,Central (Ferry Piers),Mong Kok,Central (Ferry Piers),Mong Kok,,,HK Bus Crawling
11+1+Central Ferry - Bus Terminus+Central Ferry - Bus Terminus,11,1,ctb,Central Ferry - Bus Terminus,Central Ferry - Bus Terminus,Central Ferry - Bus Terminus,Central Ferry - Bus Terminus,,1000276,HK Bus Crawling
"11+1+Central Ferry - Bus Terminus+Loong Fung Terrace, Tai Hang Road",11,1,ctb,Central Ferry - Bus Terminus,"Loong Fung Terrace, Tai Hang Road",Central Ferry - Bus Terminus,"Loong Fung Terrace, Tai Hang Road",,8445,HK Bus Crawling
11+1+Jardine's Lookout+Central (Ferry Piers),11,1,ctb,Jardine's Lookout,Central (Ferry Piers),Jardine's Lookout,Central (Ferry Piers),,,HK Bus Crawling
11+2+Central Ferry - Bus Terminus+Central Ferry - Bus Terminus,11,2,ctb,Central Ferry - Bus Terminus,Central Ferry - Bus Terminus,Central Ferry - Bus Terminus,Central Ferry - Bus Terminus,,1495,HK Bus Crawling
"11+2+Central Ferry - Bus Terminus+Loong Fung Terrace, Tai Hang Road",11,2,ctb,Central Ferry - Bus Terminus,"Loong Fung Terrace, Tai Hang Road",Central Ferry - Bus Terminus,"Loong Fung Terrace, Tai Hang Road",,8446,HK Bus Crawling
"11+3+Central Ferry - Bus Terminus+Canal Road East, Hennessy Road",11,3,ctb,Central Ferry - Bus Terminus,"Canal Road East, Hennessy Road",Central Ferry - Bus Terminus,"Canal Road East, Hennessy Road",,8447,HK Bus Crawling
110+1+Tsim Sha Tsui (Mody Road)+Shau Kei Wan,110,1,ctb,Tsim Sha Tsui (Mody Road),Shau Kei Wan,Tsim Sha Tsui (Mody Road),Shau Kei Wan,,,HK Bus Crawling
118R+1+Siu Sai Wan Sports Ground+Mong Kok,118R,1,ctb,Siu Sai Wan Sports Ground,Mong Kok,Siu Sai Wan Sports Ground,Mong Kok,,,HK Bus Crawling
"12+1+Central Ferry - Discovery Bay Ferry, Man Kwong Street+Central Ferry - Discovery Bay Ferry, Man Kwong Street",12,1,ctb,"Central Ferry - Discovery Bay Ferry, Man Kwong Street","Central Ferry - Discovery Bay Ferry, Man Kwong Street","Central Ferry - Discovery Bay Ferry, Man Kwong Street","Central Ferry - Discovery Bay Ferry, Man Kwong Street",,1750,HK Bus Crawling
12+1+Central Pier 3+Robinson Road ／ Park Road,12,1,ctb,Central Pier 3,Robinson Road ／ Park Road,Central Pier 3,Robinson Road ／ Park Road,,,HK Bus Crawling
12+1+Robinson Road ／ Park Road+Central Pier 3,12,1,ctb,Robinson Road ／ Park Road,Central Pier 3,Robinson Road ／ Park Road,Central Pier 3,,,HK Bus Crawling
"12+2+Central Ferry - Discovery Bay Ferry, Man Kwong Street+Central Ferry - Discovery Bay Ferry, Man Kwong Street",12,2,ctb,"Central Ferry - Discovery Bay Ferry, Man Kwong Street","Central Ferry - Discovery Bay Ferry, Man Kwong Street","Central Ferry - Discovery Bay Ferry, Man Kwong Street","Central Ferry - Discovery Bay Ferry, Man Kwong Street",,1749,HK Bus Crawling
12A+1+Admiralty (Tamar Street)+MacDonnell Road,12A,1,ctb,Admiralty (Tamar Street),MacDonnell Road,Admiralty (Tamar Street),MacDonnell Road,,1507,HK Bus Crawling
12A+2+Admiralty (Tamar Street)+MacDonnell Road,12A,2,ctb,Admiralty (Tamar Street),MacDonnell Road,Admiralty (Tamar Street),MacDonnell Road,,8483,HK Bus Crawling
"12A+3+Admiralty - Tamar Street+Statue Square, Chater Road",12A,3,ctb,Admiralty - Tamar Street,"Statue Square, Chater Road",Admiralty - Tamar Street,"Statue Square, Chater Road",,8484,HK Bus Crawling
12M+1+Admiralty (Tamar Street)+Park Road,12M,1,ctb,Admiralty (Tamar Street),Park Road,Admiralty (Tamar Street),Park Road,,1508,HK Bus Crawling
13+1+Admiralty (Tamar Street)+Kotewall Road (Mid-levels),13,1,ctb,Admiralty (Tamar Street),Kotewall Road (Mid-levels),Admiralty (Tamar Street),Kotewall Road (Mid-levels),,1509,HK Bus Crawling
13+1+Kotewall Road (Mid-levels)+Admiralty (Tamar Street),13,1,ctb,Kotewall Road (Mid-levels),Admiralty (Tamar Street),Kotewall Road (Mid-levels),Admiralty (Tamar Street),,1509,HK Bus Crawling
13+2+Kotewall Road (Mid-levels)+Admiralty (Tamar Street),13,2,ctb,Kotewall Road (Mid-levels),Admiralty (Tamar Street),Kotewall Road (Mid-levels),Admiralty (Tamar Street),,1000254,HK Bus Crawling
14+1+Sai Wan Ho (Grand Promenade)+Sai Wan Ho (Grand Promenade),14,1,ctb,Sai Wan Ho (Grand Promenade),Sai Wan Ho (Grand Promenade),Sai Wan Ho (Grand Promenade),Sai Wan Ho (Grand Promenade),,8108,HK Bus Crawling
"14+1+Sai Wan Ho (Grand Promenade)+Stanley Fort, Wong Ma Kok Road",14,1,ctb,Sai Wan Ho (Grand Promenade),"Stanley Fort, Wong Ma Kok Road",Sai Wan Ho (Grand Promenade),"Stanley Fort, Wong Ma Kok Road",,1741,HK Bus Crawling
"14+1+Stanley Fort, Wong Ma Kok Road+Sai Wan Ho (Grand Promenade)",14,1,ctb,"Stanley Fort, Wong Ma Kok Road",Sai Wan Ho (Grand Promenade),"Stanley Fort, Wong Ma Kok Road",Sai Wan Ho (Grand Promenade),,1741,HK Bus Crawling
14+2+Sai Wan Ho (Grand Promenade)+Sai Wan Ho (Grand Promenade),14,2,ctb,Sai Wan Ho (Grand Promenade),Sai Wan Ho (Grand Promenade),Sai Wan Ho (Grand Promenade),Sai Wan Ho (Grand Promenade),,8113,HK Bus Crawling
"14+2+Sai Wan Ho (Grand Promenade)+Stanley Fort, Wong Ma Kok Road",14,2,ctb,Sai Wan Ho (Grand Promenade),"Stanley Fort, Wong Ma Kok Road",Sai Wan Ho (Grand Promenade),"Stanley Fort, Wong Ma Kok Road",,8111,HK Bus Crawling
14+2+Stanley Plaza+Sai Wan Ho (Grand Promenade),14,2,ctb,Stanley Plaza,Sai Wan Ho (Grand Promenade),Stanley Plaza,Sai Wan Ho (Grand Promenade),,8110,HK Bus Crawling
"14+3+Sai Wan Ho (Grand Promenade)+Stanley Prison, Tung Tau Wan Road",14,3,ctb,Sai Wan Ho (Grand Promenade),"Stanley Prison, Tung Tau Wan Road",Sai Wan Ho (Grand Promenade),"Stanley Prison, Tung Tau Wan Road",,8112,HK Bus Crawling
"14+3+Stanley Fort, Wong Ma Kok Road+Sai Wan Ho (Grand Promenade)",14,3,ctb,"Stanley Fort, Wong Ma Kok Road",Sai Wan Ho (Grand Promenade),"Stanley Fort, Wong Ma Kok Road",Sai Wan Ho (Grand Promenade),,8111,HK Bus Crawling
14+4+Sai Wan Ho (Grand Promenade)+Stanley Plaza,14,4,ctb,Sai Wan Ho (Grand Promenade),Stanley Plaza,Sai Wan Ho (Grand Promenade),Stanley Plaza,,8110,HK Bus Crawling
15+1+Central Ferry – Cheung Chau & Lamma Island Ferry+The Peak,15,1,ctb,Central Ferry – Cheung Chau & Lamma Island Ferry,The Peak,Central Ferry – Cheung Chau & Lamma Island Ferry,The Peak,,1000393,HK Bus Crawling
15+1+The Peak+Central Ferry – Cheung Chau & Lamma Island Ferry,15,1,ctb,The Peak,Central Ferry – Cheung Chau & Lamma Island Ferry,The Peak,Central Ferry – Cheung Chau & Lamma Island Ferry,,8601,HK Bus Crawling
15+2+Central Ferry – Cheung Chau & Lamma Island Ferry+The Peak,15,2,ctb,Central Ferry – Cheung Chau & Lamma Island Ferry,The Peak,Central Ferry – Cheung Chau & Lamma Island Ferry,The Peak,,8601,HK Bus Crawling
15+2+The Peak+Central,15,2,ctb,The Peak,Central,The Peak,Central,,1743,HK Bus Crawling
15+3+Central+The Peak,15,3,ctb,Central,The Peak,Central,The Peak,,1000394,HK Bus Crawling
15+3+The Peak+Central (Exchange Square),15,3,ctb,The Peak,Central (Exchange Square),The Peak,Central (Exchange Square),,1744,HK Bus Crawling
15+4+Central (Exchange Square)+The Peak,15,4,ctb,Central (Exchange Square),The Peak,Central (Exchange Square),The Peak,,1744,HK Bus Crawling
15+4+The Peak+Central (Exchange Square),15,4,ctb,The Peak,Central (Exchange Square),The Peak,Central (Exchange Square),,8602,HK Bus Crawling
15+5+Central+The Peak,15,5,ctb,Central,The Peak,Central,The Peak,,1743,HK Bus Crawling
15+6+Central (Exchange Square)+The Peak,15,6,ctb,Central (Exchange Square),The Peak,Central (Exchange Square),The Peak,,8602,HK Bus Crawling
15B+1+The Peak+Wan Chai (HKCEC Extension),15B,1,ctb,The Peak,Wan Chai (HKCEC Extension),The Peak,Wan Chai (HKCEC Extension),,1000552,HK Bus Crawling
15C+1+Central (Hong Kong Observation Wheel)+Garden Road,15C,1,ctb,Central (Hong Kong Observation Wheel),Garden Road,Central (Hong Kong Observation Wheel),Garden Road,,1511,HK Bus Crawling
15C+1+Garden Road+Central (Hong Kong Observation Wheel),15C,1,ctb,Garden Road,Central (Hong Kong Observation Wheel),Garden Road,Central (Hong Kong Observation Wheel),,1511,HK Bus Crawling
15C+2+Garden Road+Central (Hong Kong Observation Wheel),15C,2,ctb,Garden Road,Central (Hong Kong Observation Wheel),Garden Road,Central (Hong Kong Observation Wheel),,1000259,HK Bus Crawling
170+1+Wah Fu (Central)+Sha Tin Station,170,1,ctb,Wah Fu (Central),Sha Tin Station,Wah Fu (Central),Sha Tin Station,,,HK Bus Crawling
18+1+Kennedy Town (Belcher Bay) ／ Sheung Wan+North Point (Healthy Street Central),18,1,ctb,Kennedy Town (Belcher Bay) ／ Sheung Wan,North Point (Healthy Street Central),Kennedy Town (Belcher Bay) ／ Sheung Wan,North Point (Healthy Street Central),,8748,HK Bus Crawling
18+1+North Point (Healthy Street Central)+Kennedy Town (Belcher Bay) ／ Sheung Wan,18,1,ctb,North Point (Healthy Street Central),Kennedy Town (Belcher Bay) ／ Sheung Wan,North Point (Healthy Street Central),Kennedy Town (Belcher Bay) ／ Sheung Wan,,8748,HK Bus Crawling
"18+2+North Point (Healthy Street Central)+Wing Wo Street, Connaught Road Central",18,2,ctb,North Point (Healthy Street Central),"Wing Wo Street, Connaught Road Central",North Point (Healthy Street Central),"Wing Wo Street, Connaught Road Central",,1516,HK Bus Crawling
18P+1+Kennedy Town (Belcher Bay)+North Point (Healthy Street Central),18P,1,ctb,Kennedy Town (Belcher Bay),North Point (Healthy Street Central),Kennedy Town (Belcher Bay),North Point (Healthy Street Central),,1751,HK Bus Crawling
18P+1+North Point (Healthy Street Central)+Kennedy Town (Belcher Bay),18P,1,ctb,North Point (Healthy Street Central),Kennedy Town (Belcher Bay),North Point (Healthy Street Central),Kennedy Town (Belcher Bay),,1751,HK Bus Crawling
18X+1+Kennedy Town (Belcher Bay)+Shau Kei Wan,18X,1,ctb,Kennedy Town (Belcher Bay),Shau Kei Wan,Kennedy Town (Belcher Bay),Shau Kei Wan,,8141,HK Bus Crawling
18X+1+Shau Kei Wan+Belcher Bay,18X,1,ctb,Shau Kei Wan,Belcher Bay,Shau Kei Wan,Belcher Bay,,8141,HK Bus Crawling
18X+2+Shau Kei Wan+Kennedy Town (Belcher Bay),18X,2,ctb,Shau Kei Wan,Kennedy Town (Belcher Bay),Shau Kei Wan,Kennedy Town (Belcher Bay),,8501,HK Bus Crawling
19P+1+Shau Kei Wan+Happy Valley (Upper),19P,1,ctb,Shau Kei Wan,Happy Valley (Upper),Shau Kei Wan,Happy Valley (Upper),,8133,HK Bus Crawling
1M+1+Exhibition Centre Station+Exhibition Centre Station,1M,1,ctb,Exhibition Centre Station,Exhibition Centre Station,Exhibition Centre Station,Exhibition Centre Station,,1000230,HK Bus Crawling
1M+1+Exhibition Centre Station+Happy Valley ／ Wong Nai Chung Gap,1M,1,ctb,Exhibition Centre Station,Happy Valley ／ Wong Nai Chung Gap,Exhibition Centre Station,Happy Valley ／ Wong Nai Chung Gap,,,HK Bus Crawling
1M+1+Happy Valley ／ Wong Nai Chung Gap+Exhibition Centre Station,1M,1,ctb,Happy Valley ／ Wong Nai Chung Gap,Exhibition Centre Station,Happy Valley ／ Wong Nai Chung Gap,Exhibition Centre Station,,,HK Bus Crawling
1P+1+Wong Nai Chung Road (Broadwood Road)+Central,1P,1,ctb,Wong Nai Chung Road (Broadwood Road),Central,Wong Nai Chung Road (Broadwood Road),Central,,8252,HK Bus Crawling
2+1+Central (Macao Ferry)+Grand Promenade,2,1,ctb,Central (Macao Ferry),Grand Promenade,Central (Macao Ferry),Grand Promenade,,1519,HK Bus Crawling
2+1+Grand Promenade+Central (Macao Ferry),2,1,ctb,Grand Promenade,Central (Macao Ferry),Grand Promenade,Central (Macao Ferry),,1519,HK Bus Crawling
20+1+Cheung Sha Wan (Hoi Tat)+Kai Tak (Muk On Street),20,1,ctb,Cheung Sha Wan (Hoi Tat),Kai Tak (Muk On Street),Cheung Sha Wan (Hoi Tat),Kai Tak (Muk On Street),,8576,HK Bus Crawling
20+1+Kai Tak (Muk On Street)+Cheung Sha Wan (Hoi Tat),20,1,ctb,Kai Tak (Muk On Street),Cheung Sha Wan (Hoi Tat),Kai Tak (Muk On Street),Cheung Sha Wan (Hoi Tat),,8576,HK Bus Crawling
20+2+Cheung Sha Wan (Hoi Tat)+Kai Tak (Muk On Street),20,2,ctb,Cheung Sha Wan (Hoi Tat),Kai Tak (Muk On Street),Cheung Sha Wan (Hoi Tat),Kai Tak (Muk On Street),,1000344,HK Bus Crawling
20A+1+HSR West Kowloon Station (via: Mong Kok)+Kai Tak Cruise Terminal (via: Mong Kok),20A,1,ctb,HSR West Kowloon Station (via: Mong Kok),Kai Tak Cruise Terminal (via: Mong Kok),HSR West Kowloon Station (via: Mong Kok),Kai Tak Cruise Terminal (via: Mong Kok),,1000405,HK Bus Crawling
20A+1+Kai Tak Cruise Terminal (via: Mong Kok)+HSR West Kowloon Station (via: Mong Kok),20A,1,ctb,Kai Tak Cruise Terminal (via: Mong Kok),HSR West Kowloon Station (via: Mong Kok),Kai Tak Cruise Terminal (via: Mong Kok),HSR West Kowloon Station (via: Mong Kok),,1000405,HK Bus Crawling
20A+2+HSR West Kowloon Station (via: Mong Kok)+Kai Tak Cruise Terminal (via: Mong Kok),20A,2,ctb,HSR West Kowloon Station (via: Mong Kok),Kai Tak Cruise Terminal (via: Mong Kok),HSR West Kowloon Station (via: Mong Kok),Kai Tak Cruise Terminal (via: Mong Kok),,1000406,HK Bus Crawling
20A+2+Kai Tak Cruise Terminal (via: Mong Kok)+HSR West Kowloon Station (via: Mong Kok),20A,2,ctb,Kai Tak Cruise Terminal (via: Mong Kok),HSR West Kowloon Station (via: Mong Kok),Kai Tak Cruise Terminal (via: Mong Kok),HSR West Kowloon Station (via: Mong Kok),,1000406,HK Bus Crawling
20R+1+Kai Tak Cruise Terminal+Tsim Sha Tsui ／ High Speed Rail West Kowloon Station,20R,1,ctb,Kai Tak Cruise Terminal,Tsim Sha Tsui ／ High Speed Rail West Kowloon Station,Kai Tak Cruise Terminal,Tsim Sha Tsui ／ High Speed Rail West Kowloon Station,,,HK Bus Crawling
20R+1+Tsim Sha Tsui ／ High Speed Rail West Kowloon Station+Kai Tak Cruise Terminal,20R,1,ctb,Tsim Sha Tsui ／ High Speed Rail West Kowloon Station,Kai Tak Cruise Terminal,Tsim Sha Tsui ／ High Speed Rail West Kowloon Station,Kai Tak Cruise Terminal,,,HK Bus Crawling
20X+1+Jordan & Tsim Sha Tsui+Kai Tak Cruise Terminal,20X,1,ctb,Jordan & Tsim Sha Tsui,Kai Tak Cruise Terminal,Jordan & Tsim Sha Tsui,Kai Tak Cruise Terminal,,,HK Bus Crawling
20X+1+Kai Tak Cruise Terminal+Jordan & Tsim Sha Tsui,20X,1,ctb,Kai Tak Cruise Terminal,Jordan & Tsim Sha Tsui,Kai Tak Cruise Terminal,Jordan & Tsim Sha Tsui,,,HK Bus Crawling
20X+1+Kai Tak Cruise Terminal+Kai Tak Cruise Terminal,20X,1,ctb,Kai Tak Cruise Terminal,Kai Tak Cruise Terminal,Kai Tak Cruise Terminal,Kai Tak Cruise Terminal,,1000718,HK Bus Crawling
22+1+Kai Tak Cruise Terminal+Kowloon Tong (Festival Walk),22,1,ctb,Kai Tak Cruise Terminal,Kowloon Tong (Festival Walk),Kai Tak Cruise Terminal,Kowloon Tong (Festival Walk),,8593,HK Bus Crawling
22+1+Kowloon Tong (Festival Walk)+Kai Tak Cruise Terminal,22,1,ctb,Kowloon Tong (Festival Walk),Kai Tak Cruise Terminal,Kowloon Tong (Festival Walk),Kai Tak Cruise Terminal,,8593,HK Bus Crawling
"22D+1+Kai Tak - MTR Exit A, Muk On Street+Kai Tak - MTR Exit A, Muk On Street",22D,1,ctb,"Kai Tak - MTR Exit A, Muk On Street","Kai Tak - MTR Exit A, Muk On Street","Kai Tak - MTR Exit A, Muk On Street","Kai Tak - MTR Exit A, Muk On Street",,1000374,HK Bus Crawling
22D+1+Kai Tak Runway Area+Kai Tak Station (Exit A),22D,1,ctb,Kai Tak Runway Area,Kai Tak Station (Exit A),Kai Tak Runway Area,Kai Tak Station (Exit A),,,HK Bus Crawling
22D+1+Kai Tak Station (Exit A)+Kai Tak Runway Area,22D,1,ctb,Kai Tak Station (Exit A),Kai Tak Runway Area,Kai Tak Station (Exit A),Kai Tak Runway Area,,,HK Bus Crawling
22M+1+Kai Tak Cruise Terminal+Kai Tak Cruise Terminal,22M,1,ctb,Kai Tak Cruise Terminal,Kai Tak Cruise Terminal,Kai Tak Cruise Terminal,Kai Tak Cruise Terminal,,8765,HK Bus Crawling
22M+1+Kai Tak Cruise Terminal+To Kwa Wan,22M,1,ctb,Kai Tak Cruise Terminal,To Kwa Wan,Kai Tak Cruise Terminal,To Kwa Wan,,,HK Bus Crawling
22M+1+To Kwa Wan+Kai Tak Cruise Terminal,22M,1,ctb,To Kwa Wan,Kai Tak Cruise Terminal,To Kwa Wan,Kai Tak Cruise Terminal,,,HK Bus Crawling
22R+1+Kai Tak Cruise Terminal+Kai Tak Station,22R,1,ctb,Kai Tak Cruise Terminal,Kai Tak Station,Kai Tak Cruise Terminal,Kai Tak Station,,,HK Bus Crawling
22R+1+Kai Tak Station+Kai Tak Cruise Terminal,22R,1,ctb,Kai Tak Station,Kai Tak Cruise Terminal,Kai Tak Station,Kai Tak Cruise Terminal,,,HK Bus Crawling
22S+1+Kai Tak - AIRSIDE+Kai Tak - AIRSIDE,22S,1,ctb,Kai Tak - AIRSIDE,Kai Tak - AIRSIDE,Kai Tak - AIRSIDE,Kai Tak - AIRSIDE,,1000719,HK Bus Crawling
22S+1+Kai Tak -AIRSIDE (via Sung Wong Toi Station)+Kai Tak Hospital ／ Cruise Terminal,22S,1,ctb,Kai Tak -AIRSIDE (via Sung Wong Toi Station),Kai Tak Hospital ／ Cruise Terminal,Kai Tak -AIRSIDE (via Sung Wong Toi Station),Kai Tak Hospital ／ Cruise Terminal,,,HK Bus Crawling
22S+1+Kai Tak Hospital ／ Cruise Terminal+Kai Tak -AIRSIDE (via Sung Wong Toi Station),22S,1,ctb,Kai Tak Hospital ／ Cruise Terminal,Kai Tak -AIRSIDE (via Sung Wong Toi Station),Kai Tak Hospital ／ Cruise Terminal,Kai Tak -AIRSIDE (via Sung Wong Toi Station),,,HK Bus Crawling
22S+2+Kai Tak - AIRSIDE+Kai Tak - AIRSIDE,22S,2,ctb,Kai Tak - AIRSIDE,Kai Tak - AIRSIDE,Kai Tak - AIRSIDE,Kai Tak - AIRSIDE,,1000720,HK Bus Crawling
22X+1+Kai Tak Station (Exit A)+One Victoria,22X,1,ctb,Kai Tak Station (Exit A),One Victoria,Kai Tak Station (Exit A),One Victoria,,,HK Bus Crawling
22X+1+One Victoria+Kai Tak Station (Exit A),22X,1,ctb,One Victoria,Kai Tak Station (Exit A),One Victoria,Kai Tak Station (Exit A),,1000308,HK Bus Crawling
23+1+North Point Ferry Pier+Pokfield Road,23,1,ctb,North Point Ferry Pier,Pokfield Road,North Point Ferry Pier,Pokfield Road,,1520,HK Bus Crawling
23+1+Pokfield Road+North Point Ferry Pier,23,1,ctb,Pokfield Road,North Point Ferry Pier,Pokfield Road,North Point Ferry Pier,,1520,HK Bus Crawling
23B+1+Braemar Hill+Park Road ／ Robinson Road,23B,1,ctb,Braemar Hill,Park Road ／ Robinson Road,Braemar Hill,Park Road ／ Robinson Road,,1755,HK Bus Crawling
23B+1+Park Road ／ Robinson Road+Braemar Hill,23B,1,ctb,Park Road ／ Robinson Road,Braemar Hill,Park Road ／ Robinson Road,Braemar Hill,,1755,HK Bus Crawling
23X+1+Pokfield Road+Sai Wan Ho,23X,1,ctb,Pokfield Road,Sai Wan Ho,Pokfield Road,Sai Wan Ho,,1000272,HK Bus Crawling
25+1+Braemar Hill+Central (Pier 3／5),25,1,ctb,Braemar Hill,Central (Pier 3／5),Braemar Hill,Central (Pier 3／5),,,HK Bus Crawling
25+1+Central (Pier 3／5)+Braemar Hill,25,1,ctb,Central (Pier 3／5),Braemar Hill,Central (Pier 3／5),Braemar Hill,,1000275,HK Bus Crawling
"25+1+Central Ferry - Discovery Bay Ferry, Man Kwong Street+Central Ferry – Cheung Chau & Lamma Island Ferry",25,1,ctb,"Central Ferry - Discovery Bay Ferry, Man Kwong Street",Central Ferry – Cheung Chau & Lamma Island Ferry,"Central Ferry - Discovery Bay Ferry, Man Kwong Street",Central Ferry – Cheung Chau & Lamma Island Ferry,,1522,HK Bus Crawling
"25+2+Central Ferry - Discovery Bay Ferry, Man Kwong Street+Central Ferry – Cheung Chau & Lamma Island Ferry",25,2,ctb,"Central Ferry - Discovery Bay Ferry, Man Kwong Street",Central Ferry – Cheung Chau & Lamma Island Ferry,"Central Ferry - Discovery Bay Ferry, Man Kwong Street",Central Ferry – Cheung Chau & Lamma Island Ferry,,1000378,HK Bus Crawling
"25+2+Central Ferry - Discovery Bay Ferry, Man Kwong Street+Concordia Lutheran School - North Point, Cloud View Road",25,2,ctb,"Central Ferry - Discovery Bay Ferry, Man Kwong Street","Concordia Lutheran School - North Point, Cloud View Road","Central Ferry - Discovery Bay Ferry, Man Kwong Street","Concordia Lutheran School - North Point, Cloud View Road",,1000071,HK Bus Crawling
25A+1+Braemar Hill+Exhibition Centre Station,25A,1,ctb,Braemar Hill,Exhibition Centre Station,Braemar Hill,Exhibition Centre Station,,,HK Bus Crawling
25A+1+Exhibition Centre Station+Braemar Hill,25A,1,ctb,Exhibition Centre Station,Braemar Hill,Exhibition Centre Station,Braemar Hill,,,HK Bus Crawling
25A+1+Exhibition Centre Station+Exhibition Centre Station,25A,1,ctb,Exhibition Centre Station,Exhibition Centre Station,Exhibition Centre Station,Exhibition Centre Station,,1523,HK Bus Crawling
26+1+Hollywood Road+Lai Tak Tsuen,26,1,ctb,Hollywood Road,Lai Tak Tsuen,Hollywood Road,Lai Tak Tsuen,,,HK Bus Crawling
26+1+Lai Tak Tsuen+Hollywood Road,26,1,ctb,Lai Tak Tsuen,Hollywood Road,Lai Tak Tsuen,Hollywood Road,,,HK Bus Crawling
26+1+Lai Tak Tsuen+Lai Tak Tsuen,26,1,ctb,Lai Tak Tsuen,Lai Tak Tsuen,Lai Tak Tsuen,Lai Tak Tsuen,,1525,HK Bus Crawling
26+2+Lai Tak Tsuen+Lai Tak Tsuen,26,2,ctb,Lai Tak Tsuen,Lai Tak Tsuen,Lai Tak Tsuen,Lai Tak Tsuen,,8609,HK Bus Crawling
260+1+Central (Exchange Square)+Stanley Market,260,1,ctb,Central (Exchange Square),Stanley Market,Central (Exchange Square),Stanley Market,,1526,HK Bus Crawling
260+1+Stanley Village+Central (Exchange Square),260,1,ctb,Stanley Village,Central (Exchange Square),Stanley Village,Central (Exchange Square),,1526,HK Bus Crawling
260+2+Stanley Market+Central (Exchange Square),260,2,ctb,Stanley Market,Central (Exchange Square),Stanley Market,Central (Exchange Square),,8590,HK Bus Crawling
27+1+Braemar Hill+North Point Ferry Pier,27,1,ctb,Braemar Hill,North Point Ferry Pier,Braemar Hill,North Point Ferry Pier,,,HK Bus Crawling
27+1+North Point Ferry Pier+Braemar Hill,27,1,ctb,North Point Ferry Pier,Braemar Hill,North Point Ferry Pier,Braemar Hill,,8655,HK Bus Crawling
27+1+North Point Ferry Pier+North Point Ferry Pier,27,1,ctb,North Point Ferry Pier,North Point Ferry Pier,North Point Ferry Pier,North Point Ferry Pier,,1527,HK Bus Crawling
2A+1+Exhibition Centre Station+Yiu Tung Estate,2A,1,ctb,Exhibition Centre Station,Yiu Tung Estate,Exhibition Centre Station,Yiu Tung Estate,,1528,HK Bus Crawling
2A+1+Yiu Tung Estate+Exhibition Centre Station,2A,1,ctb,Yiu Tung Estate,Exhibition Centre Station,Yiu Tung Estate,Exhibition Centre Station,,1528,HK Bus Crawling
"2A+2+Yiu Tung Estate+Causeway Bay - Hysan Place, Hennessy Road",2A,2,ctb,Yiu Tung Estate,"Causeway Bay - Hysan Place, Hennessy Road",Yiu Tung Estate,"Causeway Bay - Hysan Place, Hennessy Road",,8623,HK Bus Crawling
2X+1+Exhibition Centre Station+Grand Promenade,2X,1,ctb,Exhibition Centre Station,Grand Promenade,Exhibition Centre Station,Grand Promenade,,1529,HK Bus Crawling
2X+1+Grand Promenade+Exhibition Centre Station,2X,1,ctb,Grand Promenade,Exhibition Centre Station,Grand Promenade,Exhibition Centre Station,,1529,HK Bus Crawling
30X+1+Admiralty (East)+Cyberport,30X,1,ctb,Admiralty (East),Cyberport,Admiralty (East),Cyberport,,1890,HK Bus Crawling
30X+1+Cyberport+Admiralty (East),30X,1,ctb,Cyberport,Admiralty (East),Cyberport,Admiralty (East),,1890,HK Bus Crawling
30X+2+Central (Exchange Square)+Cyberport,30X,2,ctb,Central (Exchange Square),Cyberport,Central (Exchange Square),Cyberport,,8582,HK Bus Crawling
33X+1+Cyberport+Shau Kei Wan,33X,1,ctb,Cyberport,Shau Kei Wan,Cyberport,Shau Kei Wan,,8698,HK Bus Crawling
33X+1+Shau Kei Wan+Cyberport,33X,1,ctb,Shau Kei Wan,Cyberport,Shau Kei Wan,Cyberport,,1000413,HK Bus Crawling
347+1+Aberdeen (via Victoria Road)+Admiralty (West),347,1,ctb,Aberdeen (via Victoria Road),Admiralty (West),Aberdeen (via Victoria Road),Admiralty (West),,,HK Bus Crawling
347+1+Admiralty (West)+Aberdeen (via Victoria Road),347,1,ctb,Admiralty (West),Aberdeen (via Victoria Road),Admiralty (West),Aberdeen (via Victoria Road),,,HK Bus Crawling
37A+1+Chi Fu Fa Yuen+Central,37A,1,ctb,Chi Fu Fa Yuen,Central,Chi Fu Fa Yuen,Central,,1537,HK Bus Crawling
37B+1+Chi Fu Fa Yuen+Admiralty,37B,1,ctb,Chi Fu Fa Yuen,Admiralty,Chi Fu Fa Yuen,Admiralty,,1538,HK Bus Crawling
"37B+2+Central (Exchange Square)+Block 1- 7 Chi Fu Fa Yuen, Chi Fu Road",37B,2,ctb,Central (Exchange Square),"Block 1- 7 Chi Fu Fa Yuen, Chi Fu Road",Central (Exchange Square),"Block 1- 7 Chi Fu Fa Yuen, Chi Fu Road",,8269,HK Bus Crawling
37X+1+Chi Fu Fa Yuen+Admiralty,37X,1,ctb,Chi Fu Fa Yuen,Admiralty,Chi Fu Fa Yuen,Admiralty,,1539,HK Bus Crawling
38+1+Chi Fu Fa Yuen+North Point Ferry Pier,38,1,ctb,Chi Fu Fa Yuen,North Point Ferry Pier,Chi Fu Fa Yuen,North Point Ferry Pier,,1000304,HK Bus Crawling
38+1+North Point Ferry Pier+Chi Fu Fa Yuen,38,1,ctb,North Point Ferry Pier,Chi Fu Fa Yuen,North Point Ferry Pier,Chi Fu Fa Yuen,,1000304,HK Bus Crawling
38+2+Chi Fu+North Point Ferry Pier,38,2,ctb,Chi Fu,North Point Ferry Pier,Chi Fu,North Point Ferry Pier,,1540,HK Bus Crawling
38+2+North Point Ferry Pier+Chi Fu,38,2,ctb,North Point Ferry Pier,Chi Fu,North Point Ferry Pier,Chi Fu,,1540,HK Bus Crawling
"38+3+Hong Kong Central Library, Causeway Road+Chi Fu",38,3,ctb,"Hong Kong Central Library, Causeway Road",Chi Fu,"Hong Kong Central Library, Causeway Road",Chi Fu,,1000305,HK Bus Crawling
382+1+Chai Wan (East)+Nai Chung,382,1,ctb,Chai Wan (East),Nai Chung,Chai Wan (East),Nai Chung,,1000640,HK Bus Crawling
382+1+Nai Chung+Chai Wan (East),382,1,ctb,Nai Chung,Chai Wan (East),Nai Chung,Chai Wan (East),,1000640,HK Bus Crawling
388+1+Chai Wan Station+Chai Wan Cemeteries ／ Cape Collinson,388,1,ctb,Chai Wan Station,Chai Wan Cemeteries ／ Cape Collinson,Chai Wan Station,Chai Wan Cemeteries ／ Cape Collinson,,,HK Bus Crawling
389+1+Shau Kei Wan+Chai Wan Cemeteries ／ Cape Collinson,389,1,ctb,Shau Kei Wan,Chai Wan Cemeteries ／ Cape Collinson,Shau Kei Wan,Chai Wan Cemeteries ／ Cape Collinson,,,HK Bus Crawling
38S+1+Causeway Bay (Central Library)+Chi Fu Fa Yuen,38S,1,ctb,Causeway Bay (Central Library),Chi Fu Fa Yuen,Causeway Bay (Central Library),Chi Fu Fa Yuen,,,HK Bus Crawling
3A+1+Central (Star Ferry)+Felix Villas,3A,1,ctb,Central (Star Ferry),Felix Villas,Central (Star Ferry),Felix Villas,,1543,HK Bus Crawling
3A+1+Felix Villas+Central (Star Ferry),3A,1,ctb,Felix Villas,Central (Star Ferry),Felix Villas,Central (Star Ferry),,1543,HK Bus Crawling
4+1+Central (Exchange Square)+Wong Chuk Hang (Nam Long Shan),4,1,ctb,Central (Exchange Square),Wong Chuk Hang (Nam Long Shan),Central (Exchange Square),Wong Chuk Hang (Nam Long Shan),,1000084,HK Bus Crawling
4+1+Wong Chuk Hang (Nam Long Shan)+Central (Exchange Square),4,1,ctb,Wong Chuk Hang (Nam Long Shan),Central (Exchange Square),Wong Chuk Hang (Nam Long Shan),Central (Exchange Square),,1571,HK Bus Crawling
4+2+Central (Exchange Square)+Wong Chuk Hang (Nam Long Shan),4,2,ctb,Central (Exchange Square),Wong Chuk Hang (Nam Long Shan),Central (Exchange Square),Wong Chuk Hang (Nam Long Shan),,8581,HK Bus Crawling
"4+2+Wah Fu (South)+Hang Seng Bank Headquarters, Connaught Road Central",4,2,ctb,Wah Fu (South),"Hang Seng Bank Headquarters, Connaught Road Central",Wah Fu (South),"Hang Seng Bank Headquarters, Connaught Road Central",,1545,HK Bus Crawling
4+2+Wong Chuk Hang (Nam Long Shan)+Central (Exchange Square),4,2,ctb,Wong Chuk Hang (Nam Long Shan),Central (Exchange Square),Wong Chuk Hang (Nam Long Shan),Central (Exchange Square),,1000083,HK Bus Crawling
"4+3+Macao Ferry, Connaught Road Central+Wah Fu (South)",4,3,ctb,"Macao Ferry, Connaught Road Central",Wah Fu (South),"Macao Ferry, Connaught Road Central",Wah Fu (South),,8580,HK Bus Crawling
"4+3+Tin Wan Estate+Hang Seng Bank Headquarters, Connaught Road Central",4,3,ctb,Tin Wan Estate,"Hang Seng Bank Headquarters, Connaught Road Central",Tin Wan Estate,"Hang Seng Bank Headquarters, Connaught Road Central",,8254,HK Bus Crawling
40+1+Exhibition Centre Station+Wah Fu (North),40,1,ctb,Exhibition Centre Station,Wah Fu (North),Exhibition Centre Station,Wah Fu (North),,1762,HK Bus Crawling
40+1+Wah Fu (North)+Exhibition Centre Station,40,1,ctb,Wah Fu (North),Exhibition Centre Station,Wah Fu (North),Exhibition Centre Station,,1762,HK Bus Crawling
40M+1+Wah Fu (North)+Exhibition Centre Station,40M,1,ctb,Wah Fu (North),Exhibition Centre Station,Wah Fu (North),Exhibition Centre Station,,1546,HK Bus Crawling
40M+2+Wah Fu (North)+Exhibition Centre Station,40M,2,ctb,Wah Fu (North),Exhibition Centre Station,Wah Fu (North),Exhibition Centre Station,,8684,HK Bus Crawling
"40P+1+Wah Fu (North)+Garden Terrace, Robinson Road",40P,1,ctb,Wah Fu (North),"Garden Terrace, Robinson Road",Wah Fu (North),"Garden Terrace, Robinson Road",,1585,HK Bus Crawling
"40P+2+Sham Wan+Garden Terrace, Robinson Road",40P,2,ctb,Sham Wan,"Garden Terrace, Robinson Road",Sham Wan,"Garden Terrace, Robinson Road",,1586,HK Bus Crawling
"40P+3+Aberdeen Municipal Services Building, Aberdeen Main Road+Garden Terrace, Robinson Road",40P,3,ctb,"Aberdeen Municipal Services Building, Aberdeen Main Road","Garden Terrace, Robinson Road","Aberdeen Municipal Services Building, Aberdeen Main Road","Garden Terrace, Robinson Road",,1587,HK Bus Crawling
41A+1+North Point Ferry Pier+Wah Fu (Central),41A,1,ctb,North Point Ferry Pier,Wah Fu (Central),North Point Ferry Pier,Wah Fu (Central),,1763,HK Bus Crawling
41A+1+Wah Fu (Central)+North Point Ferry Pier,41A,1,ctb,Wah Fu (Central),North Point Ferry Pier,Wah Fu (Central),North Point Ferry Pier,,1763,HK Bus Crawling
41A+2+North Point Ferry Pier+Wah Fu (Central),41A,2,ctb,North Point Ferry Pier,Wah Fu (Central),North Point Ferry Pier,Wah Fu (Central),,1764,HK Bus Crawling
41A+2+Wah Fu (Central)+North Point Ferry Pier,41A,2,ctb,Wah Fu (Central),North Point Ferry Pier,Wah Fu (Central),North Point Ferry Pier,,1764,HK Bus Crawling
42+1+North Point Ferry Pier+Wah Fu (South),42,1,ctb,North Point Ferry Pier,Wah Fu (South),North Point Ferry Pier,Wah Fu (South),,1547,HK Bus Crawling
42+1+Wah Fu (South)+North Point Ferry Pier,42,1,ctb,Wah Fu (South),North Point Ferry Pier,Wah Fu (South),North Point Ferry Pier,,1547,HK Bus Crawling
42+2+Wah Fu (South)+North Point Ferry Pier,42,2,ctb,Wah Fu (South),North Point Ferry Pier,Wah Fu (South),North Point Ferry Pier,,1000307,HK Bus Crawling
42C+1+Cyberport+North Point Ferry Pier,42C,1,ctb,Cyberport,North Point Ferry Pier,Cyberport,North Point Ferry Pier,,1572,HK Bus Crawling
42C+1+North Point Ferry Pier+Cyberport,42C,1,ctb,North Point Ferry Pier,Cyberport,North Point Ferry Pier,Cyberport,,1572,HK Bus Crawling
47P+1+Kennedy Town+Wong Chuk Hang,47P,1,ctb,Kennedy Town,Wong Chuk Hang,Kennedy Town,Wong Chuk Hang,,,HK Bus Crawling
47P+1+Wong Chuk Hang+Kennedy Town,47P,1,ctb,Wong Chuk Hang,Kennedy Town,Wong Chuk Hang,Kennedy Town,,1000693,HK Bus Crawling
48+1+Sham Wan+Sham Wan,48,1,ctb,Sham Wan,Sham Wan,Sham Wan,Sham Wan,,1766,HK Bus Crawling
"48+1+Sham Wan+Wah On House Wah Fu Estate, Wah Fu Road",48,1,ctb,Sham Wan,"Wah On House Wah Fu Estate, Wah Fu Road",Sham Wan,"Wah On House Wah Fu Estate, Wah Fu Road",,8387,HK Bus Crawling
48+1+Wah Fu (North)+Sham Wan ／ Ocean Park,48,1,ctb,Wah Fu (North),Sham Wan ／ Ocean Park,Wah Fu (North),Sham Wan ／ Ocean Park,,,HK Bus Crawling
48+2+Ocean Park+Ocean Park,48,2,ctb,Ocean Park,Ocean Park,Ocean Park,Ocean Park,,1765,HK Bus Crawling
48+3+Sham Wan+Ocean Park,48,3,ctb,Sham Wan,Ocean Park,Sham Wan,Ocean Park,,8386,HK Bus Crawling
48+4+Ocean Park+Sham Wan,48,4,ctb,Ocean Park,Sham Wan,Ocean Park,Sham Wan,,8388,HK Bus Crawling
49X+1+Chai Wan (East)+Cyberport,49X,1,ctb,Chai Wan (East),Cyberport,Chai Wan (East),Cyberport,,8796,HK Bus Crawling
4X+1+Central (Exchange Square)+Wah Fu (South),4X,1,ctb,Central (Exchange Square),Wah Fu (South),Central (Exchange Square),Wah Fu (South),,1891,HK Bus Crawling
4X+1+Wah Fu (South)+Central (Exchange Square),4X,1,ctb,Wah Fu (South),Central (Exchange Square),Wah Fu (South),Central (Exchange Square),,8257,HK Bus Crawling
"4X+2+Sun Yat Sen Memorial Park, Connaught Road West+Wah Fu (South)",4X,2,ctb,"Sun Yat Sen Memorial Park, Connaught Road West",Wah Fu (South),"Sun Yat Sen Memorial Park, Connaught Road West",Wah Fu (South),,8256,HK Bus Crawling
50+1+Tsim Sha Tsui (Kowloon Station)+Tuen Mun (Ching Tin and Wo Tin),50,1,ctb,Tsim Sha Tsui (Kowloon Station),Tuen Mun (Ching Tin and Wo Tin),Tsim Sha Tsui (Kowloon Station),Tuen Mun (Ching Tin and Wo Tin),,1000243,HK Bus Crawling
50+1+Tuen Mun (Ching Tin and Wo Tin)+Tsim Sha Tsui (Kowloon Station),50,1,ctb,Tuen Mun (Ching Tin and Wo Tin),Tsim Sha Tsui (Kowloon Station),Tuen Mun (Ching Tin and Wo Tin),Tsim Sha Tsui (Kowloon Station),,1000243,HK Bus Crawling
50M+1+Ching Tin Estate+Ching Tin Estate,50M,1,ctb,Ching Tin Estate,Ching Tin Estate,Ching Tin Estate,Ching Tin Estate,,1000241,HK Bus Crawling
50M+1+Ching Tin Estate+Tuen Mun Station,50M,1,ctb,Ching Tin Estate,Tuen Mun Station,Ching Tin Estate,Tuen Mun Station,,1000410,HK Bus Crawling
50M+1+Tuen Mun Station+Ching Tin Estate,50M,1,ctb,Tuen Mun Station,Ching Tin Estate,Tuen Mun Station,Ching Tin Estate,,,HK Bus Crawling
50R+1+Hong Kong Coliseum+Tuen Mun (Ching Tin and Wo Tin),50R,1,ctb,Hong Kong Coliseum,Tuen Mun (Ching Tin and Wo Tin),Hong Kong Coliseum,Tuen Mun (Ching Tin and Wo Tin),,,HK Bus Crawling
511+1+Tai Hang Drive+Central (Ferry Piers),511,1,ctb,Tai Hang Drive,Central (Ferry Piers),Tai Hang Drive,Central (Ferry Piers),,1552,HK Bus Crawling
55+1+Ching Tin Estate+Kwun Tong Ferry,55,1,ctb,Ching Tin Estate,Kwun Tong Ferry,Ching Tin Estate,Kwun Tong Ferry,,1000648,HK Bus Crawling
55+1+Kwun Tong Ferry+Ching Tin Estate,55,1,ctb,Kwun Tong Ferry,Ching Tin Estate,Kwun Tong Ferry,Ching Tin Estate,,1000648,HK Bus Crawling
55+2+Ching Tin Estate+Kwun Tong Ferry,55,2,ctb,Ching Tin Estate,Kwun Tong Ferry,Ching Tin Estate,Kwun Tong Ferry,,1000244,HK Bus Crawling
55+2+Kwun Tong Ferry+Ching Tin Estate,55,2,ctb,Kwun Tong Ferry,Ching Tin Estate,Kwun Tong Ferry,Ching Tin Estate,,1000244,HK Bus Crawling
56+1+Sheung Shui (Tin Ping Estate)+Tuen Mun (Wo Tin and Ching Tin),56,1,ctb,Sheung Shui (Tin Ping Estate),Tuen Mun (Wo Tin and Ching Tin),Sheung Shui (Tin Ping Estate),Tuen Mun (Wo Tin and Ching Tin),,1000245,HK Bus Crawling
56+1+Tuen Mun (Wo Tin and Ching Tin)+Sheung Shui (Tin Ping Estate),56,1,ctb,Tuen Mun (Wo Tin and Ching Tin),Sheung Shui (Tin Ping Estate),Tuen Mun (Wo Tin and Ching Tin),Sheung Shui (Tin Ping Estate),,1000245,HK Bus Crawling
56A+1+Queen’s Hill Fanling (via: Sheung Shui Station)+Tuen Mun (Wo Tin and Ching Tin),56A,1,ctb,Queen’s Hill Fanling (via: Sheung Shui Station),Tuen Mun (Wo Tin and Ching Tin),Queen’s Hill Fanling (via: Sheung Shui Station),Tuen Mun (Wo Tin and Ching Tin),,1000284,HK Bus Crawling
56A+1+Tuen Mun (Wo Tin and Ching Tin)+Queen’s Hill Fanling (via: Sheung Shui Station),56A,1,ctb,Tuen Mun (Wo Tin and Ching Tin),Queen’s Hill Fanling (via: Sheung Shui Station),Tuen Mun (Wo Tin and Ching Tin),Queen’s Hill Fanling (via: Sheung Shui Station),,1000284,HK Bus Crawling
580+1+Sai Sha Residences+Sha Tin Central,580,1,ctb,Sai Sha Residences,Sha Tin Central,Sai Sha Residences,Sha Tin Central,,1000603,HK Bus Crawling
580+1+Sha Tin Central+Sai Sha Residences,580,1,ctb,Sha Tin Central,Sai Sha Residences,Sha Tin Central,Sai Sha Residences,,1000603,HK Bus Crawling
581+1+Ma On Shan Town Centre (Via Wu Kai Sha Station)+Sai Sha Residences,581,1,ctb,Ma On Shan Town Centre (Via Wu Kai Sha Station),Sai Sha Residences,Ma On Shan Town Centre (Via Wu Kai Sha Station),Sai Sha Residences,,1000499,HK Bus Crawling
581+1+Sai Sha Residences+Ma On Shan Town Centre (Via Wu Kai Sha Station),581,1,ctb,Sai Sha Residences,Ma On Shan Town Centre (Via Wu Kai Sha Station),Sai Sha Residences,Ma On Shan Town Centre (Via Wu Kai Sha Station),,1000499,HK Bus Crawling
582+1+GO PARK Sai Sha ／ Sai Sha Residences+Pak Shek Kok (Via University Station),582,1,ctb,GO PARK Sai Sha ／ Sai Sha Residences,Pak Shek Kok (Via University Station),GO PARK Sai Sha ／ Sai Sha Residences,Pak Shek Kok (Via University Station),,,HK Bus Crawling
582+1+Pak Shek Kok (Via University Station)+GO PARK Sai Sha ／ Sai Sha Residences,582,1,ctb,Pak Shek Kok (Via University Station),GO PARK Sai Sha ／ Sai Sha Residences,Pak Shek Kok (Via University Station),GO PARK Sai Sha ／ Sai Sha Residences,,,HK Bus Crawling
582+1+Pak Shek Kok+Pak Shek Kok,582,1,ctb,Pak Shek Kok,Pak Shek Kok,Pak Shek Kok,Pak Shek Kok,,1000500,HK Bus Crawling
586+1+Sai Sha Residences (via: Tai Wai)+Tsuen Wan Station (via: Cheung Sha Wan),586,1,ctb,Sai Sha Residences (via: Tai Wai),Tsuen Wan Station (via: Cheung Sha Wan),Sai Sha Residences (via: Tai Wai),Tsuen Wan Station (via: Cheung Sha Wan),,1000654,HK Bus Crawling
586+1+Tsuen Wan Station (via: Cheung Sha Wan)+Sai Sha Residences (via: Tai Wai),586,1,ctb,Tsuen Wan Station (via: Cheung Sha Wan),Sai Sha Residences (via: Tai Wai),Tsuen Wan Station (via: Cheung Sha Wan),Sai Sha Residences (via: Tai Wai),,1000654,HK Bus Crawling
587+1+Sai Sha Residences (via: Tai Wai)+Tsim Sha Tsui (Mody Road),587,1,ctb,Sai Sha Residences (via: Tai Wai),Tsim Sha Tsui (Mody Road),Sai Sha Residences (via: Tai Wai),Tsim Sha Tsui (Mody Road),,1000655,HK Bus Crawling
587+1+Tsim Sha Tsui (Mody Road)+Sai Sha Residences (via: Tai Wai),587,1,ctb,Tsim Sha Tsui (Mody Road),Sai Sha Residences (via: Tai Wai),Tsim Sha Tsui (Mody Road),Sai Sha Residences (via: Tai Wai),,1000655,HK Bus Crawling
589+1+Kowloon Bay (via Kwun Tong)+Sai Sha Residences,589,1,ctb,Kowloon Bay (via Kwun Tong),Sai Sha Residences,Kowloon Bay (via Kwun Tong),Sai Sha Residences,,1000656,HK Bus Crawling
589+1+Sai Sha Residences+Kowloon Bay (via Kwun Tong),589,1,ctb,Sai Sha Residences,Kowloon Bay (via Kwun Tong),Sai Sha Residences,Kowloon Bay (via Kwun Tong),,1000656,HK Bus Crawling
592+1+Causeway Bay (Moreton Terrace)+South Horizons,592,1,ctb,Causeway Bay (Moreton Terrace),South Horizons,Causeway Bay (Moreton Terrace),South Horizons,,1555,HK Bus Crawling
592+1+South Horizons+Causeway Bay (Moreton Terrace),592,1,ctb,South Horizons,Causeway Bay (Moreton Terrace),South Horizons,Causeway Bay (Moreton Terrace),,1555,HK Bus Crawling
592+2+South Horizons+Causeway Bay (Moreton Terrace),592,2,ctb,South Horizons,Causeway Bay (Moreton Terrace),South Horizons,Causeway Bay (Moreton Terrace),,8455,HK Bus Crawling
595+1+Shek Pai Wan (via Aberdeen)+South Horizons,595,1,ctb,Shek Pai Wan (via Aberdeen),South Horizons,Shek Pai Wan (via Aberdeen),South Horizons,,,HK Bus Crawling
595+1+South Horizons+Shek Pai Wan (via Aberdeen),595,1,ctb,South Horizons,Shek Pai Wan (via Aberdeen),South Horizons,Shek Pai Wan (via Aberdeen),,,HK Bus Crawling
595+1+South Horizons+South Horizons,595,1,ctb,South Horizons,South Horizons,South Horizons,South Horizons,,1556,HK Bus Crawling
"5B+1+Felix Villas+Hong Kong Stadium, Eastern Hospital Road",5B,1,ctb,Felix Villas,"Hong Kong Stadium, Eastern Hospital Road",Felix Villas,"Hong Kong Stadium, Eastern Hospital Road",,1557,HK Bus Crawling
"5B+1+Hong Kong Stadium, Eastern Hospital Road+Felix Villas",5B,1,ctb,"Hong Kong Stadium, Eastern Hospital Road",Felix Villas,"Hong Kong Stadium, Eastern Hospital Road",Felix Villas,,1557,HK Bus Crawling
5B+2+Causeway Bay - Yee Wo Street+Kennedy Town,5B,2,ctb,Causeway Bay - Yee Wo Street,Kennedy Town,Causeway Bay - Yee Wo Street,Kennedy Town,,8339,HK Bus Crawling
"5B+2+Felix Villas+Hong Kong Stadium, Eastern Hospital Road",5B,2,ctb,Felix Villas,"Hong Kong Stadium, Eastern Hospital Road",Felix Villas,"Hong Kong Stadium, Eastern Hospital Road",,8337,HK Bus Crawling
"5B+3+Kennedy Town+Causeway Bay - Sogo Department Store, Hennessy Road",5B,3,ctb,Kennedy Town,"Causeway Bay - Sogo Department Store, Hennessy Road",Kennedy Town,"Causeway Bay - Sogo Department Store, Hennessy Road",,8338,HK Bus Crawling
"5B+3+Queen's College, Tung Lo Wan Road+Felix Villas",5B,3,ctb,"Queen's College, Tung Lo Wan Road",Felix Villas,"Queen's College, Tung Lo Wan Road",Felix Villas,,1000006,HK Bus Crawling
"5B+4+Kennedy Town+Causeway Bay - Sogo Department Store, Hennessy Road",5B,4,ctb,Kennedy Town,"Causeway Bay - Sogo Department Store, Hennessy Road",Kennedy Town,"Causeway Bay - Sogo Department Store, Hennessy Road",,8336,HK Bus Crawling
5X+1+Causeway Bay (Whitfield Road)+Kennedy Town,5X,1,ctb,Causeway Bay (Whitfield Road),Kennedy Town,Causeway Bay (Whitfield Road),Kennedy Town,,1000345,HK Bus Crawling
5X+1+Kennedy Town+Causeway Bay (Whitfield Road),5X,1,ctb,Kennedy Town,Causeway Bay (Whitfield Road),Kennedy Town,Causeway Bay (Whitfield Road),,1561,HK Bus Crawling
5X+2+Causeway Bay (Whitfield Road)+Kennedy Town,5X,2,ctb,Causeway Bay (Whitfield Road),Kennedy Town,Causeway Bay (Whitfield Road),Kennedy Town,,1000346,HK Bus Crawling
6+1+Central (Exchange Square)+Stanley Market,6,1,ctb,Central (Exchange Square),Stanley Market,Central (Exchange Square),Stanley Market,,1000708,HK Bus Crawling
6+1+Stanley Village+Central (Exchange Square),6,1,ctb,Stanley Village,Central (Exchange Square),Stanley Village,Central (Exchange Square),,1000708,HK Bus Crawling
6+2+Stanley Market+Central (Exchange Square),6,2,ctb,Stanley Market,Central (Exchange Square),Stanley Market,Central (Exchange Square),,1000709,HK Bus Crawling
608+1+Ma Tau Wai Estate+Shau Kei Wan,608,1,ctb,Ma Tau Wai Estate,Shau Kei Wan,Ma Tau Wai Estate,Shau Kei Wan,,8625,HK Bus Crawling
608+1+Shau Kei Wan+Ma Tau Wai Estate,608,1,ctb,Shau Kei Wan,Ma Tau Wai Estate,Shau Kei Wan,Ma Tau Wai Estate,,8625,HK Bus Crawling
608+2+Ma Tau Wai Estate+Shau Kei Wan,608,2,ctb,Ma Tau Wai Estate,Shau Kei Wan,Ma Tau Wai Estate,Shau Kei Wan,,8785,HK Bus Crawling
608P+1+Kai Tak+Siu Sai Wan (Island Resort),608P,1,ctb,Kai Tak,Siu Sai Wan (Island Resort),Kai Tak,Siu Sai Wan (Island Resort),,1000089,HK Bus Crawling
608P+1+Siu Sai Wan (Island Resort)+Kai Tak,608P,1,ctb,Siu Sai Wan (Island Resort),Kai Tak,Siu Sai Wan (Island Resort),Kai Tak,,1000089,HK Bus Crawling
61R+1+City One Shatin+Lam Tin Station,61R,1,ctb,City One Shatin,Lam Tin Station,City One Shatin,Lam Tin Station,,,HK Bus Crawling
61R+1+Lam Tin Station+City One Shatin,61R,1,ctb,Lam Tin Station,City One Shatin,Lam Tin Station,City One Shatin,,,HK Bus Crawling
629+1+Central (Star Ferry)+Ocean Park (Main Entrance ／ Water World),629,1,ctb,Central (Star Ferry),Ocean Park (Main Entrance ／ Water World),Central (Star Ferry),Ocean Park (Main Entrance ／ Water World),,1716,HK Bus Crawling
629+1+Ocean Park (Main Entrance ／ Water World)+Central (Star Ferry),629,1,ctb,Ocean Park (Main Entrance ／ Water World),Central (Star Ferry),Ocean Park (Main Entrance ／ Water World),Central (Star Ferry),,,HK Bus Crawling
629M+1+Ocean Park (Water World)+Wong Chuk Hang Station,629M,1,ctb,Ocean Park (Water World),Wong Chuk Hang Station,Ocean Park (Water World),Wong Chuk Hang Station,,,HK Bus Crawling
63+1+North Point Ferry Pier+Stanley Market,63,1,ctb,North Point Ferry Pier,Stanley Market,North Point Ferry Pier,Stanley Market,,1573,HK Bus Crawling
63+1+Stanley Village+North Point Ferry Pier,63,1,ctb,Stanley Village,North Point Ferry Pier,Stanley Village,North Point Ferry Pier,,1573,HK Bus Crawling
63+2+Stanley Market+North Point Ferry Pier,63,2,ctb,Stanley Market,North Point Ferry Pier,Stanley Market,North Point Ferry Pier,,8594,HK Bus Crawling
65+1+North Point Ferry Pier+Stanley Market,65,1,ctb,North Point Ferry Pier,Stanley Market,North Point Ferry Pier,Stanley Market,,1898,HK Bus Crawling
65+1+Stanley Market+North Point Ferry Pier,65,1,ctb,Stanley Market,North Point Ferry Pier,Stanley Market,North Point Ferry Pier,,1898,HK Bus Crawling
679+1+Queen's Hill Fanling+Central (Hong Kong Station),679,1,ctb,Queen's Hill Fanling,Central (Hong Kong Station),Queen's Hill Fanling,Central (Hong Kong Station),,1000216,HK Bus Crawling
682+1+Chai Wan (East)+Ma On Shan (Wu Kai Sha Station),682,1,ctb,Chai Wan (East),Ma On Shan (Wu Kai Sha Station),Chai Wan (East),Ma On Shan (Wu Kai Sha Station),,8206,HK Bus Crawling
682+1+Wu Kai Sha Station+Chai Wan (East),682,1,ctb,Wu Kai Sha Station,Chai Wan (East),Wu Kai Sha Station,Chai Wan (East),,8206,HK Bus Crawling
682+2+Lee On Estate+Chai Wan (East),682,2,ctb,Lee On Estate,Chai Wan (East),Lee On Estate,Chai Wan (East),,1583,HK Bus Crawling
682A+1+Chai Wan (East)+Ma On Shan Town Centre,682A,1,ctb,Chai Wan (East),Ma On Shan Town Centre,Chai Wan (East),Ma On Shan Town Centre,,8276,HK Bus Crawling
682A+1+Ma On Shan Town Centre+Chai Wan (East),682A,1,ctb,Ma On Shan Town Centre,Chai Wan (East),Ma On Shan Town Centre,Chai Wan (East),,8168,HK Bus Crawling
682B+1+Chai Wan (East)+Shui Chuen O Estate,682B,1,ctb,Chai Wan (East),Shui Chuen O Estate,Chai Wan (East),Shui Chuen O Estate,,8182,HK Bus Crawling
682B+1+Shui Chuen O Estate+Chai Wan (East),682B,1,ctb,Shui Chuen O Estate,Chai Wan (East),Shui Chuen O Estate,Chai Wan (East),,8490,HK Bus Crawling
682B+2+Shui Chuen O Estate+Chai Wan (East),682B,2,ctb,Shui Chuen O Estate,Chai Wan (East),Shui Chuen O Estate,Chai Wan (East),,8182,HK Bus Crawling
682P+1+Wu Kai Sha Station+Chai Wan (East),682P,1,ctb,Wu Kai Sha Station,Chai Wan (East),Wu Kai Sha Station,Chai Wan (East),,8181,HK Bus Crawling
694+1+Siu Sai Wan Estate+Tiu Keng Leng Station,694,1,ctb,Siu Sai Wan Estate,Tiu Keng Leng Station,Siu Sai Wan Estate,Tiu Keng Leng Station,,1589,HK Bus Crawling
694+1+Tiu Keng Leng Station+Siu Sai Wan Estate,694,1,ctb,Tiu Keng Leng Station,Siu Sai Wan Estate,Tiu Keng Leng Station,Siu Sai Wan Estate,,1589,HK Bus Crawling
694S+1+Siu Sai Wan Estate+Tiu Keng Leng Station (via: LOHAS Park),694S,1,ctb,Siu Sai Wan Estate,Tiu Keng Leng Station (via: LOHAS Park),Siu Sai Wan Estate,Tiu Keng Leng Station (via: LOHAS Park),,1000354,HK Bus Crawling
694S+1+Tiu Keng Leng Station (via: LOHAS Park)+Siu Sai Wan Estate,694S,1,ctb,Tiu Keng Leng Station (via: LOHAS Park),Siu Sai Wan Estate,Tiu Keng Leng Station (via: LOHAS Park),Siu Sai Wan Estate,,1000354,HK Bus Crawling
6A+1+Central (Exchange Square)+Stanley Fort (Gate),6A,1,ctb,Central (Exchange Square),Stanley Fort (Gate),Central (Exchange Square),Stanley Fort (Gate),,1591,HK Bus Crawling
6X+1+Central (Exchange Square)+Stanley Market,6X,1,ctb,Central (Exchange Square),Stanley Market,Central (Exchange Square),Stanley Market,,1592,HK Bus Crawling
6X+1+Stanley Village+Central (Exchange Square),6X,1,ctb,Stanley Village,Central (Exchange Square),Stanley Village,Central (Exchange Square),,1592,HK Bus Crawling
"6X+2+Stanley Prison, Tung Tau Wan Road+Central (Exchange Square)",6X,2,ctb,"Stanley Prison, Tung Tau Wan Road",Central (Exchange Square),"Stanley Prison, Tung Tau Wan Road",Central (Exchange Square),,8586,HK Bus Crawling
"6X+3+Stanley Fort, Wong Ma Kok Road+Central (Exchange Square)",6X,3,ctb,"Stanley Fort, Wong Ma Kok Road",Central (Exchange Square),"Stanley Fort, Wong Ma Kok Road",Central (Exchange Square),,1000082,HK Bus Crawling
7+1+Central Ferry - Bus Terminus+Shek Pai Wan,7,1,ctb,Central Ferry - Bus Terminus,Shek Pai Wan,Central Ferry - Bus Terminus,Shek Pai Wan,,1593,HK Bus Crawling
7+1+Shek Pai Wan+Central Ferry - Bus Terminus,7,1,ctb,Shek Pai Wan,Central Ferry - Bus Terminus,Shek Pai Wan,Central Ferry - Bus Terminus,,1593,HK Bus Crawling
7+2+Central Ferry - Bus Terminus+Shek Pai Wan,7,2,ctb,Central Ferry - Bus Terminus,Shek Pai Wan,Central Ferry - Bus Terminus,Shek Pai Wan,,8271,HK Bus Crawling
7+2+Shek Pai Wan+Central Ferry - Bus Terminus,7,2,ctb,Shek Pai Wan,Central Ferry - Bus Terminus,Shek Pai Wan,Central Ferry - Bus Terminus,,8271,HK Bus Crawling
7+3+Shek Pai Wan+Central Ferry - Bus Terminus,7,3,ctb,Shek Pai Wan,Central Ferry - Bus Terminus,Shek Pai Wan,Central Ferry - Bus Terminus,,8270,HK Bus Crawling
70+1+Central (Exchange Square)+Wah Kwai (via: Aberdeen),70,1,ctb,Central (Exchange Square),Wah Kwai (via: Aberdeen),Central (Exchange Square),Wah Kwai (via: Aberdeen),,1594,HK Bus Crawling
70+1+Wah Kwai Estate+Central (Exchange Square),70,1,ctb,Wah Kwai Estate,Central (Exchange Square),Wah Kwai Estate,Central (Exchange Square),,1594,HK Bus Crawling
70+2+Wah Kwai (via: Aberdeen)+Central (Exchange Square),70,2,ctb,Wah Kwai (via: Aberdeen),Central (Exchange Square),Wah Kwai (via: Aberdeen),Central (Exchange Square),,8258,HK Bus Crawling
701+1+Hoi Lai Estate ／ Nam Cheong Station+Mong Kok,701,1,ctb,Hoi Lai Estate ／ Nam Cheong Station,Mong Kok,Hoi Lai Estate ／ Nam Cheong Station,Mong Kok,,,HK Bus Crawling
701+1+Hoi Lai Estate+Hoi Lai Estate,701,1,ctb,Hoi Lai Estate,Hoi Lai Estate,Hoi Lai Estate,Hoi Lai Estate,,1595,HK Bus Crawling
701+1+Mong Kok+Hoi Lai Estate ／ Nam Cheong Station,701,1,ctb,Mong Kok,Hoi Lai Estate ／ Nam Cheong Station,Mong Kok,Hoi Lai Estate ／ Nam Cheong Station,,,HK Bus Crawling
701A+1+Hoi Ying Estate+Hoi Ying Estate,701A,1,ctb,Hoi Ying Estate,Hoi Ying Estate,Hoi Ying Estate,Hoi Ying Estate,,8691,HK Bus Crawling
701A+1+Hoi Ying Estate+Mong Kok,701A,1,ctb,Hoi Ying Estate,Mong Kok,Hoi Ying Estate,Mong Kok,,,HK Bus Crawling
701A+1+Mong Kok+Hoi Ying Estate,701A,1,ctb,Mong Kok,Hoi Ying Estate,Mong Kok,Hoi Ying Estate,,,HK Bus Crawling
701S+1+Hoi Lai Estate ／ Nam Cheong Station+Mong Kok,701S,1,ctb,Hoi Lai Estate ／ Nam Cheong Station,Mong Kok,Hoi Lai Estate ／ Nam Cheong Station,Mong Kok,,,HK Bus Crawling
701S+1+Hoi Lai Estate+Hoi Lai Estate,701S,1,ctb,Hoi Lai Estate,Hoi Lai Estate,Hoi Lai Estate,Hoi Lai Estate,,1861,HK Bus Crawling
701S+1+Mong Kok+Hoi Lai Estate ／ Nam Cheong Station,701S,1,ctb,Mong Kok,Hoi Lai Estate ／ Nam Cheong Station,Mong Kok,Hoi Lai Estate ／ Nam Cheong Station,,,HK Bus Crawling
"702+1+Banyan Garden, Sham Shing Road+Man Lok House Tai Hang Sai Estate, Woh Chai Street",702,1,ctb,"Banyan Garden, Sham Shing Road","Man Lok House Tai Hang Sai Estate, Woh Chai Street","Banyan Garden, Sham Shing Road","Man Lok House Tai Hang Sai Estate, Woh Chai Street",,8116,HK Bus Crawling
"702+1+Fuk Wing Street, Yen Chow Street+Hoi Lai Estate",702,1,ctb,"Fuk Wing Street, Yen Chow Street",Hoi Lai Estate,"Fuk Wing Street, Yen Chow Street",Hoi Lai Estate,,8122,HK Bus Crawling
702+1+Hoi Lai Estate+Hoi Lai Estate,702,1,ctb,Hoi Lai Estate,Hoi Lai Estate,Hoi Lai Estate,Hoi Lai Estate,,1596,HK Bus Crawling
702A+1+Hoi Ying Estate+Pak Tin Estate,702A,1,ctb,Hoi Ying Estate,Pak Tin Estate,Hoi Ying Estate,Pak Tin Estate,,1562,HK Bus Crawling
702A+1+Pak Tin Estate+Hoi Ying Estate,702A,1,ctb,Pak Tin Estate,Hoi Ying Estate,Pak Tin Estate,Hoi Ying Estate,,1000692,HK Bus Crawling
702B+1+Hoi Ying Estate+Pak Tin (North),702B,1,ctb,Hoi Ying Estate,Pak Tin (North),Hoi Ying Estate,Pak Tin (North),,,HK Bus Crawling
702B+1+Pak Tin (North)+Hoi Ying Estate,702B,1,ctb,Pak Tin (North),Hoi Ying Estate,Pak Tin (North),Hoi Ying Estate,,,HK Bus Crawling
702B+1+Pak Tin (North)+Pak Tin (North),702B,1,ctb,Pak Tin (North),Pak Tin (North),Pak Tin (North),Pak Tin (North),,8782,HK Bus Crawling
"702S+1+Cheung Sha Wan Jockey Club Clinic, Kwong Lee Road+Cheung Sha Wan Jockey Club Clinic, Kwong Lee Road",702S,1,ctb,"Cheung Sha Wan Jockey Club Clinic, Kwong Lee Road","Cheung Sha Wan Jockey Club Clinic, Kwong Lee Road","Cheung Sha Wan Jockey Club Clinic, Kwong Lee Road","Cheung Sha Wan Jockey Club Clinic, Kwong Lee Road",,1598,HK Bus Crawling
"702S+1+Hoi Ying Estate+Cheung Sha Wan Jockey Club Clinic, Kwong Lee Road",702S,1,ctb,Hoi Ying Estate,"Cheung Sha Wan Jockey Club Clinic, Kwong Lee Road",Hoi Ying Estate,"Cheung Sha Wan Jockey Club Clinic, Kwong Lee Road",,8118,HK Bus Crawling
702S+1+So Uk Estate+Banyan Garden ／ Fu Cheong Estate,702S,1,ctb,So Uk Estate,Banyan Garden ／ Fu Cheong Estate,So Uk Estate,Banyan Garden ／ Fu Cheong Estate,,,HK Bus Crawling
70P+1+Central (Exchange Square)+Shek Pai Wan (via: Aberdeen),70P,1,ctb,Central (Exchange Square),Shek Pai Wan (via: Aberdeen),Central (Exchange Square),Shek Pai Wan (via: Aberdeen),,1956,HK Bus Crawling
70P+1+Shek Pai Wan (via: Aberdeen)+Central (Exchange Square),70P,1,ctb,Shek Pai Wan (via: Aberdeen),Central (Exchange Square),Shek Pai Wan (via: Aberdeen),Central (Exchange Square),,1956,HK Bus Crawling
71+1+Central (Rumsey Street)+Wong Chuk Hang,71,1,ctb,Central (Rumsey Street),Wong Chuk Hang,Central (Rumsey Street),Wong Chuk Hang,,1600,HK Bus Crawling
71+1+Wong Chuk Hang+Central (Rumsey Street),71,1,ctb,Wong Chuk Hang,Central (Rumsey Street),Wong Chuk Hang,Central (Rumsey Street),,1600,HK Bus Crawling
71P+1+Sham Wan+Central (Ferry Piers),71P,1,ctb,Sham Wan,Central (Ferry Piers),Sham Wan,Central (Ferry Piers),,1601,HK Bus Crawling
72+1+Causeway Bay (Moreton Terrace)+Wah Kwai Estate,72,1,ctb,Causeway Bay (Moreton Terrace),Wah Kwai Estate,Causeway Bay (Moreton Terrace),Wah Kwai Estate,,1602,HK Bus Crawling
72+1+Wah Kwai Estate+Causeway Bay (Moreton Terrace),72,1,ctb,Wah Kwai Estate,Causeway Bay (Moreton Terrace),Wah Kwai Estate,Causeway Bay (Moreton Terrace),,1602,HK Bus Crawling
720+1+Central (Macao Ferry)+Sai Wan Ho (Grand Promenade),720,1,ctb,Central (Macao Ferry),Sai Wan Ho (Grand Promenade),Central (Macao Ferry),Sai Wan Ho (Grand Promenade),,8142,HK Bus Crawling
720+1+Grand Promenade+Central (Macao Ferry ／ Wing Wo Street),720,1,ctb,Grand Promenade,Central (Macao Ferry ／ Wing Wo Street),Grand Promenade,Central (Macao Ferry ／ Wing Wo Street),,1776,HK Bus Crawling
720+1+Sai Wan Ho (Grand Promenade)+Sai Wan Ho (Grand Promenade),720,1,ctb,Sai Wan Ho (Grand Promenade),Sai Wan Ho (Grand Promenade),Sai Wan Ho (Grand Promenade),Sai Wan Ho (Grand Promenade),,1775,HK Bus Crawling
720+2+Central (Macao Ferry)+Sai Wan Ho (Grand Promenade),720,2,ctb,Central (Macao Ferry),Sai Wan Ho (Grand Promenade),Central (Macao Ferry),Sai Wan Ho (Grand Promenade),,1776,HK Bus Crawling
"720+2+Sai Wan Ho (Grand Promenade)+Wing Wo Street, Connaught Road Central",720,2,ctb,Sai Wan Ho (Grand Promenade),"Wing Wo Street, Connaught Road Central",Sai Wan Ho (Grand Promenade),"Wing Wo Street, Connaught Road Central",,1000281,HK Bus Crawling
"720A+1+Sai Wan Ho (Grand Promenade)+Admiralty - Admiralty Centre, Harcourt Road",720A,1,ctb,Sai Wan Ho (Grand Promenade),"Admiralty - Admiralty Centre, Harcourt Road",Sai Wan Ho (Grand Promenade),"Admiralty - Admiralty Centre, Harcourt Road",,1777,HK Bus Crawling
720A+2+Grand Promenade+Admiralty (Admiralty Centre)／ Central (Pedder Street),720A,2,ctb,Grand Promenade,Admiralty (Admiralty Centre)／ Central (Pedder Street),Grand Promenade,Admiralty (Admiralty Centre)／ Central (Pedder Street),,1000279,HK Bus Crawling
720P+1+Central (Wing Wo Street)+Taikoo Shing,720P,1,ctb,Central (Wing Wo Street),Taikoo Shing,Central (Wing Wo Street),Taikoo Shing,,,HK Bus Crawling
"720P+1+Cityplaza, Taikoo Shing Road+Cityplaza, Taikoo Shing Road",720P,1,ctb,"Cityplaza, Taikoo Shing Road","Cityplaza, Taikoo Shing Road","Cityplaza, Taikoo Shing Road","Cityplaza, Taikoo Shing Road",,1603,HK Bus Crawling
720P+1+Taikoo Shing+Central (Wing Wo Street),720P,1,ctb,Taikoo Shing,Central (Wing Wo Street),Taikoo Shing,Central (Wing Wo Street),,8654,HK Bus Crawling
720X+1+Grand Promenade+Central (Rumsey Street),720X,1,ctb,Grand Promenade,Central (Rumsey Street),Grand Promenade,Central (Rumsey Street),,8678,HK Bus Crawling
722+1+Central (Ferry Piers)+Yiu Tung Estate,722,1,ctb,Central (Ferry Piers),Yiu Tung Estate,Central (Ferry Piers),Yiu Tung Estate,,,HK Bus Crawling
722+1+Yiu Tung Estate+Central (Ferry Piers),722,1,ctb,Yiu Tung Estate,Central (Ferry Piers),Yiu Tung Estate,Central (Ferry Piers),,8419,HK Bus Crawling
722+1+Yiu Tung Estate+Yiu Tung Estate,722,1,ctb,Yiu Tung Estate,Yiu Tung Estate,Yiu Tung Estate,Yiu Tung Estate,,1687,HK Bus Crawling
722+2+Yiu Tung Estate+Yiu Tung Estate,722,2,ctb,Yiu Tung Estate,Yiu Tung Estate,Yiu Tung Estate,Yiu Tung Estate,,1686,HK Bus Crawling
72A+1+Causeway Bay (Moreton Terrace)+Sham Wan,72A,1,ctb,Causeway Bay (Moreton Terrace),Sham Wan,Causeway Bay (Moreton Terrace),Sham Wan,,1604,HK Bus Crawling
72A+1+Sham Wan+Causeway Bay (Moreton Terrace),72A,1,ctb,Sham Wan,Causeway Bay (Moreton Terrace),Sham Wan,Causeway Bay (Moreton Terrace),,1604,HK Bus Crawling
73+1+Cyberport ／ Wah Fu (North)+Stanley Market,73,1,ctb,Cyberport ／ Wah Fu (North),Stanley Market,Cyberport ／ Wah Fu (North),Stanley Market,,1605,HK Bus Crawling
73+1+Stanley Village+Cyberport,73,1,ctb,Stanley Village,Cyberport,Stanley Village,Cyberport,,1605,HK Bus Crawling
73+2+Stanley Village+Wah Fu (North),73,2,ctb,Stanley Village,Wah Fu (North),Stanley Village,Wah Fu (North),,8587,HK Bus Crawling
73+2+Wah Fu (North)+Stanley Village,73,2,ctb,Wah Fu (North),Stanley Village,Wah Fu (North),Stanley Village,,8587,HK Bus Crawling
"73+3+Stanley Prison, Tung Tau Wan Road+Wah Fu (North)",73,3,ctb,"Stanley Prison, Tung Tau Wan Road",Wah Fu (North),"Stanley Prison, Tung Tau Wan Road",Wah Fu (North),,8588,HK Bus Crawling
73+4+Stanley Market+Cyberport ／ Wah Fu (North),73,4,ctb,Stanley Market,Cyberport ／ Wah Fu (North),Stanley Market,Cyberport ／ Wah Fu (North),,8589,HK Bus Crawling
"73+5+Stanley Village+Wong Chuk Hang Sports Centre, Wong Chuk Hang Road",73,5,ctb,Stanley Village,"Wong Chuk Hang Sports Centre, Wong Chuk Hang Road",Stanley Village,"Wong Chuk Hang Sports Centre, Wong Chuk Hang Road",,1000381,HK Bus Crawling
73P+1+Sham Wan+Cyberport,73P,1,ctb,Sham Wan,Cyberport,Sham Wan,Cyberport,,1606,HK Bus Crawling
73S+1+Stanley Market+Ocean Park,73S,1,ctb,Stanley Market,Ocean Park,Stanley Market,Ocean Park,,,HK Bus Crawling
75+1+Central (Exchange Square)+Sham Wan,75,1,ctb,Central (Exchange Square),Sham Wan,Central (Exchange Square),Sham Wan,,1607,HK Bus Crawling
75+1+Sham Wan+Central (Exchange Square),75,1,ctb,Sham Wan,Central (Exchange Square),Sham Wan,Central (Exchange Square),,1607,HK Bus Crawling
76+1+Causeway Bay (Pennington Street)+Wong Chuk Hang Station ／ Shek Pai Wan,76,1,ctb,Causeway Bay (Pennington Street),Wong Chuk Hang Station ／ Shek Pai Wan,Causeway Bay (Pennington Street),Wong Chuk Hang Station ／ Shek Pai Wan,,,HK Bus Crawling
76+1+Wong Chuk Hang Station ／ Shek Pai Wan+Causeway Bay (Pennington Street),76,1,ctb,Wong Chuk Hang Station ／ Shek Pai Wan,Causeway Bay (Pennington Street),Wong Chuk Hang Station ／ Shek Pai Wan,Causeway Bay (Pennington Street),,1000277,HK Bus Crawling
76+1+Wong Chuk Hang Station+Wong Chuk Hang Station,76,1,ctb,Wong Chuk Hang Station,Wong Chuk Hang Station,Wong Chuk Hang Station,Wong Chuk Hang Station,,1000274,HK Bus Crawling
76+2+Shek Pai Wan+Shek Pai Wan,76,2,ctb,Shek Pai Wan,Shek Pai Wan,Shek Pai Wan,Shek Pai Wan,,1608,HK Bus Crawling
76+2+Wong Chuk Hang Station+Pennington Street,76,2,ctb,Wong Chuk Hang Station,Pennington Street,Wong Chuk Hang Station,Pennington Street,,1000278,HK Bus Crawling
77+1+Shau Kei Wan+Tin Wan,77,1,ctb,Shau Kei Wan,Tin Wan,Shau Kei Wan,Tin Wan,,1609,HK Bus Crawling
77+1+Tin Wan+Shau Kei Wan,77,1,ctb,Tin Wan,Shau Kei Wan,Tin Wan,Shau Kei Wan,,1609,HK Bus Crawling
770+1+Chai Wan (East)+Tin Wan,770,1,ctb,Chai Wan (East),Tin Wan,Chai Wan (East),Tin Wan,,1000700,HK Bus Crawling
770+1+Tin Wan+Chai Wan (East),770,1,ctb,Tin Wan,Chai Wan (East),Tin Wan,Chai Wan (East),,1000700,HK Bus Crawling
77X+1+Wah Kwai Estate+Sai Wan Ho,77X,1,ctb,Wah Kwai Estate,Sai Wan Ho,Wah Kwai Estate,Sai Wan Ho,,8043,HK Bus Crawling
78+1+Wah Kwai Estate+Wong Chuk Hang,78,1,ctb,Wah Kwai Estate,Wong Chuk Hang,Wah Kwai Estate,Wong Chuk Hang,,8389,HK Bus Crawling
78+1+Wong Chuk Hang (Nam Long Shan)+Wong Chuk Hang (Nam Long Shan),78,1,ctb,Wong Chuk Hang (Nam Long Shan),Wong Chuk Hang (Nam Long Shan),Wong Chuk Hang (Nam Long Shan),Wong Chuk Hang (Nam Long Shan),,1610,HK Bus Crawling
78+1+Wong Chuk Hang+Wah Kwai Estate,78,1,ctb,Wong Chuk Hang,Wah Kwai Estate,Wong Chuk Hang,Wah Kwai Estate,,,HK Bus Crawling
780+1+Central (Ferry Piers)+Chai Wan (East),780,1,ctb,Central (Ferry Piers),Chai Wan (East),Central (Ferry Piers),Chai Wan (East),,1611,HK Bus Crawling
780+1+Chai Wan (East)+Central (Ferry Piers),780,1,ctb,Chai Wan (East),Central (Ferry Piers),Chai Wan (East),Central (Ferry Piers),,1611,HK Bus Crawling
780P+1+Hing Wah (via Causeway Bay)+Central (Ferry Piers),780P,1,ctb,Hing Wah (via Causeway Bay),Central (Ferry Piers),Hing Wah (via Causeway Bay),Central (Ferry Piers),,1612,HK Bus Crawling
788+1+Central (Macao Ferry)+Siu Sai Wan (Island Resort),788,1,ctb,Central (Macao Ferry),Siu Sai Wan (Island Resort),Central (Macao Ferry),Siu Sai Wan (Island Resort),,1613,HK Bus Crawling
788+1+Siu Sai Wan (Island Resort)+Central (Macao Ferry),788,1,ctb,Siu Sai Wan (Island Resort),Central (Macao Ferry),Siu Sai Wan (Island Resort),Central (Macao Ferry),,1613,HK Bus Crawling
788+2+Central (Macao Ferry)+Siu Sai Wan (Island Resort),788,2,ctb,Central (Macao Ferry),Siu Sai Wan (Island Resort),Central (Macao Ferry),Siu Sai Wan (Island Resort),,8597,HK Bus Crawling
788+2+Siu Sai Wan (Island Resort)+Central (Macao Ferry),788,2,ctb,Siu Sai Wan (Island Resort),Central (Macao Ferry),Siu Sai Wan (Island Resort),Central (Macao Ferry),,1000399,HK Bus Crawling
788+3+Siu Sai Wan (Island Resort)+Central (Macao Ferry),788,3,ctb,Siu Sai Wan (Island Resort),Central (Macao Ferry),Siu Sai Wan (Island Resort),Central (Macao Ferry),,8596,HK Bus Crawling
788+4+Siu Sai Wan (Island Resort)+Central (Macao Ferry),788,4,ctb,Siu Sai Wan (Island Resort),Central (Macao Ferry),Siu Sai Wan (Island Resort),Central (Macao Ferry),,1000398,HK Bus Crawling
788+5+Siu Sai Wan (Island Resort)+Central (Macao Ferry),788,5,ctb,Siu Sai Wan (Island Resort),Central (Macao Ferry),Siu Sai Wan (Island Resort),Central (Macao Ferry),,1000397,HK Bus Crawling
788+6+Siu Sai Wan (Island Resort)+Central (Macao Ferry),788,6,ctb,Siu Sai Wan (Island Resort),Central (Macao Ferry),Siu Sai Wan (Island Resort),Central (Macao Ferry),,8598,HK Bus Crawling
789+1+Admiralty (Rodney Street)+Siu Sai Wan (Island Resort),789,1,ctb,Admiralty (Rodney Street),Siu Sai Wan (Island Resort),Admiralty (Rodney Street),Siu Sai Wan (Island Resort),,1614,HK Bus Crawling
789+1+Siu Sai Wan (Island Resort)+Admiralty (Rodney Street),789,1,ctb,Siu Sai Wan (Island Resort),Admiralty (Rodney Street),Siu Sai Wan (Island Resort),Admiralty (Rodney Street),,1614,HK Bus Crawling
789+2+Siu Sai Wan (Island Resort)+Admiralty (Rodney Street),789,2,ctb,Siu Sai Wan (Island Resort),Admiralty (Rodney Street),Siu Sai Wan (Island Resort),Admiralty (Rodney Street),,8330,HK Bus Crawling
789+3+Siu Sai Wan (Island Resort)+Admiralty - Rodney Street,789,3,ctb,Siu Sai Wan (Island Resort),Admiralty - Rodney Street,Siu Sai Wan (Island Resort),Admiralty - Rodney Street,,1000395,HK Bus Crawling
789+4+Siu Sai Wan (Island Resort)+Admiralty (Rodney Street),789,4,ctb,Siu Sai Wan (Island Resort),Admiralty (Rodney Street),Siu Sai Wan (Island Resort),Admiralty (Rodney Street),,1000396,HK Bus Crawling
78C+1+Kai Tak (Via: Kwun Tong)+Queen's Hill Fanling,78C,1,ctb,Kai Tak (Via: Kwun Tong),Queen's Hill Fanling,Kai Tak (Via: Kwun Tong),Queen's Hill Fanling,,1000402,HK Bus Crawling
78C+1+Queen's Hill Fanling+Kai Tak (Via: Kwun Tong),78C,1,ctb,Queen's Hill Fanling,Kai Tak (Via: Kwun Tong),Queen's Hill Fanling,Kai Tak (Via: Kwun Tong),,1000402,HK Bus Crawling
78P+1+Queen's Hill Fanling+Kwun Tong,78P,1,ctb,Queen's Hill Fanling,Kwun Tong,Queen's Hill Fanling,Kwun Tong,,1000485,HK Bus Crawling
78X+1+Queen's Hill Fanling+Kai Tak (via: Kwun Tong),78X,1,ctb,Queen's Hill Fanling,Kai Tak (via: Kwun Tong),Queen's Hill Fanling,Kai Tak (via: Kwun Tong),,1000198,HK Bus Crawling
79+1+Queen's Hill Fanling (via: Tai Po)+Tai Wai Station (via: Tai Po),79,1,ctb,Queen's Hill Fanling (via: Tai Po),Tai Wai Station (via: Tai Po),Queen's Hill Fanling (via: Tai Po),Tai Wai Station (via: Tai Po),,1000536,HK Bus Crawling
79+1+Tai Wai Station (via: Tai Po)+Queen's Hill Fanling (via: Tai Po),79,1,ctb,Tai Wai Station (via: Tai Po),Queen's Hill Fanling (via: Tai Po),Tai Wai Station (via: Tai Po),Queen's Hill Fanling (via: Tai Po),,1000536,HK Bus Crawling
790+1+Oscar By The Sea+Tsim Sha Tsui (Mody Road),790,1,ctb,Oscar By The Sea,Tsim Sha Tsui (Mody Road),Oscar By The Sea,Tsim Sha Tsui (Mody Road),,1000312,HK Bus Crawling
790+1+Tsim Sha Tsui (Mody Road)+Oscar By The Sea (via: LOHAS Park),790,1,ctb,Tsim Sha Tsui (Mody Road),Oscar By The Sea (via: LOHAS Park),Tsim Sha Tsui (Mody Road),Oscar By The Sea (via: LOHAS Park),,1000312,HK Bus Crawling
790+2+Oscar By The Sea (via: LOHAS Park)+Tsim Sha Tsui (Mody Road),790,2,ctb,Oscar By The Sea (via: LOHAS Park),Tsim Sha Tsui (Mody Road),Oscar By The Sea (via: LOHAS Park),Tsim Sha Tsui (Mody Road),,1000701,HK Bus Crawling
792M+1+Sai Kung+Tseung Kwan O Station,792M,1,ctb,Sai Kung,Tseung Kwan O Station,Sai Kung,Tseung Kwan O Station,,1616,HK Bus Crawling
792M+1+Tseung Kwan O Station+Sai Kung,792M,1,ctb,Tseung Kwan O Station,Sai Kung,Tseung Kwan O Station,Sai Kung,,1616,HK Bus Crawling
793+1+So Uk+Tseung Kwan O Industrial Estate,793,1,ctb,So Uk,Tseung Kwan O Industrial Estate,So Uk,Tseung Kwan O Industrial Estate,,1000256,HK Bus Crawling
793+1+Tseung Kwan O Industrial Estate+So Uk,793,1,ctb,Tseung Kwan O Industrial Estate,So Uk,Tseung Kwan O Industrial Estate,So Uk,,1000256,HK Bus Crawling
795+1+Cheung Sha Wan (Hoi Tat)+Tseung Kwan O Industrial Estate (via: LOHAS Park),795,1,ctb,Cheung Sha Wan (Hoi Tat),Tseung Kwan O Industrial Estate (via: LOHAS Park),Cheung Sha Wan (Hoi Tat),Tseung Kwan O Industrial Estate (via: LOHAS Park),,1000313,HK Bus Crawling
795+1+Tseung Kwan O Industrial Estate (via: LOHAS Park)+Cheung Sha Wan (Hoi Tat),795,1,ctb,Tseung Kwan O Industrial Estate (via: LOHAS Park),Cheung Sha Wan (Hoi Tat),Tseung Kwan O Industrial Estate (via: LOHAS Park),Cheung Sha Wan (Hoi Tat),,1000313,HK Bus Crawling
795X+1+Oscar by the Sea (via: Sheung Tak)+So Uk (via: Mong Kok and Mei Foo),795X,1,ctb,Oscar by the Sea (via: Sheung Tak),So Uk (via: Mong Kok and Mei Foo),Oscar by the Sea (via: Sheung Tak),So Uk (via: Mong Kok and Mei Foo),,1000223,HK Bus Crawling
795X+1+So Uk (via: Mong Kok and Mei Foo)+Oscar by the Sea (via: Sheung Tak),795X,1,ctb,So Uk (via: Mong Kok and Mei Foo),Oscar by the Sea (via: Sheung Tak),So Uk (via: Mong Kok and Mei Foo),Oscar by the Sea (via: Sheung Tak),,1000223,HK Bus Crawling
795X+2+Oscar by the Sea (via: Sheung Tak)+So Uk (via: Mong Kok and Mei Foo),795X,2,ctb,Oscar by the Sea (via: Sheung Tak),So Uk (via: Mong Kok and Mei Foo),Oscar by the Sea (via: Sheung Tak),So Uk (via: Mong Kok and Mei Foo),,1000688,HK Bus Crawling
796P+1+Tseung Kwan O Station+Tsim Sha Tsui East,796P,1,ctb,Tseung Kwan O Station,Tsim Sha Tsui East,Tseung Kwan O Station,Tsim Sha Tsui East,,,HK Bus Crawling
796P+1+Tsim Sha Tsui East+Tseung Kwan O Station,796P,1,ctb,Tsim Sha Tsui East,Tseung Kwan O Station,Tsim Sha Tsui East,Tseung Kwan O Station,,8277,HK Bus Crawling
796P+2+Tseung Kwan O Station+Tsim Sha Tsui East,796P,2,ctb,Tseung Kwan O Station,Tsim Sha Tsui East,Tseung Kwan O Station,Tsim Sha Tsui East,,8091,HK Bus Crawling
796R+1+Hong Kong Coliseum+LOHAS Park,796R,1,ctb,Hong Kong Coliseum,LOHAS Park,Hong Kong Coliseum,LOHAS Park,,,HK Bus Crawling
796S+1+Ngau Tau Kok Station+Tseung Kwan O Station,796S,1,ctb,Ngau Tau Kok Station,Tseung Kwan O Station,Ngau Tau Kok Station,Tseung Kwan O Station,,,HK Bus Crawling
796S+1+Tseung Kwan O Station+Ngau Tau Kok Station,796S,1,ctb,Tseung Kwan O Station,Ngau Tau Kok Station,Tseung Kwan O Station,Ngau Tau Kok Station,,,HK Bus Crawling
796S+1+Tseung Kwan O Station+Tseung Kwan O Station,796S,1,ctb,Tseung Kwan O Station,Tseung Kwan O Station,Tseung Kwan O Station,Tseung Kwan O Station,,1619,HK Bus Crawling
796X+1+Hung Hom and To Kwa Wan+LOHAS Park,796X,1,ctb,Hung Hom and To Kwa Wan,LOHAS Park,Hung Hom and To Kwa Wan,LOHAS Park,,,HK Bus Crawling
796X+1+LOHAS Park+Hung Hom and To Kwa Wan,796X,1,ctb,LOHAS Park,Hung Hom and To Kwa Wan,LOHAS Park,Hung Hom and To Kwa Wan,,,HK Bus Crawling
796X+1+LOHAS Park+LOHAS Park,796X,1,ctb,LOHAS Park,LOHAS Park,LOHAS Park,LOHAS Park,,8090,HK Bus Crawling
797+1+Kai Tak+LOHAS Park ／ Tseung Kwan O Industrial Estate,797,1,ctb,Kai Tak,LOHAS Park ／ Tseung Kwan O Industrial Estate,Kai Tak,LOHAS Park ／ Tseung Kwan O Industrial Estate,,,HK Bus Crawling
797+1+LOHAS Park+LOHAS Park,797,1,ctb,LOHAS Park,LOHAS Park,LOHAS Park,LOHAS Park,,8794,HK Bus Crawling
797+1+LOHAS Park+Tseuk Luk Street,797,1,ctb,LOHAS Park,Tseuk Luk Street,LOHAS Park,Tseuk Luk Street,,1000211,HK Bus Crawling
797+2+LOHAS Park+Tseung Kwan O Industrial Estate,797,2,ctb,LOHAS Park,Tseung Kwan O Industrial Estate,LOHAS Park,Tseung Kwan O Industrial Estate,,8795,HK Bus Crawling
798+1+Fo Tan (Chun Yeung Estate) (via: Sha Tin)+Tiu Keng Leng Station,798,1,ctb,Fo Tan (Chun Yeung Estate) (via: Sha Tin),Tiu Keng Leng Station,Fo Tan (Chun Yeung Estate) (via: Sha Tin),Tiu Keng Leng Station,,1621,HK Bus Crawling
798+1+Tiu Keng Leng Station+Fo Tan (Chun Yeung Estate) (via: Sha Tin),798,1,ctb,Tiu Keng Leng Station,Fo Tan (Chun Yeung Estate) (via: Sha Tin),Tiu Keng Leng Station,Fo Tan (Chun Yeung Estate) (via: Sha Tin),,1621,HK Bus Crawling
798A+1+Sha Tin Station+Tseung Kwan O (Hong Sing Garden),798A,1,ctb,Sha Tin Station,Tseung Kwan O (Hong Sing Garden),Sha Tin Station,Tseung Kwan O (Hong Sing Garden),,8299,HK Bus Crawling
798A+1+Tseung Kwan O (Hong Sing Garden)+Sha Tin Station,798A,1,ctb,Tseung Kwan O (Hong Sing Garden),Sha Tin Station,Tseung Kwan O (Hong Sing Garden),Sha Tin Station,,8299,HK Bus Crawling
798P+1+Tai Wai Station (via: Sha Tin)+Tseung Kwan O Industrial Estate,798P,1,ctb,Tai Wai Station (via: Sha Tin),Tseung Kwan O Industrial Estate,Tai Wai Station (via: Sha Tin),Tseung Kwan O Industrial Estate,,1000287,HK Bus Crawling
798P+1+Tseung Kwan O Industrial Estate+Shatin Central,798P,1,ctb,Tseung Kwan O Industrial Estate,Shatin Central,Tseung Kwan O Industrial Estate,Shatin Central,,1000287,HK Bus Crawling
798P+1+Tseung Kwan O Industrial Estate+Tai Wai Station (via: Sha Tin),798P,1,ctb,Tseung Kwan O Industrial Estate,Tai Wai Station (via: Sha Tin),Tseung Kwan O Industrial Estate,Tai Wai Station (via: Sha Tin),,,HK Bus Crawling
798X+1+Fo Tan (Chun Yeung Estate) (via: Sha Tin)+Tseung Kwan O Industrial Estate,798X,1,ctb,Fo Tan (Chun Yeung Estate) (via: Sha Tin),Tseung Kwan O Industrial Estate,Fo Tan (Chun Yeung Estate) (via: Sha Tin),Tseung Kwan O Industrial Estate,,1000662,HK Bus Crawling
798X+1+Tseung Kwan O Industrial Estate+Fo Tan (Chun Yeung Estate) (via: Sha Tin),798X,1,ctb,Tseung Kwan O Industrial Estate,Fo Tan (Chun Yeung Estate) (via: Sha Tin),Tseung Kwan O Industrial Estate,Fo Tan (Chun Yeung Estate) (via: Sha Tin),,1000288,HK Bus Crawling
798X+2+Chun Yeung Estate+Tseung Kwan O Industrial Estate,798X,2,ctb,Chun Yeung Estate,Tseung Kwan O Industrial Estate,Chun Yeung Estate,Tseung Kwan O Industrial Estate,,1000288,HK Bus Crawling
79P+1+High Speed Rail West Kowloon Station+Queen's Hill Fanling,79P,1,ctb,High Speed Rail West Kowloon Station,Queen's Hill Fanling,High Speed Rail West Kowloon Station,Queen's Hill Fanling,,1000403,HK Bus Crawling
79P+1+Queen's Hill Fanling+High Speed Rail West Kowloon Station,79P,1,ctb,Queen's Hill Fanling,High Speed Rail West Kowloon Station,Queen's Hill Fanling,High Speed Rail West Kowloon Station,,1000403,HK Bus Crawling
79X+1+Cheung Sha Wan (Kom Tsun Street) (via: Mong Kok)+Queen's Hill Fanling,79X,1,ctb,Cheung Sha Wan (Kom Tsun Street) (via: Mong Kok),Queen's Hill Fanling,Cheung Sha Wan (Kom Tsun Street) (via: Mong Kok),Queen's Hill Fanling,,1000199,HK Bus Crawling
79X+1+Queen's Hill Fanling+Cheung Sha Wan (Kom Tsun Street) (via: Mong Kok),79X,1,ctb,Queen's Hill Fanling,Cheung Sha Wan (Kom Tsun Street) (via: Mong Kok),Queen's Hill Fanling,Cheung Sha Wan (Kom Tsun Street) (via: Mong Kok),,1000199,HK Bus Crawling
8+1+Exhibition Centre Station+Heng Fa Chuen,8,1,ctb,Exhibition Centre Station,Heng Fa Chuen,Exhibition Centre Station,Heng Fa Chuen,,1622,HK Bus Crawling
8+1+Heng Fa Chuen+Exhibition Centre Station,8,1,ctb,Heng Fa Chuen,Exhibition Centre Station,Heng Fa Chuen,Exhibition Centre Station,,1622,HK Bus Crawling
81+1+Hing Wah Estate+Lai Tak Tsuen,81,1,ctb,Hing Wah Estate,Lai Tak Tsuen,Hing Wah Estate,Lai Tak Tsuen,,1625,HK Bus Crawling
81+1+Lai Tak Tsuen+Hing Wah Estate,81,1,ctb,Lai Tak Tsuen,Hing Wah Estate,Lai Tak Tsuen,Hing Wah Estate,,1625,HK Bus Crawling
81A+1+Hing Wah Estate+Lai Tak Tsuen,81A,1,ctb,Hing Wah Estate,Lai Tak Tsuen,Hing Wah Estate,Lai Tak Tsuen,,1627,HK Bus Crawling
81A+1+Lai Tak Tsuen+Hing Wah Estate,81A,1,ctb,Lai Tak Tsuen,Hing Wah Estate,Lai Tak Tsuen,Hing Wah Estate,,1627,HK Bus Crawling
82+1+North Point Ferry Pier+Siu Sai Wan (Island Resort),82,1,ctb,North Point Ferry Pier,Siu Sai Wan (Island Resort),North Point Ferry Pier,Siu Sai Wan (Island Resort),,1629,HK Bus Crawling
82+1+Siu Sai Wan (Island Resort)+North Point Ferry Pier,82,1,ctb,Siu Sai Wan (Island Resort),North Point Ferry Pier,Siu Sai Wan (Island Resort),North Point Ferry Pier,,1629,HK Bus Crawling
82+2+North Point Ferry Pier+Siu Sai Wan (Island Resort),82,2,ctb,North Point Ferry Pier,Siu Sai Wan (Island Resort),North Point Ferry Pier,Siu Sai Wan (Island Resort),,8383,HK Bus Crawling
82S+1+Siu Sai Wan (Island Resort)+Yiu Tung (Wai Hang Street),82S,1,ctb,Siu Sai Wan (Island Resort),Yiu Tung (Wai Hang Street),Siu Sai Wan (Island Resort),Yiu Tung (Wai Hang Street),,1000425,HK Bus Crawling
82S+1+Yiu Tung (Wai Hang Street)+Siu Sai Wan (Island Resort),82S,1,ctb,Yiu Tung (Wai Hang Street),Siu Sai Wan (Island Resort),Yiu Tung (Wai Hang Street),Siu Sai Wan (Island Resort),,1000425,HK Bus Crawling
82X+1+Quarry Bay+Siu Sai Wan (Island Resort),82X,1,ctb,Quarry Bay,Siu Sai Wan (Island Resort),Quarry Bay,Siu Sai Wan (Island Resort),,1000073,HK Bus Crawling
82X+1+Siu Sai Wan (Island Resort)+Quarry Bay,82X,1,ctb,Siu Sai Wan (Island Resort),Quarry Bay,Siu Sai Wan (Island Resort),Quarry Bay,,,HK Bus Crawling
82X+1+Siu Sai Wan (Island Resort)+Siu Sai Wan (Island Resort),82X,1,ctb,Siu Sai Wan (Island Resort),Siu Sai Wan (Island Resort),Siu Sai Wan (Island Resort),Siu Sai Wan (Island Resort),,1632,HK Bus Crawling
85+1+Braemar Hill+Siu Sai Wan (Island Resort),85,1,ctb,Braemar Hill,Siu Sai Wan (Island Resort),Braemar Hill,Siu Sai Wan (Island Resort),,1000547,HK Bus Crawling
85+1+Siu Sai Wan (Island Resort)+North Point Ferry Pier,85,1,ctb,Siu Sai Wan (Island Resort),North Point Ferry Pier,Siu Sai Wan (Island Resort),North Point Ferry Pier,,8138,HK Bus Crawling
85+1+Siu Sai Wan (Island Resort)+Siu Sai Wan (Island Resort),85,1,ctb,Siu Sai Wan (Island Resort),Siu Sai Wan (Island Resort),Siu Sai Wan (Island Resort),Siu Sai Wan (Island Resort),,1631,HK Bus Crawling
85+2+North Point Ferry Pier+Siu Sai Wan (Island Resort),85,2,ctb,North Point Ferry Pier,Siu Sai Wan (Island Resort),North Point Ferry Pier,Siu Sai Wan (Island Resort),,8138,HK Bus Crawling
85A+1+Braemar Hill+Shau Kei Wan,85A,1,ctb,Braemar Hill,Shau Kei Wan,Braemar Hill,Shau Kei Wan,,,HK Bus Crawling
85A+1+North Point Ferry Pier+Shau Kei Wan,85A,1,ctb,North Point Ferry Pier,Shau Kei Wan,North Point Ferry Pier,Shau Kei Wan,,8139,HK Bus Crawling
85A+1+Shau Kei Wan+Braemar Hill,85A,1,ctb,Shau Kei Wan,Braemar Hill,Shau Kei Wan,Braemar Hill,,8310,HK Bus Crawling
"85A+2+Oi Tung Shopping Centre, Oi Yin Street+Braemar Hill",85A,2,ctb,"Oi Tung Shopping Centre, Oi Yin Street",Braemar Hill,"Oi Tung Shopping Centre, Oi Yin Street",Braemar Hill,,1768,HK Bus Crawling
85P+1+Braemar Hill+Siu Sai Wan (Island Resort),85P,1,ctb,Braemar Hill,Siu Sai Wan (Island Resort),Braemar Hill,Siu Sai Wan (Island Resort),,8789,HK Bus Crawling
85P+1+Siu Sai Wan (Island Resort)+Braemar Hill,85P,1,ctb,Siu Sai Wan (Island Resort),Braemar Hill,Siu Sai Wan (Island Resort),Braemar Hill,,1553,HK Bus Crawling
88R+1+Central+City One Shatin,88R,1,ctb,Central,City One Shatin,Central,City One Shatin,,,HK Bus Crawling
88R+1+City One Shatin+Central,88R,1,ctb,City One Shatin,Central,City One Shatin,Central,,,HK Bus Crawling
88X+1+Kennedy Town (Belcher Bay)+Siu Sai Wan (Island Resort),88X,1,ctb,Kennedy Town (Belcher Bay),Siu Sai Wan (Island Resort),Kennedy Town (Belcher Bay),Siu Sai Wan (Island Resort),,8355,HK Bus Crawling
88X+1+Siu Sai Wan (Island Resort)+Kennedy Town (Belcher Bay),88X,1,ctb,Siu Sai Wan (Island Resort),Kennedy Town (Belcher Bay),Siu Sai Wan (Island Resort),Kennedy Town (Belcher Bay),,8355,HK Bus Crawling
8H+1+Chai Wan (East)+Tung Wah Eastern Hospital,8H,1,ctb,Chai Wan (East),Tung Wah Eastern Hospital,Chai Wan (East),Tung Wah Eastern Hospital,,8478,HK Bus Crawling
8H+1+Tung Wah Eastern Hospital+Chai Wan (East),8H,1,ctb,Tung Wah Eastern Hospital,Chai Wan (East),Tung Wah Eastern Hospital,Chai Wan (East),,8478,HK Bus Crawling
8P+1+Exhibition Centre Station+Siu Sai Wan (Island Resort),8P,1,ctb,Exhibition Centre Station,Siu Sai Wan (Island Resort),Exhibition Centre Station,Siu Sai Wan (Island Resort),,1634,HK Bus Crawling
8P+1+Siu Sai Wan (Island Resort)+Exhibition Centre Station,8P,1,ctb,Siu Sai Wan (Island Resort),Exhibition Centre Station,Siu Sai Wan (Island Resort),Exhibition Centre Station,,1634,HK Bus Crawling
8P+2+Siu Sai Wan (Island Resort)+Exhibition Centre Station,8P,2,ctb,Siu Sai Wan (Island Resort),Exhibition Centre Station,Siu Sai Wan (Island Resort),Exhibition Centre Station,,1000349,HK Bus Crawling
"8P+3+Siu Sai Wan (Island Resort)+Causeway Bay - Hysan Place, Hennessy Road",8P,3,ctb,Siu Sai Wan (Island Resort),"Causeway Bay - Hysan Place, Hennessy Road",Siu Sai Wan (Island Resort),"Causeway Bay - Hysan Place, Hennessy Road",,1000350,HK Bus Crawling
8X+1+Happy Valley (Upper)+Siu Sai Wan (Island Resort),8X,1,ctb,Happy Valley (Upper),Siu Sai Wan (Island Resort),Happy Valley (Upper),Siu Sai Wan (Island Resort),,1636,HK Bus Crawling
8X+1+Siu Sai Wan (Island Resort)+Happy Valley (Upper),8X,1,ctb,Siu Sai Wan (Island Resort),Happy Valley (Upper),Siu Sai Wan (Island Resort),Happy Valley (Upper),,1636,HK Bus Crawling
"8X+2+Siu Sai Wan (Island Resort)+Moreton Terrace, Causeway Road",8X,2,ctb,Siu Sai Wan (Island Resort),"Moreton Terrace, Causeway Road",Siu Sai Wan (Island Resort),"Moreton Terrace, Causeway Road",,1000257,HK Bus Crawling
"8X+2+Victoria Park, Causeway Road+Siu Sai Wan (Island Resort)",8X,2,ctb,"Victoria Park, Causeway Road",Siu Sai Wan (Island Resort),"Victoria Park, Causeway Road",Siu Sai Wan (Island Resort),,1000258,HK Bus Crawling
9+1+Big Wave Bay+Shau Kei Wan,9,1,ctb,Big Wave Bay,Shau Kei Wan,Big Wave Bay,Shau Kei Wan,,8272,HK Bus Crawling
9+1+Shau Kei Wan+Shek O,9,1,ctb,Shau Kei Wan,Shek O,Shau Kei Wan,Shek O,,1637,HK Bus Crawling
9+1+Shek O+Shau Kei Wan,9,1,ctb,Shek O,Shau Kei Wan,Shek O,Shau Kei Wan,,1637,HK Bus Crawling
9+2+Shau Kei Wan+Shek O,9,2,ctb,Shau Kei Wan,Shek O,Shau Kei Wan,Shek O,,8487,HK Bus Crawling
9+2+Shek O+Shau Kei Wan,9,2,ctb,Shek O,Shau Kei Wan,Shek O,Shau Kei Wan,,8487,HK Bus Crawling
9+3+Shau Kei Wan+Shek O,9,3,ctb,Shau Kei Wan,Shek O,Shau Kei Wan,Shek O,,8486,HK Bus Crawling
9+3+Shek O+Shau Kei Wan,9,3,ctb,Shek O,Shau Kei Wan,Shek O,Shau Kei Wan,,8486,HK Bus Crawling
9+4+Shau Kei Wan+Shek O,9,4,ctb,Shau Kei Wan,Shek O,Shau Kei Wan,Shek O,,8488,HK Bus Crawling
90+1+Ap Lei Chau Estate+Central (Exchange Square),90,1,ctb,Ap Lei Chau Estate,Central (Exchange Square),Ap Lei Chau Estate,Central (Exchange Square),,1000553,HK Bus Crawling
90+1+Central (Exchange Square)+Ap Lei Chau Estate,90,1,ctb,Central (Exchange Square),Ap Lei Chau Estate,Central (Exchange Square),Ap Lei Chau Estate,,1000553,HK Bus Crawling
90+2+Ap Lei Chau Estate+Central (Exchange Square),90,2,ctb,Ap Lei Chau Estate,Central (Exchange Square),Ap Lei Chau Estate,Central (Exchange Square),,1638,HK Bus Crawling
90+2+Central (Exchange Square)+Ap Lei Chau Estate,90,2,ctb,Central (Exchange Square),Ap Lei Chau Estate,Central (Exchange Square),Ap Lei Chau Estate,,1638,HK Bus Crawling
90B+1+Admiralty (East)+South Horizons,90B,1,ctb,Admiralty (East),South Horizons,Admiralty (East),South Horizons,,1641,HK Bus Crawling
90B+1+South Horizons+Admiralty (East),90B,1,ctb,South Horizons,Admiralty (East),South Horizons,Admiralty (East),,1641,HK Bus Crawling
90C+1+Main Street Ap Lei Chau+Central (Jardine House),90C,1,ctb,Main Street Ap Lei Chau,Central (Jardine House),Main Street Ap Lei Chau,Central (Jardine House),,1642,HK Bus Crawling
91+1+Ap Lei Chau Estate+Central Ferry - Bus Terminus,91,1,ctb,Ap Lei Chau Estate,Central Ferry - Bus Terminus,Ap Lei Chau Estate,Central Ferry - Bus Terminus,,1782,HK Bus Crawling
91+1+Central (Ferry Piers)+Ap Lei Chau Estate,91,1,ctb,Central (Ferry Piers),Ap Lei Chau Estate,Central (Ferry Piers),Ap Lei Chau Estate,,1782,HK Bus Crawling
91+2+Ap Lei Chau Estate+Central (Ferry Piers),91,2,ctb,Ap Lei Chau Estate,Central (Ferry Piers),Ap Lei Chau Estate,Central (Ferry Piers),,1000263,HK Bus Crawling
"91+3+Mei Hong Court South Horizons, South Horizon Drive+Central Ferry - Bus Terminus",91,3,ctb,"Mei Hong Court South Horizons, South Horizon Drive",Central Ferry - Bus Terminus,"Mei Hong Court South Horizons, South Horizon Drive",Central Ferry - Bus Terminus,,1781,HK Bus Crawling
"91+4+Tung Hing House Lei Tung Estate, Lei Tung Estate Road+Central Ferry - Bus Terminus",91,4,ctb,"Tung Hing House Lei Tung Estate, Lei Tung Estate Road",Central Ferry - Bus Terminus,"Tung Hing House Lei Tung Estate, Lei Tung Estate Road",Central Ferry - Bus Terminus,,1000264,HK Bus Crawling
91A+1+Ap Lei Chau Estate+Wah Fu (South),91A,1,ctb,Ap Lei Chau Estate,Wah Fu (South),Ap Lei Chau Estate,Wah Fu (South),,1785,HK Bus Crawling
91A+1+Wah Fu (South)+Ap Lei Chau Estate,91A,1,ctb,Wah Fu (South),Ap Lei Chau Estate,Wah Fu (South),Ap Lei Chau Estate,,1785,HK Bus Crawling
93+1+South Horizons ／ Ap Lei Chau Estate+Robinson Road,93,1,ctb,South Horizons ／ Ap Lei Chau Estate,Robinson Road,South Horizons ／ Ap Lei Chau Estate,Robinson Road,,1787,HK Bus Crawling
"93+2+Ap Lei Chau Estate+Garden Terrace, Robinson Road",93,2,ctb,Ap Lei Chau Estate,"Garden Terrace, Robinson Road",Ap Lei Chau Estate,"Garden Terrace, Robinson Road",,1786,HK Bus Crawling
930+1+Exhibition Centre Station+Tsuen Wan West Station,930,1,ctb,Exhibition Centre Station,Tsuen Wan West Station,Exhibition Centre Station,Tsuen Wan West Station,,8360,HK Bus Crawling
930+1+Tsuen Wan (Discovery Park ／ Tsuen Wan West Station)+Exhibition Centre Station,930,1,ctb,Tsuen Wan (Discovery Park ／ Tsuen Wan West Station),Exhibition Centre Station,Tsuen Wan (Discovery Park ／ Tsuen Wan West Station),Exhibition Centre Station,,8667,HK Bus Crawling
930+2+Exhibition Centre Station+Tsuen Wan (Discovery Park ／ Tsuen Wan West Station),930,2,ctb,Exhibition Centre Station,Tsuen Wan (Discovery Park ／ Tsuen Wan West Station),Exhibition Centre Station,Tsuen Wan (Discovery Park ／ Tsuen Wan West Station),,1646,HK Bus Crawling
"930+3+Admiralty - Pacific Place, Queensway+Tsuen Wan West Station",930,3,ctb,"Admiralty - Pacific Place, Queensway",Tsuen Wan West Station,"Admiralty - Pacific Place, Queensway",Tsuen Wan West Station,,8740,HK Bus Crawling
930A+1+Exhibition Centre Station+Tsuen Wan West Station,930A,1,ctb,Exhibition Centre Station,Tsuen Wan West Station,Exhibition Centre Station,Tsuen Wan West Station,,1000252,HK Bus Crawling
930A+1+Tsuen Wan West Station+Exhibition Centre Station,930A,1,ctb,Tsuen Wan West Station,Exhibition Centre Station,Tsuen Wan West Station,Exhibition Centre Station,,1897,HK Bus Crawling
930B+1+Kwai Shing (East)+Causeway Bay (Moreton Terrace),930B,1,ctb,Kwai Shing (East),Causeway Bay (Moreton Terrace),Kwai Shing (East),Causeway Bay (Moreton Terrace),,1000204,HK Bus Crawling
930X+1+Causeway Bay (Moreton Terrace)+Tsuen Wan (Discovery Park),930X,1,ctb,Causeway Bay (Moreton Terrace),Tsuen Wan (Discovery Park),Causeway Bay (Moreton Terrace),Tsuen Wan (Discovery Park),,8266,HK Bus Crawling
930X+1+Tsuen Wan (Discovery Park)+Causeway Bay (Moreton Terrace),930X,1,ctb,Tsuen Wan (Discovery Park),Causeway Bay (Moreton Terrace),Tsuen Wan (Discovery Park),Causeway Bay (Moreton Terrace),,8266,HK Bus Crawling
930X+2+Tsuen Wan (Discovery Park)+Causeway Bay (Moreton Terrace),930X,2,ctb,Tsuen Wan (Discovery Park),Causeway Bay (Moreton Terrace),Tsuen Wan (Discovery Park),Causeway Bay (Moreton Terrace),,1000205,HK Bus Crawling
933+1+Sai Wan Ho+Tsuen Wan West Station,933,1,ctb,Sai Wan Ho,Tsuen Wan West Station,Sai Wan Ho,Tsuen Wan West Station,,1000013,HK Bus Crawling
933+1+Tsuen Wan West Station+Sai Wan Ho,933,1,ctb,Tsuen Wan West Station,Sai Wan Ho,Tsuen Wan West Station,Sai Wan Ho,,1000013,HK Bus Crawling
93A+1+Lei Tung Estate+Robinson Road,93A,1,ctb,Lei Tung Estate,Robinson Road,Lei Tung Estate,Robinson Road,,1647,HK Bus Crawling
"93C+1+Tin Wan Estate+Caritas Centre, Caine Road",93C,1,ctb,Tin Wan Estate,"Caritas Centre, Caine Road",Tin Wan Estate,"Caritas Centre, Caine Road",,1789,HK Bus Crawling
"93C+2+Ap Lei Chau Main Street+Caritas Centre, Caine Road",93C,2,ctb,Ap Lei Chau Main Street,"Caritas Centre, Caine Road",Ap Lei Chau Main Street,"Caritas Centre, Caine Road",,1788,HK Bus Crawling
94A+1+Lei Tung Estate+Wah Fu (Central),94A,1,ctb,Lei Tung Estate,Wah Fu (Central),Lei Tung Estate,Wah Fu (Central),,,HK Bus Crawling
94A+1+Wah Fu (Central)+Lei Tung Estate,94A,1,ctb,Wah Fu (Central),Lei Tung Estate,Wah Fu (Central),Lei Tung Estate,,1000343,HK Bus Crawling
94A+1+Wah Fu (Central)+Wah Fu (Central),94A,1,ctb,Wah Fu (Central),Wah Fu (Central),Wah Fu (Central),Wah Fu (Central),,1650,HK Bus Crawling
950+1+Exhibition Centre Station+Tuen Mun (Ching Tin and Wo Tin),950,1,ctb,Exhibition Centre Station,Tuen Mun (Ching Tin and Wo Tin),Exhibition Centre Station,Tuen Mun (Ching Tin and Wo Tin),,1000283,HK Bus Crawling
950+1+Tuen Mun (Ching Tin and Wo Tin)+Exhibition Centre Station,950,1,ctb,Tuen Mun (Ching Tin and Wo Tin),Exhibition Centre Station,Tuen Mun (Ching Tin and Wo Tin),Exhibition Centre Station,,1000283,HK Bus Crawling
952+1+Causeway Bay (Moreton Terrace) ／ Admiralty (West)+Tuen Mun (Chi Lok Fa Yuen),952,1,ctb,Causeway Bay (Moreton Terrace) ／ Admiralty (West),Tuen Mun (Chi Lok Fa Yuen),Causeway Bay (Moreton Terrace) ／ Admiralty (West),Tuen Mun (Chi Lok Fa Yuen),,1657,HK Bus Crawling
952+1+Tuen Mun (Chi Lok Fa Yuen)+Causeway Bay (Moreton Terrace) ／ Admiralty (West),952,1,ctb,Tuen Mun (Chi Lok Fa Yuen),Causeway Bay (Moreton Terrace) ／ Admiralty (West),Tuen Mun (Chi Lok Fa Yuen),Causeway Bay (Moreton Terrace) ／ Admiralty (West),,1657,HK Bus Crawling
"952+2+Ka Loon Tsuen, Castle Peak Road+Admiralty - MTR Exit B",952,2,ctb,"Ka Loon Tsuen, Castle Peak Road",Admiralty - MTR Exit B,"Ka Loon Tsuen, Castle Peak Road",Admiralty - MTR Exit B,,1000246,HK Bus Crawling
952+3+Chi Lok Fa Yuen+Admiralty - MTR Exit B,952,3,ctb,Chi Lok Fa Yuen,Admiralty - MTR Exit B,Chi Lok Fa Yuen,Admiralty - MTR Exit B,,8161,HK Bus Crawling
952C+1+So Kwun Wat+Tai Koo (Kornhill Plaza),952C,1,ctb,So Kwun Wat,Tai Koo (Kornhill Plaza),So Kwun Wat,Tai Koo (Kornhill Plaza),,8554,HK Bus Crawling
952C+1+Tai Koo (Kornhill Plaza)+So Kwun Wat,952C,1,ctb,Tai Koo (Kornhill Plaza),So Kwun Wat,Tai Koo (Kornhill Plaza),So Kwun Wat,,8555,HK Bus Crawling
952P+1+Chi Lok Fa Yuen+Causeway Bay (Moreton Terrace),952P,1,ctb,Chi Lok Fa Yuen,Causeway Bay (Moreton Terrace),Chi Lok Fa Yuen,Causeway Bay (Moreton Terrace),,1659,HK Bus Crawling
"952P+2+Avignon, So Kwun Wat Road+Causeway Bay (Moreton Terrace)",952P,2,ctb,"Avignon, So Kwun Wat Road",Causeway Bay (Moreton Terrace),"Avignon, So Kwun Wat Road",Causeway Bay (Moreton Terrace),,1000009,HK Bus Crawling
"952P+3+Golden Beach, Castle Peak Road+Causeway Bay (Moreton Terrace)",952P,3,ctb,"Golden Beach, Castle Peak Road",Causeway Bay (Moreton Terrace),"Golden Beach, Castle Peak Road",Causeway Bay (Moreton Terrace),,1000249,HK Bus Crawling
955+1+Sai Wan Ho+Tuen Mun (Ching Tin and Wo Tin),955,1,ctb,Sai Wan Ho,Tuen Mun (Ching Tin and Wo Tin),Sai Wan Ho,Tuen Mun (Ching Tin and Wo Tin),,1000300,HK Bus Crawling
955+1+Tuen Mun (Ching Tin and Wo Tin)+Sai Wan Ho,955,1,ctb,Tuen Mun (Ching Tin and Wo Tin),Sai Wan Ho,Tuen Mun (Ching Tin and Wo Tin),Sai Wan Ho,,1000300,HK Bus Crawling
95C+1+Ap Lei Chau (Lee King Street)+Ap Lei Chau (Lee King Street),95C,1,ctb,Ap Lei Chau (Lee King Street),Ap Lei Chau (Lee King Street),Ap Lei Chau (Lee King Street),Ap Lei Chau (Lee King Street),,1000493,HK Bus Crawling
95C+1+Ap Lei Chau Estate ／ Lee Nam Industrial Area+Chi Fu Fa Yuen,95C,1,ctb,Ap Lei Chau Estate ／ Lee Nam Industrial Area,Chi Fu Fa Yuen,Ap Lei Chau Estate ／ Lee Nam Industrial Area,Chi Fu Fa Yuen,,,HK Bus Crawling
95C+1+Chi Fu Fa Yuen+Ap Lei Chau Estate ／ Lee Nam Industrial Area,95C,1,ctb,Chi Fu Fa Yuen,Ap Lei Chau Estate ／ Lee Nam Industrial Area,Chi Fu Fa Yuen,Ap Lei Chau Estate ／ Lee Nam Industrial Area,,,HK Bus Crawling
95C+2+Ap Lei Chau Estate+Ap Lei Chau Estate,95C,2,ctb,Ap Lei Chau Estate,Ap Lei Chau Estate,Ap Lei Chau Estate,Ap Lei Chau Estate,,1652,HK Bus Crawling
95C+3+Ap Lei Chau (Lee King Street)+Ap Lei Chau Estate,95C,3,ctb,Ap Lei Chau (Lee King Street),Ap Lei Chau Estate,Ap Lei Chau (Lee King Street),Ap Lei Chau Estate,,1000497,HK Bus Crawling
95C+4+Ap Lei Chau Estate+Ap Lei Chau (Lee King Street),95C,4,ctb,Ap Lei Chau Estate,Ap Lei Chau (Lee King Street),Ap Lei Chau Estate,Ap Lei Chau (Lee King Street),,1000496,HK Bus Crawling
95C+5+Ap Lei Chau Estate+Ap Lei Chau Estate,95C,5,ctb,Ap Lei Chau Estate,Ap Lei Chau Estate,Ap Lei Chau Estate,Ap Lei Chau Estate,,1000494,HK Bus Crawling
95C+6+Ap Lei Chau Estate+Ap Lei Chau (Lee King Street),95C,6,ctb,Ap Lei Chau Estate,Ap Lei Chau (Lee King Street),Ap Lei Chau Estate,Ap Lei Chau (Lee King Street),,1000495,HK Bus Crawling
95P+1+Tin Wan+Ap Lei Chau Estate,95P,1,ctb,Tin Wan,Ap Lei Chau Estate,Tin Wan,Ap Lei Chau Estate,,1653,HK Bus Crawling
962+1+Causeway Bay (Moreton Terrace)+Lung Mun Oasis,962,1,ctb,Causeway Bay (Moreton Terrace),Lung Mun Oasis,Causeway Bay (Moreton Terrace),Lung Mun Oasis,,1655,HK Bus Crawling
962+1+Causeway Bay (Moreton Terrace)+Tuen Mun (Lung Mun Oasis),962,1,ctb,Causeway Bay (Moreton Terrace),Tuen Mun (Lung Mun Oasis),Causeway Bay (Moreton Terrace),Tuen Mun (Lung Mun Oasis),,,HK Bus Crawling
962+1+Tuen Mun (Lung Mun Oasis)+Causeway Bay (Moreton Terrace),962,1,ctb,Tuen Mun (Lung Mun Oasis),Causeway Bay (Moreton Terrace),Tuen Mun (Lung Mun Oasis),Causeway Bay (Moreton Terrace),,1655,HK Bus Crawling
962+2+Causeway Bay (Moreton Terrace)+Lung Mun Oasis,962,2,ctb,Causeway Bay (Moreton Terrace),Lung Mun Oasis,Causeway Bay (Moreton Terrace),Lung Mun Oasis,,1000248,HK Bus Crawling
962A+1+Tuen Mun (Yuet Wu Villa)+Admiralty,962A,1,ctb,Tuen Mun (Yuet Wu Villa),Admiralty,Tuen Mun (Yuet Wu Villa),Admiralty,,1656,HK Bus Crawling
"962C+1+Sunway Gardens, King's Road+Lung Mun Oasis",962C,1,ctb,"Sunway Gardens, King's Road",Lung Mun Oasis,"Sunway Gardens, King's Road",Lung Mun Oasis,,1957,HK Bus Crawling
962C+1+Tai Koo (Kornhill Plaza)+Tuen Mun (Lung Mun Oasis),962C,1,ctb,Tai Koo (Kornhill Plaza),Tuen Mun (Lung Mun Oasis),Tai Koo (Kornhill Plaza),Tuen Mun (Lung Mun Oasis),,,HK Bus Crawling
962C+1+Tuen Mun (Lung Mun Oasis)+Tai Koo (Kornhill Plaza),962C,1,ctb,Tuen Mun (Lung Mun Oasis),Tai Koo (Kornhill Plaza),Tuen Mun (Lung Mun Oasis),Tai Koo (Kornhill Plaza),,8292,HK Bus Crawling
"962C+2+Sam Shing+Kornhill Plaza, Kornhill Road",962C,2,ctb,Sam Shing,"Kornhill Plaza, Kornhill Road",Sam Shing,"Kornhill Plaza, Kornhill Road",,8687,HK Bus Crawling
962G+1+Causeway Bay (Moreton Terrance)+Tuen Mun (Yuet Wu Villa),962G,1,ctb,Causeway Bay (Moreton Terrance),Tuen Mun (Yuet Wu Villa),Causeway Bay (Moreton Terrance),Tuen Mun (Yuet Wu Villa),,8693,HK Bus Crawling
962P+1+Tuen Mun (Lung Mun Oasis)+Causeway Bay (Moreton Terrace),962P,1,ctb,Tuen Mun (Lung Mun Oasis),Causeway Bay (Moreton Terrace),Tuen Mun (Lung Mun Oasis),Causeway Bay (Moreton Terrace),,1658,HK Bus Crawling
962P+2+Tuen Mun (Lung Mun Oasis)+Causeway Bay (Moreton Terrace),962P,2,ctb,Tuen Mun (Lung Mun Oasis),Causeway Bay (Moreton Terrace),Tuen Mun (Lung Mun Oasis),Causeway Bay (Moreton Terrace),,1000513,HK Bus Crawling
962X+1+Causeway Bay (Moreton Terrace)+Lung Mun Oasis,962X,1,ctb,Causeway Bay (Moreton Terrace),Lung Mun Oasis,Causeway Bay (Moreton Terrace),Lung Mun Oasis,,1660,HK Bus Crawling
962X+1+Causeway Bay (Moreton Terrace)+Tuen Mun (Lung Mun Oasis),962X,1,ctb,Causeway Bay (Moreton Terrace),Tuen Mun (Lung Mun Oasis),Causeway Bay (Moreton Terrace),Tuen Mun (Lung Mun Oasis),,,HK Bus Crawling
962X+1+Tuen Mun (Lung Mun Oasis)+Causeway Bay (Moreton Terrace),962X,1,ctb,Tuen Mun (Lung Mun Oasis),Causeway Bay (Moreton Terrace),Tuen Mun (Lung Mun Oasis),Causeway Bay (Moreton Terrace),,1660,HK Bus Crawling
967+1+Admiralty (West)+Tin Shui Wai (Tin Yan Estate),967,1,ctb,Admiralty (West),Tin Shui Wai (Tin Yan Estate),Admiralty (West),Tin Shui Wai (Tin Yan Estate),,1661,HK Bus Crawling
967+1+Tin Shui Wai (Tin Yan Estate)+Admiralty (West),967,1,ctb,Tin Shui Wai (Tin Yan Estate),Admiralty (West),Tin Shui Wai (Tin Yan Estate),Admiralty (West),,1661,HK Bus Crawling
967+2+Tin Yan Estate+Admiralty - MTR Exit B,967,2,ctb,Tin Yan Estate,Admiralty - MTR Exit B,Tin Yan Estate,Admiralty - MTR Exit B,,1000293,HK Bus Crawling
967X+1+Causeway Bay (via Tin Shui Wai North)+Tin Shui Wai (Tin Yan Estate),967X,1,ctb,Causeway Bay (via Tin Shui Wai North),Tin Shui Wai (Tin Yan Estate),Causeway Bay (via Tin Shui Wai North),Tin Shui Wai (Tin Yan Estate),,1000053,HK Bus Crawling
967X+1+Tin Shui Wai (Tin Yan Estate)+Causeway Bay (via Tin Shui Wai North),967X,1,ctb,Tin Shui Wai (Tin Yan Estate),Causeway Bay (via Tin Shui Wai North),Tin Shui Wai (Tin Yan Estate),Causeway Bay (via Tin Shui Wai North),,1795,HK Bus Crawling
967X+2+Causeway Bay (via Tin Shui Wai North)+Tin Shui Wai (Tin Yan Estate),967X,2,ctb,Causeway Bay (via Tin Shui Wai North),Tin Shui Wai (Tin Yan Estate),Causeway Bay (via Tin Shui Wai North),Tin Shui Wai (Tin Yan Estate),,1887,HK Bus Crawling
969+1+Causeway Bay (Moreton Terrace)+Tin Shui Wai Town Centre,969,1,ctb,Causeway Bay (Moreton Terrace),Tin Shui Wai Town Centre,Causeway Bay (Moreton Terrace),Tin Shui Wai Town Centre,,1796,HK Bus Crawling
969+1+Tin Shui Wai Town Centre+Causeway Bay (Moreton Terrace),969,1,ctb,Tin Shui Wai Town Centre,Causeway Bay (Moreton Terrace),Tin Shui Wai Town Centre,Causeway Bay (Moreton Terrace),,1796,HK Bus Crawling
969+2+Tin Shui Wai Town Centre+Causeway Bay (Moreton Terrace),969,2,ctb,Tin Shui Wai Town Centre,Causeway Bay (Moreton Terrace),Tin Shui Wai Town Centre,Causeway Bay (Moreton Terrace),,1000061,HK Bus Crawling
969+3+Tin Shui Wai Town Centre+Causeway Bay (Moreton Terrace),969,3,ctb,Tin Shui Wai Town Centre,Causeway Bay (Moreton Terrace),Tin Shui Wai Town Centre,Causeway Bay (Moreton Terrace),,1000054,HK Bus Crawling
"969B+1+Tin Shui Wai Town Centre+Fleming Road, Hennessy Road",969B,1,ctb,Tin Shui Wai Town Centre,"Fleming Road, Hennessy Road",Tin Shui Wai Town Centre,"Fleming Road, Hennessy Road",,1799,HK Bus Crawling
969B+1+Wan Chai+Tin Shui Wai Town Centre,969B,1,ctb,Wan Chai,Tin Shui Wai Town Centre,Wan Chai,Tin Shui Wai Town Centre,,1799,HK Bus Crawling
"969B+2+Kingswood Villas (Locwood Court)+Fleming Road, Hennessy Road",969B,2,ctb,Kingswood Villas (Locwood Court),"Fleming Road, Hennessy Road",Kingswood Villas (Locwood Court),"Fleming Road, Hennessy Road",,1800,HK Bus Crawling
"969B+3+Tin Shui Wai Station - Ping Yan Court+Fleming Road, Hennessy Road",969B,3,ctb,Tin Shui Wai Station - Ping Yan Court,"Fleming Road, Hennessy Road",Tin Shui Wai Station - Ping Yan Court,"Fleming Road, Hennessy Road",,8688,HK Bus Crawling
969C+1+Tai Koo (Kornhill Plaza)+Tin Shui Wai (Tin Shui Estate),969C,1,ctb,Tai Koo (Kornhill Plaza),Tin Shui Wai (Tin Shui Estate),Tai Koo (Kornhill Plaza),Tin Shui Wai (Tin Shui Estate),,1958,HK Bus Crawling
"969C+1+Tin Shui Wai Town Centre+Kornhill Plaza, Kornhill Road",969C,1,ctb,Tin Shui Wai Town Centre,"Kornhill Plaza, Kornhill Road",Tin Shui Wai Town Centre,"Kornhill Plaza, Kornhill Road",,8750,HK Bus Crawling
"969C+2+Tin Shui Wai Town Centre+Kornhill Plaza, Kornhill Road",969C,2,ctb,Tin Shui Wai Town Centre,"Kornhill Plaza, Kornhill Road",Tin Shui Wai Town Centre,"Kornhill Plaza, Kornhill Road",,1000052,HK Bus Crawling
"969C+3+Maywood Court Kingswood Villas, Tin Wah Road+Kornhill Plaza, Kornhill Road",969C,3,ctb,"Maywood Court Kingswood Villas, Tin Wah Road","Kornhill Plaza, Kornhill Road","Maywood Court Kingswood Villas, Tin Wah Road","Kornhill Plaza, Kornhill Road",,8475,HK Bus Crawling
969N+1+Tin Shui Wai Town Centre+Causeway Bay (Moreton Terrace),969N,1,ctb,Tin Shui Wai Town Centre,Causeway Bay (Moreton Terrace),Tin Shui Wai Town Centre,Causeway Bay (Moreton Terrace),,1000055,HK Bus Crawling
969P+1+Tin Shui Wai Town Centre+Causeway Bay (Moreton Terrace),969P,1,ctb,Tin Shui Wai Town Centre,Causeway Bay (Moreton Terrace),Tin Shui Wai Town Centre,Causeway Bay (Moreton Terrace),,8686,HK Bus Crawling
969X+1+Tin Shui Wai Town Centre+Causeway Bay (via Tin Shui Wai South),969X,1,ctb,Tin Shui Wai Town Centre,Causeway Bay (via Tin Shui Wai South),Tin Shui Wai Town Centre,Causeway Bay (via Tin Shui Wai South),,1663,HK Bus Crawling
97+1+Central (Exchange Square)+Lei Tung Estate,97,1,ctb,Central (Exchange Square),Lei Tung Estate,Central (Exchange Square),Lei Tung Estate,,1000051,HK Bus Crawling
97+1+Lei Tung Estate+Central (Exchange Square),97,1,ctb,Lei Tung Estate,Central (Exchange Square),Lei Tung Estate,Central (Exchange Square),,1664,HK Bus Crawling
97+2+Central (Exchange Square)+Lei Tung Estate,97,2,ctb,Central (Exchange Square),Lei Tung Estate,Central (Exchange Square),Lei Tung Estate,,1664,HK Bus Crawling
970+1+Cyberport+So Uk Estate,970,1,ctb,Cyberport,So Uk Estate,Cyberport,So Uk Estate,,1665,HK Bus Crawling
970+1+So Uk Estate+Cyberport,970,1,ctb,So Uk Estate,Cyberport,So Uk Estate,Cyberport,,1665,HK Bus Crawling
"970+2+Cyberport+Bute Street, Nathan Road",970,2,ctb,Cyberport,"Bute Street, Nathan Road",Cyberport,"Bute Street, Nathan Road",,8715,HK Bus Crawling
970X+1+Aberdeen+Cheung Sha Wan (Kom Tsun Street),970X,1,ctb,Aberdeen,Cheung Sha Wan (Kom Tsun Street),Aberdeen,Cheung Sha Wan (Kom Tsun Street),,1802,HK Bus Crawling
970X+1+Cheung Sha Wan (Kom Tsun Street)+Aberdeen,970X,1,ctb,Cheung Sha Wan (Kom Tsun Street),Aberdeen,Cheung Sha Wan (Kom Tsun Street),Aberdeen,,1802,HK Bus Crawling
970X+2+Cheung Sha Wan (Kom Tsun Street)+Aberdeen,970X,2,ctb,Cheung Sha Wan (Kom Tsun Street),Aberdeen,Cheung Sha Wan (Kom Tsun Street),Aberdeen,,8792,HK Bus Crawling
970X+2+Tin Wan Estate+Cheung Sha Wan (Kom Tsun Street),970X,2,ctb,Tin Wan Estate,Cheung Sha Wan (Kom Tsun Street),Tin Wan Estate,Cheung Sha Wan (Kom Tsun Street),,1801,HK Bus Crawling
"970X+3+Aberdeen+Bute Street, Nathan Road",970X,3,ctb,Aberdeen,"Bute Street, Nathan Road",Aberdeen,"Bute Street, Nathan Road",,8793,HK Bus Crawling
971+1+Aberdeen (Shek Pai Wan)+Hoi Lai Estate,971,1,ctb,Aberdeen (Shek Pai Wan),Hoi Lai Estate,Aberdeen (Shek Pai Wan),Hoi Lai Estate,,1000687,HK Bus Crawling
971+1+Hoi Lai Estate+Aberdeen (Shek Pai Wan),971,1,ctb,Hoi Lai Estate,Aberdeen (Shek Pai Wan),Hoi Lai Estate,Aberdeen (Shek Pai Wan),,1000687,HK Bus Crawling
973+1+Stanley Village+Tsim Sha Tsui (Mody Road),973,1,ctb,Stanley Village,Tsim Sha Tsui (Mody Road),Stanley Village,Tsim Sha Tsui (Mody Road),,1000236,HK Bus Crawling
973+1+Tsim Sha Tsui (Mody Road)+Stanley Village,973,1,ctb,Tsim Sha Tsui (Mody Road),Stanley Village,Tsim Sha Tsui (Mody Road),Stanley Village,,1000236,HK Bus Crawling
973+2+Stanley Village+Tsim Sha Tsui (Mody Road),973,2,ctb,Stanley Village,Tsim Sha Tsui (Mody Road),Stanley Village,Tsim Sha Tsui (Mody Road),,1667,HK Bus Crawling
973+2+Tsim Sha Tsui (Mody Road)+Stanley Village,973,2,ctb,Tsim Sha Tsui (Mody Road),Stanley Village,Tsim Sha Tsui (Mody Road),Stanley Village,,1667,HK Bus Crawling
973+3+Stanley Village+Tsim Sha Tsui (Mody Road),973,3,ctb,Stanley Village,Tsim Sha Tsui (Mody Road),Stanley Village,Tsim Sha Tsui (Mody Road),,8477,HK Bus Crawling
973+3+Tsim Sha Tsui (Mody Road)+Stanley Market,973,3,ctb,Tsim Sha Tsui (Mody Road),Stanley Market,Tsim Sha Tsui (Mody Road),Stanley Market,,8477,HK Bus Crawling
973+4+Stanley Village+Tsim Sha Tsui (Mody Road),973,4,ctb,Stanley Village,Tsim Sha Tsui (Mody Road),Stanley Village,Tsim Sha Tsui (Mody Road),,8476,HK Bus Crawling
976+1+Lok Ma Chau (San Tin)+Sai Wan Ho,976,1,ctb,Lok Ma Chau (San Tin),Sai Wan Ho,Lok Ma Chau (San Tin),Sai Wan Ho,,1000014,HK Bus Crawling
976+1+Sai Wan Ho+Lok Ma Chau (San Tin),976,1,ctb,Sai Wan Ho,Lok Ma Chau (San Tin),Sai Wan Ho,Lok Ma Chau (San Tin),,1000014,HK Bus Crawling
976A+1+Lok Ma Chau (San Tin)+Siu Sai Wan (Island Resort),976A,1,ctb,Lok Ma Chau (San Tin),Siu Sai Wan (Island Resort),Lok Ma Chau (San Tin),Siu Sai Wan (Island Resort),,1000251,HK Bus Crawling
976A+1+Siu Sai Wan (Island Resort)+Lok Ma Chau (San Tin),976A,1,ctb,Siu Sai Wan (Island Resort),Lok Ma Chau (San Tin),Siu Sai Wan (Island Resort),Lok Ma Chau (San Tin),,1000251,HK Bus Crawling
979+1+Central (Hong Kong Station)+Queen's Hill Fanling,979,1,ctb,Central (Hong Kong Station),Queen's Hill Fanling,Central (Hong Kong Station),Queen's Hill Fanling,,1000650,HK Bus Crawling
979+1+Queen's Hill Fanling+Central (Hong Kong Station),979,1,ctb,Queen's Hill Fanling,Central (Hong Kong Station),Queen's Hill Fanling,Central (Hong Kong Station),,1000217,HK Bus Crawling
98+1+Aberdeen (Chengtu Road)+Lei Tung Estate,98,1,ctb,Aberdeen (Chengtu Road),Lei Tung Estate,Aberdeen (Chengtu Road),Lei Tung Estate,,1669,HK Bus Crawling
98+1+Lei Tung Estate+Aberdeen (Chengtu Road),98,1,ctb,Lei Tung Estate,Aberdeen (Chengtu Road),Lei Tung Estate,Aberdeen (Chengtu Road),,1669,HK Bus Crawling
982C+1+Shek Mun Estate+Sai Wan Ho,982C,1,ctb,Shek Mun Estate,Sai Wan Ho,Shek Mun Estate,Sai Wan Ho,,1000229,HK Bus Crawling
986+1+Sha Tin Wai+Sai Wan Ho,986,1,ctb,Sha Tin Wai,Sai Wan Ho,Sha Tin Wai,Sai Wan Ho,,1000289,HK Bus Crawling
987+1+Sai Wan Ho+Fo Tan (Chun Yeung Estate),987,1,ctb,Sai Wan Ho,Fo Tan (Chun Yeung Estate),Sai Wan Ho,Fo Tan (Chun Yeung Estate),,1000535,HK Bus Crawling
989+1+Fo Tan (Chun Yeung Estate)+Sai Wan Ho,989,1,ctb,Fo Tan (Chun Yeung Estate),Sai Wan Ho,Fo Tan (Chun Yeung Estate),Sai Wan Ho,,,HK Bus Crawling
99+1+Shau Kei Wan+South Horizons,99,1,ctb,Shau Kei Wan,South Horizons,Shau Kei Wan,South Horizons,,1670,HK Bus Crawling
99+1+South Horizons+Shau Kei Wan,99,1,ctb,South Horizons,Shau Kei Wan,South Horizons,Shau Kei Wan,,1670,HK Bus Crawling
99+2+Shau Kei Wan+South Horizons,99,2,ctb,Shau Kei Wan,South Horizons,Shau Kei Wan,South Horizons,,8653,HK Bus Crawling
99+2+South Horizons+Shau Kei Wan,99,2,ctb,South Horizons,Shau Kei Wan,South Horizons,Shau Kei Wan,,8653,HK Bus Crawling
"99X+1+South Horizons+Tai Hong House, Tai Hong Street",99X,1,ctb,South Horizons,"Tai Hong House, Tai Hong Street",South Horizons,"Tai Hong House, Tai Hong Street",,8102,HK Bus Crawling
"99X+2+Ap Lei Chau Main Street+Tai Hong House, Tai Hong Street",99X,2,ctb,Ap Lei Chau Main Street,"Tai Hong House, Tai Hong Street",Ap Lei Chau Main Street,"Tai Hong House, Tai Hong Street",,8179,HK Bus Crawling
A10+1+Airport (via HZMB Hong Kong Port)+Ap Lei Chau (Lee Lok Street),A10,1,ctb,Airport (via HZMB Hong Kong Port),Ap Lei Chau (Lee Lok Street),Airport (via HZMB Hong Kong Port),Ap Lei Chau (Lee Lok Street),,1671,HK Bus Crawling
A10+1+Ap Lei Chau (Lee Lok Street)+Airport (via HZMB Hong Kong Port),A10,1,ctb,Ap Lei Chau (Lee Lok Street),Airport (via HZMB Hong Kong Port),Ap Lei Chau (Lee Lok Street),Airport (via HZMB Hong Kong Port),,1671,HK Bus Crawling
A11+1+Airport (via HZMB Hong Kong Port)+North Point Ferry Pier,A11,1,ctb,Airport (via HZMB Hong Kong Port),North Point Ferry Pier,Airport (via HZMB Hong Kong Port),North Point Ferry Pier,,1672,HK Bus Crawling
A11+1+North Point Ferry Pier+Airport (Ground Transportation Centre),A11,1,ctb,North Point Ferry Pier,Airport (Ground Transportation Centre),North Point Ferry Pier,Airport (Ground Transportation Centre),,1672,HK Bus Crawling
A12+1+Airport (Ground Transportation Centre)+Siu Sai Wan (Island Resort),A12,1,ctb,Airport (Ground Transportation Centre),Siu Sai Wan (Island Resort),Airport (Ground Transportation Centre),Siu Sai Wan (Island Resort),,1805,HK Bus Crawling
A12+1+Siu Sai Wan (Island Resort)+Airport (Ground Transportation Centre),A12,1,ctb,Siu Sai Wan (Island Resort),Airport (Ground Transportation Centre),Siu Sai Wan (Island Resort),Airport (Ground Transportation Centre),,1805,HK Bus Crawling
A12+2+Airport (via HZMB Hong Kong Port)+Siu Sai Wan (Island Resort),A12,2,ctb,Airport (via HZMB Hong Kong Port),Siu Sai Wan (Island Resort),Airport (via HZMB Hong Kong Port),Siu Sai Wan (Island Resort),,1806,HK Bus Crawling
A12+2+Siu Sai Wan (Island Resort)+Airport (via HZMB Hong Kong Port),A12,2,ctb,Siu Sai Wan (Island Resort),Airport (via HZMB Hong Kong Port),Siu Sai Wan (Island Resort),Airport (via HZMB Hong Kong Port),,1806,HK Bus Crawling
A12+3+Airport (Ground Transportation Centre)+Siu Sai Wan (Island Resort),A12,3,ctb,Airport (Ground Transportation Centre),Siu Sai Wan (Island Resort),Airport (Ground Transportation Centre),Siu Sai Wan (Island Resort),,1000527,HK Bus Crawling
A17+1+Airport (via HZMB Hong Kong Port)+Sham Wan (via Ocean Park),A17,1,ctb,Airport (via HZMB Hong Kong Port),Sham Wan (via Ocean Park),Airport (via HZMB Hong Kong Port),Sham Wan (via Ocean Park),,8755,HK Bus Crawling
A17+1+Sham Wan (via Ocean Park)+Airport (via HZMB Hong Kong Port),A17,1,ctb,Sham Wan (via Ocean Park),Airport (via HZMB Hong Kong Port),Sham Wan (via Ocean Park),Airport (via HZMB Hong Kong Port),,8755,HK Bus Crawling
A20+1+Airport (via HZMB Hong Kong Port)+Ho Man Tin,A20,1,ctb,Airport (via HZMB Hong Kong Port),Ho Man Tin,Airport (via HZMB Hong Kong Port),Ho Man Tin,,8427,HK Bus Crawling
A20+1+Ho Man Tin+Airport (via HZMB Hong Kong Port),A20,1,ctb,Ho Man Tin,Airport (via HZMB Hong Kong Port),Ho Man Tin,Airport (via HZMB Hong Kong Port),,8427,HK Bus Crawling
A21+1+Airport (Ground Transportation Centre)+Hung Hom Station,A21,1,ctb,Airport (Ground Transportation Centre),Hung Hom Station,Airport (Ground Transportation Centre),Hung Hom Station,,1673,HK Bus Crawling
A21+1+Airport (via HZMB Hong Kong Port)+Hung Hom Station,A21,1,ctb,Airport (via HZMB Hong Kong Port),Hung Hom Station,Airport (via HZMB Hong Kong Port),Hung Hom Station,,,HK Bus Crawling
A21+1+Hung Hom Station+Airport (via HZMB Hong Kong Port),A21,1,ctb,Hung Hom Station,Airport (via HZMB Hong Kong Port),Hung Hom Station,Airport (via HZMB Hong Kong Port),,1673,HK Bus Crawling
A22+1+Airport (via HZMB Hong Kong Port)+Lam Tin Station,A22,1,ctb,Airport (via HZMB Hong Kong Port),Lam Tin Station,Airport (via HZMB Hong Kong Port),Lam Tin Station,,1807,HK Bus Crawling
A22+1+Lam Tin Station+Airport (via HZMB Hong Kong Port),A22,1,ctb,Lam Tin Station,Airport (via HZMB Hong Kong Port),Lam Tin Station,Airport (via HZMB Hong Kong Port),,1807,HK Bus Crawling
A22+2+Lam Tin Station+Airport (via HZMB Hong Kong Port),A22,2,ctb,Lam Tin Station,Airport (via HZMB Hong Kong Port),Lam Tin Station,Airport (via HZMB Hong Kong Port),,1808,HK Bus Crawling
A23+1+Airport (via HZMB Hong Kong Port)+Tsz Wan Shan (North),A23,1,ctb,Airport (via HZMB Hong Kong Port),Tsz Wan Shan (North),Airport (via HZMB Hong Kong Port),Tsz Wan Shan (North),,8751,HK Bus Crawling
A23+1+Tsz Wan Shan (North)+Airport (via HZMB Hong Kong Port),A23,1,ctb,Tsz Wan Shan (North),Airport (via HZMB Hong Kong Port),Tsz Wan Shan (North),Airport (via HZMB Hong Kong Port),,8751,HK Bus Crawling
A25+1+Airport (via HZMB Hong Kong Port)+Kai Tak (via Tsim Sha Tsui),A25,1,ctb,Airport (via HZMB Hong Kong Port),Kai Tak (via Tsim Sha Tsui),Airport (via HZMB Hong Kong Port),Kai Tak (via Tsim Sha Tsui),,1000360,HK Bus Crawling
A25+1+Kai Tak (via Tsim Sha Tsui)+Airport (via HZMB Hong Kong Port),A25,1,ctb,Kai Tak (via Tsim Sha Tsui),Airport (via HZMB Hong Kong Port),Kai Tak (via Tsim Sha Tsui),Airport (via HZMB Hong Kong Port),,1000360,HK Bus Crawling
A25S+1+Kai Tak Sports Park+Airport (via HZMB Hong Kong Port),A25S,1,ctb,Kai Tak Sports Park,Airport (via HZMB Hong Kong Port),Kai Tak Sports Park,Airport (via HZMB Hong Kong Port),,,HK Bus Crawling
A26+1+Airport (Ground Transportation Centre)+Yau Tong,A26,1,ctb,Airport (Ground Transportation Centre),Yau Tong,Airport (Ground Transportation Centre),Yau Tong,,1000459,HK Bus Crawling
A26+1+Yau Tong+Airport (Ground Transportation Centre),A26,1,ctb,Yau Tong,Airport (Ground Transportation Centre),Yau Tong,Airport (Ground Transportation Centre),,1000459,HK Bus Crawling
A26+2+Airport (via HZMB Hong Kong Port)+Yau Tong,A26,2,ctb,Airport (via HZMB Hong Kong Port),Yau Tong,Airport (via HZMB Hong Kong Port),Yau Tong,,1000460,HK Bus Crawling
A26+2+Yau Tong+Airport (Ground Transportation Centre),A26,2,ctb,Yau Tong,Airport (Ground Transportation Centre),Yau Tong,Airport (Ground Transportation Centre),,1000462,HK Bus Crawling
A26+3+Yau Tong+Airport (via HZMB Hong Kong Port),A26,3,ctb,Yau Tong,Airport (via HZMB Hong Kong Port),Yau Tong,Airport (via HZMB Hong Kong Port),,1000460,HK Bus Crawling
A26+4+Yau Tong+Airport (via HZMB Hong Kong Port),A26,4,ctb,Yau Tong,Airport (via HZMB Hong Kong Port),Yau Tong,Airport (via HZMB Hong Kong Port),,1000463,HK Bus Crawling
A28+1+Airport (Ground Transportation Centre)+LOHAS Park,A28,1,ctb,Airport (Ground Transportation Centre),LOHAS Park,Airport (Ground Transportation Centre),LOHAS Park,,1000455,HK Bus Crawling
A28+1+LOHAS Park+Airport (Ground Transportation Centre),A28,1,ctb,LOHAS Park,Airport (Ground Transportation Centre),LOHAS Park,Airport (Ground Transportation Centre),,1000455,HK Bus Crawling
A28+2+Airport (via HZMB Hong Kong Port)+LOHAS Park,A28,2,ctb,Airport (via HZMB Hong Kong Port),LOHAS Park,Airport (via HZMB Hong Kong Port),LOHAS Park,,1000458,HK Bus Crawling
A28+2+LOHAS Park+Airport (Ground Transportation Centre),A28,2,ctb,LOHAS Park,Airport (Ground Transportation Centre),LOHAS Park,Airport (Ground Transportation Centre),,1000456,HK Bus Crawling
A28+3+LOHAS Park+Airport (via HZMB Hong Kong Port),A28,3,ctb,LOHAS Park,Airport (via HZMB Hong Kong Port),LOHAS Park,Airport (via HZMB Hong Kong Port),,1000457,HK Bus Crawling
A28X+1+Tseung Kwan O Station+Airport (via HZMB Hong Kong Port),A28X,1,ctb,Tseung Kwan O Station,Airport (via HZMB Hong Kong Port),Tseung Kwan O Station,Airport (via HZMB Hong Kong Port),,1000665,HK Bus Crawling
A29+1+Airport (Ground Transportation Centre)+Po Lam Station,A29,1,ctb,Airport (Ground Transportation Centre),Po Lam Station,Airport (Ground Transportation Centre),Po Lam Station,,1680,HK Bus Crawling
A29+1+Po Lam Station+Airport (Ground Transportation Centre),A29,1,ctb,Po Lam Station,Airport (Ground Transportation Centre),Po Lam Station,Airport (Ground Transportation Centre),,1680,HK Bus Crawling
A29+2+Airport (via HZMB Hong Kong Port)+Tseung Kwan O (Po Lam),A29,2,ctb,Airport (via HZMB Hong Kong Port),Tseung Kwan O (Po Lam),Airport (via HZMB Hong Kong Port),Tseung Kwan O (Po Lam),,1000079,HK Bus Crawling
A29+2+Tseung Kwan O (Po Lam)+Airport (via HZMB Hong Kong Port),A29,2,ctb,Tseung Kwan O (Po Lam),Airport (via HZMB Hong Kong Port),Tseung Kwan O (Po Lam),Airport (via HZMB Hong Kong Port),,1000079,HK Bus Crawling
B3+1+Shenzhen Bay Port+Tuen Mun Ferry Pier,B3,1,ctb,Shenzhen Bay Port,Tuen Mun Ferry Pier,Shenzhen Bay Port,Tuen Mun Ferry Pier,,1639,HK Bus Crawling
B3+1+Tuen Mun Ferry Pier+Shenzhen Bay Port,B3,1,ctb,Tuen Mun Ferry Pier,Shenzhen Bay Port,Tuen Mun Ferry Pier,Shenzhen Bay Port,,1639,HK Bus Crawling
B3+2+Shenzhen Bay Port+Tuen Mun Ferry Pier,B3,2,ctb,Shenzhen Bay Port,Tuen Mun Ferry Pier,Shenzhen Bay Port,Tuen Mun Ferry Pier,,1000419,HK Bus Crawling
B3A+1+Shan King Estate+Shenzhen Bay Port,B3A,1,ctb,Shan King Estate,Shenzhen Bay Port,Shan King Estate,Shenzhen Bay Port,,1690,HK Bus Crawling
B3A+1+Shenzhen Bay Port+Shan King Estate,B3A,1,ctb,Shenzhen Bay Port,Shan King Estate,Shenzhen Bay Port,Shan King Estate,,1690,HK Bus Crawling
"B3A+2+Shenzhen Bay Port+Fu Tai Shopping Centre, Castle Peak Road",B3A,2,ctb,Shenzhen Bay Port,"Fu Tai Shopping Centre, Castle Peak Road",Shenzhen Bay Port,"Fu Tai Shopping Centre, Castle Peak Road",,1000637,HK Bus Crawling
B3M+1+Shenzhen Bay Port+Tuen Mun Station,B3M,1,ctb,Shenzhen Bay Port,Tuen Mun Station,Shenzhen Bay Port,Tuen Mun Station,,8143,HK Bus Crawling
B3X+1+Shenzhen Bay Port+Tuen Mun Town Centre,B3X,1,ctb,Shenzhen Bay Port,Tuen Mun Town Centre,Shenzhen Bay Port,Tuen Mun Town Centre,,1640,HK Bus Crawling
B3X+1+Tuen Mun Town Centre+Shenzhen Bay Port,B3X,1,ctb,Tuen Mun Town Centre,Shenzhen Bay Port,Tuen Mun Town Centre,Shenzhen Bay Port,,1640,HK Bus Crawling
B5+1+Hong Kong-Zhuhai-Macao Bridge Hong Kong Port+Sunny Bay Station,B5,1,ctb,Hong Kong-Zhuhai-Macao Bridge Hong Kong Port,Sunny Bay Station,Hong Kong-Zhuhai-Macao Bridge Hong Kong Port,Sunny Bay Station,,8636,HK Bus Crawling
B5+1+Sunny Bay Station+Hong Kong-Zhuhai-Macao Bridge Hong Kong Port,B5,1,ctb,Sunny Bay Station,Hong Kong-Zhuhai-Macao Bridge Hong Kong Port,Sunny Bay Station,Hong Kong-Zhuhai-Macao Bridge Hong Kong Port,,8636,HK Bus Crawling
B5+2+Hong Kong-Zhuhai-Macao Bridge Hong Kong Port+Sunny Bay Station,B5,2,ctb,Hong Kong-Zhuhai-Macao Bridge Hong Kong Port,Sunny Bay Station,Hong Kong-Zhuhai-Macao Bridge Hong Kong Port,Sunny Bay Station,,8634,HK Bus Crawling
B5+2+Sunny Bay Station+Hong Kong-Zhuhai-Macao Bridge Hong Kong Port,B5,2,ctb,Sunny Bay Station,Hong Kong-Zhuhai-Macao Bridge Hong Kong Port,Sunny Bay Station,Hong Kong-Zhuhai-Macao Bridge Hong Kong Port,,8634,HK Bus Crawling
B7+1+Heung Yuen Wai Port (via Fanling Station)+Sheung Shui (Po Wan Road) (via Fanling Station),B7,1,ctb,Heung Yuen Wai Port (via Fanling Station),Sheung Shui (Po Wan Road) (via Fanling Station),Heung Yuen Wai Port (via Fanling Station),Sheung Shui (Po Wan Road) (via Fanling Station),,1000339,HK Bus Crawling
B7+1+Sheung Shui (Po Wan Road) (via Fanling Station)+Heung Yuen Wai Port (via Fanling Station),B7,1,ctb,Sheung Shui (Po Wan Road) (via Fanling Station),Heung Yuen Wai Port (via Fanling Station),Sheung Shui (Po Wan Road) (via Fanling Station),Heung Yuen Wai Port (via Fanling Station),,1000339,HK Bus Crawling
B8+1+Heung Yuen Wai Port (via Tai Po)+Tai Wai Station (via Tai Po),B8,1,ctb,Heung Yuen Wai Port (via Tai Po),Tai Wai Station (via Tai Po),Heung Yuen Wai Port (via Tai Po),Tai Wai Station (via Tai Po),,1000340,HK Bus Crawling
B8+1+Tai Wai Station (via Tai Po)+Heung Yuen Wai Port (via Tai Po),B8,1,ctb,Tai Wai Station (via Tai Po),Heung Yuen Wai Port (via Tai Po),Tai Wai Station (via Tai Po),Heung Yuen Wai Port (via Tai Po),,1000340,HK Bus Crawling
E11+1+SKYCITY+Tin Hau Station,E11,1,ctb,SKYCITY,Tin Hau Station,SKYCITY,Tin Hau Station,,1674,HK Bus Crawling
E11+1+Tin Hau Station+SKYCITY,E11,1,ctb,Tin Hau Station,SKYCITY,Tin Hau Station,SKYCITY,,1674,HK Bus Crawling
E11A+1+SKYCITY (via Tung Chung North)+Tin Hau Station,E11A,1,ctb,SKYCITY (via Tung Chung North),Tin Hau Station,SKYCITY (via Tung Chung North),Tin Hau Station,,8279,HK Bus Crawling
E11A+1+Tin Hau Station+SKYCITY (via Tung Chung North),E11A,1,ctb,Tin Hau Station,SKYCITY (via Tung Chung North),Tin Hau Station,SKYCITY (via Tung Chung North),,8279,HK Bus Crawling
E11B+1+Tin Hau Station+Tung Chung (Mun Tung Estate),E11B,1,ctb,Tin Hau Station,Tung Chung (Mun Tung Estate),Tin Hau Station,Tung Chung (Mun Tung Estate),,1000074,HK Bus Crawling
E11B+1+Tung Chung (Mun Tung Estate)+Tin Hau Station,E11B,1,ctb,Tung Chung (Mun Tung Estate),Tin Hau Station,Tung Chung (Mun Tung Estate),Tin Hau Station,,1000074,HK Bus Crawling
E11S+1+Tung Chung (Mun Tung Estate)+Tin Hau Station,E11S,1,ctb,Tung Chung (Mun Tung Estate),Tin Hau Station,Tung Chung (Mun Tung Estate),Tin Hau Station,,8101,HK Bus Crawling
E18+1+Tung Chung (Cheung Tung Estate)+North Point Ferry Pier,E18,1,ctb,Tung Chung (Cheung Tung Estate),North Point Ferry Pier,Tung Chung (Cheung Tung Estate),North Point Ferry Pier,,1000690,HK Bus Crawling
E21+1+SKYCITY+Tai Kok Tsui (Island Harbourview),E21,1,ctb,SKYCITY,Tai Kok Tsui (Island Harbourview),SKYCITY,Tai Kok Tsui (Island Harbourview),,1675,HK Bus Crawling
E21+1+Tai Kok Tsui (Island Harbourview)+SKYCITY,E21,1,ctb,Tai Kok Tsui (Island Harbourview),SKYCITY,Tai Kok Tsui (Island Harbourview),SKYCITY,,1675,HK Bus Crawling
E21A+1+Ho Man Tin (Oi Man Estate)+Tung Chung (Yat Tung Estate),E21A,1,ctb,Ho Man Tin (Oi Man Estate),Tung Chung (Yat Tung Estate),Ho Man Tin (Oi Man Estate),Tung Chung (Yat Tung Estate),,1676,HK Bus Crawling
E21A+1+Tung Chung (Yat Tung Estate)+Ho Man Tin (Oi Man Estate),E21A,1,ctb,Tung Chung (Yat Tung Estate),Ho Man Tin (Oi Man Estate),Tung Chung (Yat Tung Estate),Ho Man Tin (Oi Man Estate),,1676,HK Bus Crawling
E21B+1+Ho Man Tin (Oi Man Estate)+Tung Chung (Yat Tung Estate),E21B,1,ctb,Ho Man Tin (Oi Man Estate),Tung Chung (Yat Tung Estate),Ho Man Tin (Oi Man Estate),Tung Chung (Yat Tung Estate),,1000261,HK Bus Crawling
E21B+1+Tung Chung (Yat Tung Estate)+Ho Man Tin (Oi Man Estate),E21B,1,ctb,Tung Chung (Yat Tung Estate),Ho Man Tin (Oi Man Estate),Tung Chung (Yat Tung Estate),Ho Man Tin (Oi Man Estate),,1000261,HK Bus Crawling
E21C+1+Aircraft Maintenance Area+Tai Kok Tsui (Island Harbourview),E21C,1,ctb,Aircraft Maintenance Area,Tai Kok Tsui (Island Harbourview),Aircraft Maintenance Area,Tai Kok Tsui (Island Harbourview),,8358,HK Bus Crawling
E21C+1+Tai Kok Tsui (Island Harbourview)+Aircraft Maintenance Area,E21C,1,ctb,Tai Kok Tsui (Island Harbourview),Aircraft Maintenance Area,Tai Kok Tsui (Island Harbourview),Aircraft Maintenance Area,,8358,HK Bus Crawling
E21D+1+SKYCITY (via: Tung Chung North)+Tai Kok Tsui (Island Harbourview),E21D,1,ctb,SKYCITY (via: Tung Chung North),Tai Kok Tsui (Island Harbourview),SKYCITY (via: Tung Chung North),Tai Kok Tsui (Island Harbourview),,1000262,HK Bus Crawling
E21D+1+Tai Kok Tsui (Island Harbourview)+SKYCITY (via: Tung Chung North),E21D,1,ctb,Tai Kok Tsui (Island Harbourview),SKYCITY (via: Tung Chung North),Tai Kok Tsui (Island Harbourview),SKYCITY (via: Tung Chung North),,1000262,HK Bus Crawling
E21X+1+Tung Chung (Mun Tung Estate)+Hung Hom Station,E21X,1,ctb,Tung Chung (Mun Tung Estate),Hung Hom Station,Tung Chung (Mun Tung Estate),Hung Hom Station,,1677,HK Bus Crawling
E22+1+Lam Tin (North)+SKYCITY,E22,1,ctb,Lam Tin (North),SKYCITY,Lam Tin (North),SKYCITY,,1678,HK Bus Crawling
E22+1+SKYCITY+Lam Tin (North),E22,1,ctb,SKYCITY,Lam Tin (North),SKYCITY,Lam Tin (North),,1678,HK Bus Crawling
E22A+1+SKYCITY+Tseung Kwan O (Hong Sing Garden),E22A,1,ctb,SKYCITY,Tseung Kwan O (Hong Sing Garden),SKYCITY,Tseung Kwan O (Hong Sing Garden),,1679,HK Bus Crawling
E22A+1+Tseung Kwan O (Hong Sing Garden)+SKYCITY,E22A,1,ctb,Tseung Kwan O (Hong Sing Garden),SKYCITY,Tseung Kwan O (Hong Sing Garden),SKYCITY,,1679,HK Bus Crawling
E22C+1+Aircraft Maintenance Area+Tiu Keng Leng Station,E22C,1,ctb,Aircraft Maintenance Area,Tiu Keng Leng Station,Aircraft Maintenance Area,Tiu Keng Leng Station,,8287,HK Bus Crawling
E22C+1+Tiu Keng Leng Station+Aircraft Maintenance Area,E22C,1,ctb,Tiu Keng Leng Station,Aircraft Maintenance Area,Tiu Keng Leng Station,Aircraft Maintenance Area,,8287,HK Bus Crawling
E22P+1+SKYCITY+Yau Tong,E22P,1,ctb,SKYCITY,Yau Tong,SKYCITY,Yau Tong,,1681,HK Bus Crawling
E22P+1+Yau Tong+SKYCITY,E22P,1,ctb,Yau Tong,SKYCITY,Yau Tong,SKYCITY,,1681,HK Bus Crawling
E22S+1+Tseung Kwan O (Po Lam)+Tung Chung (Mun Tung Estate),E22S,1,ctb,Tseung Kwan O (Po Lam),Tung Chung (Mun Tung Estate),Tseung Kwan O (Po Lam),Tung Chung (Mun Tung Estate),,1683,HK Bus Crawling
E22S+1+Tung Chung (Mun Tung Estate)+Tseung Kwan O (Po Lam),E22S,1,ctb,Tung Chung (Mun Tung Estate),Tseung Kwan O (Po Lam),Tung Chung (Mun Tung Estate),Tseung Kwan O (Po Lam),,1683,HK Bus Crawling
E22X+1+SKYCITY+Yau Tong,E22X,1,ctb,SKYCITY,Yau Tong,SKYCITY,Yau Tong,,8236,HK Bus Crawling
E22X+1+Yau Tong+SKYCITY,E22X,1,ctb,Yau Tong,SKYCITY,Yau Tong,SKYCITY,,8236,HK Bus Crawling
E23+1+Airport (Ground Transportation Centre)+Tsz Wan Shan (South),E23,1,ctb,Airport (Ground Transportation Centre),Tsz Wan Shan (South),Airport (Ground Transportation Centre),Tsz Wan Shan (South),,1682,HK Bus Crawling
E23+1+Tsz Wan Shan (South)+Airport (Ground Transportation Centre),E23,1,ctb,Tsz Wan Shan (South),Airport (Ground Transportation Centre),Tsz Wan Shan (South),Airport (Ground Transportation Centre),,1682,HK Bus Crawling
E23A+1+Airport (via Tung Chung North)+Tsz Wan Shan (South),E23A,1,ctb,Airport (via Tung Chung North),Tsz Wan Shan (South),Airport (via Tung Chung North),Tsz Wan Shan (South),,8666,HK Bus Crawling
E23A+1+Tsz Wan Shan (South)+Airport (via Tung Chung North),E23A,1,ctb,Tsz Wan Shan (South),Airport (via Tung Chung North),Tsz Wan Shan (South),Airport (via Tung Chung North),,8666,HK Bus Crawling
E28+1+Tung Chung (Cheung Tung Estate)+Tseung Kwan O Industrial Estate,E28,1,ctb,Tung Chung (Cheung Tung Estate),Tseung Kwan O Industrial Estate,Tung Chung (Cheung Tung Estate),Tseung Kwan O Industrial Estate,,1000691,HK Bus Crawling
H1+1+Central Ferry - Star Ferry+Tsim Sha Tsui,H1,1,ctb,Central Ferry - Star Ferry,Tsim Sha Tsui,Central Ferry - Star Ferry,Tsim Sha Tsui,,1475,HK Bus Crawling
H1+2+Central Ferry - Star Ferry+Tsim Sha Tsui,H1,2,ctb,Central Ferry - Star Ferry,Tsim Sha Tsui,Central Ferry - Star Ferry,Tsim Sha Tsui,,8220,HK Bus Crawling
H2+1+Tsim Sha Tsui+Central Ferry - Star Ferry,H2,1,ctb,Tsim Sha Tsui,Central Ferry - Star Ferry,Tsim Sha Tsui,Central Ferry - Star Ferry,,8221,HK Bus Crawling
H20+1+Kai Tak Cruise Terminal+Tsim Sha Tsui,H20,1,ctb,Kai Tak Cruise Terminal,Tsim Sha Tsui,Kai Tak Cruise Terminal,Tsim Sha Tsui,,,HK Bus Crawling
H2K+1+Central Ferry - Star Ferry+Central Ferry - Star Ferry,H2K,1,ctb,Central Ferry - Star Ferry,Central Ferry - Star Ferry,Central Ferry - Star Ferry,Central Ferry - Star Ferry,,1000437,HK Bus Crawling
H2K+1+Central Ferry - Star Ferry+West Kowloon Cultural District,H2K,1,ctb,Central Ferry - Star Ferry,West Kowloon Cultural District,Central Ferry - Star Ferry,West Kowloon Cultural District,,,HK Bus Crawling
H2K+1+West Kowloon Cultural District+Central Ferry - Star Ferry,H2K,1,ctb,West Kowloon Cultural District,Central Ferry - Star Ferry,West Kowloon Cultural District,Central Ferry - Star Ferry,,,HK Bus Crawling
H3+1+Central Ferry - Hong Kong Observation Wheel+Stanley Village ／ Stanley Market,H3,1,ctb,Central Ferry - Hong Kong Observation Wheel,Stanley Village ／ Stanley Market,Central Ferry - Hong Kong Observation Wheel,Stanley Village ／ Stanley Market,,1000608,HK Bus Crawling
H4+1+Stanley Village ／ Stanley Market+Central Ferry - Hong Kong Observation Wheel,H4,1,ctb,Stanley Village ／ Stanley Market,Central Ferry - Hong Kong Observation Wheel,Stanley Village ／ Stanley Market,Central Ferry - Hong Kong Observation Wheel,,1000609,HK Bus Crawling
N11+1+Airport (Ground Transportation Centre)+Central (Macao Ferry),N11,1,ctb,Airport (Ground Transportation Centre),Central (Macao Ferry),Airport (Ground Transportation Centre),Central (Macao Ferry),,1688,HK Bus Crawling
N11+1+Central (Macao Ferry)+Airport (Ground Transportation Centre),N11,1,ctb,Central (Macao Ferry),Airport (Ground Transportation Centre),Central (Macao Ferry),Airport (Ground Transportation Centre),,1688,HK Bus Crawling
N20+1+Tai Kok Tsui (Island Harbourview)+Kai Tak (Muk On Street),N20,1,ctb,Tai Kok Tsui (Island Harbourview),Kai Tak (Muk On Street),Tai Kok Tsui (Island Harbourview),Kai Tak (Muk On Street),,8784,HK Bus Crawling
N21+1+Airport (Ground Transportation Centre)+Tsim Sha Tsui (Star Ferry),N21,1,ctb,Airport (Ground Transportation Centre),Tsim Sha Tsui (Star Ferry),Airport (Ground Transportation Centre),Tsim Sha Tsui (Star Ferry),,1695,HK Bus Crawling
N21+1+Tsim Sha Tsui (Star Ferry)+Airport (Ground Transportation Centre),N21,1,ctb,Tsim Sha Tsui (Star Ferry),Airport (Ground Transportation Centre),Tsim Sha Tsui (Star Ferry),Airport (Ground Transportation Centre),,1695,HK Bus Crawling
N21A+1+Airport (via Yat Tung Estate)+Tsim Sha Tsui (Star Ferry),N21A,1,ctb,Airport (via Yat Tung Estate),Tsim Sha Tsui (Star Ferry),Airport (via Yat Tung Estate),Tsim Sha Tsui (Star Ferry),,1696,HK Bus Crawling
N21A+1+Tsim Sha Tsui (Star Ferry)+Airport (via Yat Tung Estate),N21A,1,ctb,Tsim Sha Tsui (Star Ferry),Airport (via Yat Tung Estate),Tsim Sha Tsui (Star Ferry),Airport (via Yat Tung Estate),,1696,HK Bus Crawling
N23+1+Tsz Wan Shan (North)+Tung Chung Station,N23,1,ctb,Tsz Wan Shan (North),Tung Chung Station,Tsz Wan Shan (North),Tung Chung Station,,1697,HK Bus Crawling
N23+1+Tung Chung Station+Tsz Wan Shan (North),N23,1,ctb,Tung Chung Station,Tsz Wan Shan (North),Tung Chung Station,Tsz Wan Shan (North),,1697,HK Bus Crawling
N26+1+Tung Chung Station+Yau Tong,N26,1,ctb,Tung Chung Station,Yau Tong,Tung Chung Station,Yau Tong,,1698,HK Bus Crawling
N26+1+Yau Tong+Tung Chung Station,N26,1,ctb,Yau Tong,Tung Chung Station,Yau Tong,Tung Chung Station,,1698,HK Bus Crawling
N29+1+Tseung Kwan O (Hong Sing Garden)+Tung Chung Station,N29,1,ctb,Tseung Kwan O (Hong Sing Garden),Tung Chung Station,Tseung Kwan O (Hong Sing Garden),Tung Chung Station,,1893,HK Bus Crawling
N29+1+Tung Chung Station+Tseung Kwan O (Hong Sing Garden),N29,1,ctb,Tung Chung Station,Tseung Kwan O (Hong Sing Garden),Tung Chung Station,Tseung Kwan O (Hong Sing Garden),,1893,HK Bus Crawling
N50+1+Tsim Sha Tsui (Kowloon Station)+Tuen Mun (Ching Tin and Wo Tin),N50,1,ctb,Tsim Sha Tsui (Kowloon Station),Tuen Mun (Ching Tin and Wo Tin),Tsim Sha Tsui (Kowloon Station),Tuen Mun (Ching Tin and Wo Tin),,1000454,HK Bus Crawling
N50+1+Tuen Mun (Ching Tin and Wo Tin)+Tsim Sha Tsui (Kowloon Station),N50,1,ctb,Tuen Mun (Ching Tin and Wo Tin),Tsim Sha Tsui (Kowloon Station),Tuen Mun (Ching Tin and Wo Tin),Tsim Sha Tsui (Kowloon Station),,1000454,HK Bus Crawling
N72+1+Quarry Bay (Hoi Chak Street)+Wah Kwai Estate,N72,1,ctb,Quarry Bay (Hoi Chak Street),Wah Kwai Estate,Quarry Bay (Hoi Chak Street),Wah Kwai Estate,,1703,HK Bus Crawling
N72+1+Wah Kwai Estate+Quarry Bay (Hoi Chak Street),N72,1,ctb,Wah Kwai Estate,Quarry Bay (Hoi Chak Street),Wah Kwai Estate,Quarry Bay (Hoi Chak Street),,1703,HK Bus Crawling
N796+1+LOHAS Park+LOHAS Park,N796,1,ctb,LOHAS Park,LOHAS Park,LOHAS Park,LOHAS Park,,8545,HK Bus Crawling
N796+1+LOHAS Park+Mongkok (via Tsim Sha Tsui),N796,1,ctb,LOHAS Park,Mongkok (via Tsim Sha Tsui),LOHAS Park,Mongkok (via Tsim Sha Tsui),,,HK Bus Crawling
N796+1+Mongkok (via Tsim Sha Tsui)+LOHAS Park,N796,1,ctb,Mongkok (via Tsim Sha Tsui),LOHAS Park,Mongkok (via Tsim Sha Tsui),LOHAS Park,,8428,HK Bus Crawling
"N8+1+Citybus Chong Fu Road Garage, Sheung Tat Street+Citybus Chong Fu Road Garage, Sheung Tat Street",N8,1,ctb,"Citybus Chong Fu Road Garage, Sheung Tat Street","Citybus Chong Fu Road Garage, Sheung Tat Street","Citybus Chong Fu Road Garage, Sheung Tat Street","Citybus Chong Fu Road Garage, Sheung Tat Street",,1000594,HK Bus Crawling
N8+1+Heng Fa Chuen (Citybus Chong Fu Road Garage)+Quarry Bay,N8,1,ctb,Heng Fa Chuen (Citybus Chong Fu Road Garage),Quarry Bay,Heng Fa Chuen (Citybus Chong Fu Road Garage),Quarry Bay,,1000595,HK Bus Crawling
"N8+1+Kornhill Plaza, Kornhill Road+Citybus Chong Fu Road Garage, Sheung Tat Street",N8,1,ctb,"Kornhill Plaza, Kornhill Road","Citybus Chong Fu Road Garage, Sheung Tat Street","Kornhill Plaza, Kornhill Road","Citybus Chong Fu Road Garage, Sheung Tat Street",,1000596,HK Bus Crawling
N8P+1+Siu Sai Wan (Island Resort)+Siu Sai Wan (Island Resort),N8P,1,ctb,Siu Sai Wan (Island Resort),Siu Sai Wan (Island Resort),Siu Sai Wan (Island Resort),Siu Sai Wan (Island Resort),,1707,HK Bus Crawling
N8P+1+Siu Sai Wan (Island Resort)+Wan Chai (Harbour Road),N8P,1,ctb,Siu Sai Wan (Island Resort),Wan Chai (Harbour Road),Siu Sai Wan (Island Resort),Wan Chai (Harbour Road),,,HK Bus Crawling
N8P+1+Wan Chai (Harbour Road)+Siu Sai Wan (Island Resort),N8P,1,ctb,Wan Chai (Harbour Road),Siu Sai Wan (Island Resort),Wan Chai (Harbour Road),Siu Sai Wan (Island Resort),,,HK Bus Crawling
N8X+1+Kennedy Town+Siu Sai Wan (Island Resort),N8X,1,ctb,Kennedy Town,Siu Sai Wan (Island Resort),Kennedy Town,Siu Sai Wan (Island Resort),,1708,HK Bus Crawling
N8X+1+Siu Sai Wan (Island Resort)+Kennedy Town,N8X,1,ctb,Siu Sai Wan (Island Resort),Kennedy Town,Siu Sai Wan (Island Resort),Kennedy Town,,1708,HK Bus Crawling
N90+1+Central (Macao Ferry)+South Horizons,N90,1,ctb,Central (Macao Ferry),South Horizons,Central (Macao Ferry),South Horizons,,1709,HK Bus Crawling
N90+1+South Horizons+Central (Macao Ferry),N90,1,ctb,South Horizons,Central (Macao Ferry),South Horizons,Central (Macao Ferry),,1709,HK Bus Crawling
N930+1+Causeway Bay (Moreton Terrace)+Tsuen Wan (Discovery Park),N930,1,ctb,Causeway Bay (Moreton Terrace),Tsuen Wan (Discovery Park),Causeway Bay (Moreton Terrace),Tsuen Wan (Discovery Park),,8730,HK Bus Crawling
N930+1+Tsuen Wan (Discovery Park)+Causeway Bay (Moreton Terrace),N930,1,ctb,Tsuen Wan (Discovery Park),Causeway Bay (Moreton Terrace),Tsuen Wan (Discovery Park),Causeway Bay (Moreton Terrace),,8730,HK Bus Crawling
N952+1+Causeway Bay (Moreton Terrace)+Tuen Mun (Chi Lok Fa Yuen),N952,1,ctb,Causeway Bay (Moreton Terrace),Tuen Mun (Chi Lok Fa Yuen),Causeway Bay (Moreton Terrace),Tuen Mun (Chi Lok Fa Yuen),,8727,HK Bus Crawling
N952+1+Tuen Mun (Chi Lok Fa Yuen)+Causeway Bay (Moreton Terrace),N952,1,ctb,Tuen Mun (Chi Lok Fa Yuen),Causeway Bay (Moreton Terrace),Tuen Mun (Chi Lok Fa Yuen),Causeway Bay (Moreton Terrace),,8727,HK Bus Crawling
N962+1+Causeway Bay (Moreton Terrace)+Lung Mun Oasis,N962,1,ctb,Causeway Bay (Moreton Terrace),Lung Mun Oasis,Causeway Bay (Moreton Terrace),Lung Mun Oasis,,1710,HK Bus Crawling
N962+1+Causeway Bay (Moreton Terrace)+Tuen Mun (Lung Mun Oasis),N962,1,ctb,Causeway Bay (Moreton Terrace),Tuen Mun (Lung Mun Oasis),Causeway Bay (Moreton Terrace),Tuen Mun (Lung Mun Oasis),,,HK Bus Crawling
N962+1+Tuen Mun (Lung Mun Oasis)+Causeway Bay (Moreton Terrace),N962,1,ctb,Tuen Mun (Lung Mun Oasis),Causeway Bay (Moreton Terrace),Tuen Mun (Lung Mun Oasis),Causeway Bay (Moreton Terrace),,1710,HK Bus Crawling
N969+1+Causeway Bay (Moreton Terrace)+Tin Shui Wai Town Centre,N969,1,ctb,Causeway Bay (Moreton Terrace),Tin Shui Wai Town Centre,Causeway Bay (Moreton Terrace),Tin Shui Wai Town Centre,,1711,HK Bus Crawling
N969+1+Tin Shui Wai Town Centre+Causeway Bay (Moreton Terrace),N969,1,ctb,Tin Shui Wai Town Centre,Causeway Bay (Moreton Terrace),Tin Shui Wai Town Centre,Causeway Bay (Moreton Terrace),,1711,HK Bus Crawling
NA10+1+Airport ／ HZMB Hong Kong Port+Ap Lei Chau (Lee Lok Street),NA10,1,ctb,Airport ／ HZMB Hong Kong Port,Ap Lei Chau (Lee Lok Street),Airport ／ HZMB Hong Kong Port,Ap Lei Chau (Lee Lok Street),,1000325,HK Bus Crawling
NA10+1+Ap Lei Chau (Lee Lok Street)+Airport ／ HZMB Hong Kong Port,NA10,1,ctb,Ap Lei Chau (Lee Lok Street),Airport ／ HZMB Hong Kong Port,Ap Lei Chau (Lee Lok Street),Airport ／ HZMB Hong Kong Port,,1000325,HK Bus Crawling
NA11+1+Airport ／ HZMB Hong Kong Port+North Point Ferry Pier,NA11,1,ctb,Airport ／ HZMB Hong Kong Port,North Point Ferry Pier,Airport ／ HZMB Hong Kong Port,North Point Ferry Pier,,8346,HK Bus Crawling
NA11+1+North Point Ferry Pier+Airport ／ HZMB Hong Kong Port,NA11,1,ctb,North Point Ferry Pier,Airport ／ HZMB Hong Kong Port,North Point Ferry Pier,Airport ／ HZMB Hong Kong Port,,8346,HK Bus Crawling
NA12+1+Airport ／ HZMB Hong Kong Port+Heng Fa Chuen,NA12,1,ctb,Airport ／ HZMB Hong Kong Port,Heng Fa Chuen,Airport ／ HZMB Hong Kong Port,Heng Fa Chuen,,1000619,HK Bus Crawling
NA12+1+Heng Fa Chuen+Airport ／ HZMB Hong Kong Port,NA12,1,ctb,Heng Fa Chuen,Airport ／ HZMB Hong Kong Port,Heng Fa Chuen,Airport ／ HZMB Hong Kong Port,,8474,HK Bus Crawling
NA20+1+Airport ／ HZMB Hong Kong Port+Whampoa Garden,NA20,1,ctb,Airport ／ HZMB Hong Kong Port,Whampoa Garden,Airport ／ HZMB Hong Kong Port,Whampoa Garden,,8600,HK Bus Crawling
NA20+1+Whampoa Garden+Airport ／ HZMB Hong Kong Port,NA20,1,ctb,Whampoa Garden,Airport ／ HZMB Hong Kong Port,Whampoa Garden,Airport ／ HZMB Hong Kong Port,,8600,HK Bus Crawling
NA21+1+Airport ／ HZMB Hong Kong Port+Mongkok ／  Nam Cheong,NA21,1,ctb,Airport ／ HZMB Hong Kong Port,Mongkok ／  Nam Cheong,Airport ／ HZMB Hong Kong Port,Mongkok ／  Nam Cheong,,,HK Bus Crawling
NA21+1+Hong Kong-Zhuhai-Macao Bridge Hong Kong Port+Hong Kong-Zhuhai-Macao Bridge Hong Kong Port,NA21,1,ctb,Hong Kong-Zhuhai-Macao Bridge Hong Kong Port,Hong Kong-Zhuhai-Macao Bridge Hong Kong Port,Hong Kong-Zhuhai-Macao Bridge Hong Kong Port,Hong Kong-Zhuhai-Macao Bridge Hong Kong Port,,1000523,HK Bus Crawling
NA21+1+Mongkok ／  Nam Cheong+Airport ／ HZMB Hong Kong Port,NA21,1,ctb,Mongkok ／  Nam Cheong,Airport ／ HZMB Hong Kong Port,Mongkok ／  Nam Cheong,Airport ／ HZMB Hong Kong Port,,,HK Bus Crawling
NA29+1+Airport ／ HZMB Hong Kong Port+Tseung Kwan O (Po Lam),NA29,1,ctb,Airport ／ HZMB Hong Kong Port,Tseung Kwan O (Po Lam),Airport ／ HZMB Hong Kong Port,Tseung Kwan O (Po Lam),,8267,HK Bus Crawling
NA29+1+Tseung Kwan O (Po Lam)+Airport ／ HZMB Hong Kong Port,NA29,1,ctb,Tseung Kwan O (Po Lam),Airport ／ HZMB Hong Kong Port,Tseung Kwan O (Po Lam),Airport ／ HZMB Hong Kong Port,,8267,HK Bus Crawling
NB3+1+Shenzhen Bay Port+Tuen Mun Pier Head,NB3,1,ctb,Shenzhen Bay Port,Tuen Mun Pier Head,Shenzhen Bay Port,Tuen Mun Pier Head,,,HK Bus Crawling
NB3+1+Tuen Mun Pier Head+Shenzhen Bay Port,NB3,1,ctb,Tuen Mun Pier Head,Shenzhen Bay Port,Tuen Mun Pier Head,Shenzhen Bay Port,,,HK Bus Crawling
R11+1+Disneyland+North Point Ferry Pier,R11,1,ctb,Disneyland,North Point Ferry Pier,Disneyland,North Point Ferry Pier,,,HK Bus Crawling
R22+1+Disneyland+Yau Tong,R22,1,ctb,Disneyland,Yau Tong,Disneyland,Yau Tong,,,HK Bus Crawling
S52+1+Aircraft Maintenance Area+Tung Chung (Yat Tung Estate),S52,1,ctb,Aircraft Maintenance Area,Tung Chung (Yat Tung Estate),Aircraft Maintenance Area,Tung Chung (Yat Tung Estate),,1894,HK Bus Crawling
S52+1+Tung Chung (Yat Tung Estate)+Aircraft Maintenance Area,S52,1,ctb,Tung Chung (Yat Tung Estate),Aircraft Maintenance Area,Tung Chung (Yat Tung Estate),Aircraft Maintenance Area,,1894,HK Bus Crawling
S52+2+Aircraft Maintenance Area+Tung Chung Station,S52,2,ctb,Aircraft Maintenance Area,Tung Chung Station,Aircraft Maintenance Area,Tung Chung Station,,8754,HK Bus Crawling
S52+2+Yat Tung Estate+Aircraft Maintenance Area,S52,2,ctb,Yat Tung Estate,Aircraft Maintenance Area,Yat Tung Estate,Aircraft Maintenance Area,,8752,HK Bus Crawling
"S52+3+Tung Chung Crescent, Shun Tung Road+Aircraft Maintenance Area",S52,3,ctb,"Tung Chung Crescent, Shun Tung Road",Aircraft Maintenance Area,"Tung Chung Crescent, Shun Tung Road",Aircraft Maintenance Area,,8753,HK Bus Crawling
S52A+1+Aircraft Maintenance Area+Yu Nga Court,S52A,1,ctb,Aircraft Maintenance Area,Yu Nga Court,Aircraft Maintenance Area,Yu Nga Court,,8706,HK Bus Crawling
S52A+1+Yu Nga Court+Aircraft Maintenance Area,S52A,1,ctb,Yu Nga Court,Aircraft Maintenance Area,Yu Nga Court,Aircraft Maintenance Area,,8706,HK Bus Crawling
S52P+1+Tung Chung (Yat Tung Estate)+Chun Ping Road (Asia Airfreight Terminal),S52P,1,ctb,Tung Chung (Yat Tung Estate),Chun Ping Road (Asia Airfreight Terminal),Tung Chung (Yat Tung Estate),Chun Ping Road (Asia Airfreight Terminal),,1895,HK Bus Crawling
S56+1+Tung Chung Station+Airport (Passenger Terminal 1),S56,1,ctb,Tung Chung Station,Airport (Passenger Terminal 1),Tung Chung Station,Airport (Passenger Terminal 1),,8324,HK Bus Crawling
"S56+2+Tung Chung Station+Seaview Crescent, Wai Tung Road",S56,2,ctb,Tung Chung Station,"Seaview Crescent, Wai Tung Road",Tung Chung Station,"Seaview Crescent, Wai Tung Road",,8326,HK Bus Crawling
"S56+3+Tung Chung Station+Terminal 1 (South), Cheong Tat Road",S56,3,ctb,Tung Chung Station,"Terminal 1 (South), Cheong Tat Road",Tung Chung Station,"Terminal 1 (South), Cheong Tat Road",,1000682,HK Bus Crawling
SP11+1+Kai Tak Sports Park+Siu Sai Wan (Island Resort),SP11,1,ctb,Kai Tak Sports Park,Siu Sai Wan (Island Resort),Kai Tak Sports Park,Siu Sai Wan (Island Resort),,1000586,HK Bus Crawling
SP12+1+Kai Tak Sports Park+Lok Ma Chau (San Tin),SP12,1,ctb,Kai Tak Sports Park,Lok Ma Chau (San Tin),Kai Tak Sports Park,Lok Ma Chau (San Tin),,,HK Bus Crawling
SP2+1+Kai Tak Sports Park+Mong Kok,SP2,1,ctb,Kai Tak Sports Park,Mong Kok,Kai Tak Sports Park,Mong Kok,,1000577,HK Bus Crawling
SP2A+1+Kai Tak Sports Park+Tsim Sha Tsui,SP2A,1,ctb,Kai Tak Sports Park,Tsim Sha Tsui,Kai Tak Sports Park,Tsim Sha Tsui,,,HK Bus Crawling
SP5B+1+Kai Tak Sports Park+Tuen Mun (Ching Tin and Wo Tin),SP5B,1,ctb,Kai Tak Sports Park,Tuen Mun (Ching Tin and Wo Tin),Kai Tak Sports Park,Tuen Mun (Ching Tin and Wo Tin),,1000584,HK Bus Crawling
SP9+1+Kai Tak Sports Park+LOHAS Park,SP9,1,ctb,Kai Tak Sports Park,LOHAS Park,Kai Tak Sports Park,LOHAS Park,,1000585,HK Bus Crawling
X1+1+AsiaWorld-Expo+Tung Chung Station,X1,1,ctb,AsiaWorld-Expo,Tung Chung Station,AsiaWorld-Expo,Tung Chung Station,,,HK Bus Crawling
X1+1+Tung Chung Station+AsiaWorld-Expo,X1,1,ctb,Tung Chung Station,AsiaWorld-Expo,Tung Chung Station,AsiaWorld-Expo,,,HK Bus Crawling
X15+1+Central (Star Ferry)+The Peak,X15,1,ctb,Central (Star Ferry),The Peak,Central (Star Ferry),The Peak,,8700,HK Bus Crawling
X15+1+The Peak+Central (Star Ferry),X15,1,ctb,The Peak,Central (Star Ferry),The Peak,Central (Star Ferry),,8700,HK Bus Crawling
X797+1+Fire and Ambulance Services Academy+Tiu Keng Leng Station,X797,1,ctb,Fire and Ambulance Services Academy,Tiu Keng Leng Station,Fire and Ambulance Services Academy,Tiu Keng Leng Station,,,HK Bus Crawling
X797+1+Tiu Keng Leng Station+Fire and Ambulance Services Academy,X797,1,ctb,Tiu Keng Leng Station,Fire and Ambulance Services Academy,Tiu Keng Leng Station,Fire and Ambulance Services Academy,,,HK Bus Crawling
X8+1+Happy Valley (Upper)+Siu Sai Wan (Island Resort),X8,1,ctb,Happy Valley (Upper),Siu Sai Wan (Island Resort),Happy Valley (Upper),Siu Sai Wan (Island Resort),,1000090,HK Bus Crawling
X9+1+Shek O+Central (Star Ferry),X9,1,ctb,Shek O,Central (Star Ferry),Shek O,Central (Star Ferry),,1000550,HK Bus Crawling
X962+1+Admiralty (West)+Tuen Mun (Lung Mun Oasis),X962,1,ctb,Admiralty (West),Tuen Mun (Lung Mun Oasis),Admiralty (West),Tuen Mun (Lung Mun Oasis),,1722,HK Bus Crawling
X970+1+South Horizons+Cheung Sha Wan (Kom Tsun Street),X970,1,ctb,South Horizons,Cheung Sha Wan (Kom Tsun Street),South Horizons,Cheung Sha Wan (Kom Tsun Street),,8606,HK Bus Crawling
7000004+1+TAI O+TUNG CHUNG,7000004,1,fortuneferry,TAI O,TUNG CHUNG,TAI O,TUNG CHUNG,,7000004,HK Bus Crawling
7000004+1+TUNG CHUNG+TAI O,7000004,1,fortuneferry,TUNG CHUNG,TAI O,TUNG CHUNG,TAI O,,7000004,HK Bus Crawling
7021+1+KAI TAK+NORTH POINT,7021,1,fortuneferry,KAI TAK,NORTH POINT,KAI TAK,NORTH POINT,,7021,HK Bus Crawling
7021+1+NORTH POINT+KAI TAK,7021,1,fortuneferry,NORTH POINT,KAI TAK,NORTH POINT,KAI TAK,,7021,HK Bus Crawling
7025+1+TAI O+TUEN MUN,7025,1,fortuneferry,TAI O,TUEN MUN,TAI O,TUEN MUN,,7025,HK Bus Crawling
7025+1+TUEN MUN+TAI O,7025,1,fortuneferry,TUEN MUN,TAI O,TUEN MUN,TAI O,,7025,HK Bus Crawling
7056+1+KWUN TONG+NORTH POINT,7056,1,fortuneferry,KWUN TONG,NORTH POINT,KWUN TONG,NORTH POINT,,7056,HK Bus Crawling
7056+1+NORTH POINT+KWUN TONG,7056,1,fortuneferry,NORTH POINT,KWUN TONG,NORTH POINT,KWUN TONG,,7056,HK Bus Crawling
7059+1+CENTRAL+HUNG HOM,7059,1,fortuneferry,CENTRAL,HUNG HOM,CENTRAL,HUNG HOM,,7059,HK Bus Crawling
7059+1+HUNG HOM+CENTRAL,7059,1,fortuneferry,HUNG HOM,CENTRAL,HUNG HOM,CENTRAL,,7059,HK Bus Crawling
1+1+Central (Hong Kong Station Public Transport Interchange)+The Peak (Public Transport Terminus),1,1,gmb,Central (Hong Kong Station Public Transport Interchange),The Peak (Public Transport Terminus),Central (Hong Kong Station Public Transport Interchange),The Peak (Public Transport Terminus),,2006408,HK Bus Crawling
1+1+Kowloon Bay (Telford Gardens)+Sai Kung,1,1,gmb,Kowloon Bay (Telford Gardens),Sai Kung,Kowloon Bay (Telford Gardens),Sai Kung,,2002337,HK Bus Crawling
1+1+Sai Kung+Kowloon Bay (Telford Gardens),1,1,gmb,Sai Kung,Kowloon Bay (Telford Gardens),Sai Kung,Kowloon Bay (Telford Gardens),,2002337,HK Bus Crawling
1+1+The Peak (Public Transport Terminus)+Central (Hong Kong Station Public Transport Interchange),1,1,gmb,The Peak (Public Transport Terminus),Central (Hong Kong Station Public Transport Interchange),The Peak (Public Transport Terminus),Central (Hong Kong Station Public Transport Interchange),,2006408,HK Bus Crawling
10+1+Causeway Bay (Jaffe Road)+Cyberport Public Transport Interchange,10,1,gmb,Causeway Bay (Jaffe Road),Cyberport Public Transport Interchange,Causeway Bay (Jaffe Road),Cyberport Public Transport Interchange,,2006706,HK Bus Crawling
"10+1+Cyberport Bus Terminus+JAFFE ROAD, near Siu On Plaza",10,1,gmb,Cyberport Bus Terminus,"JAFFE ROAD, near Siu On Plaza",Cyberport Bus Terminus,"JAFFE ROAD, near Siu On Plaza",,2006706,HK Bus Crawling
101M+1+Hang Hau Station+Sai Kung,101M,1,gmb,Hang Hau Station,Sai Kung,Hang Hau Station,Sai Kung,,2003240,HK Bus Crawling
101M+1+Sai Kung+Hang Hau Station,101M,1,gmb,Sai Kung,Hang Hau Station,Sai Kung,Hang Hau Station,,2003240,HK Bus Crawling
101M+2+Lakeside Garden+Hang Hau,101M,2,gmb,Lakeside Garden,Hang Hau,Lakeside Garden,Hang Hau,,2005451,HK Bus Crawling
101M+2+Marina Cove+Hang Hau,101M,2,gmb,Marina Cove,Hang Hau,Marina Cove,Hang Hau,,2005453,HK Bus Crawling
101M+2+Pak Sha Wan+Hang Hau,101M,2,gmb,Pak Sha Wan,Hang Hau,Pak Sha Wan,Hang Hau,,2003243,HK Bus Crawling
101M+2+Po Lo Che+Hang Hau,101M,2,gmb,Po Lo Che,Hang Hau,Po Lo Che,Hang Hau,,2005452,HK Bus Crawling
101M+2+Sai Kung North Public Transport Interchange (Sai Kung)+Hang Hau Station,101M,2,gmb,Sai Kung North Public Transport Interchange (Sai Kung),Hang Hau Station,Sai Kung North Public Transport Interchange (Sai Kung),Hang Hau Station,,2003242,HK Bus Crawling
102+1+Hang Hau Station+San Po Kong,102,1,gmb,Hang Hau Station,San Po Kong,Hang Hau Station,San Po Kong,,2003801,HK Bus Crawling
102+1+San Po Kong+Hang Hau Station,102,1,gmb,San Po Kong,Hang Hau Station,San Po Kong,Hang Hau Station,,2003801,HK Bus Crawling
102+2+San Po Kong+Hang Hau,102,2,gmb,San Po Kong,Hang Hau,San Po Kong,Hang Hau,,2003834,HK Bus Crawling
102B+2+Yuk Ming Court+Choi Hung(Circular),102B,2,gmb,Yuk Ming Court,Choi Hung(Circular),Yuk Ming Court,Choi Hung(Circular),,2003835,HK Bus Crawling
102S+2+Hang Hau Station Public Transport Interchange+SAN PO KONG,102S,2,gmb,Hang Hau Station Public Transport Interchange,SAN PO KONG,Hang Hau Station Public Transport Interchange,SAN PO KONG,,2003900,HK Bus Crawling
102S+3+SAN PO KONG+Hang Hau Station Public Transport Interchange,102S,3,gmb,SAN PO KONG,Hang Hau Station Public Transport Interchange,SAN PO KONG,Hang Hau Station Public Transport Interchange,,2003900,HK Bus Crawling
103+1+Clear Water Bay+Kwun Tong Ferry,103,1,gmb,Clear Water Bay,Kwun Tong Ferry,Clear Water Bay,Kwun Tong Ferry,,2007134,HK Bus Crawling
103+1+Kwun Tong Ferry+Clear Water Bay,103,1,gmb,Kwun Tong Ferry,Clear Water Bay,Kwun Tong Ferry,Clear Water Bay,,2007134,HK Bus Crawling
103M+1+Clear Water Bay+Tseung Kwan O Station Public Transport Interchange,103M,1,gmb,Clear Water Bay,Tseung Kwan O Station Public Transport Interchange,Clear Water Bay,Tseung Kwan O Station Public Transport Interchange,,2007201,HK Bus Crawling
103M+1+Tseung Kwan O Station Public Transport Interchange+Clear Water Bay,103M,1,gmb,Tseung Kwan O Station Public Transport Interchange,Clear Water Bay,Tseung Kwan O Station Public Transport Interchange,Clear Water Bay,,2007201,HK Bus Crawling
104+1+Hong Kong University of Science and Technology (South Station)+Kwun Tong(Circular),104,1,gmb,Hong Kong University of Science and Technology (South Station),Kwun Tong(Circular),Hong Kong University of Science and Technology (South Station),Kwun Tong(Circular),,2007200,HK Bus Crawling
105+1+Hong Sing Garden+To Kwa Wan,105,1,gmb,Hong Sing Garden,To Kwa Wan,Hong Sing Garden,To Kwa Wan,,2006606,HK Bus Crawling
105+1+To Kwa Wan+Hong Sing Garden,105,1,gmb,To Kwa Wan,Hong Sing Garden,To Kwa Wan,Hong Sing Garden,,2006606,HK Bus Crawling
106+1+Kowloon Bay+Po Lam ,106,1,gmb,Kowloon Bay,Po Lam ,Kowloon Bay,Po Lam ,,2002945,HK Bus Crawling
106+1+Po Lam+Kowloon Bay,106,1,gmb,Po Lam,Kowloon Bay,Po Lam,Kowloon Bay,,2002945,HK Bus Crawling
106+2+Kowloon Bay+Po Lam,106,2,gmb,Kowloon Bay,Po Lam,Kowloon Bay,Po Lam,,2003010,HK Bus Crawling
107+1+Haven Of Hope Hospital+Po Lam Public Transport Interchange (Circular),107,1,gmb,Haven Of Hope Hospital,Po Lam Public Transport Interchange (Circular),Haven Of Hope Hospital,Po Lam Public Transport Interchange (Circular),,2002910,HK Bus Crawling
108A+1+Choi Ming Public Transport Interchange+Hang Hau (North),108A,1,gmb,Choi Ming Public Transport Interchange,Hang Hau (North),Choi Ming Public Transport Interchange,Hang Hau (North),,2000993,HK Bus Crawling
108A+1+Hang Hau (North)+Choi Ming Public Transport Interchange,108A,1,gmb,Hang Hau (North),Choi Ming Public Transport Interchange,Hang Hau (North),Choi Ming Public Transport Interchange,,2000993,HK Bus Crawling
109M+1+Hang Hau Station+ Oscar by the Sea ,109M,1,gmb,Hang Hau Station, Oscar by the Sea ,Hang Hau Station, Oscar by the Sea ,,2002350,HK Bus Crawling
109M+1+Oscar By The Sea+Hang Hau Station,109M,1,gmb,Oscar By The Sea,Hang Hau Station,Oscar By The Sea,Hang Hau Station,,2002350,HK Bus Crawling
10M+1+Kwun Tong (Yue Man Square)+Well On Garden,10M,1,gmb,Kwun Tong (Yue Man Square),Well On Garden,Kwun Tong (Yue Man Square),Well On Garden,,2007596,HK Bus Crawling
10M+1+Well On Garden+Kwun Tong (Yue Man Square),10M,1,gmb,Well On Garden,Kwun Tong (Yue Man Square),Well On Garden,Kwun Tong (Yue Man Square),,2007596,HK Bus Crawling
"10P+1+Cyberport Bus Terminus+JAFFE ROAD, near Siu On Plaza",10P,1,gmb,Cyberport Bus Terminus,"JAFFE ROAD, near Siu On Plaza",Cyberport Bus Terminus,"JAFFE ROAD, near Siu On Plaza",,2006739,HK Bus Crawling
"10P+1+JAFFE ROAD, near Siu On Plaza+Cyberport Bus Terminus",10P,1,gmb,"JAFFE ROAD, near Siu On Plaza",Cyberport Bus Terminus,"JAFFE ROAD, near Siu On Plaza",Cyberport Bus Terminus,,2006739,HK Bus Crawling
11+1+Choi Hung Station (Lung Cheung Road)+Hang Hau Village,11,1,gmb,Choi Hung Station (Lung Cheung Road),Hang Hau Village,Choi Hung Station (Lung Cheung Road),Hang Hau Village,,2004791,HK Bus Crawling
11+1+Hang Hau Village+Choi Hung Station (Lung Cheung Road),11,1,gmb,Hang Hau Village,Choi Hung Station (Lung Cheung Road),Hang Hau Village,Choi Hung Station (Lung Cheung Road),,2004791,HK Bus Crawling
111+1+Po Lam+San Po Kong,111,1,gmb,Po Lam,San Po Kong,Po Lam,San Po Kong,,2003867,HK Bus Crawling
111+1+San Po Kong+Po Lam,111,1,gmb,San Po Kong,Po Lam,San Po Kong,Po Lam,,2003867,HK Bus Crawling
112A+2+LOHAS Park Station Public Transport Interchange+The Beaumount,112A,2,gmb,LOHAS Park Station Public Transport Interchange,The Beaumount,LOHAS Park Station Public Transport Interchange,The Beaumount,,2007366,HK Bus Crawling
112A+3+The Beaumount+LOHAS Park Station Public Transport Interchange,112A,3,gmb,The Beaumount,LOHAS Park Station Public Transport Interchange,The Beaumount,LOHAS Park Station Public Transport Interchange,,2007366,HK Bus Crawling
112M+1+LOHAS Park Station Public Transport Interchange+Tseung Kwan O Industrial Estate ,112M,1,gmb,LOHAS Park Station Public Transport Interchange,Tseung Kwan O Industrial Estate ,LOHAS Park Station Public Transport Interchange,Tseung Kwan O Industrial Estate ,,2007365,HK Bus Crawling
112M+1+Tseung Kwan O Industrial Estate +LOHAS Park Station Public Transport Interchange,112M,1,gmb,Tseung Kwan O Industrial Estate ,LOHAS Park Station Public Transport Interchange,Tseung Kwan O Industrial Estate ,LOHAS Park Station Public Transport Interchange,,2007365,HK Bus Crawling
112S+2+Tseung Kwan O Station Public Transport Interchange+Tseung Kwan O Industrial Estate ,112S,2,gmb,Tseung Kwan O Station Public Transport Interchange,Tseung Kwan O Industrial Estate ,Tseung Kwan O Station Public Transport Interchange,Tseung Kwan O Industrial Estate ,,2007367,HK Bus Crawling
112S+3+Tseung Kwan O Industrial Estate+Tseung Kwan O Station Public Transport Interchange,112S,3,gmb,Tseung Kwan O Industrial Estate,Tseung Kwan O Station Public Transport Interchange,Tseung Kwan O Industrial Estate,Tseung Kwan O Station Public Transport Interchange,,2007367,HK Bus Crawling
113+1+The Beaumount+Hang Hau Station Public Transport Interchange (Circular),113,1,gmb,The Beaumount,Hang Hau Station Public Transport Interchange (Circular),The Beaumount,Hang Hau Station Public Transport Interchange (Circular),,2007368,HK Bus Crawling
114A+1+Tseung Kwan O Station+Ocean Wings(Circular),114A,1,gmb,Tseung Kwan O Station,Ocean Wings(Circular),Tseung Kwan O Station,Ocean Wings(Circular),,2005122,HK Bus Crawling
114A+2+Tseung Kwan O Station+Ocean Wings(Circular),114A,2,gmb,Tseung Kwan O Station,Ocean Wings(Circular),Tseung Kwan O Station,Ocean Wings(Circular),,2005155,HK Bus Crawling
114B+1+Tiu Keng Leng Station Pubic Transport Interchange+Alto Residences(Circular),114B,1,gmb,Tiu Keng Leng Station Pubic Transport Interchange,Alto Residences(Circular),Tiu Keng Leng Station Pubic Transport Interchange,Alto Residences(Circular),,2005187,HK Bus Crawling
115+1+Chun Cheong Street+Po Lam,115,1,gmb,Chun Cheong Street,Po Lam,Chun Cheong Street,Po Lam,,2002943,HK Bus Crawling
115+1+Po Lam+Chun Cheong Street,115,1,gmb,Po Lam,Chun Cheong Street,Po Lam,Chun Cheong Street,,2002943,HK Bus Crawling
116+1+Pak Shing Kok+Tseung Kwan O Station (Circular),116,1,gmb,Pak Shing Kok,Tseung Kwan O Station (Circular),Pak Shing Kok,Tseung Kwan O Station (Circular),,2009609,HK Bus Crawling
116H+2+Tseung Kwan O Station Public Transport Interchange+The Chinese Medicine Hospital (Circular),116H,2,gmb,Tseung Kwan O Station Public Transport Interchange,The Chinese Medicine Hospital (Circular),Tseung Kwan O Station Public Transport Interchange,The Chinese Medicine Hospital (Circular),,2011259,HK Bus Crawling
116M+2+Tseung Kwan O Station Public Transport Interchange+Pak Shing Kok (Circular),116M,2,gmb,Tseung Kwan O Station Public Transport Interchange,Pak Shing Kok (Circular),Tseung Kwan O Station Public Transport Interchange,Pak Shing Kok (Circular),,2011127,HK Bus Crawling
117A+1+Anderson (OnYu Road) Public Transport Terminus+Sheung Tak Public Terminus,117A,1,gmb,Anderson (OnYu Road) Public Transport Terminus,Sheung Tak Public Terminus,Anderson (OnYu Road) Public Transport Terminus,Sheung Tak Public Terminus,,2010896,HK Bus Crawling
117A+1+Sheung Tak Public Terminus+Anderson (OnYu Road) Public Transport Terminus,117A,1,gmb,Sheung Tak Public Terminus,Anderson (OnYu Road) Public Transport Terminus,Sheung Tak Public Terminus,Anderson (OnYu Road) Public Transport Terminus,,2010896,HK Bus Crawling
117B+1+Anderson (OnYu Road) Public Transport Terminus+Yau Tong (Circular),117B,1,gmb,Anderson (OnYu Road) Public Transport Terminus,Yau Tong (Circular),Anderson (OnYu Road) Public Transport Terminus,Yau Tong (Circular),,2011556,HK Bus Crawling
117P+2+Anderson (OnYu Road) Public Transport Terminus+King Lam Estate (Circular),117P,2,gmb,Anderson (OnYu Road) Public Transport Terminus,King Lam Estate (Circular),Anderson (OnYu Road) Public Transport Terminus,King Lam Estate (Circular),,2011721,HK Bus Crawling
11A+1+Hang Hau Station Public Transport Interchange+Hang Hau Village,11A,1,gmb,Hang Hau Station Public Transport Interchange,Hang Hau Village,Hang Hau Station Public Transport Interchange,Hang Hau Village,,2004824,HK Bus Crawling
11A+1+Hang Hau Village+Hang Hau Station Public Transport Interchange,11A,1,gmb,Hang Hau Village,Hang Hau Station Public Transport Interchange,Hang Hau Village,Hang Hau Station Public Transport Interchange,,2004824,HK Bus Crawling
11B+2+Hong Kong University of Science and Technology (North Station)+Choi Hung Station (Lung Cheung Road),11B,2,gmb,Hong Kong University of Science and Technology (North Station),Choi Hung Station (Lung Cheung Road),Hong Kong University of Science and Technology (North Station),Choi Hung Station (Lung Cheung Road),,2004827,HK Bus Crawling
11B+2+Hong Kong University of Science and Technology (South Station)+Choi Hung Station (Lung Cheung Road),11B,2,gmb,Hong Kong University of Science and Technology (South Station),Choi Hung Station (Lung Cheung Road),Hong Kong University of Science and Technology (South Station),Choi Hung Station (Lung Cheung Road),,2004828,HK Bus Crawling
11B+3+Choi Hung Station (Lung Cheung Road)+Hong Kong University of Science and Technology (North Station),11B,3,gmb,Choi Hung Station (Lung Cheung Road),Hong Kong University of Science and Technology (North Station),Choi Hung Station (Lung Cheung Road),Hong Kong University of Science and Technology (North Station),,2004827,HK Bus Crawling
11M+1+Hang Hau Station Public Transport Interchange+Hong Kong University of Science and Technology (North Station),11M,1,gmb,Hang Hau Station Public Transport Interchange,Hong Kong University of Science and Technology (North Station),Hang Hau Station Public Transport Interchange,Hong Kong University of Science and Technology (North Station),,2004825,HK Bus Crawling
11M+1+Hong Kong University of Science and Technology (North Station)+Hang Hau Station Public Transport Interchange,11M,1,gmb,Hong Kong University of Science and Technology (North Station),Hang Hau Station Public Transport Interchange,Hong Kong University of Science and Technology (North Station),Hang Hau Station Public Transport Interchange,,2004825,HK Bus Crawling
11S+2+Po Lam+Choi Hung Station (Lung Cheung Road),11S,2,gmb,Po Lam,Choi Hung Station (Lung Cheung Road),Po Lam,Choi Hung Station (Lung Cheung Road),,2004826,HK Bus Crawling
11S+3+Choi Hung Station (Lung Cheung Road)+Po Lam,11S,3,gmb,Choi Hung Station (Lung Cheung Road),Po Lam,Choi Hung Station (Lung Cheung Road),Po Lam,,2004826,HK Bus Crawling
12+1+Kwun Lung Lau+Sai Ying Pun (Circular),12,1,gmb,Kwun Lung Lau,Sai Ying Pun (Circular),Kwun Lung Lau,Sai Ying Pun (Circular),,2002285,HK Bus Crawling
12+1+Mong Kok East Station+Pak Tin,12,1,gmb,Mong Kok East Station,Pak Tin,Mong Kok East Station,Pak Tin,,2002329,HK Bus Crawling
12+1+Pak Tin+Mong Kok East Station,12,1,gmb,Pak Tin,Mong Kok East Station,Pak Tin,Mong Kok East Station,,2002329,HK Bus Crawling
12+1+Po Lam+Sai Kung,12,1,gmb,Po Lam,Sai Kung,Po Lam,Sai Kung,,2004764,HK Bus Crawling
12+1+Sai Kung+Po Lam,12,1,gmb,Sai Kung,Po Lam,Sai Kung,Po Lam,,2004764,HK Bus Crawling
12+2+Po Lam+Shun Lee,12,2,gmb,Po Lam,Shun Lee,Po Lam,Shun Lee,,2004763,HK Bus Crawling
12A+2+Mong Kok East Station+Cosmopolitan Estates,12A,2,gmb,Mong Kok East Station,Cosmopolitan Estates,Mong Kok East Station,Cosmopolitan Estates,,2002331,HK Bus Crawling
12A+3+Cosmopolitan Estates+Mong Kok East Station,12A,3,gmb,Cosmopolitan Estates,Mong Kok East Station,Cosmopolitan Estates,Mong Kok East Station,,2002331,HK Bus Crawling
12B+2+Metro Harbour View+ Sai Yeung Choi Street South,12B,2,gmb,Metro Harbour View, Sai Yeung Choi Street South,Metro Harbour View, Sai Yeung Choi Street South,,2002335,HK Bus Crawling
12B+2+Mong Kok East Station+Metro Harbour View,12B,2,gmb,Mong Kok East Station,Metro Harbour View,Mong Kok East Station,Metro Harbour View,,2002333,HK Bus Crawling
12B+3+Metro Harbour View+Mong Kok East Station,12B,3,gmb,Metro Harbour View,Mong Kok East Station,Metro Harbour View,Mong Kok East Station,,2002333,HK Bus Crawling
12S+2+Tai Kok Tsui (Cherry Street)+Mong Kok East Station(Circular),12S,2,gmb,Tai Kok Tsui (Cherry Street),Mong Kok East Station(Circular),Tai Kok Tsui (Cherry Street),Mong Kok East Station(Circular),,2002336,HK Bus Crawling
13+1+Haven of Hope Hospital+Kwun Tong (Yue Man Square),13,1,gmb,Haven of Hope Hospital,Kwun Tong (Yue Man Square),Haven of Hope Hospital,Kwun Tong (Yue Man Square),,2007629,HK Bus Crawling
13+1+Hung Hom (Hung Luen Road)+Kowloon Tong (Broadcast Drive),13,1,gmb,Hung Hom (Hung Luen Road),Kowloon Tong (Broadcast Drive),Hung Hom (Hung Luen Road),Kowloon Tong (Broadcast Drive),,2003571,HK Bus Crawling
13+1+Kowloon Tong (Broadcast Drive)+Hung Hom (Hung Luen Road),13,1,gmb,Kowloon Tong (Broadcast Drive),Hung Hom (Hung Luen Road),Kowloon Tong (Broadcast Drive),Hung Hom (Hung Luen Road),,2003571,HK Bus Crawling
13+1+Kwun Tong (Yue Man Square)+Haven of Hope Hospital,13,1,gmb,Kwun Tong (Yue Man Square),Haven of Hope Hospital,Kwun Tong (Yue Man Square),Haven of Hope Hospital,,2007629,HK Bus Crawling
13+1+Sai Wan Estate+Sai Ying Pun (Circular),13,1,gmb,Sai Wan Estate,Sai Ying Pun (Circular),Sai Wan Estate,Sai Ying Pun (Circular),,2002286,HK Bus Crawling
13A+1+Kowloon Tong (Broadcast Drive)+Lok Fu,13A,1,gmb,Kowloon Tong (Broadcast Drive),Lok Fu,Kowloon Tong (Broadcast Drive),Lok Fu,,2003604,HK Bus Crawling
13A+1+Lok Fu+Kowloon Tong (Broadcast Drive),13A,1,gmb,Lok Fu,Kowloon Tong (Broadcast Drive),Lok Fu,Kowloon Tong (Broadcast Drive),,2003604,HK Bus Crawling
13A+2+Lok Fu+Kowloon Tong (Broadcast Drive),13A,2,gmb,Lok Fu,Kowloon Tong (Broadcast Drive),Lok Fu,Kowloon Tong (Broadcast Drive),,2003606,HK Bus Crawling
13A+3+Kowloon Tong (Broadcast Drive)+Lok Fu,13A,3,gmb,Kowloon Tong (Broadcast Drive),Lok Fu,Kowloon Tong (Broadcast Drive),Lok Fu,,2003606,HK Bus Crawling
13M+2+Hung Hom (Hung Luen Road)+Hung Hom Station (Circular),13M,2,gmb,Hung Hom (Hung Luen Road),Hung Hom Station (Circular),Hung Hom (Hung Luen Road),Hung Hom Station (Circular),,2003603,HK Bus Crawling
140M+1+Tsing Yi Station+Tuen Mun (Hanford Garden),140M,1,gmb,Tsing Yi Station,Tuen Mun (Hanford Garden),Tsing Yi Station,Tuen Mun (Hanford Garden),,2004598,HK Bus Crawling
140M+1+Tuen Mun (Hanford Garden)+Tsing Yi Station,140M,1,gmb,Tuen Mun (Hanford Garden),Tsing Yi Station,Tuen Mun (Hanford Garden),Tsing Yi Station,,2004598,HK Bus Crawling
14M+1+ Lan Fong Road+Moorsom Road,14M,1,gmb, Lan Fong Road,Moorsom Road, Lan Fong Road,Moorsom Road,,2000971,HK Bus Crawling
14M+2+Causeway Bay Lan Fong Road +Moorsom Road,14M,2,gmb,Causeway Bay Lan Fong Road ,Moorsom Road,Causeway Bay Lan Fong Road ,Moorsom Road,,2000970,HK Bus Crawling
14M+2+Lee Garden Road+Villa Lotto,14M,2,gmb,Lee Garden Road,Villa Lotto,Lee Garden Road,Villa Lotto,,2000972,HK Bus Crawling
14M+2+Lee Garden Road+Villa Rocha,14M,2,gmb,Lee Garden Road,Villa Rocha,Lee Garden Road,Villa Rocha,,2000973,HK Bus Crawling
15+1+Hang Hau+Hong Sing,15,1,gmb,Hang Hau,Hong Sing,Hang Hau,Hong Sing,,2006609,HK Bus Crawling
15+1+Hong Sing+Hang Hau,15,1,gmb,Hong Sing,Hang Hau,Hong Sing,Hang Hau,,2006609,HK Bus Crawling
15+2+Tsui Lam+Hang Hau(Chung Wa Road) （Circular Route）,15,2,gmb,Tsui Lam,Hang Hau(Chung Wa Road) （Circular Route）,Tsui Lam,Hang Hau(Chung Wa Road) （Circular Route）,,2006610,HK Bus Crawling
15A+1+Hang Hau (North)+Verbena Heights,15A,1,gmb,Hang Hau (North),Verbena Heights,Hang Hau (North),Verbena Heights,,2006611,HK Bus Crawling
15A+1+Verbena Heights+Hang Hau (North),15A,1,gmb,Verbena Heights,Hang Hau (North),Verbena Heights,Hang Hau (North),,2006611,HK Bus Crawling
15A+2+Hang Hau(Po Ning Lane) +Metro City Plaza II,15A,2,gmb,Hang Hau(Po Ning Lane) ,Metro City Plaza II,Hang Hau(Po Ning Lane) ,Metro City Plaza II,,2006612,HK Bus Crawling
15A+3+Metro City Plaza II+Hang Hau(Po Ning Lane) ,15A,3,gmb,Metro City Plaza II,Hang Hau(Po Ning Lane) ,Metro City Plaza II,Hang Hau(Po Ning Lane) ,,2006612,HK Bus Crawling
15M+1+Hong Sing+Po Lam Station,15M,1,gmb,Hong Sing,Po Lam Station,Hong Sing,Po Lam Station,,2006639,HK Bus Crawling
15M+1+Po Lam Station+Hong Sing,15M,1,gmb,Po Lam Station,Hong Sing,Po Lam Station,Hong Sing,,2006639,HK Bus Crawling
15M+2+Hong Sing+Po Lam Station,15M,2,gmb,Hong Sing,Po Lam Station,Hong Sing,Po Lam Station,,2006640,HK Bus Crawling
16+1+Jat's Incline (Choi Wan Estate)+Ping Shek Estate (Circular),16,1,gmb,Jat's Incline (Choi Wan Estate),Ping Shek Estate (Circular),Jat's Incline (Choi Wan Estate),Ping Shek Estate (Circular),,2004629,HK Bus Crawling
16+1+Po Lam+Po Toi O,16,1,gmb,Po Lam,Po Toi O,Po Lam,Po Toi O,,2006641,HK Bus Crawling
16+1+Po Toi O+Po Lam,16,1,gmb,Po Toi O,Po Lam,Po Toi O,Po Lam,,2006641,HK Bus Crawling
16+2+Hang Hau(Chung Wa Road) +Tai Au Mun,16,2,gmb,Hang Hau(Chung Wa Road) ,Tai Au Mun,Hang Hau(Chung Wa Road) ,Tai Au Mun,,2006672,HK Bus Crawling
16+3+Tai Au Mun+Hang Hau(Chung Wa Road) ,16,3,gmb,Tai Au Mun,Hang Hau(Chung Wa Road) ,Tai Au Mun,Hang Hau(Chung Wa Road) ,,2006672,HK Bus Crawling
16A+1+Chai Wan Station+Chung Hom Kok(Cheshire Home),16A,1,gmb,Chai Wan Station,Chung Hom Kok(Cheshire Home),Chai Wan Station,Chung Hom Kok(Cheshire Home),,2002287,HK Bus Crawling
16A+1+Chung Hom Kok(Cheshire Home)+Chai Wan Station,16A,1,gmb,Chung Hom Kok(Cheshire Home),Chai Wan Station,Chung Hom Kok(Cheshire Home),Chai Wan Station,,2002287,HK Bus Crawling
16A+2+Fung Shing Street+Ping Shek Estate (Circular),16A,2,gmb,Fung Shing Street,Ping Shek Estate (Circular),Fung Shing Street,Ping Shek Estate (Circular),,2004630,HK Bus Crawling
16B+2+Scenic View+Ping Shek Public Transport Interchange 1／F,16B,2,gmb,Scenic View,Ping Shek Public Transport Interchange 1／F,Scenic View,Ping Shek Public Transport Interchange 1／F,,2004632,HK Bus Crawling
16B+3+Ping Shek Public Transport Interchange 1／F+Scenic View,16B,3,gmb,Ping Shek Public Transport Interchange 1／F,Scenic View,Ping Shek Public Transport Interchange 1／F,Scenic View,,2004632,HK Bus Crawling
16M+1+Chai Wan Station+Chung Hom Kok,16M,1,gmb,Chai Wan Station,Chung Hom Kok,Chai Wan Station,Chung Hom Kok,,2002289,HK Bus Crawling
16M+1+Chung Hom Kok+Chai Wan Station,16M,1,gmb,Chung Hom Kok,Chai Wan Station,Chung Hom Kok,Chai Wan Station,,2002289,HK Bus Crawling
16S+2+Aria+Ping Shek Estate (Circular),16S,2,gmb,Aria,Ping Shek Estate (Circular),Aria,Ping Shek Estate (Circular),,2004631,HK Bus Crawling
16X+2+Chai Wan Station+Stanley Beach Road,16X,2,gmb,Chai Wan Station,Stanley Beach Road,Chai Wan Station,Stanley Beach Road,,2002291,HK Bus Crawling
16X+3+Stanley Beach Road+Chai Wan Station,16X,3,gmb,Stanley Beach Road,Chai Wan Station,Stanley Beach Road,Chai Wan Station,,2002291,HK Bus Crawling
17+1+Lam Tin Station+Tsui Lam,17,1,gmb,Lam Tin Station,Tsui Lam,Lam Tin Station,Tsui Lam,,2006673,HK Bus Crawling
17+1+Tsui Lam+Lam Tin Station,17,1,gmb,Tsui Lam,Lam Tin Station,Tsui Lam,Lam Tin Station,,2006673,HK Bus Crawling
17A+1+Po Lam Station+Tseung Kwan O Village,17A,1,gmb,Po Lam Station,Tseung Kwan O Village,Po Lam Station,Tseung Kwan O Village,,2006674,HK Bus Crawling
17A+1+Tseung Kwan O Village+Po Lam Station,17A,1,gmb,Tseung Kwan O Village,Po Lam Station,Tseung Kwan O Village,Po Lam Station,,2006674,HK Bus Crawling
17M+1+Po Lam Station+Tsui Lam,17M,1,gmb,Po Lam Station,Tsui Lam,Po Lam Station,Tsui Lam,,2006675,HK Bus Crawling
17M+1+Prince Edward Station+Kowloon Hospital,17M,1,gmb,Prince Edward Station,Kowloon Hospital,Prince Edward Station,Kowloon Hospital,,2006677,HK Bus Crawling
17M+1+Tsui Lam+Po Lam Station,17M,1,gmb,Tsui Lam,Po Lam Station,Tsui Lam,Po Lam Station,,2006675,HK Bus Crawling
17M+2+Kowloon Hospital+Tung Choi Street,17M,2,gmb,Kowloon Hospital,Tung Choi Street,Kowloon Hospital,Tung Choi Street,,2006679,HK Bus Crawling
17M+2+Tsui Lam+Po Lam Station (via Po Hong Road),17M,2,gmb,Tsui Lam,Po Lam Station (via Po Hong Road),Tsui Lam,Po Lam Station (via Po Hong Road),,2006676,HK Bus Crawling
18M+1+Cape Collinson (Correctional Institution)+Chai Wan Station,18M,1,gmb,Cape Collinson (Correctional Institution),Chai Wan Station,Cape Collinson (Correctional Institution),Chai Wan Station,,2002317,HK Bus Crawling
18M+1+Chai Wan Station+Cape Collinson (Correctional Institution),18M,1,gmb,Chai Wan Station,Cape Collinson (Correctional Institution),Chai Wan Station,Cape Collinson (Correctional Institution),,2002317,HK Bus Crawling
18M+1+Tsz Wan Shan (North)+Wong Tai Sin Public Light Bus (Scheduled) Service Terminus,18M,1,gmb,Tsz Wan Shan (North),Wong Tai Sin Public Light Bus (Scheduled) Service Terminus,Tsz Wan Shan (North),Wong Tai Sin Public Light Bus (Scheduled) Service Terminus,,2002085,HK Bus Crawling
18M+1+Wong Tai Sin Public Light Bus (Scheduled) Service Terminus+Tsz Wan Shan (North),18M,1,gmb,Wong Tai Sin Public Light Bus (Scheduled) Service Terminus,Tsz Wan Shan (North),Wong Tai Sin Public Light Bus (Scheduled) Service Terminus,Tsz Wan Shan (North),,2002085,HK Bus Crawling
19+1+San Po Kong+Tsz Wan Shan Road(Shatin Pass Estate),19,1,gmb,San Po Kong,Tsz Wan Shan Road(Shatin Pass Estate),San Po Kong,Tsz Wan Shan Road(Shatin Pass Estate),,2002087,HK Bus Crawling
19+1+Tsz Wan Shan Road (Shatin Pass Estate)+San Po Kong,19,1,gmb,Tsz Wan Shan Road (Shatin Pass Estate),San Po Kong,Tsz Wan Shan Road (Shatin Pass Estate),San Po Kong,,2002087,HK Bus Crawling
19+2+Fu Shan Public Transport Interchange+Diamond Hill Station Public Transport Interchange,19,2,gmb,Fu Shan Public Transport Interchange,Diamond Hill Station Public Transport Interchange,Fu Shan Public Transport Interchange,Diamond Hill Station Public Transport Interchange,,2002151,HK Bus Crawling
19A+2+Diamond Hill Station Public Transport Interchange+Grand View Garden (Circular),19A,2,gmb,Diamond Hill Station Public Transport Interchange,Grand View Garden (Circular),Diamond Hill Station Public Transport Interchange,Grand View Garden (Circular),,2002091,HK Bus Crawling
19M+2+Diamond Hill Station Public Transport Interchange+Tsz Wan Shan Road (Shatin Pass Estate),19M,2,gmb,Diamond Hill Station Public Transport Interchange,Tsz Wan Shan Road (Shatin Pass Estate),Diamond Hill Station Public Transport Interchange,Tsz Wan Shan Road (Shatin Pass Estate),,2002092,HK Bus Crawling
19M+3+Tsz Wan Shan Road (Shatin Pass Estate)+Diamond Hill Station Public Transport Interchange,19M,3,gmb,Tsz Wan Shan Road (Shatin Pass Estate),Diamond Hill Station Public Transport Interchange,Tsz Wan Shan Road (Shatin Pass Estate),Diamond Hill Station Public Transport Interchange,,2002092,HK Bus Crawling
19S+2+Diamond Hill Station Public Transport Interchange+Tsz Wan Shan Shopping Centre,19S,2,gmb,Diamond Hill Station Public Transport Interchange,Tsz Wan Shan Shopping Centre,Diamond Hill Station Public Transport Interchange,Tsz Wan Shan Shopping Centre,,2002118,HK Bus Crawling
19S+3+Tsz Wan Shan Shopping Centre+Diamond Hill Station Public Transport Interchange,19S,3,gmb,Tsz Wan Shan Shopping Centre,Diamond Hill Station Public Transport Interchange,Tsz Wan Shan Shopping Centre,Diamond Hill Station Public Transport Interchange,,2002118,HK Bus Crawling
1A+1+Central (Hong Kong Station Public Transport Interchange)+MacDonnell Road (Circular),1A,1,gmb,Central (Hong Kong Station Public Transport Interchange),MacDonnell Road (Circular),Central (Hong Kong Station Public Transport Interchange),MacDonnell Road (Circular),,2006441,HK Bus Crawling
1A+1+Diamond Hill (Choi Hung Road) Public Transport Interchange+Sai Kung,1A,1,gmb,Diamond Hill (Choi Hung Road) Public Transport Interchange,Sai Kung,Diamond Hill (Choi Hung Road) Public Transport Interchange,Sai Kung,,2002355,HK Bus Crawling
1A+1+Sai Kung+Diamond Hill (Choi Hung Road) Public Transport Interchange,1A,1,gmb,Sai Kung,Diamond Hill (Choi Hung Road) Public Transport Interchange,Sai Kung,Diamond Hill (Choi Hung Road) Public Transport Interchange,,2002355,HK Bus Crawling
1A+2+Fui Yiu Lane+Diamond Hill (Choi Hung Road) Public Transport Interchange,1A,2,gmb,Fui Yiu Lane,Diamond Hill (Choi Hung Road) Public Transport Interchange,Fui Yiu Lane,Diamond Hill (Choi Hung Road) Public Transport Interchange,,2002358,HK Bus Crawling
1A+2+Pak Sha Wan+Diamond Hill (Choi Hung Road) Public Transport Interchange,1A,2,gmb,Pak Sha Wan,Diamond Hill (Choi Hung Road) Public Transport Interchange,Pak Sha Wan,Diamond Hill (Choi Hung Road) Public Transport Interchange,,2002357,HK Bus Crawling
1A+2+Sai Kung North +Diamond Hill (Choi Hung Road) Public Transport Interchange,1A,2,gmb,Sai Kung North ,Diamond Hill (Choi Hung Road) Public Transport Interchange,Sai Kung North ,Diamond Hill (Choi Hung Road) Public Transport Interchange,,2002359,HK Bus Crawling
1S+2+Sai Kung+Diamond Hill (Choi Hung Road) Public Transport Interchange,1S,2,gmb,Sai Kung,Diamond Hill (Choi Hung Road) Public Transport Interchange,Sai Kung,Diamond Hill (Choi Hung Road) Public Transport Interchange,,2002352,HK Bus Crawling
1S+3+Diamond Hill (Choi Hung Road) Public Transport Interchange+Sai Kung ,1S,3,gmb,Diamond Hill (Choi Hung Road) Public Transport Interchange,Sai Kung ,Diamond Hill (Choi Hung Road) Public Transport Interchange,Sai Kung ,,2002352,HK Bus Crawling
2+1+Central (Hong Kong Station)+Old Peak Road (Circular),2,1,gmb,Central (Hong Kong Station),Old Peak Road (Circular),Central (Hong Kong Station),Old Peak Road (Circular),,2006474,HK Bus Crawling
2+1+Festival Walk Public Transport Interchange+Whampoa Garden Public Transport Interchange,2,1,gmb,Festival Walk Public Transport Interchange,Whampoa Garden Public Transport Interchange,Festival Walk Public Transport Interchange,Whampoa Garden Public Transport Interchange,,2009246,HK Bus Crawling
2+1+Ho Chung +Sai Kung,2,1,gmb,Ho Chung ,Sai Kung,Ho Chung ,Sai Kung,,2002342,HK Bus Crawling
2+1+Sai Kung+Ho Chung,2,1,gmb,Sai Kung,Ho Chung,Sai Kung,Ho Chung,,2002342,HK Bus Crawling
2+1+Whampoa Garden Public Transport Interchange+Festival Walk Public Transport Interchange,2,1,gmb,Whampoa Garden Public Transport Interchange,Festival Walk Public Transport Interchange,Whampoa Garden Public Transport Interchange,Festival Walk Public Transport Interchange,,2009246,HK Bus Crawling
2+2+Central (Hong Kong Station)+Old Peak Road (Circular),2,2,gmb,Central (Hong Kong Station),Old Peak Road (Circular),Central (Hong Kong Station),Old Peak Road (Circular),,2006475,HK Bus Crawling
2+2+Pak Kong+Sai Kung,2,2,gmb,Pak Kong,Sai Kung,Pak Kong,Sai Kung,,2002344,HK Bus Crawling
2+2+Sai Kung(Yi Chun Street)+ Kai Ham ,2,2,gmb,Sai Kung(Yi Chun Street), Kai Ham ,Sai Kung(Yi Chun Street), Kai Ham ,,2002349,HK Bus Crawling
20+1+Sai Wan Ho (Grand Promenade) Public Transport Terminus+Chai Wan Industrial City(Circular),20,1,gmb,Sai Wan Ho (Grand Promenade) Public Transport Terminus,Chai Wan Industrial City(Circular),Sai Wan Ho (Grand Promenade) Public Transport Terminus,Chai Wan Industrial City(Circular),,2002319,HK Bus Crawling
20+1+San Po Kong+Tsz Wan Shan (North) (Circular),20,1,gmb,San Po Kong,Tsz Wan Shan (North) (Circular),San Po Kong,Tsz Wan Shan (North) (Circular),,2004989,HK Bus Crawling
20+2+Sai Wan Ho (Grand Promenade) Public Transport Terminus+Chai Wan (Fung Yip Street)(Circular),20,2,gmb,Sai Wan Ho (Grand Promenade) Public Transport Terminus,Chai Wan (Fung Yip Street)(Circular),Sai Wan Ho (Grand Promenade) Public Transport Terminus,Chai Wan (Fung Yip Street)(Circular),,2002320,HK Bus Crawling
20A+1+Tai Po Market Station+Tai Po Nethersole Hospital (Cirular),20A,1,gmb,Tai Po Market Station,Tai Po Nethersole Hospital (Cirular),Tai Po Market Station,Tai Po Nethersole Hospital (Cirular),,2001361,HK Bus Crawling
20B+1+Tai Po Market Station+Tung Tsz,20B,1,gmb,Tai Po Market Station,Tung Tsz,Tai Po Market Station,Tung Tsz,,2005484,HK Bus Crawling
20B+2+Tung Tsz+Tai Po Market Station,20B,2,gmb,Tung Tsz,Tai Po Market Station,Tung Tsz,Tai Po Market Station,,2001468,HK Bus Crawling
20B+3+Tung Tsz+Tai Po Market Station,20B,3,gmb,Tung Tsz,Tai Po Market Station,Tung Tsz,Tai Po Market Station,,2001469,HK Bus Crawling
20C+1+Tai Mei Tuk+Tai Po Market Station,20C,1,gmb,Tai Mei Tuk,Tai Po Market Station,Tai Mei Tuk,Tai Po Market Station,,2001470,HK Bus Crawling
20C+1+Tai Po Market Station+Tai Mei Tuk,20C,1,gmb,Tai Po Market Station,Tai Mei Tuk,Tai Po Market Station,Tai Mei Tuk,,2001470,HK Bus Crawling
20C+2+Tai Po Market Station+Tai Mei Tuk,20C,2,gmb,Tai Po Market Station,Tai Mei Tuk,Tai Po Market Station,Tai Mei Tuk,,2001471,HK Bus Crawling
20C+3+Tai Mei Tuk+Tai Po Market Station,20C,3,gmb,Tai Mei Tuk,Tai Po Market Station,Tai Mei Tuk,Tai Po Market Station,,2001471,HK Bus Crawling
20C+3+Tai Po Market Station+Tai Mei Tuk,20C,3,gmb,Tai Po Market Station,Tai Mei Tuk,Tai Po Market Station,Tai Mei Tuk,,2001472,HK Bus Crawling
20C+4+Tai Mei Tuk+Tai Po Market Station,20C,4,gmb,Tai Mei Tuk,Tai Po Market Station,Tai Mei Tuk,Tai Po Market Station,,2001472,HK Bus Crawling
20E+2+Tai Po Market Station+Shan Liu (Circular),20E,2,gmb,Tai Po Market Station,Shan Liu (Circular),Tai Po Market Station,Shan Liu (Circular),,2001473,HK Bus Crawling
20G+2+Wong Yue Tan (Lok Sin Village)+Tai Po Market Station,20G,2,gmb,Wong Yue Tan (Lok Sin Village),Tai Po Market Station,Wong Yue Tan (Lok Sin Village),Tai Po Market Station,,2009939,HK Bus Crawling
20K+1+Sam Mum Tsai+Tai Po Market Station,20K,1,gmb,Sam Mum Tsai,Tai Po Market Station,Sam Mum Tsai,Tai Po Market Station,,2001464,HK Bus Crawling
20K+1+Tai Po Market Station+Sam Mum Tsai,20K,1,gmb,Tai Po Market Station,Sam Mum Tsai,Tai Po Market Station,Sam Mum Tsai,,2001464,HK Bus Crawling
20K+2+Sha Lan Road+Tai Po Market,20K,2,gmb,Sha Lan Road,Tai Po Market,Sha Lan Road,Tai Po Market,,2001478,HK Bus Crawling
20K+2+Tai Po Market Station+Sam Mum Tsai,20K,2,gmb,Tai Po Market Station,Sam Mum Tsai,Tai Po Market Station,Sam Mum Tsai,,2001465,HK Bus Crawling
20K+3+Sam Mum Tsai+Tai Po Market Station,20K,3,gmb,Sam Mum Tsai,Tai Po Market Station,Sam Mum Tsai,Tai Po Market Station,,2001465,HK Bus Crawling
20K+3+Tai Po Market Station+Sam Mum Tsai,20K,3,gmb,Tai Po Market Station,Sam Mum Tsai,Tai Po Market Station,Sam Mum Tsai,,2001467,HK Bus Crawling
20K+4+Sam Mum Tsai+Tai Po Market Station,20K,4,gmb,Sam Mum Tsai,Tai Po Market Station,Sam Mum Tsai,Tai Po Market Station,,2001467,HK Bus Crawling
20M+1+Hing Man Estate+Chai Wan Industrial City(Circular),20M,1,gmb,Hing Man Estate,Chai Wan Industrial City(Circular),Hing Man Estate,Chai Wan Industrial City(Circular),,2002415,HK Bus Crawling
20M+1+San Po Kong+Wong Tai Sin Station,20M,1,gmb,San Po Kong,Wong Tai Sin Station,San Po Kong,Wong Tai Sin Station,,2004990,HK Bus Crawling
20M+1+Wong Tai Sin Station+新蒲岗,20M,1,gmb,Wong Tai Sin Station,新蒲岗,Wong Tai Sin Station,新蒲岗,,2004990,HK Bus Crawling
20M+2+Fung Yuen+Tai Po Central (Circular),20M,2,gmb,Fung Yuen,Tai Po Central (Circular),Fung Yuen,Tai Po Central (Circular),,2001463,HK Bus Crawling
20M+2+Hing Man Estate+Chai Wan (Fung Yip Street)(Circular),20M,2,gmb,Hing Man Estate,Chai Wan (Fung Yip Street)(Circular),Hing Man Estate,Chai Wan (Fung Yip Street)(Circular),,2002448,HK Bus Crawling
20P+2+Fung Yuen+Tai Po Market Station (Circular),20P,2,gmb,Fung Yuen,Tai Po Market Station (Circular),Fung Yuen,Tai Po Market Station (Circular),,2001461,HK Bus Crawling
20P+3+Fung Yuen+Tai Po Market Station (Circular),20P,3,gmb,Fung Yuen,Tai Po Market Station (Circular),Fung Yuen,Tai Po Market Station (Circular),,2001462,HK Bus Crawling
20R+2+Tai Po Market Station+Wu Kau Tang,20R,2,gmb,Tai Po Market Station,Wu Kau Tang,Tai Po Market Station,Wu Kau Tang,,2001475,HK Bus Crawling
20R+3+Wu Kau Tang+Tai Po Market Station,20R,3,gmb,Wu Kau Tang,Tai Po Market Station,Wu Kau Tang,Tai Po Market Station,,2001475,HK Bus Crawling
20S+2+Ma Wo+Tai Po Market (Circular),20S,2,gmb,Ma Wo,Tai Po Market (Circular),Ma Wo,Tai Po Market (Circular),,2001460,HK Bus Crawling
20T+2+Tai Po Market Station+Tsz Shan Monastery,20T,2,gmb,Tai Po Market Station,Tsz Shan Monastery,Tai Po Market Station,Tsz Shan Monastery,,2001476,HK Bus Crawling
20T+3+Tsz Shan Monastery+Tai Po Market Station,20T,3,gmb,Tsz Shan Monastery,Tai Po Market Station,Tsz Shan Monastery,Tai Po Market Station,,2001476,HK Bus Crawling
20X+2+Ban Tip House+Tai Po Market Station,20X,2,gmb,Ban Tip House,Tai Po Market Station,Ban Tip House,Tai Po Market Station,,2005221,HK Bus Crawling
20X+2+Tai Po Market Station+Tai Po Nethersole Hospital,20X,2,gmb,Tai Po Market Station,Tai Po Nethersole Hospital,Tai Po Market Station,Tai Po Nethersole Hospital,,2001392,HK Bus Crawling
20X+3+Tai Po Nethersole Hospital+Tai Po Market Station,20X,3,gmb,Tai Po Nethersole Hospital,Tai Po Market Station,Tai Po Nethersole Hospital,Tai Po Market Station,,2001392,HK Bus Crawling
21A+1+Causeway Bay (Lan Fong Road)+Lai Tak Tsuen (Circular),21A,1,gmb,Causeway Bay (Lan Fong Road),Lai Tak Tsuen (Circular),Causeway Bay (Lan Fong Road),Lai Tak Tsuen (Circular),,2000967,HK Bus Crawling
21A+1+Tai Po Market+Tai Po Tau,21A,1,gmb,Tai Po Market,Tai Po Tau,Tai Po Market,Tai Po Tau,,2001278,HK Bus Crawling
21A+1+Tai Po Tau+Tai Po Market,21A,1,gmb,Tai Po Tau,Tai Po Market,Tai Po Tau,Tai Po Market,,2001278,HK Bus Crawling
21K+1+Wai Tau+Tai Po Market (Circular),21K,1,gmb,Wai Tau,Tai Po Market (Circular),Wai Tau,Tai Po Market (Circular),,2001276,HK Bus Crawling
21K+2+Wai Tau Tsuen+Tai Po Market (Circular),21K,2,gmb,Wai Tau Tsuen,Tai Po Market (Circular),Wai Tau Tsuen,Tai Po Market (Circular),,2001277,HK Bus Crawling
21M+1+Causeway Bay (Lan Fong Road)+Tai Hang Drive (Circular),21M,1,gmb,Causeway Bay (Lan Fong Road),Tai Hang Drive (Circular),Causeway Bay (Lan Fong Road),Tai Hang Drive (Circular),,2000968,HK Bus Crawling
22+1+Central (Exchange Square)+Pok Fu Lam Gardens,22,1,gmb,Central (Exchange Square),Pok Fu Lam Gardens,Central (Exchange Square),Pok Fu Lam Gardens,,2003045,HK Bus Crawling
22+1+Pok Fu Lam Gardens+Central (Exchange Square),22,1,gmb,Pok Fu Lam Gardens,Central (Exchange Square),Pok Fu Lam Gardens,Central (Exchange Square),,2003045,HK Bus Crawling
22+2+Pok Fu Lam Gardens+Central (Exchange Square),22,2,gmb,Pok Fu Lam Gardens,Central (Exchange Square),Pok Fu Lam Gardens,Central (Exchange Square),,2000997,HK Bus Crawling
22+3+Central (Exchange Square)+Pok Fu Lam Gardens,22,3,gmb,Central (Exchange Square),Pok Fu Lam Gardens,Central (Exchange Square),Pok Fu Lam Gardens,,2000997,HK Bus Crawling
22A+2+Lok Wah Estate+Kwun Tong Ferry,22A,2,gmb,Lok Wah Estate,Kwun Tong Ferry,Lok Wah Estate,Kwun Tong Ferry,,2005782,HK Bus Crawling
22A+2+Lok Wah Estate+Kwun Tong Ferry ,22A,2,gmb,Lok Wah Estate,Kwun Tong Ferry ,Lok Wah Estate,Kwun Tong Ferry ,,2005783,HK Bus Crawling
22K+1+Kam Shan+Tai Po Market,22K,1,gmb,Kam Shan,Tai Po Market,Kam Shan,Tai Po Market,,2001275,HK Bus Crawling
22K+1+Tai Po Market+Kam Shan,22K,1,gmb,Tai Po Market,Kam Shan,Tai Po Market,Kam Shan,,2001275,HK Bus Crawling
22M+1+Lok Wah Estate+Yue Man Square Public Transport Interchange,22M,1,gmb,Lok Wah Estate,Yue Man Square Public Transport Interchange,Lok Wah Estate,Yue Man Square Public Transport Interchange,,2009048,HK Bus Crawling
22M+1+Yue Man Square Public Transport Interchange+Lok Wah Estate,22M,1,gmb,Yue Man Square Public Transport Interchange,Lok Wah Estate,Yue Man Square Public Transport Interchange,Lok Wah Estate,,2009048,HK Bus Crawling
22S+2+Central (Central Ferry Piers)+Pok Fu Lam Gardens,22S,2,gmb,Central (Central Ferry Piers),Pok Fu Lam Gardens,Central (Central Ferry Piers),Pok Fu Lam Gardens,,2001004,HK Bus Crawling
22S+2+Pok Fu Lam Gardens+Central (Central Ferry Piers),22S,2,gmb,Pok Fu Lam Gardens,Central (Central Ferry Piers),Pok Fu Lam Gardens,Central (Central Ferry Piers),,2000999,HK Bus Crawling
22S+3+Central (Central Ferry Piers)+Pok Fu Lam Gardens,22S,3,gmb,Central (Central Ferry Piers),Pok Fu Lam Gardens,Central (Central Ferry Piers),Pok Fu Lam Gardens,,2000999,HK Bus Crawling
22S+3+Pok Fu Lam Gardens+Central (Central Ferry Piers),22S,3,gmb,Pok Fu Lam Gardens,Central (Central Ferry Piers),Pok Fu Lam Gardens,Central (Central Ferry Piers),,2003050,HK Bus Crawling
22X+2+Pok Fu Lam Gardens+Central (Central Ferry Piers),22X,2,gmb,Pok Fu Lam Gardens,Central (Central Ferry Piers),Pok Fu Lam Gardens,Central (Central Ferry Piers),,2003048,HK Bus Crawling
22X+3+Central (Central Ferry Piers)+Pok Fu Lam Gardens,22X,3,gmb,Central (Central Ferry Piers),Pok Fu Lam Gardens,Central (Central Ferry Piers),Pok Fu Lam Gardens,,2003048,HK Bus Crawling
23+1+Kennedy Town Station+Pok Fu Lam (Circular),23,1,gmb,Kennedy Town Station,Pok Fu Lam (Circular),Kennedy Town Station,Pok Fu Lam (Circular),,2003042,HK Bus Crawling
23+1+Kwun Tong (Wan Hon Street)+Yue Man Square Public Transport Interchange,23,1,gmb,Kwun Tong (Wan Hon Street),Yue Man Square Public Transport Interchange,Kwun Tong (Wan Hon Street),Yue Man Square Public Transport Interchange,,2008322,HK Bus Crawling
23+1+Yue Man Square Public Transport Interchange+Kwun Tong (Wan Hon Street),23,1,gmb,Yue Man Square Public Transport Interchange,Kwun Tong (Wan Hon Street),Yue Man Square Public Transport Interchange,Kwun Tong (Wan Hon Street),,2008322,HK Bus Crawling
23B+1+Cha Kwo Ling+Yue Man Square Public Transport Interchange,23B,1,gmb,Cha Kwo Ling,Yue Man Square Public Transport Interchange,Cha Kwo Ling,Yue Man Square Public Transport Interchange,,2008355,HK Bus Crawling
23B+1+Yue Man Square Public Transport Interchange+Cha Kwo Ling,23B,1,gmb,Yue Man Square Public Transport Interchange,Cha Kwo Ling,Yue Man Square Public Transport Interchange,Cha Kwo Ling,,2008355,HK Bus Crawling
23C+2+Lam Tin Station (Sin Fat Road)+Yau Tong Station (Cha Kwo Ling Road)(Circular),23C,2,gmb,Lam Tin Station (Sin Fat Road),Yau Tong Station (Cha Kwo Ling Road)(Circular),Lam Tin Station (Sin Fat Road),Yau Tong Station (Cha Kwo Ling Road)(Circular),,2008391,HK Bus Crawling
23K+1+San Uk Ka+Tai Po Market (Circular),23K,1,gmb,San Uk Ka,Tai Po Market (Circular),San Uk Ka,Tai Po Market (Circular),,2001326,HK Bus Crawling
23K+2+Lai Chi Shan+Tai Po Market (Circular),23K,2,gmb,Lai Chi Shan,Tai Po Market (Circular),Lai Chi Shan,Tai Po Market (Circular),,2001327,HK Bus Crawling
23M+2+Kennedy Town Station+Chi Fu Fa Yuen,23M,2,gmb,Kennedy Town Station,Chi Fu Fa Yuen,Kennedy Town Station,Chi Fu Fa Yuen,,2003043,HK Bus Crawling
23M+2+Yue Man Square Public Transport Interchange+Lam Tin Station (Sin Fat Road),23M,2,gmb,Yue Man Square Public Transport Interchange,Lam Tin Station (Sin Fat Road),Yue Man Square Public Transport Interchange,Lam Tin Station (Sin Fat Road),,2008389,HK Bus Crawling
23M+3+Chi Fu Fa Yuen+Kennedy Town Station,23M,3,gmb,Chi Fu Fa Yuen,Kennedy Town Station,Chi Fu Fa Yuen,Kennedy Town Station,,2003043,HK Bus Crawling
23M+3+Lam Tin Station (Sin Fat Road)+Yue Man Square Public Transport Interchange,23M,3,gmb,Lam Tin Station (Sin Fat Road),Yue Man Square Public Transport Interchange,Lam Tin Station (Sin Fat Road),Yue Man Square Public Transport Interchange,,2008389,HK Bus Crawling
23P+2+Ko Ling Road+Lam Tin Station (Sin Fat Road),23P,2,gmb,Ko Ling Road,Lam Tin Station (Sin Fat Road),Ko Ling Road,Lam Tin Station (Sin Fat Road),,2009477,HK Bus Crawling
23P+3+Lam Tin Station (Sin Fat Road)+Ko Ling Road,23P,3,gmb,Lam Tin Station (Sin Fat Road),Ko Ling Road,Lam Tin Station (Sin Fat Road),Ko Ling Road,,2009477,HK Bus Crawling
23S+2+Laguna City (Phase 2)+Lam Tin Station (Sin Fat Road),23S,2,gmb,Laguna City (Phase 2),Lam Tin Station (Sin Fat Road),Laguna City (Phase 2),Lam Tin Station (Sin Fat Road),,2008393,HK Bus Crawling
23S+2+Tai Po Market+Ta Tit Yan,23S,2,gmb,Tai Po Market,Ta Tit Yan,Tai Po Market,Ta Tit Yan,,2001360,HK Bus Crawling
23S+3+Ta Tit Yan+Tai Po Market Station,23S,3,gmb,Ta Tit Yan,Tai Po Market Station,Ta Tit Yan,Tai Po Market Station,,2001360,HK Bus Crawling
24+1+Lam Tin (Ping Tin Public Transport Interchange)+Sam Ka Tsuen Ferry (Circular),24,1,gmb,Lam Tin (Ping Tin Public Transport Interchange),Sam Ka Tsuen Ferry (Circular),Lam Tin (Ping Tin Public Transport Interchange),Sam Ka Tsuen Ferry (Circular),,2008421,HK Bus Crawling
24+1+Tai Po (Fu Tip Estate)+Tai Po (Kwong Fuk Road) (Circular),24,1,gmb,Tai Po (Fu Tip Estate),Tai Po (Kwong Fuk Road) (Circular),Tai Po (Fu Tip Estate),Tai Po (Kwong Fuk Road) (Circular),,2009873,HK Bus Crawling
24A+1+Admiralty Station (Drake Street)+Shiu Fai Terrace (Circular),24A,1,gmb,Admiralty Station (Drake Street),Shiu Fai Terrace (Circular),Admiralty Station (Drake Street),Shiu Fai Terrace (Circular),,2002021,HK Bus Crawling
24M+1+Admiralty Station (Drake Street)+Mount Butler ,24M,1,gmb,Admiralty Station (Drake Street),Mount Butler ,Admiralty Station (Drake Street),Mount Butler ,,2002052,HK Bus Crawling
24M+1+Mount Butler+Admiralty Station (Drake Street),24M,1,gmb,Mount Butler,Admiralty Station (Drake Street),Mount Butler,Admiralty Station (Drake Street),,2002052,HK Bus Crawling
24M+2+Hing Tin (Pik Wan Road)+Yau Tong Public Transport Interchange,24M,2,gmb,Hing Tin (Pik Wan Road),Yau Tong Public Transport Interchange,Hing Tin (Pik Wan Road),Yau Tong Public Transport Interchange,,2008454,HK Bus Crawling
24M+2+Mount Butler+Admiralty Station (Drake Street),24M,2,gmb,Mount Butler,Admiralty Station (Drake Street),Mount Butler,Admiralty Station (Drake Street),,2002053,HK Bus Crawling
24M+3+Admiralty Station (Drake Street)+Mount Butler,24M,3,gmb,Admiralty Station (Drake Street),Mount Butler,Admiralty Station (Drake Street),Mount Butler,,2002053,HK Bus Crawling
24M+3+Yau Tong Public Transport Interchange+Hing Tin (Pik Wan Road),24M,3,gmb,Yau Tong Public Transport Interchange,Hing Tin (Pik Wan Road),Yau Tong Public Transport Interchange,Hing Tin (Pik Wan Road),,2008454,HK Bus Crawling
24S+2+Yau Tong (Tung Yuen Street)+Yau Tong (Ko Chiu Road)(Circular),24S,2,gmb,Yau Tong (Tung Yuen Street),Yau Tong (Ko Chiu Road)(Circular),Yau Tong (Tung Yuen Street),Yau Tong (Ko Chiu Road)(Circular),,2011622,HK Bus Crawling
25+1+Upper Braemar Hill+Causeway Bay (Circular),25,1,gmb,Upper Braemar Hill,Causeway Bay (Circular),Upper Braemar Hill,Causeway Bay (Circular),,2002020,HK Bus Crawling
25A+1+Tai Po Market+Nam Wa Po(Circular),25A,1,gmb,Tai Po Market,Nam Wa Po(Circular),Tai Po Market,Nam Wa Po(Circular),,2004070,HK Bus Crawling
25A+2+Kowloon Tong (Suffolk Road) Public Transport Interchange+Tung Tau Estate (Tung Lung Road),25A,2,gmb,Kowloon Tong (Suffolk Road) Public Transport Interchange,Tung Tau Estate (Tung Lung Road),Kowloon Tong (Suffolk Road) Public Transport Interchange,Tung Tau Estate (Tung Lung Road),,2006045,HK Bus Crawling
25A+2+Tai Hang Village Office +Tai Po Market (Tsing Yuen Market) Terminus,25A,2,gmb,Tai Hang Village Office ,Tai Po Market (Tsing Yuen Market) Terminus,Tai Hang Village Office ,Tai Po Market (Tsing Yuen Market) Terminus,,2004075,HK Bus Crawling
25A+3+Tung Tau Estate (Tung Lung Road)+Kowloon Tong (Suffolk Road) Public Transport Interchange,25A,3,gmb,Tung Tau Estate (Tung Lung Road),Kowloon Tong (Suffolk Road) Public Transport Interchange,Tung Tau Estate (Tung Lung Road),Kowloon Tong (Suffolk Road) Public Transport Interchange,,2006045,HK Bus Crawling
25B+1+Tai Po Market+Kau Lung Hang ／ Yuen Leng(Circular),25B,1,gmb,Tai Po Market,Kau Lung Hang ／ Yuen Leng(Circular),Tai Po Market,Kau Lung Hang ／ Yuen Leng(Circular),,2004078,HK Bus Crawling
25B+2+SAN PO KONG(THE LATITUDE)+KOWLOON TONG (SUFFOLK ROAD) PUBLIC TRANSPORT INTERCHANGE,25B,2,gmb,SAN PO KONG(THE LATITUDE),KOWLOON TONG (SUFFOLK ROAD) PUBLIC TRANSPORT INTERCHANGE,SAN PO KONG(THE LATITUDE),KOWLOON TONG (SUFFOLK ROAD) PUBLIC TRANSPORT INTERCHANGE,,2006078,HK Bus Crawling
25B+2+Tai Po Market+Kau Lung Hang ／ Yuen Leng(Circular),25B,2,gmb,Tai Po Market,Kau Lung Hang ／ Yuen Leng(Circular),Tai Po Market,Kau Lung Hang ／ Yuen Leng(Circular),,2004080,HK Bus Crawling
25B+3+KOWLOON TONG (SUFFOLK ROAD) PUBLIC TRANSPORT INTERCHANGE+SAN PO KONG(THE LATITUDE),25B,3,gmb,KOWLOON TONG (SUFFOLK ROAD) PUBLIC TRANSPORT INTERCHANGE,SAN PO KONG(THE LATITUDE),KOWLOON TONG (SUFFOLK ROAD) PUBLIC TRANSPORT INTERCHANGE,SAN PO KONG(THE LATITUDE),,2006078,HK Bus Crawling
25B+3+Tai Po Market+Kau Lung Hang ／ Yuen Leng(Circular),25B,3,gmb,Tai Po Market,Kau Lung Hang ／ Yuen Leng(Circular),Tai Po Market,Kau Lung Hang ／ Yuen Leng(Circular),,2004082,HK Bus Crawling
25B+4+Tai Po Market+Kau Lung Hang ／ Yuen Leng(Circular),25B,4,gmb,Tai Po Market,Kau Lung Hang ／ Yuen Leng(Circular),Tai Po Market,Kau Lung Hang ／ Yuen Leng(Circular),,2004083,HK Bus Crawling
25K+2+Tai Po Market+Lam Tsuen (Pak Ngau Shek),25K,2,gmb,Tai Po Market,Lam Tsuen (Pak Ngau Shek),Tai Po Market,Lam Tsuen (Pak Ngau Shek),,2004067,HK Bus Crawling
25K+3+Lam Tsuen (Pak Ngau Shek)+Tai Po Market,25K,3,gmb,Lam Tsuen (Pak Ngau Shek),Tai Po Market,Lam Tsuen (Pak Ngau Shek),Tai Po Market,,2004067,HK Bus Crawling
25M+1+Kowloon Tong (Suffolk Road) Public Transport Interchange+Tung Tau Estate (Tung Lung Road),25M,1,gmb,Kowloon Tong (Suffolk Road) Public Transport Interchange,Tung Tau Estate (Tung Lung Road),Kowloon Tong (Suffolk Road) Public Transport Interchange,Tung Tau Estate (Tung Lung Road),,2006079,HK Bus Crawling
25M+1+Tung Tau Estate (Tung Lung Road)+Kowloon Tong (Suffolk Road) Public Transport Interchange,25M,1,gmb,Tung Tau Estate (Tung Lung Road),Kowloon Tong (Suffolk Road) Public Transport Interchange,Tung Tau Estate (Tung Lung Road),Kowloon Tong (Suffolk Road) Public Transport Interchange,,2006079,HK Bus Crawling
25M+2+Kowloon Tong (Suffolk Road) Public Transport Interchange+LA SALLE ROAD,25M,2,gmb,Kowloon Tong (Suffolk Road) Public Transport Interchange,LA SALLE ROAD,Kowloon Tong (Suffolk Road) Public Transport Interchange,LA SALLE ROAD,,2006111,HK Bus Crawling
25MS+2+Kowloon Tong (Suffolk Road) Public Transport Interchange+Hong Kong Baptist University (Circular),25MS,2,gmb,Kowloon Tong (Suffolk Road) Public Transport Interchange,Hong Kong Baptist University (Circular),Kowloon Tong (Suffolk Road) Public Transport Interchange,Hong Kong Baptist University (Circular),,2006112,HK Bus Crawling
"26+1+Bayshore Towers, Ma On Shan+THE EDUCATION UNIVERSITY OF HONG KONG",26,1,gmb,"Bayshore Towers, Ma On Shan",THE EDUCATION UNIVERSITY OF HONG KONG,"Bayshore Towers, Ma On Shan",THE EDUCATION UNIVERSITY OF HONG KONG,,2005253,HK Bus Crawling
26+1+Kowloon Station+To Kwa Wan (Chi Kiang Street),26,1,gmb,Kowloon Station,To Kwa Wan (Chi Kiang Street),Kowloon Station,To Kwa Wan (Chi Kiang Street),,2002815,HK Bus Crawling
"26+1+Lee Garden Road, outside Phoenix Apartments+Hong Kong Adventist Hospital (CIRCULAR)",26,1,gmb,"Lee Garden Road, outside Phoenix Apartments",Hong Kong Adventist Hospital (CIRCULAR),"Lee Garden Road, outside Phoenix Apartments",Hong Kong Adventist Hospital (CIRCULAR),,2004527,HK Bus Crawling
"26+1+THE EDUCATION UNIVERSITY OF HONG KONG+Bayshore Towers, Ma On Shan",26,1,gmb,THE EDUCATION UNIVERSITY OF HONG KONG,"Bayshore Towers, Ma On Shan",THE EDUCATION UNIVERSITY OF HONG KONG,"Bayshore Towers, Ma On Shan",,2005253,HK Bus Crawling
26+1+To Kwa Wan (Chi Kiang Street)+Kowloon Station,26,1,gmb,To Kwa Wan (Chi Kiang Street),Kowloon Station,To Kwa Wan (Chi Kiang Street),Kowloon Station,,2002815,HK Bus Crawling
26+2+Chung On Estate +THE EDUCATION UNIVERSITY OF HONG KONG,26,2,gmb,Chung On Estate ,THE EDUCATION UNIVERSITY OF HONG KONG,Chung On Estate ,THE EDUCATION UNIVERSITY OF HONG KONG,,2005254,HK Bus Crawling
26A+1+THE EDUCATION UNIVERSITY OF HONG KONG+TAI PO MARKET (KWONG FUK ROAD) (CIRCULAR),26A,1,gmb,THE EDUCATION UNIVERSITY OF HONG KONG,TAI PO MARKET (KWONG FUK ROAD) (CIRCULAR),THE EDUCATION UNIVERSITY OF HONG KONG,TAI PO MARKET (KWONG FUK ROAD) (CIRCULAR),,2005222,HK Bus Crawling
26A+2+Whampoa Garden Public Transport Interchange+Tsim Sha Tsui (Canton Road) (Circular),26A,2,gmb,Whampoa Garden Public Transport Interchange,Tsim Sha Tsui (Canton Road) (Circular),Whampoa Garden Public Transport Interchange,Tsim Sha Tsui (Canton Road) (Circular),,2002846,HK Bus Crawling
26H+2+Queen Elizabeth Hospital+Hung Hom Station (Circular),26H,2,gmb,Queen Elizabeth Hospital,Hung Hom Station (Circular),Queen Elizabeth Hospital,Hung Hom Station (Circular),,2002849,HK Bus Crawling
26W+2+Laguna Verde+Hung Hom Station (Circular),26W,2,gmb,Laguna Verde,Hung Hom Station (Circular),Laguna Verde,Hung Hom Station (Circular),,2002844,HK Bus Crawling
26W+3+Laguna Verde+Hung Hom Station (Circular),26W,3,gmb,Laguna Verde,Hung Hom Station (Circular),Laguna Verde,Hung Hom Station (Circular),,2002845,HK Bus Crawling
26X+2+Laguna Verde+Jordan (Ferry Street) (Circular),26X,2,gmb,Laguna Verde,Jordan (Ferry Street) (Circular),Laguna Verde,Jordan (Ferry Street) (Circular),,2002850,HK Bus Crawling
27+1+Aberdeen (Sai On Street)+Ap Lei Chau (Wai Fung Street),27,1,gmb,Aberdeen (Sai On Street),Ap Lei Chau (Wai Fung Street),Aberdeen (Sai On Street),Ap Lei Chau (Wai Fung Street),,2007498,HK Bus Crawling
27+1+Ap Lei Chau (Wai Fung Street)+Aberdeen (Sai On Street),27,1,gmb,Ap Lei Chau (Wai Fung Street),Aberdeen (Sai On Street),Ap Lei Chau (Wai Fung Street),Aberdeen (Sai On Street),,2007498,HK Bus Crawling
27+1+Hong Kong Science Park+Sha Tin (Pai Tau Street),27,1,gmb,Hong Kong Science Park,Sha Tin (Pai Tau Street),Hong Kong Science Park,Sha Tin (Pai Tau Street),,2007860,HK Bus Crawling
27+1+Sha Tin (Pai Tau Street)+Hong Kong Science Park,27,1,gmb,Sha Tin (Pai Tau Street),Hong Kong Science Park,Sha Tin (Pai Tau Street),Hong Kong Science Park,,2007860,HK Bus Crawling
27A+2+Aberdeen (Sai On Street)+Ap Lei Chau (Circular),27A,2,gmb,Aberdeen (Sai On Street),Ap Lei Chau (Circular),Aberdeen (Sai On Street),Ap Lei Chau (Circular),,2007501,HK Bus Crawling
27A+2+Pak Shek Kok (Providence Bay)+Sha Tin (Pai Tau Street),27A,2,gmb,Pak Shek Kok (Providence Bay),Sha Tin (Pai Tau Street),Pak Shek Kok (Providence Bay),Sha Tin (Pai Tau Street),,2007861,HK Bus Crawling
27A+2+Pak Shek Kok (Providence Bay)+Sha Tin (Pai Tau Street) (via Science Park West Avenue),27A,2,gmb,Pak Shek Kok (Providence Bay),Sha Tin (Pai Tau Street) (via Science Park West Avenue),Pak Shek Kok (Providence Bay),Sha Tin (Pai Tau Street) (via Science Park West Avenue),,2007862,HK Bus Crawling
27A+3+Pak Shek Kok (Providence Bay)+Sha Tin (Pai Tau Street),27A,3,gmb,Pak Shek Kok (Providence Bay),Sha Tin (Pai Tau Street),Pak Shek Kok (Providence Bay),Sha Tin (Pai Tau Street),,2007893,HK Bus Crawling
27A+3+Sha Tin (Pai Tau Street) (via Science Park West Avenue)+Pak Shek Kok (Providence Bay),27A,3,gmb,Sha Tin (Pai Tau Street) (via Science Park West Avenue),Pak Shek Kok (Providence Bay),Sha Tin (Pai Tau Street) (via Science Park West Avenue),Pak Shek Kok (Providence Bay),,2007862,HK Bus Crawling
27A+3+Sha Tin (Pai Tau Street)+Pak Shek Kok (Providence Bay),27A,3,gmb,Sha Tin (Pai Tau Street),Pak Shek Kok (Providence Bay),Sha Tin (Pai Tau Street),Pak Shek Kok (Providence Bay),,2007861,HK Bus Crawling
27A+4+Pak Shek Kok (Providence Bay)+Sha Tin (Pai Tau Street),27A,4,gmb,Pak Shek Kok (Providence Bay),Sha Tin (Pai Tau Street),Pak Shek Kok (Providence Bay),Sha Tin (Pai Tau Street),,2007894,HK Bus Crawling
27A+4+Sha Tin (Pai Tau Street)+Pak Shek Kok (Providence Bay),27A,4,gmb,Sha Tin (Pai Tau Street),Pak Shek Kok (Providence Bay),Sha Tin (Pai Tau Street),Pak Shek Kok (Providence Bay),,2007893,HK Bus Crawling
27A+5+Sha Tin (Pai Tau Street)+Pak Shek Kok (Providence Bay),27A,5,gmb,Sha Tin (Pai Tau Street),Pak Shek Kok (Providence Bay),Sha Tin (Pai Tau Street),Pak Shek Kok (Providence Bay),,2007894,HK Bus Crawling
27B+2+Pak Shek Kok (Providence Bay)+Sha Tin (Pai Tau Street)(via University Station),27B,2,gmb,Pak Shek Kok (Providence Bay),Sha Tin (Pai Tau Street)(via University Station),Pak Shek Kok (Providence Bay),Sha Tin (Pai Tau Street)(via University Station),,2007895,HK Bus Crawling
27B+3+Sha Tin (Pai Tau Street)(via University Station)+Pak Shek Kok (Providence Bay),27B,3,gmb,Sha Tin (Pai Tau Street)(via University Station),Pak Shek Kok (Providence Bay),Sha Tin (Pai Tau Street)(via University Station),Pak Shek Kok (Providence Bay),,2007895,HK Bus Crawling
27M+1+Lok Man Sun Chuen (Maidstone Road)+Mong Kok Station,27M,1,gmb,Lok Man Sun Chuen (Maidstone Road),Mong Kok Station,Lok Man Sun Chuen (Maidstone Road),Mong Kok Station,,2000998,HK Bus Crawling
27M+1+Mong Kok Station+Lok Man Sun Chuen (Maidstone Road),27M,1,gmb,Mong Kok Station,Lok Man Sun Chuen (Maidstone Road),Mong Kok Station,Lok Man Sun Chuen (Maidstone Road),,2000998,HK Bus Crawling
27M+2+Lok Man Sun Chuen (Maidstone Road)+Mong Kok Station,27M,2,gmb,Lok Man Sun Chuen (Maidstone Road),Mong Kok Station,Lok Man Sun Chuen (Maidstone Road),Mong Kok Station,,2003108,HK Bus Crawling
27MS+1+Mong Kok Station+Homantin (Sheung Lok Street) (Circular),27MS,1,gmb,Mong Kok Station,Homantin (Sheung Lok Street) (Circular),Mong Kok Station,Homantin (Sheung Lok Street) (Circular),,2001001,HK Bus Crawling
28+1+Baguio Villa (upper)+Causeway Bay (Sun Wui Road),28,1,gmb,Baguio Villa (upper),Causeway Bay (Sun Wui Road),Baguio Villa (upper),Causeway Bay (Sun Wui Road),,2006476,HK Bus Crawling
28+1+Causeway Bay (Sun Wui Road)+Baguio Villa (upper),28,1,gmb,Causeway Bay (Sun Wui Road),Baguio Villa (upper),Causeway Bay (Sun Wui Road),Baguio Villa (upper),,2006476,HK Bus Crawling
28+2+Baguio Villa (upper)+Causeway Bay (Sun Wui Road),28,2,gmb,Baguio Villa (upper),Causeway Bay (Sun Wui Road),Baguio Villa (upper),Causeway Bay (Sun Wui Road),,2006507,HK Bus Crawling
28A+2+Tai Po Market Station+Yau King Lane,28A,2,gmb,Tai Po Market Station,Yau King Lane,Tai Po Market Station,Yau King Lane,,2010401,HK Bus Crawling
28A+3+Yau King Lane+Tai Po Market Station,28A,3,gmb,Yau King Lane,Tai Po Market Station,Yau King Lane,Tai Po Market Station,,2010401,HK Bus Crawling
28K+1+Tai Po Market Station+Sha Tin (Pak Hok Ting Street)(Circular),28K,1,gmb,Tai Po Market Station,Sha Tin (Pak Hok Ting Street)(Circular),Tai Po Market Station,Sha Tin (Pak Hok Ting Street)(Circular),,2010071,HK Bus Crawling
28K+2+Kwong Fuk Road+Sha Tin (Pak Hok Ting Street),28K,2,gmb,Kwong Fuk Road,Sha Tin (Pak Hok Ting Street),Kwong Fuk Road,Sha Tin (Pak Hok Ting Street),,2010075,HK Bus Crawling
28K+2+Tai Po Market Station+Deerhill Bay,28K,2,gmb,Tai Po Market Station,Deerhill Bay,Tai Po Market Station,Deerhill Bay,,2010074,HK Bus Crawling
28K+2+Tai Po Road+Sha Tin (Pak Hok Ting Street),28K,2,gmb,Tai Po Road,Sha Tin (Pak Hok Ting Street),Tai Po Road,Sha Tin (Pak Hok Ting Street),,2010073,HK Bus Crawling
28M+1+Kowloon City (Wyler Gardens)+Mong Kok Station,28M,1,gmb,Kowloon City (Wyler Gardens),Mong Kok Station,Kowloon City (Wyler Gardens),Mong Kok Station,,2001003,HK Bus Crawling
28M+1+Mong Kok Station+Kowloon City (Wyler Gardens),28M,1,gmb,Mong Kok Station,Kowloon City (Wyler Gardens),Mong Kok Station,Kowloon City (Wyler Gardens),,2001003,HK Bus Crawling
28M+2+Baguio Villa (upper)+HKU Station (Circular),28M,2,gmb,Baguio Villa (upper),HKU Station (Circular),Baguio Villa (upper),HKU Station (Circular),,2006509,HK Bus Crawling
28MS+1+Kowloon City (Wyler Gardens)+Ho Man Tin Station (Circular),28MS,1,gmb,Kowloon City (Wyler Gardens),Ho Man Tin Station (Circular),Kowloon City (Wyler Gardens),Ho Man Tin Station (Circular),,2001005,HK Bus Crawling
28S+1+Pak Shek Kok (Providence Bay)+Sha Tin (Pak Hok Ting Street)(Circular),28S,1,gmb,Pak Shek Kok (Providence Bay),Sha Tin (Pak Hok Ting Street)(Circular),Pak Shek Kok (Providence Bay),Sha Tin (Pak Hok Ting Street)(Circular),,2010076,HK Bus Crawling
28S+2+Baguio Villa (upper)+Causeway Bay (Sun Wui Road),28S,2,gmb,Baguio Villa (upper),Causeway Bay (Sun Wui Road),Baguio Villa (upper),Causeway Bay (Sun Wui Road),,2006508,HK Bus Crawling
29+1+Ap Lei Chau Estate+Shum Wan Road Public Transport Terminus (Circular),29,1,gmb,Ap Lei Chau Estate,Shum Wan Road Public Transport Terminus (Circular),Ap Lei Chau Estate,Shum Wan Road Public Transport Terminus (Circular),,2007499,HK Bus Crawling
29+2+Ma Liu Shui Ferry Pier+Wan Tau Tong,29,2,gmb,Ma Liu Shui Ferry Pier,Wan Tau Tong,Ma Liu Shui Ferry Pier,Wan Tau Tong,,2001855,HK Bus Crawling
29+3+Wan Tau Tong+Ma Liu Shui Ferry Pier,29,3,gmb,Wan Tau Tong,Ma Liu Shui Ferry Pier,Wan Tau Tong,Ma Liu Shui Ferry Pier,,2001855,HK Bus Crawling
29A+1+Ap Lei Chau Estate+Ocean Park (Water World),29A,1,gmb,Ap Lei Chau Estate,Ocean Park (Water World),Ap Lei Chau Estate,Ocean Park (Water World),,2007530,HK Bus Crawling
29A+1+Kowloon Tong (Suffolk Road) Public Transport Interchange+Broadcast Drive (Circular),29A,1,gmb,Kowloon Tong (Suffolk Road) Public Transport Interchange,Broadcast Drive (Circular),Kowloon Tong (Suffolk Road) Public Transport Interchange,Broadcast Drive (Circular),,2001006,HK Bus Crawling
29A+1+Ocean Park (Water World)+Ap Lei Chau Estate,29A,1,gmb,Ocean Park (Water World),Ap Lei Chau Estate,Ocean Park (Water World),Ap Lei Chau Estate,,2007530,HK Bus Crawling
29B+1+Kowloon Tong (Suffolk Road) Public Transport Interchange+Beacon Hill,29B,1,gmb,Kowloon Tong (Suffolk Road) Public Transport Interchange,Beacon Hill,Kowloon Tong (Suffolk Road) Public Transport Interchange,Beacon Hill,,2001007,HK Bus Crawling
2A+2+Whampoa Garden Public Transport Interchange+Festival Walk Public Transport Interchange,2A,2,gmb,Whampoa Garden Public Transport Interchange,Festival Walk Public Transport Interchange,Whampoa Garden Public Transport Interchange,Festival Walk Public Transport Interchange,,2009247,HK Bus Crawling
2A+3+Festival Walk Public Transport Interchange+Whampoa Garden Public Transport Interchange,2A,3,gmb,Festival Walk Public Transport Interchange,Whampoa Garden Public Transport Interchange,Festival Walk Public Transport Interchange,Whampoa Garden Public Transport Interchange,,2009247,HK Bus Crawling
3+1+Central (Hong Kong Station Public Transport Interchange)+Po Shan Road,3,1,gmb,Central (Hong Kong Station Public Transport Interchange),Po Shan Road,Central (Hong Kong Station Public Transport Interchange),Po Shan Road,,2006510,HK Bus Crawling
3+1+Cosmopolitan Estates+Tsim Sha Tsui (Ashley Road),3,1,gmb,Cosmopolitan Estates,Tsim Sha Tsui (Ashley Road),Cosmopolitan Estates,Tsim Sha Tsui (Ashley Road),,2006276,HK Bus Crawling
3+1+Po Shan Road+Central (Hong Kong Station Public Transport Interchange),3,1,gmb,Po Shan Road,Central (Hong Kong Station Public Transport Interchange),Po Shan Road,Central (Hong Kong Station Public Transport Interchange),,2006510,HK Bus Crawling
3+1+Tsim Sha Tsui (Ashley Road)+Cosmopolitan Estates,3,1,gmb,Tsim Sha Tsui (Ashley Road),Cosmopolitan Estates,Tsim Sha Tsui (Ashley Road),Cosmopolitan Estates,,2006276,HK Bus Crawling
3+2+Central (Hong Kong Station Public Transport Interchange)+Po Shan Road,3,2,gmb,Central (Hong Kong Station Public Transport Interchange),Po Shan Road,Central (Hong Kong Station Public Transport Interchange),Po Shan Road,,2006511,HK Bus Crawling
3+2+Sai Kung +Po Lo Che,3,2,gmb,Sai Kung ,Po Lo Che,Sai Kung ,Po Lo Che,,2009016,HK Bus Crawling
3+2+Tsim Sha Tsui (Ashley Road)+Cosmopolitan Estates,3,2,gmb,Tsim Sha Tsui (Ashley Road),Cosmopolitan Estates,Tsim Sha Tsui (Ashley Road),Cosmopolitan Estates,,2006283,HK Bus Crawling
3+3+Po Lo Che+Sai Kung ,3,3,gmb,Po Lo Che,Sai Kung ,Po Lo Che,Sai Kung ,,2009016,HK Bus Crawling
30+1+Causeway Bay (Lan Fong Road)+Happy Valley (Holly Road),30,1,gmb,Causeway Bay (Lan Fong Road),Happy Valley (Holly Road),Causeway Bay (Lan Fong Road),Happy Valley (Holly Road),,2003472,HK Bus Crawling
30+1+Happy Valley (Holly Road)+Causeway Bay (Lan Fong Road),30,1,gmb,Happy Valley (Holly Road),Causeway Bay (Lan Fong Road),Happy Valley (Holly Road),Causeway Bay (Lan Fong Road),,2003472,HK Bus Crawling
301+1+Clague Garden Estate+Tsuen Wan Station(Circular),301,1,gmb,Clague Garden Estate,Tsuen Wan Station(Circular),Clague Garden Estate,Tsuen Wan Station(Circular),,2001689,HK Bus Crawling
302+1+Hong Kong Garden+Kwai Fong (Circular),302,1,gmb,Hong Kong Garden,Kwai Fong (Circular),Hong Kong Garden,Kwai Fong (Circular),,2001890,HK Bus Crawling
302+2+Bellagio+Kwai Fong (Circular),302,2,gmb,Bellagio,Kwai Fong (Circular),Bellagio,Kwai Fong (Circular),,2001891,HK Bus Crawling
308A+1+Bellagio+Tsing Yi Station,308A,1,gmb,Bellagio,Tsing Yi Station,Bellagio,Tsing Yi Station,,2001206,HK Bus Crawling
308A+1+Tsing Yi Station+Bellagio,308A,1,gmb,Tsing Yi Station,Bellagio,Tsing Yi Station,Bellagio,,2001206,HK Bus Crawling
308M+2+Tsing Yi Station+Sea Crest Villa,308M,2,gmb,Tsing Yi Station,Sea Crest Villa,Tsing Yi Station,Sea Crest Villa,,2001201,HK Bus Crawling
30A+1+Chak On Estate+Mong Kok Station,30A,1,gmb,Chak On Estate,Mong Kok Station,Chak On Estate,Mong Kok Station,,2000996,HK Bus Crawling
30A+1+Mong Kok Station+Chak On Estate,30A,1,gmb,Mong Kok Station,Chak On Estate,Mong Kok Station,Chak On Estate,,2000996,HK Bus Crawling
30B+1+Chak On Estate+Shek Kip Mei Station (Circular),30B,1,gmb,Chak On Estate,Shek Kip Mei Station (Circular),Chak On Estate,Shek Kip Mei Station (Circular),,2000995,HK Bus Crawling
31+1+Causeway Bay (Jaffe Road)+Tin Wan Estate,31,1,gmb,Causeway Bay (Jaffe Road),Tin Wan Estate,Causeway Bay (Jaffe Road),Tin Wan Estate,,2006738,HK Bus Crawling
31+1+Tin Wan Estate+Causeway Bay (Jaffe Road),31,1,gmb,Tin Wan Estate,Causeway Bay (Jaffe Road),Tin Wan Estate,Causeway Bay (Jaffe Road),,2006738,HK Bus Crawling
31+1+Yuen Long (Hong King Street)+Tong Yan San Tsuen(Circular),31,1,gmb,Yuen Long (Hong King Street),Tong Yan San Tsuen(Circular),Yuen Long (Hong King Street),Tong Yan San Tsuen(Circular),,2006574,HK Bus Crawling
31+2+Yuen Long (Hong King Street)+Tong Yan San Tsuen(Circular),31,2,gmb,Yuen Long (Hong King Street),Tong Yan San Tsuen(Circular),Yuen Long (Hong King Street),Tong Yan San Tsuen(Circular),,2006575,HK Bus Crawling
310M+1+Tsing Yi Station+Tsuen Wan (Riviera Gardens)(Circular),310M,1,gmb,Tsing Yi Station,Tsuen Wan (Riviera Gardens)(Circular),Tsing Yi Station,Tsuen Wan (Riviera Gardens)(Circular),,2004594,HK Bus Crawling
312+1+Lei Muk Shue Estate Public Transport Interchange+Tsing Yi Station,312,1,gmb,Lei Muk Shue Estate Public Transport Interchange,Tsing Yi Station,Lei Muk Shue Estate Public Transport Interchange,Tsing Yi Station,,2004263,HK Bus Crawling
312+1+Tsing Yi Station+Lei Muk Shue Estate Public Transport Interchange,312,1,gmb,Tsing Yi Station,Lei Muk Shue Estate Public Transport Interchange,Tsing Yi Station,Lei Muk Shue Estate Public Transport Interchange,,2004263,HK Bus Crawling
313+1+Princess Margaret Hospital+Tsuen Wan (Tso Kung Street),313,1,gmb,Princess Margaret Hospital,Tsuen Wan (Tso Kung Street),Princess Margaret Hospital,Tsuen Wan (Tso Kung Street),,2004296,HK Bus Crawling
313+1+Tsuen Wan (Tso Kung Street)+Princess Margaret Hospital,313,1,gmb,Tsuen Wan (Tso Kung Street),Princess Margaret Hospital,Tsuen Wan (Tso Kung Street),Princess Margaret Hospital,,2004296,HK Bus Crawling
313+2+Tsuen Wan (Tso Kung Street)+Kwai Chung Hospital,313,2,gmb,Tsuen Wan (Tso Kung Street),Kwai Chung Hospital,Tsuen Wan (Tso Kung Street),Kwai Chung Hospital,,2011457,HK Bus Crawling
313+3+Kwai Chung Hospital+Tsuen Wan (Tso Kung Street),313,3,gmb,Kwai Chung Hospital,Tsuen Wan (Tso Kung Street),Kwai Chung Hospital,Tsuen Wan (Tso Kung Street),,2011457,HK Bus Crawling
313S+2+Kwai Chung Hospital+Lai King Hill Road (Lai King Station),313S,2,gmb,Kwai Chung Hospital,Lai King Hill Road (Lai King Station),Kwai Chung Hospital,Lai King Hill Road (Lai King Station),,2011688,HK Bus Crawling
313S+3+Lai King Hill Road (Lai King Station)+Kwai Chung Hospital,313S,3,gmb,Lai King Hill Road (Lai King Station),Kwai Chung Hospital,Lai King Hill Road (Lai King Station),Kwai Chung Hospital,,2011688,HK Bus Crawling
31A+1+Tong Yan San Tsuen+Yeun Long Plaza (Circular),31A,1,gmb,Tong Yan San Tsuen,Yeun Long Plaza (Circular),Tong Yan San Tsuen,Yeun Long Plaza (Circular),,2006576,HK Bus Crawling
31X+2+Tin Wan Estate+Causeway Bay (Jaffe Road),31X,2,gmb,Tin Wan Estate,Causeway Bay (Jaffe Road),Tin Wan Estate,Causeway Bay (Jaffe Road),,2009741,HK Bus Crawling
32+1+Kornhill+Shau Kei Wan Station,32,1,gmb,Kornhill,Shau Kei Wan Station,Kornhill,Shau Kei Wan Station,,2005689,HK Bus Crawling
32+1+Shau Kei Wan Station+Kornhill,32,1,gmb,Shau Kei Wan Station,Kornhill,Shau Kei Wan Station,Kornhill,,2005689,HK Bus Crawling
32+1+Tan Kwai Tsuen+Yuen Long  Station (North) Public Transport Interchange,32,1,gmb,Tan Kwai Tsuen,Yuen Long  Station (North) Public Transport Interchange,Tan Kwai Tsuen,Yuen Long  Station (North) Public Transport Interchange,,2006577,HK Bus Crawling
32+1+Yuen Long  Station (North) Public Transport Interchange+Tan Kwai Tsuen,32,1,gmb,Yuen Long  Station (North) Public Transport Interchange,Tan Kwai Tsuen,Yuen Long  Station (North) Public Transport Interchange,Tan Kwai Tsuen,,2006577,HK Bus Crawling
32A+1+Mount Parker Lodge+Kings Road (City Plaza) (Circular),32A,1,gmb,Mount Parker Lodge,Kings Road (City Plaza) (Circular),Mount Parker Lodge,Kings Road (City Plaza) (Circular),,2005688,HK Bus Crawling
32M+1+Lung Ping Road+Shek Kip Mei (Circular),32M,1,gmb,Lung Ping Road,Shek Kip Mei (Circular),Lung Ping Road,Shek Kip Mei (Circular),,2000992,HK Bus Crawling
33+1+Ha Pak Nai+Yuen Long (Tai Fung Street),33,1,gmb,Ha Pak Nai,Yuen Long (Tai Fung Street),Ha Pak Nai,Yuen Long (Tai Fung Street),,2002321,HK Bus Crawling
33+1+Kornhill+North Point (Marble Road),33,1,gmb,Kornhill,North Point (Marble Road),Kornhill,North Point (Marble Road),,2005685,HK Bus Crawling
33+1+North Point (Marble Road)+Kornhill,33,1,gmb,North Point (Marble Road),Kornhill,North Point (Marble Road),Kornhill,,2005685,HK Bus Crawling
33+1+Yuen Long (Tai Fung Street)+Ha Pak Nai,33,1,gmb,Yuen Long (Tai Fung Street),Ha Pak Nai,Yuen Long (Tai Fung Street),Ha Pak Nai,,2002321,HK Bus Crawling
33A+1+Diamond Hill Station+Hilltop Garden,33A,1,gmb,Diamond Hill Station,Hilltop Garden,Diamond Hill Station,Hilltop Garden,,2001008,HK Bus Crawling
33A+1+Hilltop Garden+Diamond Hill Station,33A,1,gmb,Hilltop Garden,Diamond Hill Station,Hilltop Garden,Diamond Hill Station,,2001008,HK Bus Crawling
33M+1+Hilltop Garden+Wong Tai Sin Station,33M,1,gmb,Hilltop Garden,Wong Tai Sin Station,Hilltop Garden,Wong Tai Sin Station,,2001010,HK Bus Crawling
33M+1+Kornhill+Tai Koo Station (Circular),33M,1,gmb,Kornhill,Tai Koo Station (Circular),Kornhill,Tai Koo Station (Circular),,2005684,HK Bus Crawling
33M+1+Wong Tai Sin Station+Hilltop Garden,33M,1,gmb,Wong Tai Sin Station,Hilltop Garden,Wong Tai Sin Station,Hilltop Garden,,2001010,HK Bus Crawling
34A+1+Ha Tsuen+Lau Fau Shan,34A,1,gmb,Ha Tsuen,Lau Fau Shan,Ha Tsuen,Lau Fau Shan,,2002382,HK Bus Crawling
34A+1+Lau Fau Shan+Ha Tsuen,34A,1,gmb,Lau Fau Shan,Ha Tsuen,Lau Fau Shan,Ha Tsuen,,2002382,HK Bus Crawling
34M+1+Hiu Lai Court+Yue Man Square Public Transport Interchange,34M,1,gmb,Hiu Lai Court,Yue Man Square Public Transport Interchange,Hiu Lai Court,Yue Man Square Public Transport Interchange,,2005946,HK Bus Crawling
34S+2+Hiu Kwong Street+Yue Man Square Public Transport Interchange,34S,2,gmb,Hiu Kwong Street,Yue Man Square Public Transport Interchange,Hiu Kwong Street,Yue Man Square Public Transport Interchange,,2005949,HK Bus Crawling
34S+2+Sau Mau Ping (Upper) Bus Terminus+Yue Man Square Public Transport Interchange,34S,2,gmb,Sau Mau Ping (Upper) Bus Terminus,Yue Man Square Public Transport Interchange,Sau Mau Ping (Upper) Bus Terminus,Yue Man Square Public Transport Interchange,,2005947,HK Bus Crawling
35+1+Choi Ha Estate+Hong Lee Court,35,1,gmb,Choi Ha Estate,Hong Lee Court,Choi Ha Estate,Hong Lee Court,,2005814,HK Bus Crawling
35+1+Hong Lee Court+Choi Ha Estate,35,1,gmb,Hong Lee Court,Choi Ha Estate,Hong Lee Court,Choi Ha Estate,,2005814,HK Bus Crawling
35+1+Sha Kiu (Tsim Bei Tsui)+Yuen Long (Tai Fung Street),35,1,gmb,Sha Kiu (Tsim Bei Tsui),Yuen Long (Tai Fung Street),Sha Kiu (Tsim Bei Tsui),Yuen Long (Tai Fung Street),,2002325,HK Bus Crawling
35+1+Yuen Long (Tai Fung Street)+Sha Kiu (Tsim Bei Tsui),35,1,gmb,Yuen Long (Tai Fung Street),Sha Kiu (Tsim Bei Tsui),Yuen Long (Tai Fung Street),Sha Kiu (Tsim Bei Tsui),,2002325,HK Bus Crawling
35+2+Yuen Long (Tai Fung Street)+Mong Tseng Wai,35,2,gmb,Yuen Long (Tai Fung Street),Mong Tseng Wai,Yuen Long (Tai Fung Street),Mong Tseng Wai,,2002327,HK Bus Crawling
35+3+Mong Tseng Wai+Yuen Long (Tai Fung Street),35,3,gmb,Mong Tseng Wai,Yuen Long (Tai Fung Street),Mong Tseng Wai,Yuen Long (Tai Fung Street),,2002327,HK Bus Crawling
35M+1+Aberdeen (Shek Pai Wan)+Wan Chai (Johnston Road),35M,1,gmb,Aberdeen (Shek Pai Wan),Wan Chai (Johnston Road),Aberdeen (Shek Pai Wan),Wan Chai (Johnston Road),,2004092,HK Bus Crawling
35M+1+Wan Chai (Johnston Road)+Aberdeen (Shek Pai Wan),35M,1,gmb,Wan Chai (Johnston Road),Aberdeen (Shek Pai Wan),Wan Chai (Johnston Road),Aberdeen (Shek Pai Wan),,2004092,HK Bus Crawling
36+1+Tai Shang Wai Rural Office+Yuen Long (Fook Hong Street),36,1,gmb,Tai Shang Wai Rural Office,Yuen Long (Fook Hong Street),Tai Shang Wai Rural Office,Yuen Long (Fook Hong Street),,2008622,HK Bus Crawling
36+1+Yuen Long (Fook Hong Street)+Tai Shang Wai Rural Office,36,1,gmb,Yuen Long (Fook Hong Street),Tai Shang Wai Rural Office,Yuen Long (Fook Hong Street),Tai Shang Wai Rural Office,,2008622,HK Bus Crawling
36+2+Tai Shang Wai Rural Office+Yuen Long (Fook Hong Street),36,2,gmb,Tai Shang Wai Rural Office,Yuen Long (Fook Hong Street),Tai Shang Wai Rural Office,Yuen Long (Fook Hong Street),,2008630,HK Bus Crawling
36+2+Yuen Long (Fook Hong Street)+Tai Shang Wai Rural Office (Circular),36,2,gmb,Yuen Long (Fook Hong Street),Tai Shang Wai Rural Office (Circular),Yuen Long (Fook Hong Street),Tai Shang Wai Rural Office (Circular),,2011193,HK Bus Crawling
36A+1+Crocodile Hill (Hong Lee Court)+Yue Man Square Public Transport Interchange,36A,1,gmb,Crocodile Hill (Hong Lee Court),Yue Man Square Public Transport Interchange,Crocodile Hill (Hong Lee Court),Yue Man Square Public Transport Interchange,,2005914,HK Bus Crawling
36A+1+Yau Pok Road Light Public Housing+Yuen Long (Fook Hong Street),36A,1,gmb,Yau Pok Road Light Public Housing,Yuen Long (Fook Hong Street),Yau Pok Road Light Public Housing,Yuen Long (Fook Hong Street),,2010830,HK Bus Crawling
36A+1+Yuen Long (Fook Hong Street)+Yau Pok Road Light Public Housing,36A,1,gmb,Yuen Long (Fook Hong Street),Yau Pok Road Light Public Housing,Yuen Long (Fook Hong Street),Yau Pok Road Light Public Housing,,2010830,HK Bus Crawling
36A+2+Crocodile Hill (Hong Lee Court)+Yue Man Square Public Transport Interchange,36A,2,gmb,Crocodile Hill (Hong Lee Court),Yue Man Square Public Transport Interchange,Crocodile Hill (Hong Lee Court),Yue Man Square Public Transport Interchange,,2005913,HK Bus Crawling
36A+2+Yau Pok Road Light Public Housing+Yuen Long (Fook Hong Street),36A,2,gmb,Yau Pok Road Light Public Housing,Yuen Long (Fook Hong Street),Yau Pok Road Light Public Housing,Yuen Long (Fook Hong Street),,2010863,HK Bus Crawling
36X+1+Ap Lei Chau (Ping Lan Street)+Causeway Bay (Jardine's Bazaar ),36X,1,gmb,Ap Lei Chau (Ping Lan Street),Causeway Bay (Jardine's Bazaar ),Ap Lei Chau (Ping Lan Street),Causeway Bay (Jardine's Bazaar ),,2005290,HK Bus Crawling
36X+1+Causeway Bay (Jardine's Bazaar )+Ap Lei Chau (Ping Lan Street),36X,1,gmb,Causeway Bay (Jardine's Bazaar ),Ap Lei Chau (Ping Lan Street),Causeway Bay (Jardine's Bazaar ),Ap Lei Chau (Ping Lan Street),,2005290,HK Bus Crawling
37+1+Ap Lei Chau (Ping Lan Street)+Lei Tung Estate (Circular),37,1,gmb,Ap Lei Chau (Ping Lan Street),Lei Tung Estate (Circular),Ap Lei Chau (Ping Lan Street),Lei Tung Estate (Circular),,2005289,HK Bus Crawling
37+1+Yau Tam Mei Village Office+Yuen Long (Fook Hong Street),37,1,gmb,Yau Tam Mei Village Office,Yuen Long (Fook Hong Street),Yau Tam Mei Village Office,Yuen Long (Fook Hong Street),,2008632,HK Bus Crawling
37+1+Yuen Long (Fook Hong Street)+Yau Tam Mei Village Office,37,1,gmb,Yuen Long (Fook Hong Street),Yau Tam Mei Village Office,Yuen Long (Fook Hong Street),Yau Tam Mei Village Office,,2008632,HK Bus Crawling
37+2+Yau Tam Mei Village Office+Yuen Long (Fook Hong Street),37,2,gmb,Yau Tam Mei Village Office,Yuen Long (Fook Hong Street),Yau Tam Mei Village Office,Yuen Long (Fook Hong Street),,2008633,HK Bus Crawling
37A+1+Tsz Wan Shan (North)+Wong Tai Sin Public Light Bus (Scheduled) Service Terminus,37A,1,gmb,Tsz Wan Shan (North),Wong Tai Sin Public Light Bus (Scheduled) Service Terminus,Tsz Wan Shan (North),Wong Tai Sin Public Light Bus (Scheduled) Service Terminus,,2003504,HK Bus Crawling
37A+1+Wong Tai Sin Public Light Bus (Scheduled) Service Terminus+Tsz Wan Shan (North),37A,1,gmb,Wong Tai Sin Public Light Bus (Scheduled) Service Terminus,Tsz Wan Shan (North),Wong Tai Sin Public Light Bus (Scheduled) Service Terminus,Tsz Wan Shan (North),,2003504,HK Bus Crawling
37M+2+Wong Tai Sin Public Light Bus (Scheduled) Service Terminus+Tsz Man Estate(Circular),37M,2,gmb,Wong Tai Sin Public Light Bus (Scheduled) Service Terminus,Tsz Man Estate(Circular),Wong Tai Sin Public Light Bus (Scheduled) Service Terminus,Tsz Man Estate(Circular),,2003505,HK Bus Crawling
38+1+Ha Chuk Yuen (near Ho Sang Farm)+Yuen Long (Fook Hong Street),38,1,gmb,Ha Chuk Yuen (near Ho Sang Farm),Yuen Long (Fook Hong Street),Ha Chuk Yuen (near Ho Sang Farm),Yuen Long (Fook Hong Street),,2008652,HK Bus Crawling
38+1+Yuen Long (Fook Hong Street)+Ha Chuk Yuen (near Ho Sang Farm),38,1,gmb,Yuen Long (Fook Hong Street),Ha Chuk Yuen (near Ho Sang Farm),Yuen Long (Fook Hong Street),Ha Chuk Yuen (near Ho Sang Farm),,2008652,HK Bus Crawling
38+2+Ha Chuk Yuen (near Ho Sang Farm)+Yuen Long (Fook Hong Street),38,2,gmb,Ha Chuk Yuen (near Ho Sang Farm),Yuen Long (Fook Hong Street),Ha Chuk Yuen (near Ho Sang Farm),Yuen Long (Fook Hong Street),,2008686,HK Bus Crawling
38M+1+Chuk Yuen (North) Estate+Wong Tai Sin Public Light Bus (Scheduled) Service Terminus,38M,1,gmb,Chuk Yuen (North) Estate,Wong Tai Sin Public Light Bus (Scheduled) Service Terminus,Chuk Yuen (North) Estate,Wong Tai Sin Public Light Bus (Scheduled) Service Terminus,,2004659,HK Bus Crawling
38M+1+Wong Tai Sin Public Light Bus (Scheduled) Service Terminus+Chuk Yuen (North) Estate,38M,1,gmb,Wong Tai Sin Public Light Bus (Scheduled) Service Terminus,Chuk Yuen (North) Estate,Wong Tai Sin Public Light Bus (Scheduled) Service Terminus,Chuk Yuen (North) Estate,,2004659,HK Bus Crawling
39+1+Kung Um+Yuen Long (Fung Cheung Road),39,1,gmb,Kung Um,Yuen Long (Fung Cheung Road),Kung Um,Yuen Long (Fung Cheung Road),,2007532,HK Bus Crawling
39+1+Yuen Long (Fung Cheung Road)+Kung Um,39,1,gmb,Yuen Long (Fung Cheung Road),Kung Um,Yuen Long (Fung Cheung Road),Kung Um,,2007532,HK Bus Crawling
39+2+Kung Um+Yuen Long Station,39,2,gmb,Kung Um,Yuen Long Station,Kung Um,Yuen Long Station,,2007563,HK Bus Crawling
39+3+Yuen Long Station+Kung Um,39,3,gmb,Yuen Long Station,Kung Um,Yuen Long Station,Kung Um,,2007563,HK Bus Crawling
39A+1+Kung Um Road (near Muk Kiu Tau)+YUEN LONG (KAU YUK ROAD)(Circular),39A,1,gmb,Kung Um Road (near Muk Kiu Tau),YUEN LONG (KAU YUK ROAD)(Circular),Kung Um Road (near Muk Kiu Tau),YUEN LONG (KAU YUK ROAD)(Circular),,2007533,HK Bus Crawling
39C+1+Yue On Court (Ap Lei Chau)+Aberdeen (Circular),39C,1,gmb,Yue On Court (Ap Lei Chau),Aberdeen (Circular),Yue On Court (Ap Lei Chau),Aberdeen (Circular),,2001260,HK Bus Crawling
39M+1+Lok Fu+Tung Tau (Circular),39M,1,gmb,Lok Fu,Tung Tau (Circular),Lok Fu,Tung Tau (Circular),,2004660,HK Bus Crawling
39M+1+Tin Hau Station+Yue On Court (Ap Lei Chau),39M,1,gmb,Tin Hau Station,Yue On Court (Ap Lei Chau),Tin Hau Station,Yue On Court (Ap Lei Chau),,2001261,HK Bus Crawling
39M+1+YUE ON COURT (AP LEI CHAU) +TIN HAU STATION,39M,1,gmb,YUE ON COURT (AP LEI CHAU) ,TIN HAU STATION,YUE ON COURT (AP LEI CHAU) ,TIN HAU STATION,,2001261,HK Bus Crawling
39M+2+Lok Fu+Tung Tau (Circular),39M,2,gmb,Lok Fu,Tung Tau (Circular),Lok Fu,Tung Tau (Circular),,2004661,HK Bus Crawling
3A+1+Central (Hong Kong Station Public Transport Interchange)+Conduit Road,3A,1,gmb,Central (Hong Kong Station Public Transport Interchange),Conduit Road,Central (Hong Kong Station Public Transport Interchange),Conduit Road,,2006540,HK Bus Crawling
3A+1+Conduit Road+Central (Hong Kong Station Public Transport Interchange),3A,1,gmb,Conduit Road,Central (Hong Kong Station Public Transport Interchange),Conduit Road,Central (Hong Kong Station Public Transport Interchange),,2006540,HK Bus Crawling
3A+1+Sai Kung+Nam Shan San Tsuen,3A,1,gmb,Sai Kung,Nam Shan San Tsuen,Sai Kung,Nam Shan San Tsuen,,2009015,HK Bus Crawling
3A+1+南山新村+Sai Kung,3A,1,gmb,南山新村,Sai Kung,南山新村,Sai Kung,,2009015,HK Bus Crawling
3A+2+Central (Hong Kong Station Public Transport Interchange)+Conduit Road,3A,2,gmb,Central (Hong Kong Station Public Transport Interchange),Conduit Road,Central (Hong Kong Station Public Transport Interchange),Conduit Road,,2006541,HK Bus Crawling
4+2+Sai Kung+Tui Min Hoi,4,2,gmb,Sai Kung,Tui Min Hoi,Sai Kung,Tui Min Hoi,,2009018,HK Bus Crawling
4+3+Tui Min Hoi+Sai Kung,4,3,gmb,Tui Min Hoi,Sai Kung,Tui Min Hoi,Sai Kung,,2009018,HK Bus Crawling
40+1+Jardine's Bazaar+Stanley Village,40,1,gmb,Jardine's Bazaar,Stanley Village,Jardine's Bazaar,Stanley Village,,2001262,HK Bus Crawling
40+1+Siu Hang Tsuen+Tuen Mun Town Centre(Circular),40,1,gmb,Siu Hang Tsuen,Tuen Mun Town Centre(Circular),Siu Hang Tsuen,Tuen Mun Town Centre(Circular),,2004956,HK Bus Crawling
40+1+Stanley Village+Jardine's Bazaar,40,1,gmb,Stanley Village,Jardine's Bazaar,Stanley Village,Jardine's Bazaar,,2001262,HK Bus Crawling
40+2+Ma Hang Estate+Jardine's Bazaar,40,2,gmb,Ma Hang Estate,Jardine's Bazaar,Ma Hang Estate,Jardine's Bazaar,,2001263,HK Bus Crawling
401+1+Shek Yam+Tsing Yi Ferry Pier,401,1,gmb,Shek Yam,Tsing Yi Ferry Pier,Shek Yam,Tsing Yi Ferry Pier,,2003273,HK Bus Crawling
401+1+Tsing Yi Ferry Pier+Shek Yam,401,1,gmb,Tsing Yi Ferry Pier,Shek Yam,Tsing Yi Ferry Pier,Shek Yam,,2003273,HK Bus Crawling
401+2+Cheung On Public Transport Terminus+Shek Yam,401,2,gmb,Cheung On Public Transport Terminus,Shek Yam,Cheung On Public Transport Terminus,Shek Yam,,2003307,HK Bus Crawling
402S+2+Cheung Hang+Tsuen Wan (Chung On Street),402S,2,gmb,Cheung Hang,Tsuen Wan (Chung On Street),Cheung Hang,Tsuen Wan (Chung On Street),,2003306,HK Bus Crawling
402S+3+Tsuen Wan (Chung On Street)+Cheung Hang,402S,3,gmb,Tsuen Wan (Chung On Street),Cheung Hang,Tsuen Wan (Chung On Street),Cheung Hang,,2003306,HK Bus Crawling
403+1+Lei Pui Street Bus Terminus+Sha Tin Wai,403,1,gmb,Lei Pui Street Bus Terminus,Sha Tin Wai,Lei Pui Street Bus Terminus,Sha Tin Wai,,2001266,HK Bus Crawling
403A+1+On Yam On Chuk Street+Sha Tin Tam Kon Po Street,403A,1,gmb,On Yam On Chuk Street,Sha Tin Tam Kon Po Street,On Yam On Chuk Street,Sha Tin Tam Kon Po Street,,2001270,HK Bus Crawling
403A+2+Shek Yam Shopping Centre+Sha Tin Tam Kon Po Street,403A,2,gmb,Shek Yam Shopping Centre,Sha Tin Tam Kon Po Street,Shek Yam Shopping Centre,Sha Tin Tam Kon Po Street,,2001271,HK Bus Crawling
403P+2+Shek Lei Lei Pui Street+Sha Tin Tam Kon Po Street,403P,2,gmb,Shek Lei Lei Pui Street,Sha Tin Tam Kon Po Street,Shek Lei Lei Pui Street,Sha Tin Tam Kon Po Street,,2001267,HK Bus Crawling
403P+3+Shek Lei Lei Pui Street+Sha Tin Tam Kon Po Street,403P,3,gmb,Shek Lei Lei Pui Street,Sha Tin Tam Kon Po Street,Shek Lei Lei Pui Street,Sha Tin Tam Kon Po Street,,2001268,HK Bus Crawling
403P+4+Shek Lei Lei Pui Street+Sha Tin Tam Kon Po Street,403P,4,gmb,Shek Lei Lei Pui Street,Sha Tin Tam Kon Po Street,Shek Lei Lei Pui Street,Sha Tin Tam Kon Po Street,,2001269,HK Bus Crawling
403X+1+Tai Wai Station public interchange+Northeast Kwai Chung,403X,1,gmb,Tai Wai Station public interchange,Northeast Kwai Chung,Tai Wai Station public interchange,Northeast Kwai Chung,,2001272,HK Bus Crawling
403X+2+Shek Yam Lei Muk Road+Tai Wai,403X,2,gmb,Shek Yam Lei Muk Road,Tai Wai,Shek Yam Lei Muk Road,Tai Wai,,2001274,HK Bus Crawling
403X+2+Tai Wai Station public interchange+The Apex,403X,2,gmb,Tai Wai Station public interchange,The Apex,Tai Wai Station public interchange,The Apex,,2001273,HK Bus Crawling
404M+1+Kwai Fong Station+Riviera Gardens (Circular),404M,1,gmb,Kwai Fong Station,Riviera Gardens (Circular),Kwai Fong Station,Riviera Gardens (Circular),,2001887,HK Bus Crawling
404M+2+Kwai Fong Station+Kwai Hei Street (Circular),404M,2,gmb,Kwai Fong Station,Kwai Hei Street (Circular),Kwai Fong Station,Kwai Hei Street (Circular),,2001888,HK Bus Crawling
405+1+Cheung Hang+Lai King South (Circular),405,1,gmb,Cheung Hang,Lai King South (Circular),Cheung Hang,Lai King South (Circular),,2001635,HK Bus Crawling
406+1+Shek Lei+Kwai Shing(Circular),406,1,gmb,Shek Lei,Kwai Shing(Circular),Shek Lei,Kwai Shing(Circular),,2006837,HK Bus Crawling
407+1+Cheung Wang+Princess Margaret Hospital,407,1,gmb,Cheung Wang,Princess Margaret Hospital,Cheung Wang,Princess Margaret Hospital,,2006870,HK Bus Crawling
407+1+Princess Margaret Hospital+Cheung Wang,407,1,gmb,Princess Margaret Hospital,Cheung Wang,Princess Margaret Hospital,Cheung Wang,,2006870,HK Bus Crawling
407+2+Cheung Fat+Princess Margaret Hospital,407,2,gmb,Cheung Fat,Princess Margaret Hospital,Cheung Fat,Princess Margaret Hospital,,2006903,HK Bus Crawling
407A+2+Kwai Fong Station (Hing Ning Road)+Princess Margaret Hospital,407A,2,gmb,Kwai Fong Station (Hing Ning Road),Princess Margaret Hospital,Kwai Fong Station (Hing Ning Road),Princess Margaret Hospital,,2006904,HK Bus Crawling
407A+3+Princess Margaret Hospital+Kwai Fong Station (Hing Ning Road),407A,3,gmb,Princess Margaret Hospital,Kwai Fong Station (Hing Ning Road),Princess Margaret Hospital,Kwai Fong Station (Hing Ning Road),,2006904,HK Bus Crawling
407B+2+Cheung Fat+Kwai Shing Circuit,407B,2,gmb,Cheung Fat,Kwai Shing Circuit,Cheung Fat,Kwai Shing Circuit,,2006907,HK Bus Crawling
407B+2+Cheung Wang+Kwai Shing Circuit,407B,2,gmb,Cheung Wang,Kwai Shing Circuit,Cheung Wang,Kwai Shing Circuit,,2006906,HK Bus Crawling
409+1+Tsing Yi (Cheung Hang)+Tsuen Wan (Tsuen Wan Market Street)(Circular),409,1,gmb,Tsing Yi (Cheung Hang),Tsuen Wan (Tsuen Wan Market Street)(Circular),Tsing Yi (Cheung Hang),Tsuen Wan (Tsuen Wan Market Street)(Circular),,2008653,HK Bus Crawling
409K+2+Tsing Yi (Cheung Hang)+Tsuen Wan West Station (Circular),409K,2,gmb,Tsing Yi (Cheung Hang),Tsuen Wan West Station (Circular),Tsing Yi (Cheung Hang),Tsuen Wan West Station (Circular),,2008654,HK Bus Crawling
409S+2+Tsing Yi (Cheung Hang)+Tsuen Wan (Tsuen Wan Market Street) via Tak Hoi Street(Circular),409S,2,gmb,Tsing Yi (Cheung Hang),Tsuen Wan (Tsuen Wan Market Street) via Tak Hoi Street(Circular),Tsing Yi (Cheung Hang),Tsuen Wan (Tsuen Wan Market Street) via Tak Hoi Street(Circular),,2008655,HK Bus Crawling
40A+2+Tsz Lun Road+Tuen Mun Town Centre(Circular),40A,2,gmb,Tsz Lun Road,Tuen Mun Town Centre(Circular),Tsz Lun Road,Tuen Mun Town Centre(Circular),,2011787,HK Bus Crawling
40X+2+Stanley Prison+Jardine's Bazaar,40X,2,gmb,Stanley Prison,Jardine's Bazaar,Stanley Prison,Jardine's Bazaar,,2001265,HK Bus Crawling
40X+3+Jardine's Bazaar+Stanley Prison,40X,3,gmb,Jardine's Bazaar,Stanley Prison,Jardine's Bazaar,Stanley Prison,,2001265,HK Bus Crawling
41+1+Lung Mun Oasis+Tuen Mun Town Centre (Tuen Fat Road),41,1,gmb,Lung Mun Oasis,Tuen Mun Town Centre (Tuen Fat Road),Lung Mun Oasis,Tuen Mun Town Centre (Tuen Fat Road),,2004923,HK Bus Crawling
41+1+Tuen Mun Town Centre (Tuen Fat Road)+Lung Mun Oasis,41,1,gmb,Tuen Mun Town Centre (Tuen Fat Road),Lung Mun Oasis,Tuen Mun Town Centre (Tuen Fat Road),Lung Mun Oasis,,2004923,HK Bus Crawling
410+1+Northeast Kwai Chung+Princess Margaret Hospital,410,1,gmb,Northeast Kwai Chung,Princess Margaret Hospital,Northeast Kwai Chung,Princess Margaret Hospital,,2005056,HK Bus Crawling
410+1+Princess Margaret Hospital+Northeast Kwai Chung,410,1,gmb,Princess Margaret Hospital,Northeast Kwai Chung,Princess Margaret Hospital,Northeast Kwai Chung,,2005056,HK Bus Crawling
411+2+Kwai Chung (Lai Kong Street)+Sham Shui Po (Un Chau Street),411,2,gmb,Kwai Chung (Lai Kong Street),Sham Shui Po (Un Chau Street),Kwai Chung (Lai Kong Street),Sham Shui Po (Un Chau Street),,2005847,HK Bus Crawling
413+1+Princess Margaret Hosptil+Tsing Yi Public Pier,413,1,gmb,Princess Margaret Hosptil,Tsing Yi Public Pier,Princess Margaret Hosptil,Tsing Yi Public Pier,,2001788,HK Bus Crawling
413+1+Tsing Yi Public Pier+Princess Margaret Hospital,413,1,gmb,Tsing Yi Public Pier,Princess Margaret Hospital,Tsing Yi Public Pier,Princess Margaret Hospital,,2001788,HK Bus Crawling
41A+2+Yau Yat Tsuen+Shek Kip Mei Station (Circular),41A,2,gmb,Yau Yat Tsuen,Shek Kip Mei Station (Circular),Yau Yat Tsuen,Shek Kip Mei Station (Circular),,2005687,HK Bus Crawling
41M+1+Yau Yat Tsuen+Shek Kip Mei Station (Circular),41M,1,gmb,Yau Yat Tsuen,Shek Kip Mei Station (Circular),Yau Yat Tsuen,Shek Kip Mei Station (Circular),,2005686,HK Bus Crawling
42+1+Chak On Estate+Cheung Sha Wan (Yu Chau West Street),42,1,gmb,Chak On Estate,Cheung Sha Wan (Yu Chau West Street),Chak On Estate,Cheung Sha Wan (Yu Chau West Street),,2005690,HK Bus Crawling
42+1+Cheung Sha Wan (Yu Chau West Street)+Chak On Estate,42,1,gmb,Cheung Sha Wan (Yu Chau West Street),Chak On Estate,Cheung Sha Wan (Yu Chau West Street),Chak On Estate,,2005690,HK Bus Crawling
42+1+Tsing Chuen Wai+Tuen Mun Town Centre(Circular),42,1,gmb,Tsing Chuen Wai,Tuen Mun Town Centre(Circular),Tsing Chuen Wai,Tuen Mun Town Centre(Circular),,2001012,HK Bus Crawling
43+1+Tuen Mun Town Centre (Ho Pong Street) +So Kwun Wat,43,1,gmb,Tuen Mun Town Centre (Ho Pong Street) ,So Kwun Wat,Tuen Mun Town Centre (Ho Pong Street) ,So Kwun Wat,,2001741,HK Bus Crawling
43+2+Tuen Mun Town Centre (Ho Pong Street) +So Kwun Wat (Circular),43,2,gmb,Tuen Mun Town Centre (Ho Pong Street) ,So Kwun Wat (Circular),Tuen Mun Town Centre (Ho Pong Street) ,So Kwun Wat (Circular),,2001690,HK Bus Crawling
43A+1+Tsing Yung Street+Tuen Mun Town Centre (Ho Pong Street) ,43A,1,gmb,Tsing Yung Street,Tuen Mun Town Centre (Ho Pong Street) ,Tsing Yung Street,Tuen Mun Town Centre (Ho Pong Street) ,,2001723,HK Bus Crawling
43A+1+Tuen Mun Town Centre (Ho Pong Street) +Tsing Yung Street,43A,1,gmb,Tuen Mun Town Centre (Ho Pong Street) ,Tsing Yung Street,Tuen Mun Town Centre (Ho Pong Street) ,Tsing Yung Street,,2001723,HK Bus Crawling
43B+1+Tuen Mun Town Centre (Ho Pong Street) +Tai Lam Chung (Circular),43B,1,gmb,Tuen Mun Town Centre (Ho Pong Street) ,Tai Lam Chung (Circular),Tuen Mun Town Centre (Ho Pong Street) ,Tai Lam Chung (Circular),,2001740,HK Bus Crawling
43C+1+Siu Lun Court+Tuen Mun Town Centre (Ho Pong Street) ,43C,1,gmb,Siu Lun Court,Tuen Mun Town Centre (Ho Pong Street) ,Siu Lun Court,Tuen Mun Town Centre (Ho Pong Street) ,,2001636,HK Bus Crawling
43C+1+Tuen Mun Town Centre (Ho Pong Street) +Siu Lun Court,43C,1,gmb,Tuen Mun Town Centre (Ho Pong Street) ,Siu Lun Court,Tuen Mun Town Centre (Ho Pong Street) ,Siu Lun Court,,2001636,HK Bus Crawling
43M+1+Fung Wah Estate+Chai Wan Station,43M,1,gmb,Fung Wah Estate,Chai Wan Station,Fung Wah Estate,Chai Wan Station,,2002250,HK Bus Crawling
43M+1+Tai Kok Tsui (Cherry Street)+Yau Ma Tei MTR Station (Circular),43M,1,gmb,Tai Kok Tsui (Cherry Street),Yau Ma Tei MTR Station (Circular),Tai Kok Tsui (Cherry Street),Yau Ma Tei MTR Station (Circular),,2000976,HK Bus Crawling
43M+2+Hoi Ting Road (West Kowloon Government Offices)+Yau Ma Tei MTR Station,43M,2,gmb,Hoi Ting Road (West Kowloon Government Offices),Yau Ma Tei MTR Station,Hoi Ting Road (West Kowloon Government Offices),Yau Ma Tei MTR Station,,2000986,HK Bus Crawling
43M+2+Mong Kok (Park Avenue) Bus Terminus+Yau Ma Tei MTR Station (Circular),43M,2,gmb,Mong Kok (Park Avenue) Bus Terminus,Yau Ma Tei MTR Station (Circular),Mong Kok (Park Avenue) Bus Terminus,Yau Ma Tei MTR Station (Circular),,2000977,HK Bus Crawling
43M+2+Yan Cheung Road (The Coronation)+Yau Ma Tei MTR Station(Circular),43M,2,gmb,Yan Cheung Road (The Coronation),Yau Ma Tei MTR Station(Circular),Yan Cheung Road (The Coronation),Yau Ma Tei MTR Station(Circular),,2000983,HK Bus Crawling
43M+2+Yau Ma Tei MTR Station+Hoi Ting Road (West Kowloon Government Offices),43M,2,gmb,Yau Ma Tei MTR Station,Hoi Ting Road (West Kowloon Government Offices),Yau Ma Tei MTR Station,Hoi Ting Road (West Kowloon Government Offices),,2000985,HK Bus Crawling
43M+3+Mong Kok (Park Avenue) Bus Terminus+Yau Ma Tei MTR Station (Circular),43M,3,gmb,Mong Kok (Park Avenue) Bus Terminus,Yau Ma Tei MTR Station (Circular),Mong Kok (Park Avenue) Bus Terminus,Yau Ma Tei MTR Station (Circular),,2000978,HK Bus Crawling
43M+4+Mong Kok (Park Avenue) Bus Terminus+Yau Ma Tei MTR Station (Circular),43M,4,gmb,Mong Kok (Park Avenue) Bus Terminus,Yau Ma Tei MTR Station (Circular),Mong Kok (Park Avenue) Bus Terminus,Yau Ma Tei MTR Station (Circular),,2000981,HK Bus Crawling
43M+5+Mong Kok (Park Avenue) Bus Terminus+Yau Ma Tei MTR Station (Circular),43M,5,gmb,Mong Kok (Park Avenue) Bus Terminus,Yau Ma Tei MTR Station (Circular),Mong Kok (Park Avenue) Bus Terminus,Yau Ma Tei MTR Station (Circular),,2000982,HK Bus Crawling
43S+2+Tuen Mun Town Centre (Ho Pong Street) +So Kwun Wat (Circular),43S,2,gmb,Tuen Mun Town Centre (Ho Pong Street) ,So Kwun Wat (Circular),Tuen Mun Town Centre (Ho Pong Street) ,So Kwun Wat (Circular),,2001656,HK Bus Crawling
44+1+Sheung Shui Station+Tuen Mun Ferry Pier,44,1,gmb,Sheung Shui Station,Tuen Mun Ferry Pier,Sheung Shui Station,Tuen Mun Ferry Pier,,2003966,HK Bus Crawling
44+1+Tuen Mun Ferry Pier+Sheung Shui Station,44,1,gmb,Tuen Mun Ferry Pier,Sheung Shui Station,Tuen Mun Ferry Pier,Sheung Shui Station,,2003966,HK Bus Crawling
44+2+Cheung Sha Wan (Castle Peak Road)+Hoi Ying Estate (Circular),44,2,gmb,Cheung Sha Wan (Castle Peak Road),Hoi Ying Estate (Circular),Cheung Sha Wan (Castle Peak Road),Hoi Ying Estate (Circular),,2010104,HK Bus Crawling
44+3+Cheung Sha Wan (Castle Peak Road)+Hoi Ying Estate (Circular),44,3,gmb,Cheung Sha Wan (Castle Peak Road),Hoi Ying Estate (Circular),Cheung Sha Wan (Castle Peak Road),Hoi Ying Estate (Circular),,2010137,HK Bus Crawling
44A+1+Sheung Shui Station+Tuen Mun Station Public Transport Interchange,44A,1,gmb,Sheung Shui Station,Tuen Mun Station Public Transport Interchange,Sheung Shui Station,Tuen Mun Station Public Transport Interchange,,2003999,HK Bus Crawling
44A+1+Tuen Mun Station Public Transport Interchange+Sheung Shui Station,44A,1,gmb,Tuen Mun Station Public Transport Interchange,Sheung Shui Station,Tuen Mun Station Public Transport Interchange,Sheung Shui Station,,2003999,HK Bus Crawling
44A+2+Cheung Sha Wan Plaza+HOI YING ESTATE (CIRCULAR),44A,2,gmb,Cheung Sha Wan Plaza,HOI YING ESTATE (CIRCULAR),Cheung Sha Wan Plaza,HOI YING ESTATE (CIRCULAR),,2004626,HK Bus Crawling
44A+2+Cheung Sha Wan Plaza+Hoi Lai Estate,44A,2,gmb,Cheung Sha Wan Plaza,Hoi Lai Estate,Cheung Sha Wan Plaza,Hoi Lai Estate,,2004599,HK Bus Crawling
"44A+2+King Kwai House, Shan King Estate+Sheung Shui Station",44A,2,gmb,"King Kwai House, Shan King Estate",Sheung Shui Station,"King Kwai House, Shan King Estate",Sheung Shui Station,,2004001,HK Bus Crawling
44A+3+Hoi Lai Estate+Cheung Sha Wan Plaza,44A,3,gmb,Hoi Lai Estate,Cheung Sha Wan Plaza,Hoi Lai Estate,Cheung Sha Wan Plaza,,2004599,HK Bus Crawling
44A1+2+Tuen Mun Po Tin Estate+Sheung Shui Station,44A1,2,gmb,Tuen Mun Po Tin Estate,Sheung Shui Station,Tuen Mun Po Tin Estate,Sheung Shui Station,,2004036,HK Bus Crawling
44B+1+Lok Ma Chau (San Tin) Public Transport Interchange+Tuen Mun Station,44B,1,gmb,Lok Ma Chau (San Tin) Public Transport Interchange,Tuen Mun Station,Lok Ma Chau (San Tin) Public Transport Interchange,Tuen Mun Station,,2004164,HK Bus Crawling
44B+1+Tuen Mun Station+Lok Ma Chau (San Tin) Public Transport Interchange,44B,1,gmb,Tuen Mun Station,Lok Ma Chau (San Tin) Public Transport Interchange,Tuen Mun Station,Lok Ma Chau (San Tin) Public Transport Interchange,,2004164,HK Bus Crawling
44B1+1+Lok Ma Chau (San Tin) Public Transport Interchange+Tuen Mun Ferry Pier,44B1,1,gmb,Lok Ma Chau (San Tin) Public Transport Interchange,Tuen Mun Ferry Pier,Lok Ma Chau (San Tin) Public Transport Interchange,Tuen Mun Ferry Pier,,2004197,HK Bus Crawling
44B1+1+Tuen Mun Ferry Pier+Lok Ma Chau (San Tin) Public Transport Interchange,44B1,1,gmb,Tuen Mun Ferry Pier,Lok Ma Chau (San Tin) Public Transport Interchange,Tuen Mun Ferry Pier,Lok Ma Chau (San Tin) Public Transport Interchange,,2004197,HK Bus Crawling
44M+1+Cheung Sha Wan (Cheung Shun Street)+Stonecutters Island,44M,1,gmb,Cheung Sha Wan (Cheung Shun Street),Stonecutters Island,Cheung Sha Wan (Cheung Shun Street),Stonecutters Island,,2004593,HK Bus Crawling
44M+1+Stonecutters Island+Cheung Sha Wan (Cheung Shun Street),44M,1,gmb,Stonecutters Island,Cheung Sha Wan (Cheung Shun Street),Stonecutters Island,Cheung Sha Wan (Cheung Shun Street),,2004593,HK Bus Crawling
44M+2+Chai Wan Station+Siu Sai Wan Estate (Circular),44M,2,gmb,Chai Wan Station,Siu Sai Wan Estate (Circular),Chai Wan Station,Siu Sai Wan Estate (Circular),,2002217,HK Bus Crawling
44M+2+Cheung Sha Wan (Cheung Shun Street)+Stonecutters Island,44M,2,gmb,Cheung Sha Wan (Cheung Shun Street),Stonecutters Island,Cheung Sha Wan (Cheung Shun Street),Stonecutters Island,,2005022,HK Bus Crawling
44M+2+Stonecutters Island+Cheung Sha Wan (Cheung Shun Street),44M,2,gmb,Stonecutters Island,Cheung Sha Wan (Cheung Shun Street),Stonecutters Island,Cheung Sha Wan (Cheung Shun Street),,2004595,HK Bus Crawling
44S+2+Hoi Lai Estate+Castle Peak Road (Circular),44S,2,gmb,Hoi Lai Estate,Castle Peak Road (Circular),Hoi Lai Estate,Castle Peak Road (Circular),,2004627,HK Bus Crawling
45+1+Tai Hing Garden+Tuen Mun Town Centre(Circular),45,1,gmb,Tai Hing Garden,Tuen Mun Town Centre(Circular),Tai Hing Garden,Tuen Mun Town Centre(Circular),,2004032,HK Bus Crawling
45A+1+Western District (First Street)+Conduit Road (Circular),45A,1,gmb,Western District (First Street),Conduit Road (Circular),Western District (First Street),Conduit Road (Circular),,2005291,HK Bus Crawling
45M+1+Caritas Medical Centre+Sham Shui Po (Yu Chau Street),45M,1,gmb,Caritas Medical Centre,Sham Shui Po (Yu Chau Street),Caritas Medical Centre,Sham Shui Po (Yu Chau Street),,2011327,HK Bus Crawling
45M+1+Sham Shui Po (Yu Chau Street)+Caritas Medical Centre,45M,1,gmb,Sham Shui Po (Yu Chau Street),Caritas Medical Centre,Sham Shui Po (Yu Chau Street),Caritas Medical Centre,,2011327,HK Bus Crawling
45S+2+Western District (First Street)+Conduit Road (Circular),45S,2,gmb,Western District (First Street),Conduit Road (Circular),Western District (First Street),Conduit Road (Circular),,2005292,HK Bus Crawling
46+1+Fu Tai Estate+Tuen Mun Town Centre(Circular),46,1,gmb,Fu Tai Estate,Tuen Mun Town Centre(Circular),Fu Tai Estate,Tuen Mun Town Centre(Circular),,2005715,HK Bus Crawling
46+1+Richland Gardens+Tai Kok Tsui (Olympic Station),46,1,gmb,Richland Gardens,Tai Kok Tsui (Olympic Station),Richland Gardens,Tai Kok Tsui (Olympic Station),,2007233,HK Bus Crawling
46+1+Tai Kok Tsui (Olympic Station)+Richland Gardens,46,1,gmb,Tai Kok Tsui (Olympic Station),Richland Gardens,Tai Kok Tsui (Olympic Station),Richland Gardens,,2007233,HK Bus Crawling
46+2+Sham Mong Road+Richland Gardens,46,2,gmb,Sham Mong Road,Richland Gardens,Sham Mong Road,Richland Gardens,,2007234,HK Bus Crawling
46A+2+King Sau Lane+Tuen Mun Town Centre(Circular),46A,2,gmb,King Sau Lane,Tuen Mun Town Centre(Circular),King Sau Lane,Tuen Mun Town Centre(Circular),,2005749,HK Bus Crawling
46M+1+Lai Kong Street+Lai King Station(Circular),46M,1,gmb,Lai Kong Street,Lai King Station(Circular),Lai Kong Street,Lai King Station(Circular),,2007768,HK Bus Crawling
46X+2+Fu Tai Estate+Tuen Mun Town Centre(Circular),46X,2,gmb,Fu Tai Estate,Tuen Mun Town Centre(Circular),Fu Tai Estate,Tuen Mun Town Centre(Circular),,2005748,HK Bus Crawling
47+1+Shun Lee+Tsui Ping (Fuk Tong Road),47,1,gmb,Shun Lee,Tsui Ping (Fuk Tong Road),Shun Lee,Tsui Ping (Fuk Tong Road),,2010368,HK Bus Crawling
47+1+Tsui Ping (Fuk Tong Road)+Shun Lee,47,1,gmb,Tsui Ping (Fuk Tong Road),Shun Lee,Tsui Ping (Fuk Tong Road),Shun Lee,,2010368,HK Bus Crawling
47E+2+Pamela Youde Nethersole Eastern Hospital+Siu Sai Wan Estate,47E,2,gmb,Pamela Youde Nethersole Eastern Hospital,Siu Sai Wan Estate,Pamela Youde Nethersole Eastern Hospital,Siu Sai Wan Estate,,2004076,HK Bus Crawling
47E+2+Siu Sai Wan Phase III+Pamela Youde Nethersole Eastern Hospital (Circular),47E,2,gmb,Siu Sai Wan Phase III,Pamela Youde Nethersole Eastern Hospital (Circular),Siu Sai Wan Phase III,Pamela Youde Nethersole Eastern Hospital (Circular),,2004088,HK Bus Crawling
47M+1+Chai Wan Station+Siu Sai Wan Phase III (Circular),47M,1,gmb,Chai Wan Station,Siu Sai Wan Phase III (Circular),Chai Wan Station,Siu Sai Wan Phase III (Circular),,2004068,HK Bus Crawling
47M+1+Wonderland Villas+Lai King Station(Circular),47M,1,gmb,Wonderland Villas,Lai King Station(Circular),Wonderland Villas,Lai King Station(Circular),,2007769,HK Bus Crawling
47M+2+Chai Wan Station+Chai Wan (Hiu Tsui Street) (Circular),47M,2,gmb,Chai Wan Station,Chai Wan (Hiu Tsui Street) (Circular),Chai Wan Station,Chai Wan (Hiu Tsui Street) (Circular),,2004071,HK Bus Crawling
47M+2+Chai Wan Station+Chai Wan (Wing Ping Street) (Circular),47M,2,gmb,Chai Wan Station,Chai Wan (Wing Ping Street) (Circular),Chai Wan Station,Chai Wan (Wing Ping Street) (Circular),,2004072,HK Bus Crawling
47S+1+Mong Kok+Tuen Mun Pier-Head,47S,1,gmb,Mong Kok,Tuen Mun Pier-Head,Mong Kok,Tuen Mun Pier-Head,,2008852,HK Bus Crawling
47S+1+Tuen Mun Pier-Head+Mong Kok,47S,1,gmb,Tuen Mun Pier-Head,Mong Kok,Tuen Mun Pier-Head,Mong Kok,,2008852,HK Bus Crawling
47S+2+Chai Wan Station+Harmony Garden (Circular),47S,2,gmb,Chai Wan Station,Harmony Garden (Circular),Chai Wan Station,Harmony Garden (Circular),,2004074,HK Bus Crawling
48+1+Shun Lee+Kowloon Bay(Circular),48,1,gmb,Shun Lee,Kowloon Bay(Circular),Shun Lee,Kowloon Bay(Circular),,2007267,HK Bus Crawling
48+2+Shun Lee+Kowloon Bay(Circular),48,2,gmb,Shun Lee,Kowloon Bay(Circular),Shun Lee,Kowloon Bay(Circular),,2007332,HK Bus Crawling
481+1+Fo Tan (Shan Mei Street)+Tsuen Wan Market Street,481,1,gmb,Fo Tan (Shan Mei Street),Tsuen Wan Market Street,Fo Tan (Shan Mei Street),Tsuen Wan Market Street,,2003209,HK Bus Crawling
481+1+Tsuen Wan Market Street+Fo Tan (Shan Mei Street),481,1,gmb,Tsuen Wan Market Street,Fo Tan (Shan Mei Street),Tsuen Wan Market Street,Fo Tan (Shan Mei Street),,2003209,HK Bus Crawling
481A+2+Tsuen Wan Market Street+Sha Tin Central (Tam Kon Po Street),481A,2,gmb,Tsuen Wan Market Street,Sha Tin Central (Tam Kon Po Street),Tsuen Wan Market Street,Sha Tin Central (Tam Kon Po Street),,2003211,HK Bus Crawling
481A+3+Sha Tin Central (Tam Kon Po Street)+Tsuen Wan Market Street,481A,3,gmb,Sha Tin Central (Tam Kon Po Street),Tsuen Wan Market Street,Sha Tin Central (Tam Kon Po Street),Tsuen Wan Market Street,,2003211,HK Bus Crawling
481B+2+Tsuen Wan Market Street+Tai Wai (Tung Lo Wan Hill Road),481B,2,gmb,Tsuen Wan Market Street,Tai Wai (Tung Lo Wan Hill Road),Tsuen Wan Market Street,Tai Wai (Tung Lo Wan Hill Road),,2003214,HK Bus Crawling
481B+3+Tai Wai (Tung Lo Wan Hill Road)+Tsuen Wan Market Street,481B,3,gmb,Tai Wai (Tung Lo Wan Hill Road),Tsuen Wan Market Street,Tai Wai (Tung Lo Wan Hill Road),Tsuen Wan Market Street,,2003214,HK Bus Crawling
481X+2+Fo Tan (Chun Yeung Estate)+Tsuen Wan Market Street,481X,2,gmb,Fo Tan (Chun Yeung Estate),Tsuen Wan Market Street,Fo Tan (Chun Yeung Estate),Tsuen Wan Market Street,,2003212,HK Bus Crawling
481X+3+Tsuen Wan Market Street+Fo Tan (Chun Yeung Estate),481X,3,gmb,Tsuen Wan Market Street,Fo Tan (Chun Yeung Estate),Tsuen Wan Market Street,Fo Tan (Chun Yeung Estate),,2003212,HK Bus Crawling
482+1+Sha Tin Central (Tam Kon Po Street)+Tsuen Wan Market Street,482,1,gmb,Sha Tin Central (Tam Kon Po Street),Tsuen Wan Market Street,Sha Tin Central (Tam Kon Po Street),Tsuen Wan Market Street,,2003207,HK Bus Crawling
482+1+Tsuen Wan Market Street+Sha Tin Central (Tam Kon Po Street),482,1,gmb,Tsuen Wan Market Street,Sha Tin Central (Tam Kon Po Street),Tsuen Wan Market Street,Sha Tin Central (Tam Kon Po Street),,2003207,HK Bus Crawling
48M+1+Chai Wan Station (Lee Chung Street)+Pamela Youde Nethersole Eastern Hospital,48M,1,gmb,Chai Wan Station (Lee Chung Street),Pamela Youde Nethersole Eastern Hospital,Chai Wan Station (Lee Chung Street),Pamela Youde Nethersole Eastern Hospital,,2003902,HK Bus Crawling
48M+1+Pamela Youde Nethersole Eastern Hospital+Chai Wan Station (Lee Chung Street),48M,1,gmb,Pamela Youde Nethersole Eastern Hospital,Chai Wan Station (Lee Chung Street),Pamela Youde Nethersole Eastern Hospital,Chai Wan Station (Lee Chung Street),,2003902,HK Bus Crawling
48S+1+Leung King Estate+Mong Kok,48S,1,gmb,Leung King Estate,Mong Kok,Leung King Estate,Mong Kok,,2008851,HK Bus Crawling
48S+1+Mong Kok+Leung King Estate,48S,1,gmb,Mong Kok,Leung King Estate,Mong Kok,Leung King Estate,,2008851,HK Bus Crawling
49+1+Shun Tin+Kowloon City Ferry (Circular),49,1,gmb,Shun Tin,Kowloon City Ferry (Circular),Shun Tin,Kowloon City Ferry (Circular),,2007299,HK Bus Crawling
49M+1+Tin Hau Station+Breamer Hill (Circular),49M,1,gmb,Tin Hau Station,Breamer Hill (Circular),Tin Hau Station,Breamer Hill (Circular),,2000988,HK Bus Crawling
49M+2+Tin Hau Station+Breamer Hill (Circular),49M,2,gmb,Tin Hau Station,Breamer Hill (Circular),Tin Hau Station,Breamer Hill (Circular),,2000989,HK Bus Crawling
49M+2+顺天+Ping Shek (Circular),49M,2,gmb,顺天,Ping Shek (Circular),顺天,Ping Shek (Circular),,2007300,HK Bus Crawling
49S+2+Tuen Mun Siu Hong Court+Wan Chai,49S,2,gmb,Tuen Mun Siu Hong Court,Wan Chai,Tuen Mun Siu Hong Court,Wan Chai,,2004033,HK Bus Crawling
49S+3+Wan Chai+Tuen Mun Siu Hong Court,49S,3,gmb,Wan Chai,Tuen Mun Siu Hong Court,Wan Chai,Tuen Mun Siu Hong Court,,2004033,HK Bus Crawling
4A+1+Aberdeen (Shek Pai Wan)+Causeway Bay (Cannon Street),4A,1,gmb,Aberdeen (Shek Pai Wan),Causeway Bay (Cannon Street),Aberdeen (Shek Pai Wan),Causeway Bay (Cannon Street),,2004095,HK Bus Crawling
4A+1+Causeway Bay (Cannon Street)+Aberdeen (Shek Pai Wan),4A,1,gmb,Causeway Bay (Cannon Street),Aberdeen (Shek Pai Wan),Causeway Bay (Cannon Street),Aberdeen (Shek Pai Wan),,2004095,HK Bus Crawling
4A+1+Sai Kung+Tui Min Hoi (Seaside Villas),4A,1,gmb,Sai Kung,Tui Min Hoi (Seaside Villas),Sai Kung,Tui Min Hoi (Seaside Villas),,2009017,HK Bus Crawling
4A+1+Tui Min Hoi (Seaside Villas)+Sai Kung,4A,1,gmb,Tui Min Hoi (Seaside Villas),Sai Kung,Tui Min Hoi (Seaside Villas),Sai Kung,,2009017,HK Bus Crawling
4B+1+Aberdeen (Shek Pai Wan)+Wan Chai (Circular),4B,1,gmb,Aberdeen (Shek Pai Wan),Wan Chai (Circular),Aberdeen (Shek Pai Wan),Wan Chai (Circular),,2004096,HK Bus Crawling
4C+1+Aberdeen (Shek Pai Wan)+Causeway Bay (Cannon Street),4C,1,gmb,Aberdeen (Shek Pai Wan),Causeway Bay (Cannon Street),Aberdeen (Shek Pai Wan),Causeway Bay (Cannon Street),,2004097,HK Bus Crawling
4C+1+Causeway Bay (Cannon Street)+Aberdeen (Shek Pai Wan),4C,1,gmb,Causeway Bay (Cannon Street),Aberdeen (Shek Pai Wan),Causeway Bay (Cannon Street),Aberdeen (Shek Pai Wan),,2004097,HK Bus Crawling
4M+2+ABERDEEN (NAM NING STREET)+Wong Chuk Hang Station,4M,2,gmb,ABERDEEN (NAM NING STREET),Wong Chuk Hang Station,ABERDEEN (NAM NING STREET),Wong Chuk Hang Station,,2004100,HK Bus Crawling
4M+2+ABERDEEN (SHEK PAI WAN)+Wong Chuk Hang Station,4M,2,gmb,ABERDEEN (SHEK PAI WAN),Wong Chuk Hang Station,ABERDEEN (SHEK PAI WAN),Wong Chuk Hang Station,,2004098,HK Bus Crawling
4M+3+ABERDEEN (SHEK PAI WAN)+Wong Chuk Hang Station,4M,3,gmb,ABERDEEN (SHEK PAI WAN),Wong Chuk Hang Station,ABERDEEN (SHEK PAI WAN),Wong Chuk Hang Station,,2004131,HK Bus Crawling
4M+3+Wong Chuk Hang Station+ABERDEEN (NAM NING STREET),4M,3,gmb,Wong Chuk Hang Station,ABERDEEN (NAM NING STREET),Wong Chuk Hang Station,ABERDEEN (NAM NING STREET),,2004100,HK Bus Crawling
4M+3+Wong Chuk Hang Station+ABERDEEN (SHEK PAI WAN),4M,3,gmb,Wong Chuk Hang Station,ABERDEEN (SHEK PAI WAN),Wong Chuk Hang Station,ABERDEEN (SHEK PAI WAN),,2004098,HK Bus Crawling
4S+1+Shek Pai Wan+Aberdeen (Circular),4S,1,gmb,Shek Pai Wan,Aberdeen (Circular),Shek Pai Wan,Aberdeen (Circular),,2004099,HK Bus Crawling
5+1+Aberdeen (Nam Ning Street)+Causeway Bay (Jaffe Road),5,1,gmb,Aberdeen (Nam Ning Street),Causeway Bay (Jaffe Road),Aberdeen (Nam Ning Street),Causeway Bay (Jaffe Road),,2004081,HK Bus Crawling
5+1+Causeway Bay (Jaffe Road)+Aberdeen (Nam Ning Street),5,1,gmb,Causeway Bay (Jaffe Road),Aberdeen (Nam Ning Street),Causeway Bay (Jaffe Road),Aberdeen (Nam Ning Street),,2004081,HK Bus Crawling
50+1+United Christian Hospital+Yue Man Square Public Transport Interchange (Circular),50,1,gmb,United Christian Hospital,Yue Man Square Public Transport Interchange (Circular),United Christian Hospital,Yue Man Square Public Transport Interchange (Circular),,2008487,HK Bus Crawling
50+1+Yiu Tung Estate+Sai Wan Ho (Circular),50,1,gmb,Yiu Tung Estate,Sai Wan Ho (Circular),Yiu Tung Estate,Sai Wan Ho (Circular),,2000990,HK Bus Crawling
501A+2+Yung Shing Court+Luen Wo Hui (Circular),501A,2,gmb,Yung Shing Court,Luen Wo Hui (Circular),Yung Shing Court,Luen Wo Hui (Circular),,2001038,HK Bus Crawling
501C+1+Yung Shing Court+Luen Wo Hui (Circular),501C,1,gmb,Yung Shing Court,Luen Wo Hui (Circular),Yung Shing Court,Luen Wo Hui (Circular),,2001095,HK Bus Crawling
501S+1+Sheung Shui Station+Yue Man Square,501S,1,gmb,Sheung Shui Station,Yue Man Square,Sheung Shui Station,Yue Man Square,,2001128,HK Bus Crawling
501S+1+Yue Man Square+Sheung Shui Station,501S,1,gmb,Yue Man Square,Sheung Shui Station,Yue Man Square,Sheung Shui Station,,2001128,HK Bus Crawling
502+1+Ching Ho Estate Public Transport Interchange+Tai Po Nethersole Hospital,502,1,gmb,Ching Ho Estate Public Transport Interchange,Tai Po Nethersole Hospital,Ching Ho Estate Public Transport Interchange,Tai Po Nethersole Hospital,,2001920,HK Bus Crawling
502+1+Tai Pon Nethersole Hospital+Ching Ho Estate,502,1,gmb,Tai Pon Nethersole Hospital,Ching Ho Estate,Tai Pon Nethersole Hospital,Ching Ho Estate,,2001920,HK Bus Crawling
502+2+Ching Ho Estate Public Transport Interchange+Tai Po Nethersole Hospital,502,2,gmb,Ching Ho Estate Public Transport Interchange,Tai Po Nethersole Hospital,Ching Ho Estate Public Transport Interchange,Tai Po Nethersole Hospital,,2001986,HK Bus Crawling
502+2+Tai Po Centre+Ching Ho Estate,502,2,gmb,Tai Po Centre,Ching Ho Estate,Tai Po Centre,Ching Ho Estate,,2002019,HK Bus Crawling
502+2+Tai Po Nethersole Hospital+Wah Ming Road (Cheong Tao House),502,2,gmb,Tai Po Nethersole Hospital,Wah Ming Road (Cheong Tao House),Tai Po Nethersole Hospital,Wah Ming Road (Cheong Tao House),,2001987,HK Bus Crawling
502+2+Wah Ming Road (Yan Fai House)+Tai Po Nethersole Hospital,502,2,gmb,Wah Ming Road (Yan Fai House),Tai Po Nethersole Hospital,Wah Ming Road (Yan Fai House),Tai Po Nethersole Hospital,,2001955,HK Bus Crawling
503+1+North District Hospital+Queen's Hill,503,1,gmb,North District Hospital,Queen's Hill,North District Hospital,Queen's Hill,,2004461,HK Bus Crawling
503+1+Queen's Hill+North District Hospital,503,1,gmb,Queen's Hill,North District Hospital,Queen's Hill,North District Hospital,,2004461,HK Bus Crawling
503K+2+Queen's Hill+Spot,503K,2,gmb,Queen's Hill,Spot,Queen's Hill,Spot,,2009576,HK Bus Crawling
503K+3+Spot+Queen's Hill,503K,3,gmb,Spot,Queen's Hill,Spot,Queen's Hill,,2009576,HK Bus Crawling
504+1+Sheung Shui+Wa Shan Tsuen,504,1,gmb,Sheung Shui,Wa Shan Tsuen,Sheung Shui,Wa Shan Tsuen,,2004462,HK Bus Crawling
504+1+Wa Shan Tsuen+Sheung Shui,504,1,gmb,Wa Shan Tsuen,Sheung Shui,Wa Shan Tsuen,Sheung Shui,,2004462,HK Bus Crawling
505+1+Sha Tin Yuen Chau Kok+Sheung Shui San Fat Street,505,1,gmb,Sha Tin Yuen Chau Kok,Sheung Shui San Fat Street,Sha Tin Yuen Chau Kok,Sheung Shui San Fat Street,,2009147,HK Bus Crawling
505+1+Sheung Shui San Fat Street+Sha Tin Yuen Chau Kok,505,1,gmb,Sheung Shui San Fat Street,Sha Tin Yuen Chau Kok,Sheung Shui San Fat Street,Sha Tin Yuen Chau Kok,,2009147,HK Bus Crawling
506+1+Chi Fuk Circuit+Luen Wo Hui (Circular),506,1,gmb,Chi Fuk Circuit,Luen Wo Hui (Circular),Chi Fuk Circuit,Luen Wo Hui (Circular),,2009675,HK Bus Crawling
507+1+Ma Sik Road +Fanling Station (Circular),507,1,gmb,Ma Sik Road ,Fanling Station (Circular),Ma Sik Road ,Fanling Station (Circular),,2009708,HK Bus Crawling
508+1+Kwu Tung North Multi-Welfare Services Complex Terminus+Sheung Shui Station,508,1,gmb,Kwu Tung North Multi-Welfare Services Complex Terminus,Sheung Shui Station,Kwu Tung North Multi-Welfare Services Complex Terminus,Sheung Shui Station,,2010929,HK Bus Crawling
508+1+Sheung Shui Station+Kwu Tung North Multi-Welfare Services Complex Terminus,508,1,gmb,Sheung Shui Station,Kwu Tung North Multi-Welfare Services Complex Terminus,Sheung Shui Station,Kwu Tung North Multi-Welfare Services Complex Terminus,,2010929,HK Bus Crawling
508X+2+Sheung Shui Station+Kwu Tung North Multi-Welfare Services Complex Terminus,508X,2,gmb,Sheung Shui Station,Kwu Tung North Multi-Welfare Services Complex Terminus,Sheung Shui Station,Kwu Tung North Multi-Welfare Services Complex Terminus,,2011820,HK Bus Crawling
508X+3+Kwu Tung North Multi-Welfare Services Complex Terminus+Sheung Shui Station,508X,3,gmb,Kwu Tung North Multi-Welfare Services Complex Terminus,Sheung Shui Station,Kwu Tung North Multi-Welfare Services Complex Terminus,Sheung Shui Station,,2011820,HK Bus Crawling
50A+2+Sheung Shui Station+Kwu Tung (South),50A,2,gmb,Sheung Shui Station,Kwu Tung (South),Sheung Shui Station,Kwu Tung (South),,2005322,HK Bus Crawling
50A+3+Kwu Tung (South)+Sheung Shui Station,50A,3,gmb,Kwu Tung (South),Sheung Shui Station,Kwu Tung (South),Sheung Shui Station,,2005322,HK Bus Crawling
50K+1+Hang Tau+Sheung Shui Station,50K,1,gmb,Hang Tau,Sheung Shui Station,Hang Tau,Sheung Shui Station,,2005323,HK Bus Crawling
50K+1+Sheung Shui Station+Hang Tau,50K,1,gmb,Sheung Shui Station,Hang Tau,Sheung Shui Station,Hang Tau,,2005323,HK Bus Crawling
51+1+Tin Wan Estate+Aberdeen (Circular),51,1,gmb,Tin Wan Estate,Aberdeen (Circular),Tin Wan Estate,Aberdeen (Circular),,2002813,HK Bus Crawling
51A+2+Wah Kwai Estate+Tin Wan Estate (Circular),51A,2,gmb,Wah Kwai Estate,Tin Wan Estate (Circular),Wah Kwai Estate,Tin Wan Estate (Circular),,2002812,HK Bus Crawling
51B+2+Ma Tso Lung (Shun Yee San Tsuen)+Sheung Shui Station,51B,2,gmb,Ma Tso Lung (Shun Yee San Tsuen),Sheung Shui Station,Ma Tso Lung (Shun Yee San Tsuen),Sheung Shui Station,,2005333,HK Bus Crawling
51B+2+Sheung Shui Station+Liu Pok,51B,2,gmb,Sheung Shui Station,Liu Pok,Sheung Shui Station,Liu Pok,,2005331,HK Bus Crawling
51B+3+Liu Pok+Sheung Shui Station,51B,3,gmb,Liu Pok,Sheung Shui Station,Liu Pok,Sheung Shui Station,,2005331,HK Bus Crawling
51K+1+Ho Sheung Heung+Sheung Shui Station,51K,1,gmb,Ho Sheung Heung,Sheung Shui Station,Ho Sheung Heung,Sheung Shui Station,,2005325,HK Bus Crawling
51K+1+Sheung Shui Station+Ho Sheung Heung,51K,1,gmb,Sheung Shui Station,Ho Sheung Heung,Sheung Shui Station,Ho Sheung Heung,,2005325,HK Bus Crawling
51K+2+Sheung Shui Station+Lo Wu Correctional Institution (Circular),51K,2,gmb,Sheung Shui Station,Lo Wu Correctional Institution (Circular),Sheung Shui Station,Lo Wu Correctional Institution (Circular),,2005327,HK Bus Crawling
51M+1+Richland Gardens+Kowloon Bay Station (Circular),51M,1,gmb,Richland Gardens,Kowloon Bay Station (Circular),Richland Gardens,Kowloon Bay Station (Circular),,2007500,HK Bus Crawling
51S+1+Wah Kwai Estate+Aberdeen (Circular),51S,1,gmb,Wah Kwai Estate,Aberdeen (Circular),Wah Kwai Estate,Aberdeen (Circular),,2002811,HK Bus Crawling
52+1+ABERDEEN (YUE FAI ROAD) +STANLEY PRISON,52,1,gmb,ABERDEEN (YUE FAI ROAD) ,STANLEY PRISON,ABERDEEN (YUE FAI ROAD) ,STANLEY PRISON,,2005220,HK Bus Crawling
52+1+Chuk Yuen Estate+San Po Kong,52,1,gmb,Chuk Yuen Estate,San Po Kong,Chuk Yuen Estate,San Po Kong,,2008000,HK Bus Crawling
52+1+STANLEY PRISON+ABERDEEN (YUE FAI ROAD) ,52,1,gmb,STANLEY PRISON,ABERDEEN (YUE FAI ROAD) ,STANLEY PRISON,ABERDEEN (YUE FAI ROAD) ,,2005220,HK Bus Crawling
52+1+San Po Kong+Chuk Yuen Estate,52,1,gmb,San Po Kong,Chuk Yuen Estate,San Po Kong,Chuk Yuen Estate,,2008000,HK Bus Crawling
52+2+STANLEY PRISON +ABERDEEN (YUE FAI ROAD),52,2,gmb,STANLEY PRISON ,ABERDEEN (YUE FAI ROAD),STANLEY PRISON ,ABERDEEN (YUE FAI ROAD),,2005286,HK Bus Crawling
52+2+Stanley Plaza+ABERDEEN (YUE FAI ROAD),52,2,gmb,Stanley Plaza,ABERDEEN (YUE FAI ROAD),Stanley Plaza,ABERDEEN (YUE FAI ROAD),,2005288,HK Bus Crawling
52+2+Stanley+ABERDEEN (YUE FAI ROAD),52,2,gmb,Stanley,ABERDEEN (YUE FAI ROAD),Stanley,ABERDEEN (YUE FAI ROAD),,2005287,HK Bus Crawling
52A+1+Fanling Station+Wo Mun Street Public Light Bus Terminus,52A,1,gmb,Fanling Station,Wo Mun Street Public Light Bus Terminus,Fanling Station,Wo Mun Street Public Light Bus Terminus,,2006342,HK Bus Crawling
52A+1+Wo Mun Street Public Light Bus Terminus+Fanling Station,52A,1,gmb,Wo Mun Street Public Light Bus Terminus,Fanling Station,Wo Mun Street Public Light Bus Terminus,Fanling Station,,2006342,HK Bus Crawling
52A+2+Wo Mun Street Public Light Bus Terminus+Fanling Station,52A,2,gmb,Wo Mun Street Public Light Bus Terminus,Fanling Station,Wo Mun Street Public Light Bus Terminus,Fanling Station,,2006343,HK Bus Crawling
52B+1+Fanling Station+Hok Tau,52B,1,gmb,Fanling Station,Hok Tau,Fanling Station,Hok Tau,,2006573,HK Bus Crawling
52B+1+Hok Tau+Fanling Station,52B,1,gmb,Hok Tau,Fanling Station,Hok Tau,Fanling Station,,2006573,HK Bus Crawling
52K+1+Fanling Station+Ping Che,52K,1,gmb,Fanling Station,Ping Che,Fanling Station,Ping Che,,2006375,HK Bus Crawling
52K+1+Ping Che+Fanling Station,52K,1,gmb,Ping Che,Fanling Station,Ping Che,Fanling Station,,2006375,HK Bus Crawling
52K+2+Fanling Station+KWAN TEI (NORTH),52K,2,gmb,Fanling Station,KWAN TEI (NORTH),Fanling Station,KWAN TEI (NORTH),,2006543,HK Bus Crawling
"52K+2+Fanling Station+PING YUEN ROAD, near Ping Yeung Old Village Public Toilet",52K,2,gmb,Fanling Station,"PING YUEN ROAD, near Ping Yeung Old Village Public Toilet",Fanling Station,"PING YUEN ROAD, near Ping Yeung Old Village Public Toilet",,2006542,HK Bus Crawling
52K+3+Fanling Station+KWAN TEI (NORTH),52K,3,gmb,Fanling Station,KWAN TEI (NORTH),Fanling Station,KWAN TEI (NORTH),,2006543,HK Bus Crawling
"52K+3+PING YUEN ROAD, near Ping Yeung Old Village Public Toilet+Fanling Station",52K,3,gmb,"PING YUEN ROAD, near Ping Yeung Old Village Public Toilet",Fanling Station,"PING YUEN ROAD, near Ping Yeung Old Village Public Toilet",Fanling Station,,2006542,HK Bus Crawling
53M+1+Lok Fu Station+Tin Ma Court (Kam Chuk Lane)  (Circular),53M,1,gmb,Lok Fu Station,Tin Ma Court (Kam Chuk Lane)  (Circular),Lok Fu Station,Tin Ma Court (Kam Chuk Lane)  (Circular),,2008001,HK Bus Crawling
54+1+Central (Ferry Piers)+Queen Mary Hospital (Circular),54,1,gmb,Central (Ferry Piers),Queen Mary Hospital (Circular),Central (Ferry Piers),Queen Mary Hospital (Circular),,2003637,HK Bus Crawling
54+1+Lok Fu+Shun Tin,54,1,gmb,Lok Fu,Shun Tin,Lok Fu,Shun Tin,,2003174,HK Bus Crawling
54+1+Shun Tin+Lok Fu,54,1,gmb,Shun Tin,Lok Fu,Shun Tin,Lok Fu,,2003174,HK Bus Crawling
54+2+Central (Ferry Piers)+Queen Mary Hospital,54,2,gmb,Central (Ferry Piers),Queen Mary Hospital,Central (Ferry Piers),Queen Mary Hospital,,2009842,HK Bus Crawling
54+2+Central (Ferry Piers)+Queen Mary Hospital (Circular),54,2,gmb,Central (Ferry Piers),Queen Mary Hospital (Circular),Central (Ferry Piers),Queen Mary Hospital (Circular),,2003636,HK Bus Crawling
54+2+Queen Mary Hospital+Central (Ferry Piers),54,2,gmb,Queen Mary Hospital,Central (Ferry Piers),Queen Mary Hospital,Central (Ferry Piers),,2009840,HK Bus Crawling
54A+1+Fanling Station+Wo Mun Street Public Light Bus Terminus,54A,1,gmb,Fanling Station,Wo Mun Street Public Light Bus Terminus,Fanling Station,Wo Mun Street Public Light Bus Terminus,,2007432,HK Bus Crawling
54A+1+Wo Mun Street Public Light Bus Terminus+Fanling Station,54A,1,gmb,Wo Mun Street Public Light Bus Terminus,Fanling Station,Wo Mun Street Public Light Bus Terminus,Fanling Station,,2007432,HK Bus Crawling
54A+2+Wo Mun Street Public Light Bus Terminus+Fanling Station,54A,2,gmb,Wo Mun Street Public Light Bus Terminus,Fanling Station,Wo Mun Street Public Light Bus Terminus,Fanling Station,,2007434,HK Bus Crawling
54K+1+Fanling Station+Lung Yeuk Tau(Circular),54K,1,gmb,Fanling Station,Lung Yeuk Tau(Circular),Fanling Station,Lung Yeuk Tau(Circular),,2007435,HK Bus Crawling
"54K+2+Sui Wan Road, Near Ma Wat Wai Tsuen+Fanling Station Road, Near Galaxy Court, Fanling Town Center",54K,2,gmb,"Sui Wan Road, Near Ma Wat Wai Tsuen","Fanling Station Road, Near Galaxy Court, Fanling Town Center","Sui Wan Road, Near Ma Wat Wai Tsuen","Fanling Station Road, Near Galaxy Court, Fanling Town Center",,2009543,HK Bus Crawling
54M+2+Kennedy Town Station+Queen Mary Hospital,54M,2,gmb,Kennedy Town Station,Queen Mary Hospital,Kennedy Town Station,Queen Mary Hospital,,2003685,HK Bus Crawling
54M+2+Shun Tin+Ping Shek (Circular),54M,2,gmb,Shun Tin,Ping Shek (Circular),Shun Tin,Ping Shek (Circular),,2003177,HK Bus Crawling
54M+3+Queen Mary Hospital+Kennedy Town Station,54M,3,gmb,Queen Mary Hospital,Kennedy Town Station,Queen Mary Hospital,Kennedy Town Station,,2003685,HK Bus Crawling
54S+2+Kennedy Town Station+Queen Mary Hospital,54S,2,gmb,Kennedy Town Station,Queen Mary Hospital,Kennedy Town Station,Queen Mary Hospital,,2003768,HK Bus Crawling
54S+2+Mt. Davis Road opposite Greenery Garden+Kennedy Town Station,54S,2,gmb,Mt. Davis Road opposite Greenery Garden,Kennedy Town Station,Mt. Davis Road opposite Greenery Garden,Kennedy Town Station,,2003735,HK Bus Crawling
54S+2+Shun Lee Disciplined Services Quarters+Wong Tai Sin (Shatin Pass Road)(Circular),54S,2,gmb,Shun Lee Disciplined Services Quarters,Wong Tai Sin (Shatin Pass Road)(Circular),Shun Lee Disciplined Services Quarters,Wong Tai Sin (Shatin Pass Road)(Circular),,2003179,HK Bus Crawling
55+1+Queen Mary Hospital+Central Station (Connaught Road Central)(Circular),55,1,gmb,Queen Mary Hospital,Central Station (Connaught Road Central)(Circular),Queen Mary Hospital,Central Station (Connaught Road Central)(Circular),,2003771,HK Bus Crawling
55K+1+Sha Tau Kok Public Transport Interchange+Sheung Shui Station Public Light Bus Terminus,55K,1,gmb,Sha Tau Kok Public Transport Interchange,Sheung Shui Station Public Light Bus Terminus,Sha Tau Kok Public Transport Interchange,Sheung Shui Station Public Light Bus Terminus,,2001013,HK Bus Crawling
55K+1+Sheung Shui Station Public Light Bus Terminus+Sha Tau Kok Public Transport Interchange,55K,1,gmb,Sheung Shui Station Public Light Bus Terminus,Sha Tau Kok Public Transport Interchange,Sheung Shui Station Public Light Bus Terminus,Sha Tau Kok Public Transport Interchange,,2001013,HK Bus Crawling
55K+2+Loi Tung+Sheung Shui Station Public Light Bus Terminus,55K,2,gmb,Loi Tung,Sheung Shui Station Public Light Bus Terminus,Loi Tung,Sheung Shui Station Public Light Bus Terminus,,2010500,HK Bus Crawling
55K+2+Sha Tau Kok Public Transport Interchange+Sheung Shui Station Public Light Bus Terminus,55K,2,gmb,Sha Tau Kok Public Transport Interchange,Sheung Shui Station Public Light Bus Terminus,Sha Tau Kok Public Transport Interchange,Sheung Shui Station Public Light Bus Terminus,,2001019,HK Bus Crawling
55K+2+Sheung Shui Station Public Light Bus Terminus+Luen Wo Hui,55K,2,gmb,Sheung Shui Station Public Light Bus Terminus,Luen Wo Hui,Sheung Shui Station Public Light Bus Terminus,Luen Wo Hui,,2001015,HK Bus Crawling
55K+2+Tam Shui Hang+Sheung Shui Station Public Light Bus Terminus,55K,2,gmb,Tam Shui Hang,Sheung Shui Station Public Light Bus Terminus,Tam Shui Hang,Sheung Shui Station Public Light Bus Terminus,,2010501,HK Bus Crawling
55K+3+Luen Wo Hui+Sheung Shui Station Public Light Bus Terminus,55K,3,gmb,Luen Wo Hui,Sheung Shui Station Public Light Bus Terminus,Luen Wo Hui,Sheung Shui Station Public Light Bus Terminus,,2001015,HK Bus Crawling
55S+2+Sha Tau Kok Public Transport Interchange+Ta Kwu Ling (Tsung Yuen Ha),55S,2,gmb,Sha Tau Kok Public Transport Interchange,Ta Kwu Ling (Tsung Yuen Ha),Sha Tau Kok Public Transport Interchange,Ta Kwu Ling (Tsung Yuen Ha),,2010005,HK Bus Crawling
55S+3+Ta Kwu Ling (Tsung Yuen Ha)+Sha Tau Kok Public Transport Interchange,55S,3,gmb,Ta Kwu Ling (Tsung Yuen Ha),Sha Tau Kok Public Transport Interchange,Ta Kwu Ling (Tsung Yuen Ha),Sha Tau Kok Public Transport Interchange,,2010005,HK Bus Crawling
56+1+Mid-Levels (Robinson Road)+North Point (Marble Road),56,1,gmb,Mid-Levels (Robinson Road),North Point (Marble Road),Mid-Levels (Robinson Road),North Point (Marble Road),,2001129,HK Bus Crawling
56+1+North Point (Marble Road)+Mid-levels (Ronbinson Road),56,1,gmb,North Point (Marble Road),Mid-levels (Ronbinson Road),North Point (Marble Road),Mid-levels (Ronbinson Road),,2001129,HK Bus Crawling
56+1+Richland Gardens+Shung Yan Street,56,1,gmb,Richland Gardens,Shung Yan Street,Richland Gardens,Shung Yan Street,,2001524,HK Bus Crawling
56+1+Shung Yan Street+Richland Gardens,56,1,gmb,Shung Yan Street,Richland Gardens,Shung Yan Street,Richland Gardens,,2001524,HK Bus Crawling
56A+1+Fanling Station+Wo Mun Street Public Light Bus Terminus,56A,1,gmb,Fanling Station,Wo Mun Street Public Light Bus Terminus,Fanling Station,Wo Mun Street Public Light Bus Terminus,,2001020,HK Bus Crawling
56A+1+Mid-Levels (Robinson Road)+Tin Hau Station,56A,1,gmb,Mid-Levels (Robinson Road),Tin Hau Station,Mid-Levels (Robinson Road),Tin Hau Station,,2001130,HK Bus Crawling
56A+1+Tin Hau Station+Mid-Levels (Robinson Road),56A,1,gmb,Tin Hau Station,Mid-Levels (Robinson Road),Tin Hau Station,Mid-Levels (Robinson Road),,2001130,HK Bus Crawling
56A+1+Wo Mun Street Public Light Bus Terminus+Fanling Station,56A,1,gmb,Wo Mun Street Public Light Bus Terminus,Fanling Station,Wo Mun Street Public Light Bus Terminus,Fanling Station,,2001020,HK Bus Crawling
56A+2+Mid-Levels (Robinson Road) +Wan Chai,56A,2,gmb,Mid-Levels (Robinson Road) ,Wan Chai,Mid-Levels (Robinson Road) ,Wan Chai,,2001133,HK Bus Crawling
56A+2+Mid-Levels Robinson Road+Causeway Bay Pennington Street ,56A,2,gmb,Mid-Levels Robinson Road,Causeway Bay Pennington Street ,Mid-Levels Robinson Road,Causeway Bay Pennington Street ,,2001131,HK Bus Crawling
56A+2+Wo Mun Street PLB Terminus+Fanling Station,56A,2,gmb,Wo Mun Street PLB Terminus,Fanling Station,Wo Mun Street PLB Terminus,Fanling Station,,2001458,HK Bus Crawling
56B+1+Fanling Station+Tan Chuk Hang,56B,1,gmb,Fanling Station,Tan Chuk Hang,Fanling Station,Tan Chuk Hang,,2001023,HK Bus Crawling
56B+1+Mid-Levels Robinson Road+Tin Hau Station,56B,1,gmb,Mid-Levels Robinson Road,Tin Hau Station,Mid-Levels Robinson Road,Tin Hau Station,,2011523,HK Bus Crawling
56B+1+Tan Chuk Hang+Fanling Station,56B,1,gmb,Tan Chuk Hang,Fanling Station,Tan Chuk Hang,Fanling Station,,2001023,HK Bus Crawling
56C+1+Fanling Station+Siu Hang Tsuen,56C,1,gmb,Fanling Station,Siu Hang Tsuen,Fanling Station,Siu Hang Tsuen,,2001025,HK Bus Crawling
56C+1+Siu Hang Tsuen+Fanling Station,56C,1,gmb,Siu Hang Tsuen,Fanling Station,Siu Hang Tsuen,Fanling Station,,2001025,HK Bus Crawling
56K+1+Fanling Station+Luk Keng,56K,1,gmb,Fanling Station,Luk Keng,Fanling Station,Luk Keng,,2001027,HK Bus Crawling
56K+1+Luk Keng+Fanling Station,56K,1,gmb,Luk Keng,Fanling Station,Luk Keng,Fanling Station,,2001027,HK Bus Crawling
"56K+2+Sha Tau Kok Road, Man Uk Pin+Fanling Station",56K,2,gmb,"Sha Tau Kok Road, Man Uk Pin",Fanling Station,"Sha Tau Kok Road, Man Uk Pin",Fanling Station,,2001029,HK Bus Crawling
57K+1+Fanling (Tong Kung Leng) Minibus Terminus+Sheung Shui Station Public Light Bus Terminus,57K,1,gmb,Fanling (Tong Kung Leng) Minibus Terminus,Sheung Shui Station Public Light Bus Terminus,Fanling (Tong Kung Leng) Minibus Terminus,Sheung Shui Station Public Light Bus Terminus,,2010170,HK Bus Crawling
57K+1+Sheung Shui Station Public Light Bus Terminus+Fanling (Tong Kung Leng) Minibus Terminus,57K,1,gmb,Sheung Shui Station Public Light Bus Terminus,Fanling (Tong Kung Leng) Minibus Terminus,Sheung Shui Station Public Light Bus Terminus,Fanling (Tong Kung Leng) Minibus Terminus,,2010170,HK Bus Crawling
"57K+2+Sheung Shui Station Public Light Bus Terminus+Tsiu Keng Road, near Pang Ancestral Hall ",57K,2,gmb,Sheung Shui Station Public Light Bus Terminus,"Tsiu Keng Road, near Pang Ancestral Hall ",Sheung Shui Station Public Light Bus Terminus,"Tsiu Keng Road, near Pang Ancestral Hall ",,2010171,HK Bus Crawling
"57K+3+TSIU KENG ROAD, near Pang Ancestral Hall +Sheung Shui Station Public Light Bus Terminus",57K,3,gmb,"TSIU KENG ROAD, near Pang Ancestral Hall ",Sheung Shui Station Public Light Bus Terminus,"TSIU KENG ROAD, near Pang Ancestral Hall ",Sheung Shui Station Public Light Bus Terminus,,2010171,HK Bus Crawling
57M+1+Jordan Station (Nanking Street)+Queen Elizabeth Hospital,57M,1,gmb,Jordan Station (Nanking Street),Queen Elizabeth Hospital,Jordan Station (Nanking Street),Queen Elizabeth Hospital,,2004463,HK Bus Crawling
57M+1+Queen Elizabeth Hospital+Jordan Station (Nanking Street),57M,1,gmb,Queen Elizabeth Hospital,Jordan Station (Nanking Street),Queen Elizabeth Hospital,Jordan Station (Nanking Street),,2004463,HK Bus Crawling
58+1+Aberdeen (Wu Nam Street)+Kennedy Town Station,58,1,gmb,Aberdeen (Wu Nam Street),Kennedy Town Station,Aberdeen (Wu Nam Street),Kennedy Town Station,,2002580,HK Bus Crawling
58+1+Kennedy Town Station+Aberdeen (Wu Nam Street),58,1,gmb,Kennedy Town Station,Aberdeen (Wu Nam Street),Kennedy Town Station,Aberdeen (Wu Nam Street),,2002580,HK Bus Crawling
58+2+ Sha Wan Drive + Kennedy Town Station,58,2,gmb, Sha Wan Drive , Kennedy Town Station, Sha Wan Drive , Kennedy Town Station,,2002646,HK Bus Crawling
58+2+Sandy Bay Road+Aberdeen ,58,2,gmb,Sandy Bay Road,Aberdeen ,Sandy Bay Road,Aberdeen ,,2002679,HK Bus Crawling
58A+2+Aberdeen (Wu Nam Street)+Kennedy Town Station,58A,2,gmb,Aberdeen (Wu Nam Street),Kennedy Town Station,Aberdeen (Wu Nam Street),Kennedy Town Station,,2002582,HK Bus Crawling
58A+3+Kennedy Town Station+Aberdeen (Wu Nam Street),58A,3,gmb,Kennedy Town Station,Aberdeen (Wu Nam Street),Kennedy Town Station,Aberdeen (Wu Nam Street),,2002582,HK Bus Crawling
"58K+1+Ping Kong Road, near Ping Kong+Sheung Shui Station Public Light Bus Terminus",58K,1,gmb,"Ping Kong Road, near Ping Kong",Sheung Shui Station Public Light Bus Terminus,"Ping Kong Road, near Ping Kong",Sheung Shui Station Public Light Bus Terminus,,2010203,HK Bus Crawling
"58K+1+Sheung Shui Station Public Light Bus Terminus+Ping Kong Road, near Ping Kong",58K,1,gmb,Sheung Shui Station Public Light Bus Terminus,"Ping Kong Road, near Ping Kong",Sheung Shui Station Public Light Bus Terminus,"Ping Kong Road, near Ping Kong",,2010203,HK Bus Crawling
58M+2+Bel-Air on the Peak+Kennedy Town Station,58M,2,gmb,Bel-Air on the Peak,Kennedy Town Station,Bel-Air on the Peak,Kennedy Town Station,,2002614,HK Bus Crawling
58M+3+Kennedy Town Station+Bel-Air on the Peak,58M,3,gmb,Kennedy Town Station,Bel-Air on the Peak,Kennedy Town Station,Bel-Air on the Peak,,2002614,HK Bus Crawling
59+1+Kennedy Town Station+Shum Wan Road Public Transport Terminus,59,1,gmb,Kennedy Town Station,Shum Wan Road Public Transport Terminus,Kennedy Town Station,Shum Wan Road Public Transport Terminus,,2002712,HK Bus Crawling
59+1+Shum Wan Road Public Transport Terminus+Kennedy Town Station,59,1,gmb,Shum Wan Road Public Transport Terminus,Kennedy Town Station,Shum Wan Road Public Transport Terminus,Kennedy Town Station,,2002712,HK Bus Crawling
59+1+Tsui Ping Estate South+Hip Wo Street (Circular),59,1,gmb,Tsui Ping Estate South,Hip Wo Street (Circular),Tsui Ping Estate South,Hip Wo Street (Circular),,2004397,HK Bus Crawling
59+2+Tsui Ping Estate South+Hip Wo Street (Circular),59,2,gmb,Tsui Ping Estate South,Hip Wo Street (Circular),Tsui Ping Estate South,Hip Wo Street (Circular),,2004857,HK Bus Crawling
59A+1+Sheung Shui Heung+Sheung Shui Station(Circular),59A,1,gmb,Sheung Shui Heung,Sheung Shui Station(Circular),Sheung Shui Heung,Sheung Shui Station(Circular),,2009312,HK Bus Crawling
59A+2+Aberdeen (Tung Sing Road)+Shum Wan Road Public Transport Terminus,59A,2,gmb,Aberdeen (Tung Sing Road),Shum Wan Road Public Transport Terminus,Aberdeen (Tung Sing Road),Shum Wan Road Public Transport Terminus,,2002746,HK Bus Crawling
59A+2+Aberdeen (Tung Sing Road)+South Wave Court,59A,2,gmb,Aberdeen (Tung Sing Road),South Wave Court,Aberdeen (Tung Sing Road),South Wave Court,,2002748,HK Bus Crawling
59A+3+Shum Wan Road Public Transport Terminus+Aberdeen (Tung Sing Road),59A,3,gmb,Shum Wan Road Public Transport Terminus,Aberdeen (Tung Sing Road),Shum Wan Road Public Transport Terminus,Aberdeen (Tung Sing Road),,2002746,HK Bus Crawling
59B+2+Aberdeen (Tung Sing Road)+Shum Wan Road Public Transport Terminus (via Grantham Hospital) (Circular),59B,2,gmb,Aberdeen (Tung Sing Road),Shum Wan Road Public Transport Terminus (via Grantham Hospital) (Circular),Aberdeen (Tung Sing Road),Shum Wan Road Public Transport Terminus (via Grantham Hospital) (Circular),,2002714,HK Bus Crawling
59B+2+Choi Shek Estate+Shek Wu Hui San Fung Avenue (Circular),59B,2,gmb,Choi Shek Estate,Shek Wu Hui San Fung Avenue (Circular),Choi Shek Estate,Shek Wu Hui San Fung Avenue (Circular),,2011292,HK Bus Crawling
59K+1+Lin Ma Hang+Sheung Shui Station,59K,1,gmb,Lin Ma Hang,Sheung Shui Station,Lin Ma Hang,Sheung Shui Station,,2006277,HK Bus Crawling
59K+1+Sheung Shui Station+Lin Ma Hang,59K,1,gmb,Sheung Shui Station,Lin Ma Hang,Sheung Shui Station,Lin Ma Hang,,2006277,HK Bus Crawling
59K+2+Sheung Shui Station+Heung Yuen Wai,59K,2,gmb,Sheung Shui Station,Heung Yuen Wai,Sheung Shui Station,Heung Yuen Wai,,2006279,HK Bus Crawling
59K+2+Sheung Shui Station+Tsung Yuen Ha,59K,2,gmb,Sheung Shui Station,Tsung Yuen Ha,Sheung Shui Station,Tsung Yuen Ha,,2006281,HK Bus Crawling
59K+3+Heung Yuen Wai+Sheung Shui Station,59K,3,gmb,Heung Yuen Wai,Sheung Shui Station,Heung Yuen Wai,Sheung Shui Station,,2006279,HK Bus Crawling
59K+3+Tsung Yuen Ha+Sheung Shui Station,59K,3,gmb,Tsung Yuen Ha,Sheung Shui Station,Tsung Yuen Ha,Sheung Shui Station,,2006281,HK Bus Crawling
59M+2+Tsui Ping Estate South+Fuk Tong Road (Circular),59M,2,gmb,Tsui Ping Estate South,Fuk Tong Road (Circular),Tsui Ping Estate South,Fuk Tong Road (Circular),,2004398,HK Bus Crawling
59S+1+Heung Yuen Wai Boundary Control Point+Sheung Shui Station,59S,1,gmb,Heung Yuen Wai Boundary Control Point,Sheung Shui Station,Heung Yuen Wai Boundary Control Point,Sheung Shui Station,,2009180,HK Bus Crawling
59S+1+Sheung Shui Station+Heung Yuen Wai Boundary Control Point,59S,1,gmb,Sheung Shui Station,Heung Yuen Wai Boundary Control Point,Sheung Shui Station,Heung Yuen Wai Boundary Control Point,,2009180,HK Bus Crawling
59X+2+Kennedy Town Station+Grantham Hospital,59X,2,gmb,Kennedy Town Station,Grantham Hospital,Kennedy Town Station,Grantham Hospital,,2002745,HK Bus Crawling
5M+1+Waterloo Hill (Hok Yu Lane)+Mong Kok Station(Circular),5M,1,gmb,Waterloo Hill (Hok Yu Lane),Mong Kok Station(Circular),Waterloo Hill (Hok Yu Lane),Mong Kok Station(Circular),,2003537,HK Bus Crawling
5M+2+Waterloo Hill (Hok Yu Lane)+Mong Kok Station(Circular)(via Argyle Street),5M,2,gmb,Waterloo Hill (Hok Yu Lane),Mong Kok Station(Circular)(via Argyle Street),Waterloo Hill (Hok Yu Lane),Mong Kok Station(Circular)(via Argyle Street),,2003570,HK Bus Crawling
5M+2+Waterloo Hill (Hok Yu Lane)+Mong Kok Station(Circular)(via Fa Yuen Street),5M,2,gmb,Waterloo Hill (Hok Yu Lane),Mong Kok Station(Circular)(via Fa Yuen Street),Waterloo Hill (Hok Yu Lane),Mong Kok Station(Circular)(via Fa Yuen Street),,2003538,HK Bus Crawling
5M+2+Wong Chuk Hang Station+Grantham Hospital,5M,2,gmb,Wong Chuk Hang Station,Grantham Hospital,Wong Chuk Hang Station,Grantham Hospital,,2004077,HK Bus Crawling
5M+3+Grantham Hospital+Wong Chuk Hang Station,5M,3,gmb,Grantham Hospital,Wong Chuk Hang Station,Grantham Hospital,Wong Chuk Hang Station,,2004077,HK Bus Crawling
60+1+Lam Tin+Shun Lee Estate (Circular),60,1,gmb,Lam Tin,Shun Lee Estate (Circular),Lam Tin,Shun Lee Estate (Circular),,2006012,HK Bus Crawling
601+1+Pak Wai Tsuen+元朗 (凤翔路),601,1,gmb,Pak Wai Tsuen,元朗 (凤翔路),Pak Wai Tsuen,元朗 (凤翔路),,2008685,HK Bus Crawling
601+1+Yuen Long (Fung Cheung Road)+Pak Wai Tsuen,601,1,gmb,Yuen Long (Fung Cheung Road),Pak Wai Tsuen,Yuen Long (Fung Cheung Road),Pak Wai Tsuen,,2008685,HK Bus Crawling
601B+1+Pak Wai Tsuen+Kam Sheung Road Station (Circular),601B,1,gmb,Pak Wai Tsuen,Kam Sheung Road Station (Circular),Pak Wai Tsuen,Kam Sheung Road Station (Circular),,2008718,HK Bus Crawling
601C+1+Yuen Long (Fung Cheung Road)+Kam Sheung Road Station (Circular),601C,1,gmb,Yuen Long (Fung Cheung Road),Kam Sheung Road Station (Circular),Yuen Long (Fung Cheung Road),Kam Sheung Road Station (Circular),,2008719,HK Bus Crawling
602+1+Tai Kong Po+Yuen Long (Fung Cheung Road),602,1,gmb,Tai Kong Po,Yuen Long (Fung Cheung Road),Tai Kong Po,Yuen Long (Fung Cheung Road),,2008751,HK Bus Crawling
602+1+Yuen Long (Fung Cheung Road)+Tai Kong Po,602,1,gmb,Yuen Long (Fung Cheung Road),Tai Kong Po,Yuen Long (Fung Cheung Road),Tai Kong Po,,2008751,HK Bus Crawling
602C+1+Yuen Long (Fung Cheung Road)+Kam Sheung Road Station (Circular),602C,1,gmb,Yuen Long (Fung Cheung Road),Kam Sheung Road Station (Circular),Yuen Long (Fung Cheung Road),Kam Sheung Road Station (Circular),,2008752,HK Bus Crawling
603+1+Fung Kat Heung+Yuen Long (Fung Cheung Road),603,1,gmb,Fung Kat Heung,Yuen Long (Fung Cheung Road),Fung Kat Heung,Yuen Long (Fung Cheung Road),,2008753,HK Bus Crawling
603+1+Yuen Long (Fung Cheung Road)+Fung Kat Heung,603,1,gmb,Yuen Long (Fung Cheung Road),Fung Kat Heung,Yuen Long (Fung Cheung Road),Fung Kat Heung,,2008753,HK Bus Crawling
604+1+Shan Ha Tsuen+Yuen Long (Fung Cheung Road),604,1,gmb,Shan Ha Tsuen,Yuen Long (Fung Cheung Road),Shan Ha Tsuen,Yuen Long (Fung Cheung Road),,2008754,HK Bus Crawling
604+1+Yuen Long (Fung Cheung Road)+Shan Ha Tsuen,604,1,gmb,Yuen Long (Fung Cheung Road),Shan Ha Tsuen,Yuen Long (Fung Cheung Road),Shan Ha Tsuen,,2008754,HK Bus Crawling
605+1+Ki Lun Tsuen+Sheung Shui Station,605,1,gmb,Ki Lun Tsuen,Sheung Shui Station,Ki Lun Tsuen,Sheung Shui Station,,2008784,HK Bus Crawling
605+1+Sheung Shui Station+Ki Lun Tsuen,605,1,gmb,Sheung Shui Station,Ki Lun Tsuen,Sheung Shui Station,Ki Lun Tsuen,,2008784,HK Bus Crawling
606S+1+Tsim Sha Tsui East (Mody Road)+Yuen Long (Fung Cheung Road),606S,1,gmb,Tsim Sha Tsui East (Mody Road),Yuen Long (Fung Cheung Road),Tsim Sha Tsui East (Mody Road),Yuen Long (Fung Cheung Road),,2008786,HK Bus Crawling
606S+1+Yuen Long (Fung Cheung Road)+Tsim Sha Tsui East (Mody Road),606S,1,gmb,Yuen Long (Fung Cheung Road),Tsim Sha Tsui East (Mody Road),Yuen Long (Fung Cheung Road),Tsim Sha Tsui East (Mody Road),,2008786,HK Bus Crawling
608+1+Wang Toi Shan (Pat Heung)+Yuen Long (Fung Cheung Road) (Circular),608,1,gmb,Wang Toi Shan (Pat Heung),Yuen Long (Fung Cheung Road) (Circular),Wang Toi Shan (Pat Heung),Yuen Long (Fung Cheung Road) (Circular),,2001194,HK Bus Crawling
608+2+Wang Toi Shan (Pat Heung)+Kam Sheung Road Station(Circular),608,2,gmb,Wang Toi Shan (Pat Heung),Kam Sheung Road Station(Circular),Wang Toi Shan (Pat Heung),Kam Sheung Road Station(Circular),,2001195,HK Bus Crawling
608S+2+CONCORDIA Tsat Sing Kong Public Light Bus Terminus+Kam Sheung Road Station Public Transport Interchange (Circular),608S,2,gmb,CONCORDIA Tsat Sing Kong Public Light Bus Terminus,Kam Sheung Road Station Public Transport Interchange (Circular),CONCORDIA Tsat Sing Kong Public Light Bus Terminus,Kam Sheung Road Station Public Transport Interchange (Circular),,2010236,HK Bus Crawling
609+1+Yuen Long Stadium+Pok Oi Hospital (Circular),609,1,gmb,Yuen Long Stadium,Pok Oi Hospital (Circular),Yuen Long Stadium,Pok Oi Hospital (Circular),,2001196,HK Bus Crawling
609B+1+Long Shin Estate+Yuen Long Station (Circular),609B,1,gmb,Long Shin Estate,Yuen Long Station (Circular),Long Shin Estate,Yuen Long Station (Circular),,2001197,HK Bus Crawling
609B+2+Long Shin Estate+Yuen Long station (Circular),609B,2,gmb,Long Shin Estate,Yuen Long station (Circular),Long Shin Estate,Yuen Long station (Circular),,2001200,HK Bus Crawling
609S+1+Long Shin Estate+Yuen Long Station (North) Public Transport Interchange,609S,1,gmb,Long Shin Estate,Yuen Long Station (North) Public Transport Interchange,Long Shin Estate,Yuen Long Station (North) Public Transport Interchange,,2001208,HK Bus Crawling
609S+2+Long Shin Estate+Yuen Long Station (North) Public Transport Interchange,609S,2,gmb,Long Shin Estate,Yuen Long Station (North) Public Transport Interchange,Long Shin Estate,Yuen Long Station (North) Public Transport Interchange,,2001209,HK Bus Crawling
60C+2+Sha Tin Station+Fo Tan Cottage Area,60C,2,gmb,Sha Tin Station,Fo Tan Cottage Area,Sha Tin Station,Fo Tan Cottage Area,,2011094,HK Bus Crawling
60K+1+Fo Tan Cottage Area+Sha Tin Station,60K,1,gmb,Fo Tan Cottage Area,Sha Tin Station,Fo Tan Cottage Area,Sha Tin Station,,2003669,HK Bus Crawling
60K+1+Sha Tin Station+Fo Tan Cottage Area,60K,1,gmb,Sha Tin Station,Fo Tan Cottage Area,Sha Tin Station,Fo Tan Cottage Area,,2003669,HK Bus Crawling
60K+2+Sha Tin Station+Wong Chuk Yeung Village,60K,2,gmb,Sha Tin Station,Wong Chuk Yeung Village,Sha Tin Station,Wong Chuk Yeung Village,,2003903,HK Bus Crawling
60K+3+Wong Chuk Yeung Village+Sha Tin Station,60K,3,gmb,Wong Chuk Yeung Village,Sha Tin Station,Wong Chuk Yeung Village,Sha Tin Station,,2003903,HK Bus Crawling
60P+2+Sha Tin Station+Fo Tan Chun Yeung Estate Public Transport Lay-bys,60P,2,gmb,Sha Tin Station,Fo Tan Chun Yeung Estate Public Transport Lay-bys,Sha Tin Station,Fo Tan Chun Yeung Estate Public Transport Lay-bys,,2003671,HK Bus Crawling
60P+3+Fo Tan Chun Yeung Estate Public Transport Lay-bys+Sha Tin Station,60P,3,gmb,Fo Tan Chun Yeung Estate Public Transport Lay-bys,Sha Tin Station,Fo Tan Chun Yeung Estate Public Transport Lay-bys,Sha Tin Station,,2003671,HK Bus Crawling
60R+2+Sha Tin Station+Sha Tin Racecourse (Penfold Park),60R,2,gmb,Sha Tin Station,Sha Tin Racecourse (Penfold Park),Sha Tin Station,Sha Tin Racecourse (Penfold Park),,2003673,HK Bus Crawling
60R+3+Sha Tin Racecourse (Penfold Park)+Sha Tin Station,60R,3,gmb,Sha Tin Racecourse (Penfold Park),Sha Tin Station,Sha Tin Racecourse (Penfold Park),Sha Tin Station,,2003673,HK Bus Crawling
61+2+Siu Sai Wan (Island Resort)+Mong Kok (Fife Street),61,2,gmb,Siu Sai Wan (Island Resort),Mong Kok (Fife Street),Siu Sai Wan (Island Resort),Mong Kok (Fife Street),,2004084,HK Bus Crawling
61+3+Mong Kok (Fife Street)+Siu Sai Wan (Island Resort),61,3,gmb,Mong Kok (Fife Street),Siu Sai Wan (Island Resort),Mong Kok (Fife Street),Siu Sai Wan (Island Resort),,2004084,HK Bus Crawling
610S+1+Tin Shui Wai (Tin Shui Estate)+Tsim Sha Tsui (Haiphong Road),610S,1,gmb,Tin Shui Wai (Tin Shui Estate),Tsim Sha Tsui (Haiphong Road),Tin Shui Wai (Tin Shui Estate),Tsim Sha Tsui (Haiphong Road),,2001161,HK Bus Crawling
610S+1+Tsim Sha Tsui (Haiphong Road)+Tin Shui Wai (Tin Shui Estate),610S,1,gmb,Tsim Sha Tsui (Haiphong Road),Tin Shui Wai (Tin Shui Estate),Tsim Sha Tsui (Haiphong Road),Tin Shui Wai (Tin Shui Estate),,2001161,HK Bus Crawling
611+1+Shan Pui Road+Fau Tsoi Street (Circular),611,1,gmb,Shan Pui Road,Fau Tsoi Street (Circular),Shan Pui Road,Fau Tsoi Street (Circular),,2008595,HK Bus Crawling
611A+1+Yuen Long Station+Shan Pui Road (Circular),611A,1,gmb,Yuen Long Station,Shan Pui Road (Circular),Yuen Long Station,Shan Pui Road (Circular),,2008597,HK Bus Crawling
611B+1+Kwan Lok Lane+Yuen Long Station (Circular),611B,1,gmb,Kwan Lok Lane,Yuen Long Station (Circular),Kwan Lok Lane,Yuen Long Station (Circular),,2008598,HK Bus Crawling
611B+2+Tak Yip Street+Fau Tsoi Street (Circular),611B,2,gmb,Tak Yip Street,Fau Tsoi Street (Circular),Tak Yip Street,Fau Tsoi Street (Circular),,2008599,HK Bus Crawling
611P+1+Shan Pui Road+安信街(循环线),611P,1,gmb,Shan Pui Road,安信街(循环线),Shan Pui Road,安信街(循环线),,2008603,HK Bus Crawling
611S+1+United Court (Shan Pui Road)+Yuen Long Station (Circular),611S,1,gmb,United Court (Shan Pui Road),Yuen Long Station (Circular),United Court (Shan Pui Road),Yuen Long Station (Circular),,2008620,HK Bus Crawling
616S+2+Mong Kok+Lok Ma Chau Control Point,616S,2,gmb,Mong Kok,Lok Ma Chau Control Point,Mong Kok,Lok Ma Chau Control Point,,2004762,HK Bus Crawling
616S+3+Lok Ma Chau Control Point+Mong Kok,616S,3,gmb,Lok Ma Chau Control Point,Mong Kok,Lok Ma Chau Control Point,Mong Kok,,2004762,HK Bus Crawling
618+1+Shenzhen Bay Port+Tin Shui Wai (Tin Yan Estate),618,1,gmb,Shenzhen Bay Port,Tin Shui Wai (Tin Yan Estate),Shenzhen Bay Port,Tin Shui Wai (Tin Yan Estate),,2007438,HK Bus Crawling
618+1+Tin Shui Wai (Tin Yan Estate)+Shenzhen Bay Port,618,1,gmb,Tin Shui Wai (Tin Yan Estate),Shenzhen Bay Port,Tin Shui Wai (Tin Yan Estate),Shenzhen Bay Port,,2007438,HK Bus Crawling
618A+2+Tin Shui Wai (Tin Yan Estate)+Shenzhen Bay Port,618A,2,gmb,Tin Shui Wai (Tin Yan Estate),Shenzhen Bay Port,Tin Shui Wai (Tin Yan Estate),Shenzhen Bay Port,,2009906,HK Bus Crawling
618B+2+Tin Shui Wai (Wetland Park Road)+Shenzhen Bay Port,618B,2,gmb,Tin Shui Wai (Wetland Park Road),Shenzhen Bay Port,Tin Shui Wai (Wetland Park Road),Shenzhen Bay Port,,2010434,HK Bus Crawling
61M+1+Kowloon Tong (Suffolk Road) Public Transport Interchange+Worldwide Garden,61M,1,gmb,Kowloon Tong (Suffolk Road) Public Transport Interchange,Worldwide Garden,Kowloon Tong (Suffolk Road) Public Transport Interchange,Worldwide Garden,,2003675,HK Bus Crawling
61M+1+Worldwide Garden+Kowloon Tong (Suffolk Road) Public Transport Interchange,61M,1,gmb,Worldwide Garden,Kowloon Tong (Suffolk Road) Public Transport Interchange,Worldwide Garden,Kowloon Tong (Suffolk Road) Public Transport Interchange,,2003675,HK Bus Crawling
61M+2+Worldwide Garden+Tai Wai Station Public Transport Interchange,61M,2,gmb,Worldwide Garden,Tai Wai Station Public Transport Interchange,Worldwide Garden,Tai Wai Station Public Transport Interchange,,2003677,HK Bus Crawling
61M+3+Tai Wai Station Public Transport Interchange+Worldwide Garden,61M,3,gmb,Tai Wai Station Public Transport Interchange,Worldwide Garden,Tai Wai Station Public Transport Interchange,Worldwide Garden,,2003677,HK Bus Crawling
61S+1+FO TAN+MONG KOK STATION,61S,1,gmb,FO TAN,MONG KOK STATION,FO TAN,MONG KOK STATION,,2003681,HK Bus Crawling
61S+1+Lek Yuen ／ Wo Che+Mong Kok Station,61S,1,gmb,Lek Yuen ／ Wo Che,Mong Kok Station,Lek Yuen ／ Wo Che,Mong Kok Station,,2003683,HK Bus Crawling
61S+1+MONG KOK STATION+FO TAN,61S,1,gmb,MONG KOK STATION,FO TAN,MONG KOK STATION,FO TAN,,2003681,HK Bus Crawling
61S+1+Mong Kok Station+Lek Yuen ／ Wo Che,61S,1,gmb,Mong Kok Station,Lek Yuen ／ Wo Che,Mong Kok Station,Lek Yuen ／ Wo Che,,2003683,HK Bus Crawling
62+1+Heng Fa Chuen Public Transport Interchange+Siu Sai Wan (Cheerful Garden) (Circular),62,1,gmb,Heng Fa Chuen Public Transport Interchange,Siu Sai Wan (Cheerful Garden) (Circular),Heng Fa Chuen Public Transport Interchange,Siu Sai Wan (Cheerful Garden) (Circular),,2004090,HK Bus Crawling
620+1+Kam Sheung Road Station Public Transport Interchange+Park YOHO Transport Interchange,620,1,gmb,Kam Sheung Road Station Public Transport Interchange,Park YOHO Transport Interchange,Kam Sheung Road Station Public Transport Interchange,Park YOHO Transport Interchange,,2008785,HK Bus Crawling
620+1+Park YOHO Transport Interchange+Kam Sheung Road Station Public Transport Interchange,620,1,gmb,Park YOHO Transport Interchange,Kam Sheung Road Station Public Transport Interchange,Park YOHO Transport Interchange,Kam Sheung Road Station Public Transport Interchange,,2008785,HK Bus Crawling
621+1+Hung Shui Kiu (Hung Yuen Road) +Tin Shui Wai North (Wetland Park Road) (via Tin Shui Wai Hospital) (Circular),621,1,gmb,Hung Shui Kiu (Hung Yuen Road) ,Tin Shui Wai North (Wetland Park Road) (via Tin Shui Wai Hospital) (Circular),Hung Shui Kiu (Hung Yuen Road) ,Tin Shui Wai North (Wetland Park Road) (via Tin Shui Wai Hospital) (Circular),,2009774,HK Bus Crawling
621+2+Hung Shui Kiu (Hung Yuen Road) +Tin Shui Wai North (Wetland Park Road) (via Tin Shui Wai Hospital) (Circular),621,2,gmb,Hung Shui Kiu (Hung Yuen Road) ,Tin Shui Wai North (Wetland Park Road) (via Tin Shui Wai Hospital) (Circular),Hung Shui Kiu (Hung Yuen Road) ,Tin Shui Wai North (Wetland Park Road) (via Tin Shui Wai Hospital) (Circular),,2009807,HK Bus Crawling
623+1+Kong Tau Tsuen+Yuen Long (Fung Cheung Road),623,1,gmb,Kong Tau Tsuen,Yuen Long (Fung Cheung Road),Kong Tau Tsuen,Yuen Long (Fung Cheung Road),,2001591,HK Bus Crawling
623+1+Yuen Long (Fung Cheung Road)+Kong Tau Tsuen,623,1,gmb,Yuen Long (Fung Cheung Road),Kong Tau Tsuen,Yuen Long (Fung Cheung Road),Kong Tau Tsuen,,2001591,HK Bus Crawling
624+1+Park YOHO Transport Terminus+Yuen Long Station (Long Ming Street)(Circular),624,1,gmb,Park YOHO Transport Terminus,Yuen Long Station (Long Ming Street)(Circular),Park YOHO Transport Terminus,Yuen Long Station (Long Ming Street)(Circular),,2010635,HK Bus Crawling
62A+1+Heng Fa Chuen Public Transport Interchange+Siu Sai Wan (Island Resort) Public Transport Interchange,62A,1,gmb,Heng Fa Chuen Public Transport Interchange,Siu Sai Wan (Island Resort) Public Transport Interchange,Heng Fa Chuen Public Transport Interchange,Siu Sai Wan (Island Resort) Public Transport Interchange,,2004091,HK Bus Crawling
62A+1+Siu Sai Wan (Island Resort) Public Transport Interchange+Heng Fa Chuen Public Transport Interchange,62A,1,gmb,Siu Sai Wan (Island Resort) Public Transport Interchange,Heng Fa Chuen Public Transport Interchange,Siu Sai Wan (Island Resort) Public Transport Interchange,Heng Fa Chuen Public Transport Interchange,,2004091,HK Bus Crawling
62K+1+Sha Tin Station+Shatin Lodge,62K,1,gmb,Sha Tin Station,Shatin Lodge,Sha Tin Station,Shatin Lodge,,2003679,HK Bus Crawling
62K+1+Shatin Lodge+Sha Tin Station,62K,1,gmb,Shatin Lodge,Sha Tin Station,Shatin Lodge,Sha Tin Station,,2003679,HK Bus Crawling
62S+1+Lam Tin (Kwong Tin Estate)+Tsim Sha Tsui,62S,1,gmb,Lam Tin (Kwong Tin Estate),Tsim Sha Tsui,Lam Tin (Kwong Tin Estate),Tsim Sha Tsui,,2004395,HK Bus Crawling
62S+1+Tsim Sha Tsui+Lam Tin (Kwong Tin Estate),62S,1,gmb,Tsim Sha Tsui,Lam Tin (Kwong Tin Estate),Tsim Sha Tsui,Lam Tin (Kwong Tin Estate),,2004395,HK Bus Crawling
63+1+Lam Tin (Kwong Tin Estate)+Yue Man Square Public Transport Interchange (Circular),63,1,gmb,Lam Tin (Kwong Tin Estate),Yue Man Square Public Transport Interchange (Circular),Lam Tin (Kwong Tin Estate),Yue Man Square Public Transport Interchange (Circular),,2004396,HK Bus Crawling
63+1+Queen Mary Hospital+South Horizons,63,1,gmb,Queen Mary Hospital,South Horizons,Queen Mary Hospital,South Horizons,,2003405,HK Bus Crawling
63+1+South Horizons+Queen Mary Hospital,63,1,gmb,South Horizons,Queen Mary Hospital,South Horizons,Queen Mary Hospital,,2003405,HK Bus Crawling
63A+2+Aberdeen (Nam Ning Street)+Wah Fu Estate (Circular),63A,2,gmb,Aberdeen (Nam Ning Street),Wah Fu Estate (Circular),Aberdeen (Nam Ning Street),Wah Fu Estate (Circular),,2003408,HK Bus Crawling
63A+2+Mei Chung Court+Tai Wai Station (Tsuen Nam Road),63A,2,gmb,Mei Chung Court,Tai Wai Station (Tsuen Nam Road),Mei Chung Court,Tai Wai Station (Tsuen Nam Road),,2008224,HK Bus Crawling
63A+3+Tai Wai Station (Tsuen Nam Road)+Mei Chung Court,63A,3,gmb,Tai Wai Station (Tsuen Nam Road),Mei Chung Court,Tai Wai Station (Tsuen Nam Road),Mei Chung Court,,2008224,HK Bus Crawling
63B+2+Granville Garden+Tai Wai Station (Tsuen Nam Road),63B,2,gmb,Granville Garden,Tai Wai Station (Tsuen Nam Road),Granville Garden,Tai Wai Station (Tsuen Nam Road),,2008225,HK Bus Crawling
63B+3+Tai Wai Station (Tsuen Nam Road)+Granville Garden,63B,3,gmb,Tai Wai Station (Tsuen Nam Road),Granville Garden,Tai Wai Station (Tsuen Nam Road),Granville Garden,,2008225,HK Bus Crawling
63K+1+Mei Tin Estate Public Transport Interchange+Tai Wai Station (Tsuen Nam Road),63K,1,gmb,Mei Tin Estate Public Transport Interchange,Tai Wai Station (Tsuen Nam Road),Mei Tin Estate Public Transport Interchange,Tai Wai Station (Tsuen Nam Road),,2008223,HK Bus Crawling
63K+1+Tai Wai Station (Tsuen Nam Road)+Mei Tin Estate Public Transport Interchange,63K,1,gmb,Tai Wai Station (Tsuen Nam Road),Mei Tin Estate Public Transport Interchange,Tai Wai Station (Tsuen Nam Road),Mei Tin Estate Public Transport Interchange,,2008223,HK Bus Crawling
63S+2+Mei Tin Estate Public Transport Interchange+Mong Kok,63S,2,gmb,Mei Tin Estate Public Transport Interchange,Mong Kok,Mei Tin Estate Public Transport Interchange,Mong Kok,,2008226,HK Bus Crawling
63S+3+Mong Kok+Mei Tin Estate Public Transport Interchange,63S,3,gmb,Mong Kok,Mei Tin Estate Public Transport Interchange,Mong Kok,Mei Tin Estate Public Transport Interchange,,2008226,HK Bus Crawling
64A+2+Pui Kiu College+Tai Wai Station (Tsuen Nam Road),64A,2,gmb,Pui Kiu College,Tai Wai Station (Tsuen Nam Road),Pui Kiu College,Tai Wai Station (Tsuen Nam Road),,2006244,HK Bus Crawling
64K+1+Fu Shan+Tai Wai Station (Tsuen Nam Road),64K,1,gmb,Fu Shan,Tai Wai Station (Tsuen Nam Road),Fu Shan,Tai Wai Station (Tsuen Nam Road),,2008227,HK Bus Crawling
64K+1+Tai Wai Station (Tsuen Nam Road)+Fu Shan,64K,1,gmb,Tai Wai Station (Tsuen Nam Road),Fu Shan,Tai Wai Station (Tsuen Nam Road),Fu Shan,,2008227,HK Bus Crawling
65+1+North Point (Fort Street)+Pamela Youde Nethersole Eastern Hospital,65,1,gmb,North Point (Fort Street),Pamela Youde Nethersole Eastern Hospital,North Point (Fort Street),Pamela Youde Nethersole Eastern Hospital,,2008025,HK Bus Crawling
65+1+Pamela Youde Nethersole Eastern Hospital+North Point (Fort Street),65,1,gmb,Pamela Youde Nethersole Eastern Hospital,North Point (Fort Street),Pamela Youde Nethersole Eastern Hospital,North Point (Fort Street),,2008025,HK Bus Crawling
65A+2+Chai Wan (Hong Man Street)+Quarry Bay (via Pamela Youde Nethersole Eastern Hospital)(Circular),65A,2,gmb,Chai Wan (Hong Man Street),Quarry Bay (via Pamela Youde Nethersole Eastern Hospital)(Circular),Chai Wan (Hong Man Street),Quarry Bay (via Pamela Youde Nethersole Eastern Hospital)(Circular),,2008060,HK Bus Crawling
65A+2+Wong Nai Tau+Sha Tin Central,65A,2,gmb,Wong Nai Tau,Sha Tin Central,Wong Nai Tau,Sha Tin Central,,2009082,HK Bus Crawling
65A+2+Wong Nai Tau+Sha Tin Station,65A,2,gmb,Wong Nai Tau,Sha Tin Station,Wong Nai Tau,Sha Tin Station,,2009114,HK Bus Crawling
65A+3+Sha Tin Central+Wong Nai Tau,65A,3,gmb,Sha Tin Central,Wong Nai Tau,Sha Tin Central,Wong Nai Tau,,2009082,HK Bus Crawling
65A+3+Sha Tin Station+Wong Nai Tau,65A,3,gmb,Sha Tin Station,Wong Nai Tau,Sha Tin Station,Wong Nai Tau,,2009114,HK Bus Crawling
65K+1+Wong Nai Tau+Fo Tan Station (Circular),65K,1,gmb,Wong Nai Tau,Fo Tan Station (Circular),Wong Nai Tau,Fo Tan Station (Circular),,2009081,HK Bus Crawling
65M+2+Wong Nai Tau+Shek Mun Station,65M,2,gmb,Wong Nai Tau,Shek Mun Station,Wong Nai Tau,Shek Mun Station,,2009115,HK Bus Crawling
65M+3+Shek Mun Station+Wong Nai Tau,65M,3,gmb,Shek Mun Station,Wong Nai Tau,Shek Mun Station,Wong Nai Tau,,2009115,HK Bus Crawling
65S+1+Wong Nai Tau+Mong Kok Station (Circular),65S,1,gmb,Wong Nai Tau,Mong Kok Station (Circular),Wong Nai Tau,Mong Kok Station (Circular),,2009116,HK Bus Crawling
65X+2+Pamela Youde Nethersole Eastern Hospital+North Point Ferry Pier Public Transport Interchange,65X,2,gmb,Pamela Youde Nethersole Eastern Hospital,North Point Ferry Pier Public Transport Interchange,Pamela Youde Nethersole Eastern Hospital,North Point Ferry Pier Public Transport Interchange,,2008092,HK Bus Crawling
65X+2+Wong Nai Tau+City One Station (Circular),65X,2,gmb,Wong Nai Tau,City One Station (Circular),Wong Nai Tau,City One Station (Circular),,2011160,HK Bus Crawling
65X+3+North Point Ferry Pier Public Transport Interchange+Pamela Youde Nethersole Eastern Hospital,65X,3,gmb,North Point Ferry Pier Public Transport Interchange,Pamela Youde Nethersole Eastern Hospital,North Point Ferry Pier Public Transport Interchange,Pamela Youde Nethersole Eastern Hospital,,2008092,HK Bus Crawling
66+2+Aldrich Bay+Chai Wan (Wan Tsui Road),66,2,gmb,Aldrich Bay,Chai Wan (Wan Tsui Road),Aldrich Bay,Chai Wan (Wan Tsui Road),,2005293,HK Bus Crawling
66A+2+Aldrich Bay+Pamela Youde Nethesole Eastern Hospital,66A,2,gmb,Aldrich Bay,Pamela Youde Nethesole Eastern Hospital,Aldrich Bay,Pamela Youde Nethesole Eastern Hospital,,2005294,HK Bus Crawling
66K+1+Sha Tin Station+Kau To (Circular),66K,1,gmb,Sha Tin Station,Kau To (Circular),Sha Tin Station,Kau To (Circular),,2009117,HK Bus Crawling
66S+2+Hammer Hill Road+Mong Kok,66S,2,gmb,Hammer Hill Road,Mong Kok,Hammer Hill Road,Mong Kok,,2007433,HK Bus Crawling
66S+3+Mong Kok+Hammer Hill Road,66S,3,gmb,Mong Kok,Hammer Hill Road,Mong Kok,Hammer Hill Road,,2007433,HK Bus Crawling
67A+2+Shek Mun Estate+Sha Tin Station,67A,2,gmb,Shek Mun Estate,Sha Tin Station,Shek Mun Estate,Sha Tin Station,,2009119,HK Bus Crawling
67A+3+Sha Tin Station+Shek Mun Estate,67A,3,gmb,Sha Tin Station,Shek Mun Estate,Sha Tin Station,Shek Mun Estate,,2009119,HK Bus Crawling
67K+1+A Kung Kok+Sha Tin  Station,67K,1,gmb,A Kung Kok,Sha Tin  Station,A Kung Kok,Sha Tin  Station,,2009118,HK Bus Crawling
67K+1+Sha Tin  Station+A Kung Kok,67K,1,gmb,Sha Tin  Station,A Kung Kok,Sha Tin  Station,A Kung Kok,,2009118,HK Bus Crawling
68+1+Choi Wan Estate+Kowloon Bay(Circular),68,1,gmb,Choi Wan Estate,Kowloon Bay(Circular),Choi Wan Estate,Kowloon Bay(Circular),,2011358,HK Bus Crawling
68+2+Aldrich Bay+Quarry Bay (Hoi Wan Street),68,2,gmb,Aldrich Bay,Quarry Bay (Hoi Wan Street),Aldrich Bay,Quarry Bay (Hoi Wan Street),,2005295,HK Bus Crawling
68K+1+Julimount Garden+Sha Tin Station (Pai Tau Street),68K,1,gmb,Julimount Garden,Sha Tin Station (Pai Tau Street),Julimount Garden,Sha Tin Station (Pai Tau Street),,2007762,HK Bus Crawling
68K+1+Sha Tin Station (Pai Tau Street)+Julimount Garden,68K,1,gmb,Sha Tin Station (Pai Tau Street),Julimount Garden,Sha Tin Station (Pai Tau Street),Julimount Garden,,2007762,HK Bus Crawling
68K+2+Tai Wai Station Public Transport Interchange+Julimount Garden,68K,2,gmb,Tai Wai Station Public Transport Interchange,Julimount Garden,Tai Wai Station Public Transport Interchange,Julimount Garden,,2007765,HK Bus Crawling
68K+3+Julimount Garden+Tai Wai Station Public Transport Interchange,68K,3,gmb,Julimount Garden,Tai Wai Station Public Transport Interchange,Julimount Garden,Tai Wai Station Public Transport Interchange,,2007765,HK Bus Crawling
68S+2+Julimount Garden+Hin Keng Station,68S,2,gmb,Julimount Garden,Hin Keng Station,Julimount Garden,Hin Keng Station,,2007764,HK Bus Crawling
68S+3+Hin Keng Station+Julimount Garden,68S,3,gmb,Hin Keng Station,Julimount Garden,Hin Keng Station,Julimount Garden,,2007764,HK Bus Crawling
69+1+Cyberport+Quarry Bay (Shipyard Lane) (Circular),69,1,gmb,Cyberport,Quarry Bay (Shipyard Lane) (Circular),Cyberport,Quarry Bay (Shipyard Lane) (Circular),,2000410,HK Bus Crawling
69+1+Kowloon City (Lion Rock Road)+Laguna City,69,1,gmb,Kowloon City (Lion Rock Road),Laguna City,Kowloon City (Lion Rock Road),Laguna City,,2006936,HK Bus Crawling
69+1+Laguna City+Kowloon City (Lion Rock Road),69,1,gmb,Laguna City,Kowloon City (Lion Rock Road),Laguna City,Kowloon City (Lion Rock Road),,2006936,HK Bus Crawling
69+2+Laguna City+Kowloon Bay (Zero Carbon Building),69,2,gmb,Laguna City,Kowloon Bay (Zero Carbon Building),Laguna City,Kowloon Bay (Zero Carbon Building),,2007169,HK Bus Crawling
69+2+Laguna City+Kowloon City (Lion Rock Road),69,2,gmb,Laguna City,Kowloon City (Lion Rock Road),Laguna City,Kowloon City (Lion Rock Road),,2007035,HK Bus Crawling
69+3+Kowloon Bay (Zero Carbon Building)+Laguna City,69,3,gmb,Kowloon Bay (Zero Carbon Building),Laguna City,Kowloon Bay (Zero Carbon Building),Laguna City,,2007169,HK Bus Crawling
69A+1+Cyberport+Wong Chuk Hang Station,69A,1,gmb,Cyberport,Wong Chuk Hang Station,Cyberport,Wong Chuk Hang Station,,2000819,HK Bus Crawling
69A+1+Wong Chuk Hang Station+Cyberport,69A,1,gmb,Wong Chuk Hang Station,Cyberport,Wong Chuk Hang Station,Cyberport,,2000819,HK Bus Crawling
69A+2+Laguna City+Tung Choi Street,69A,2,gmb,Laguna City,Tung Choi Street,Laguna City,Tung Choi Street,,2007068,HK Bus Crawling
69A+3+Laguna City+Tung Choi Street,69A,3,gmb,Laguna City,Tung Choi Street,Laguna City,Tung Choi Street,,2007168,HK Bus Crawling
69A+3+Tung Choi Street+Laguna City,69A,3,gmb,Tung Choi Street,Laguna City,Tung Choi Street,Laguna City,,2007068,HK Bus Crawling
69K+1+Sha Tin Station (Pai Tau Street)+Ville De Jardin ／ Greenwood Terrace,69K,1,gmb,Sha Tin Station (Pai Tau Street),Ville De Jardin ／ Greenwood Terrace,Sha Tin Station (Pai Tau Street),Ville De Jardin ／ Greenwood Terrace,,2007766,HK Bus Crawling
69K+1+Ville De Jardin ／ Greenwood Terrace+Sha Tin Station (Pai Tau Street),69K,1,gmb,Ville De Jardin ／ Greenwood Terrace,Sha Tin Station (Pai Tau Street),Ville De Jardin ／ Greenwood Terrace,Sha Tin Station (Pai Tau Street),,2007766,HK Bus Crawling
69X+1+Causeway Bay (Lockhart Road)+Cyberport,69X,1,gmb,Causeway Bay (Lockhart Road),Cyberport,Causeway Bay (Lockhart Road),Cyberport,,2000511,HK Bus Crawling
69X+1+Cyberport+Causeway Bay (Lockhart Road),69X,1,gmb,Cyberport,Causeway Bay (Lockhart Road),Cyberport,Causeway Bay (Lockhart Road),,2000511,HK Bus Crawling
69X+3+Causeway Bay (Lockhart Road)+Cyberport,69X,3,gmb,Causeway Bay (Lockhart Road),Cyberport,Causeway Bay (Lockhart Road),Cyberport,,2000961,HK Bus Crawling
7+1+Hoi Ha+Sai Kung,7,1,gmb,Hoi Ha,Sai Kung,Hoi Ha,Sai Kung,,2002339,HK Bus Crawling
7+1+Sai Kung+Hoi Ha,7,1,gmb,Sai Kung,Hoi Ha,Sai Kung,Hoi Ha,,2002339,HK Bus Crawling
70+1+Diamond Hill Station Public Transport Interchange+Tai Kok Tsui (Island Harbourview),70,1,gmb,Diamond Hill Station Public Transport Interchange,Tai Kok Tsui (Island Harbourview),Diamond Hill Station Public Transport Interchange,Tai Kok Tsui (Island Harbourview),,2008850,HK Bus Crawling
70+1+Tai Kok Tsui (Island Harbourview)+Diamond Hill Station Public Transport Interchange,70,1,gmb,Tai Kok Tsui (Island Harbourview),Diamond Hill Station Public Transport Interchange,Tai Kok Tsui (Island Harbourview),Diamond Hill Station Public Transport Interchange,,2008850,HK Bus Crawling
70A+2+Diamond Hill Station Public Transport Interchange+Olympic Station Public Transport Interchange,70A,2,gmb,Diamond Hill Station Public Transport Interchange,Olympic Station Public Transport Interchange,Diamond Hill Station Public Transport Interchange,Olympic Station Public Transport Interchange,,2008883,HK Bus Crawling
70A+3+Olympic Station Public Transport Interchange+Diamond Hill Station Public Transport Interchange,70A,3,gmb,Olympic Station Public Transport Interchange,Diamond Hill Station Public Transport Interchange,Olympic Station Public Transport Interchange,Diamond Hill Station Public Transport Interchange,,2008883,HK Bus Crawling
71+1+Shek Wu Tong (Ho Pui)+Yuen Long (Yuen Long Tai Hang Street),71,1,gmb,Shek Wu Tong (Ho Pui),Yuen Long (Yuen Long Tai Hang Street),Shek Wu Tong (Ho Pui),Yuen Long (Yuen Long Tai Hang Street),,2008290,HK Bus Crawling
71+1+Yuen Long (Yuen Long Tai Hang Street)+Shek Wu Tong (Ho Pui),71,1,gmb,Yuen Long (Yuen Long Tai Hang Street),Shek Wu Tong (Ho Pui),Yuen Long (Yuen Long Tai Hang Street),Shek Wu Tong (Ho Pui),,2008290,HK Bus Crawling
71A+1+Cheung Po Tsuen+Kam Sheung Road Public Transport Interchange,71A,1,gmb,Cheung Po Tsuen,Kam Sheung Road Public Transport Interchange,Cheung Po Tsuen,Kam Sheung Road Public Transport Interchange,,2008388,HK Bus Crawling
71A+1+Kam Sheung Road Public Transport Interchange+Cheung Po Tsuen,71A,1,gmb,Kam Sheung Road Public Transport Interchange,Cheung Po Tsuen,Kam Sheung Road Public Transport Interchange,Cheung Po Tsuen,,2008388,HK Bus Crawling
71A+1+Po Tat Estate+Lam Tin Station (Circular),71A,1,gmb,Po Tat Estate,Lam Tin Station (Circular),Po Tat Estate,Lam Tin Station (Circular),,2008289,HK Bus Crawling
71B+1+Lam Tin Station+Sau Mau Ping Estate (Phase 5),71B,1,gmb,Lam Tin Station,Sau Mau Ping Estate (Phase 5),Lam Tin Station,Sau Mau Ping Estate (Phase 5),,2008291,HK Bus Crawling
71B+1+Sau Mau Ping Estate (Phase 5)+Lam Tin Station,71B,1,gmb,Sau Mau Ping Estate (Phase 5),Lam Tin Station,Sau Mau Ping Estate (Phase 5),Lam Tin Station,,2008291,HK Bus Crawling
72+1+Festival Walk Public Transport Terminus+Grand View Garden,72,1,gmb,Festival Walk Public Transport Terminus,Grand View Garden,Festival Walk Public Transport Terminus,Grand View Garden,,2005880,HK Bus Crawling
72+1+Grand View Garden+Festival Walk Public Transport Terminus,72,1,gmb,Grand View Garden,Festival Walk Public Transport Terminus,Grand View Garden,Festival Walk Public Transport Terminus,,2005880,HK Bus Crawling
72+1+Lui Kung Tin+Yuen Long (Yuen Long Tai Hang Street),72,1,gmb,Lui Kung Tin,Yuen Long (Yuen Long Tai Hang Street),Lui Kung Tin,Yuen Long (Yuen Long Tai Hang Street),,2008390,HK Bus Crawling
72+1+Yuen Long (Yuen Long Tai Hang Street)+Lui Kung Tin,72,1,gmb,Yuen Long (Yuen Long Tai Hang Street),Lui Kung Tin,Yuen Long (Yuen Long Tai Hang Street),Lui Kung Tin,,2008390,HK Bus Crawling
72+2+Kam Sheung Road MTR Station+Lui Kung Tin,72,2,gmb,Kam Sheung Road MTR Station,Lui Kung Tin,Kam Sheung Road MTR Station,Lui Kung Tin,,2008392,HK Bus Crawling
72+3+Lui Kung Tin+Kam Sheung Road MTR Station,72,3,gmb,Lui Kung Tin,Kam Sheung Road MTR Station,Lui Kung Tin,Kam Sheung Road MTR Station,,2008392,HK Bus Crawling
73+1+Festival Walk Public Transport Terminus+Tsz Wan Shan Shopping Centre (Circular),73,1,gmb,Festival Walk Public Transport Terminus,Tsz Wan Shan Shopping Centre (Circular),Festival Walk Public Transport Terminus,Tsz Wan Shan Shopping Centre (Circular),,2008916,HK Bus Crawling
73+1+Sung Shan San Tsuen+Long Ping Station (Ma Wang Road),73,1,gmb,Sung Shan San Tsuen,Long Ping Station (Ma Wang Road),Sung Shan San Tsuen,Long Ping Station (Ma Wang Road),,2008553,HK Bus Crawling
73+1+Yuen Long (Fook Hong Street) Public Light Bus Terminus+Sung Shan San Tsuen,73,1,gmb,Yuen Long (Fook Hong Street) Public Light Bus Terminus,Sung Shan San Tsuen,Yuen Long (Fook Hong Street) Public Light Bus Terminus,Sung Shan San Tsuen,,2008553,HK Bus Crawling
73A+1+Yuen Long (Fook Hong Street) Public Light Bus Terminus+Yuen Long (Sung Shan San Tsuen),73A,1,gmb,Yuen Long (Fook Hong Street) Public Light Bus Terminus,Yuen Long (Sung Shan San Tsuen),Yuen Long (Fook Hong Street) Public Light Bus Terminus,Yuen Long (Sung Shan San Tsuen),,2009378,HK Bus Crawling
73A+1+Yuen Long (Sung Shan San Tsuen)+Yuen Long (Fook Hong Street) Public Light Bus Terminus,73A,1,gmb,Yuen Long (Sung Shan San Tsuen),Yuen Long (Fook Hong Street) Public Light Bus Terminus,Yuen Long (Sung Shan San Tsuen),Yuen Long (Fook Hong Street) Public Light Bus Terminus,,2009378,HK Bus Crawling
74+1+Kowloon Station+Mong Kok (Luen Wan Street) (Circular),74,1,gmb,Kowloon Station,Mong Kok (Luen Wan Street) (Circular),Kowloon Station,Mong Kok (Luen Wan Street) (Circular),,2011424,HK Bus Crawling
74+1+Shing Uk Tsuen+Yuen Long (Fook Hong Street),74,1,gmb,Shing Uk Tsuen,Yuen Long (Fook Hong Street),Shing Uk Tsuen,Yuen Long (Fook Hong Street),,2008554,HK Bus Crawling
74+1+Yuen Long (Fook Hong Street)+Shing Uk Tsuen,74,1,gmb,Yuen Long (Fook Hong Street),Shing Uk Tsuen,Yuen Long (Fook Hong Street),Shing Uk Tsuen,,2008554,HK Bus Crawling
74A+1+Tung Tau Wai+Yuen Long (Fook Hong Street),74A,1,gmb,Tung Tau Wai,Yuen Long (Fook Hong Street),Tung Tau Wai,Yuen Long (Fook Hong Street),,2008555,HK Bus Crawling
74A+1+Yuen Long (Fook Hong Street)+Tung Tau Wai,74A,1,gmb,Yuen Long (Fook Hong Street),Tung Tau Wai,Yuen Long (Fook Hong Street),Tung Tau Wai,,2008555,HK Bus Crawling
75+1+Lok Ma Chau Spur Line Public Transport Interchange+Yuen Long (Fook Hong Street),75,1,gmb,Lok Ma Chau Spur Line Public Transport Interchange,Yuen Long (Fook Hong Street),Lok Ma Chau Spur Line Public Transport Interchange,Yuen Long (Fook Hong Street),,2007398,HK Bus Crawling
75+1+Sham Shui Po (Fu Cheong Estate)+Cheung Sha Wan (Castle Peak Road) (Circular),75,1,gmb,Sham Shui Po (Fu Cheong Estate),Cheung Sha Wan (Castle Peak Road) (Circular),Sham Shui Po (Fu Cheong Estate),Cheung Sha Wan (Castle Peak Road) (Circular),,2003372,HK Bus Crawling
75+1+Yuen Long (Fook Hong Street)+Lok Ma Chau Spur Line Public Transport Interchange,75,1,gmb,Yuen Long (Fook Hong Street),Lok Ma Chau Spur Line Public Transport Interchange,Yuen Long (Fook Hong Street),Lok Ma Chau Spur Line Public Transport Interchange,,2007398,HK Bus Crawling
75+2+Ha Wan Tsuen+Yuen Long (Fook Hong Street),75,2,gmb,Ha Wan Tsuen,Yuen Long (Fook Hong Street),Ha Wan Tsuen,Yuen Long (Fook Hong Street),,2007436,HK Bus Crawling
75+2+San Tin (Near San Tin Post Office)+Lok Ma Chau Spur Line Public Transport Interchange,75,2,gmb,San Tin (Near San Tin Post Office),Lok Ma Chau Spur Line Public Transport Interchange,San Tin (Near San Tin Post Office),Lok Ma Chau Spur Line Public Transport Interchange,,2007437,HK Bus Crawling
75+2+Yuen Long (Fook Hong Street)+Ha Wan Tsuen,75,2,gmb,Yuen Long (Fook Hong Street),Ha Wan Tsuen,Yuen Long (Fook Hong Street),Ha Wan Tsuen,,2007431,HK Bus Crawling
75+3+Ha Wan Tsuen+Yuen Long (Fook Hong Street),75,3,gmb,Ha Wan Tsuen,Yuen Long (Fook Hong Street),Ha Wan Tsuen,Yuen Long (Fook Hong Street),,2007431,HK Bus Crawling
75+3+Lok Ma Chau Spur Line Public Transport Interchange+San Tin (Near San Tin Post Office),75,3,gmb,Lok Ma Chau Spur Line Public Transport Interchange,San Tin (Near San Tin Post Office),Lok Ma Chau Spur Line Public Transport Interchange,San Tin (Near San Tin Post Office),,2007437,HK Bus Crawling
75A+2+Sham Shui Po (Fu Cheong Estate)+Kweilin Street (Circular),75A,2,gmb,Sham Shui Po (Fu Cheong Estate),Kweilin Street (Circular),Sham Shui Po (Fu Cheong Estate),Kweilin Street (Circular),,2003373,HK Bus Crawling
75X+2+Sham Shui Po (Fu Cheong Estate)+Cheung Sha Wan (Castle Peak Road) (Circular),75X,2,gmb,Sham Shui Po (Fu Cheong Estate),Cheung Sha Wan (Castle Peak Road) (Circular),Sham Shui Po (Fu Cheong Estate),Cheung Sha Wan (Castle Peak Road) (Circular),,2011391,HK Bus Crawling
76+1+Siu Hum Tsuen+Yuen Long (Fook Hong Street),76,1,gmb,Siu Hum Tsuen,Yuen Long (Fook Hong Street),Siu Hum Tsuen,Yuen Long (Fook Hong Street),,2007464,HK Bus Crawling
76+1+Yuen Long (Fook Hong Street)+Siu Hum Tsuen,76,1,gmb,Yuen Long (Fook Hong Street),Siu Hum Tsuen,Yuen Long (Fook Hong Street),Siu Hum Tsuen,,2007464,HK Bus Crawling
76+2+Siu Hum Tsuen+Yuen Long (Fook Hong Street),76,2,gmb,Siu Hum Tsuen,Yuen Long (Fook Hong Street),Siu Hum Tsuen,Yuen Long (Fook Hong Street),,2008094,HK Bus Crawling
76A+1+Kwong Tin+United Christian Hospital(Circular),76A,1,gmb,Kwong Tin,United Christian Hospital(Circular),Kwong Tin,United Christian Hospital(Circular),,2006969,HK Bus Crawling
76A+2+Kwong Tin+United Christian Hospital(Circular),76A,2,gmb,Kwong Tin,United Christian Hospital(Circular),Kwong Tin,United Christian Hospital(Circular),,2010335,HK Bus Crawling
76B+1+United Christian Hospital+Yau Tong Public Transport Interchange,76B,1,gmb,United Christian Hospital,Yau Tong Public Transport Interchange,United Christian Hospital,Yau Tong Public Transport Interchange,,2007002,HK Bus Crawling
76B+1+Yau Tong Public Transport Interchange+United Christian Hospital,76B,1,gmb,Yau Tong Public Transport Interchange,United Christian Hospital,Yau Tong Public Transport Interchange,United Christian Hospital,,2007002,HK Bus Crawling
77M+1+Kowloon Station+East Tsim Sha Tsui(Circular),77M,1,gmb,Kowloon Station,East Tsim Sha Tsui(Circular),Kowloon Station,East Tsim Sha Tsui(Circular),,2003339,HK Bus Crawling
78+1+Lok Ma Chau (San Tin) Public Transport Interchange+Pat Heung Road (near Tai Lam Bus-Bus Interchange),78,1,gmb,Lok Ma Chau (San Tin) Public Transport Interchange,Pat Heung Road (near Tai Lam Bus-Bus Interchange),Lok Ma Chau (San Tin) Public Transport Interchange,Pat Heung Road (near Tai Lam Bus-Bus Interchange),,2011655,HK Bus Crawling
78+1+Pat Heung Road (near Tai Lam Bus-Bus Interchange)+Lok Ma Chau (San Tin) Public Transport Interchange,78,1,gmb,Pat Heung Road (near Tai Lam Bus-Bus Interchange),Lok Ma Chau (San Tin) Public Transport Interchange,Pat Heung Road (near Tai Lam Bus-Bus Interchange),Lok Ma Chau (San Tin) Public Transport Interchange,,2011655,HK Bus Crawling
78+1+Tai Kok Tsui(Island Harbourview) Public Transport Interchange+Tsim Sha Tsui (Peking Road)(Circular),78,1,gmb,Tai Kok Tsui(Island Harbourview) Public Transport Interchange,Tsim Sha Tsui (Peking Road)(Circular),Tai Kok Tsui(Island Harbourview) Public Transport Interchange,Tsim Sha Tsui (Peking Road)(Circular),,2003438,HK Bus Crawling
78A+1+Kam Sheung Road Station+Pat Heung Road (near Tai Lam Bus-Bus Interchange),78A,1,gmb,Kam Sheung Road Station,Pat Heung Road (near Tai Lam Bus-Bus Interchange),Kam Sheung Road Station,Pat Heung Road (near Tai Lam Bus-Bus Interchange),,2011656,HK Bus Crawling
78A+1+Pat Heung Road (near Tai Lam Bus-Bus Interchange)+Kam Sheung Road Station,78A,1,gmb,Pat Heung Road (near Tai Lam Bus-Bus Interchange),Kam Sheung Road Station,Pat Heung Road (near Tai Lam Bus-Bus Interchange),Kam Sheung Road Station,,2011656,HK Bus Crawling
78A+2+Tai Kok Tsui(Island Harbourview) Public Transport Interchange+Tsim Sha Tsui (Peking Road),78A,2,gmb,Tai Kok Tsui(Island Harbourview) Public Transport Interchange,Tsim Sha Tsui (Peking Road),Tai Kok Tsui(Island Harbourview) Public Transport Interchange,Tsim Sha Tsui (Peking Road),,2003471,HK Bus Crawling
79K+1+Mong Kok (Park Avenue)+Mong Kok East Station(Circular),79K,1,gmb,Mong Kok (Park Avenue),Mong Kok East Station(Circular),Mong Kok (Park Avenue),Mong Kok East Station(Circular),,2004725,HK Bus Crawling
79M+1+King Tung Street+Wong Tai Sin Station,79M,1,gmb,King Tung Street,Wong Tai Sin Station,King Tung Street,Wong Tai Sin Station,,2004759,HK Bus Crawling
79M+1+Wong Tai Sin Station+King Tung Street,79M,1,gmb,Wong Tai Sin Station,King Tung Street,Wong Tai Sin Station,King Tung Street,,2004759,HK Bus Crawling
79S+1+Lok Ma Chau Control Point+Tin Shui Wai (Grandeur Terrace),79S,1,gmb,Lok Ma Chau Control Point,Tin Shui Wai (Grandeur Terrace),Lok Ma Chau Control Point,Tin Shui Wai (Grandeur Terrace),,2007630,HK Bus Crawling
79S+1+Tin Shui Wai (Grandeur Terrace)+Lok Ma Chau Control Point,79S,1,gmb,Tin Shui Wai (Grandeur Terrace),Lok Ma Chau Control Point,Tin Shui Wai (Grandeur Terrace),Lok Ma Chau Control Point,,2007630,HK Bus Crawling
79S+2+King Tung Street+Lung Cheung Road (Diamond Hill Station) (Circular),79S,2,gmb,King Tung Street,Lung Cheung Road (Diamond Hill Station) (Circular),King Tung Street,Lung Cheung Road (Diamond Hill Station) (Circular),,2004760,HK Bus Crawling
8+1+Baguio Villas (Lower)+Central (Exchange Square),8,1,gmb,Baguio Villas (Lower),Central (Exchange Square),Baguio Villas (Lower),Central (Exchange Square),,2004085,HK Bus Crawling
8+1+Ho Man Tin Estate+Tsim Sha Tsui (Hankow Road),8,1,gmb,Ho Man Tin Estate,Tsim Sha Tsui (Hankow Road),Ho Man Tin Estate,Tsim Sha Tsui (Hankow Road),,2006309,HK Bus Crawling
8+1+Tsim Sha Tsui (Hankow Road)+Ho Man Tin Estate,8,1,gmb,Tsim Sha Tsui (Hankow Road),Ho Man Tin Estate,Tsim Sha Tsui (Hankow Road),Ho Man Tin Estate,,2006309,HK Bus Crawling
8+2+Tsim Sha Tsui (Hankow Road)+Ho Man Tin (Chung Hau Street),8,2,gmb,Tsim Sha Tsui (Hankow Road),Ho Man Tin (Chung Hau Street),Tsim Sha Tsui (Hankow Road),Ho Man Tin (Chung Hau Street),,2006312,HK Bus Crawling
8+2+Tsim Sha Tsui (Hankow Road)+Ho Man Tin Estate,8,2,gmb,Tsim Sha Tsui (Hankow Road),Ho Man Tin Estate,Tsim Sha Tsui (Hankow Road),Ho Man Tin Estate,,2006314,HK Bus Crawling
8+3+Ho Man Tin (Chung Hau Street)+Tsim Sha Tsui (Hankow Road),8,3,gmb,Ho Man Tin (Chung Hau Street),Tsim Sha Tsui (Hankow Road),Ho Man Tin (Chung Hau Street),Tsim Sha Tsui (Hankow Road),,2006312,HK Bus Crawling
80+1+Chuen Lung+Tsuen Wan (Chuen Lung Street),80,1,gmb,Chuen Lung,Tsuen Wan (Chuen Lung Street),Chuen Lung,Tsuen Wan (Chuen Lung Street),,2007999,HK Bus Crawling
80+1+Tsuen Wan (Chuen Lung Street)+Chuen Lung,80,1,gmb,Tsuen Wan (Chuen Lung Street),Chuen Lung,Tsuen Wan (Chuen Lung Street),Chuen Lung,,2007999,HK Bus Crawling
803+1+Hin Keng+Lee On,803,1,gmb,Hin Keng,Lee On,Hin Keng,Lee On,,2010269,HK Bus Crawling
803+1+Lee On+Hin Keng,803,1,gmb,Lee On,Hin Keng,Lee On,Hin Keng,,2010269,HK Bus Crawling
803+2+Hin Keng+Lee On,803,2,gmb,Hin Keng,Lee On,Hin Keng,Lee On,,2010270,HK Bus Crawling
803+3+Lee On+Hin Keng,803,3,gmb,Lee On,Hin Keng,Lee On,Hin Keng,,2010270,HK Bus Crawling
803K+2+Tai Wai Station Public Transport Interchange+Hin Keng,803K,2,gmb,Tai Wai Station Public Transport Interchange,Hin Keng,Tai Wai Station Public Transport Interchange,Hin Keng,,2010274,HK Bus Crawling
803K+3+Hin Keng+Tai Wai Station Public Transport Interchange,803K,3,gmb,Hin Keng,Tai Wai Station Public Transport Interchange,Hin Keng,Tai Wai Station Public Transport Interchange,,2010274,HK Bus Crawling
804+1+Hin Keng+Kwong Yuen,804,1,gmb,Hin Keng,Kwong Yuen,Hin Keng,Kwong Yuen,,2010275,HK Bus Crawling
804+1+Kwong Yuen+Hin Keng,804,1,gmb,Kwong Yuen,Hin Keng,Kwong Yuen,Hin Keng,,2010275,HK Bus Crawling
805S+1+Kam Ying Court+Mong Kok,805S,1,gmb,Kam Ying Court,Mong Kok,Kam Ying Court,Mong Kok,,2010277,HK Bus Crawling
805S+1+Mong Kok+Kam Ying Court,805S,1,gmb,Mong Kok,Kam Ying Court,Mong Kok,Kam Ying Court,,2010277,HK Bus Crawling
805S+2+Mong Kok+Kam Ying Court,805S,2,gmb,Mong Kok,Kam Ying Court,Mong Kok,Kam Ying Court,,2010278,HK Bus Crawling
806A+1+Wan Tau Tong+Wong Nai Tau,806A,1,gmb,Wan Tau Tong,Wong Nai Tau,Wan Tau Tong,Wong Nai Tau,,2001821,HK Bus Crawling
806A+1+Wong Nai Tau+Wan Tau Tong,806A,1,gmb,Wong Nai Tau,Wan Tau Tong,Wong Nai Tau,Wan Tau Tong,,2001821,HK Bus Crawling
806B+2+Shek Mun+Wan Tau Tong,806B,2,gmb,Shek Mun,Wan Tau Tong,Shek Mun,Wan Tau Tong,,2001823,HK Bus Crawling
806B+3+Wan Tau Tong+Shek Mun,806B,3,gmb,Wan Tau Tong,Shek Mun,Wan Tau Tong,Shek Mun,,2001823,HK Bus Crawling
806C+2+Hong Kong Science Park+Wan Tau Tong,806C,2,gmb,Hong Kong Science Park,Wan Tau Tong,Hong Kong Science Park,Wan Tau Tong,,2001825,HK Bus Crawling
806C+3+Wan Tau Tong+Hong Kong Science Park,806C,3,gmb,Wan Tau Tong,Hong Kong Science Park,Wan Tau Tong,Hong Kong Science Park,,2001825,HK Bus Crawling
806M+2+Pak Shek Kok +Shek Mun (Circular),806M,2,gmb,Pak Shek Kok ,Shek Mun (Circular),Pak Shek Kok ,Shek Mun (Circular),,2008256,HK Bus Crawling
806X+2+Wong Nai Tau+Wan Tau Tong,806X,2,gmb,Wong Nai Tau,Wan Tau Tong,Wong Nai Tau,Wan Tau Tong,,2011226,HK Bus Crawling
806X+3+Wan Tau Tong+Wong Nai Tau,806X,3,gmb,Wan Tau Tong,Wong Nai Tau,Wan Tau Tong,Wong Nai Tau,,2011226,HK Bus Crawling
807A+2+University Station Bus Terminus+Ma On Shan Station,807A,2,gmb,University Station Bus Terminus,Ma On Shan Station,University Station Bus Terminus,Ma On Shan Station,,2001230,HK Bus Crawling
807A+3+Ma On Shan Station+University Station Bus Terminus,807A,3,gmb,Ma On Shan Station,University Station Bus Terminus,Ma On Shan Station,University Station Bus Terminus,,2001230,HK Bus Crawling
807B+2+Ma On Shan Station+Wong Chuk Wan,807B,2,gmb,Ma On Shan Station,Wong Chuk Wan,Ma On Shan Station,Wong Chuk Wan,,2001231,HK Bus Crawling
807C+2+Ma On Shan Station+University Station,807C,2,gmb,Ma On Shan Station,University Station,Ma On Shan Station,University Station,,2001232,HK Bus Crawling
807C+3+University Station Bus Terminus+Ma On Shan Station,807C,3,gmb,University Station Bus Terminus,Ma On Shan Station,University Station Bus Terminus,Ma On Shan Station,,2001232,HK Bus Crawling
807K+1+Tseng Tau Tsuen+University Station,807K,1,gmb,Tseng Tau Tsuen,University Station,Tseng Tau Tsuen,University Station,,2001227,HK Bus Crawling
807K+1+University Station+Tseng Tau Tsuen,807K,1,gmb,University Station,Tseng Tau Tsuen,University Station,Tseng Tau Tsuen,,2001227,HK Bus Crawling
807K+2+Ma On Shan Station+Tseng Tau Tsuen,807K,2,gmb,Ma On Shan Station,Tseng Tau Tsuen,Ma On Shan Station,Tseng Tau Tsuen,,2001229,HK Bus Crawling
807K+2+Tseng Tau Tsuen+Wu Kai Sha Station Bus Terminus,807K,2,gmb,Tseng Tau Tsuen,Wu Kai Sha Station Bus Terminus,Tseng Tau Tsuen,Wu Kai Sha Station Bus Terminus,,2001228,HK Bus Crawling
807K+3+Tseng Tau Tsuen+Ma On Sha Station,807K,3,gmb,Tseng Tau Tsuen,Ma On Sha Station,Tseng Tau Tsuen,Ma On Sha Station,,2001229,HK Bus Crawling
807S+2+University Station Bus Terminus+Tseng Tau Tsuen,807S,2,gmb,University Station Bus Terminus,Tseng Tau Tsuen,University Station Bus Terminus,Tseng Tau Tsuen,,2001234,HK Bus Crawling
807S+3+Tseng Tau Tsuen+University Station Bus Terminus,807S,3,gmb,Tseng Tau Tsuen,University Station Bus Terminus,Tseng Tau Tsuen,University Station Bus Terminus,,2001234,HK Bus Crawling
807X+2+University Station+Wu Kai Sha Station,807X,2,gmb,University Station,Wu Kai Sha Station,University Station,Wu Kai Sha Station,,2001233,HK Bus Crawling
808+1+Kam Ying Court+Prince of Wales Hospital,808,1,gmb,Kam Ying Court,Prince of Wales Hospital,Kam Ying Court,Prince of Wales Hospital,,2004758,HK Bus Crawling
808+1+Prince of Wales Hospital+Kam Ying Court,808,1,gmb,Prince of Wales Hospital,Kam Ying Court,Prince of Wales Hospital,Kam Ying Court,,2004758,HK Bus Crawling
"808+2+Hang Hong Street, outside Tsang Pik Shan Secondary School+Prince of Wales Hospital",808,2,gmb,"Hang Hong Street, outside Tsang Pik Shan Secondary School",Prince of Wales Hospital,"Hang Hong Street, outside Tsang Pik Shan Secondary School",Prince of Wales Hospital,,2004893,HK Bus Crawling
808+2+Kam Ying Court+MOSTown,808,2,gmb,Kam Ying Court,MOSTown,Kam Ying Court,MOSTown,,2004891,HK Bus Crawling
"808+2+Sai Sha Road, outside MOSTown+Prince of Wales Hospital",808,2,gmb,"Sai Sha Road, outside MOSTown",Prince of Wales Hospital,"Sai Sha Road, outside MOSTown",Prince of Wales Hospital,,2004892,HK Bus Crawling
808+3+MOSTown+Kam Ying Court Bus Terminus,808,3,gmb,MOSTown,Kam Ying Court Bus Terminus,MOSTown,Kam Ying Court Bus Terminus,,2004891,HK Bus Crawling
808P+2+Heng On Bus Terminus+Prince of Wales Hospital,808P,2,gmb,Heng On Bus Terminus,Prince of Wales Hospital,Heng On Bus Terminus,Prince of Wales Hospital,,2004761,HK Bus Crawling
808P+3+Prince of Wales Hospital+Heng On Bus Terminus,808P,3,gmb,Prince of Wales Hospital,Heng On Bus Terminus,Prince of Wales Hospital,Heng On Bus Terminus,,2004761,HK Bus Crawling
809K+1+Sha Tin Station (Pai Tau Street)+Shui Chuen Au Street(Circular),809K,1,gmb,Sha Tin Station (Pai Tau Street),Shui Chuen Au Street(Circular),Sha Tin Station (Pai Tau Street),Shui Chuen Au Street(Circular),,2004692,HK Bus Crawling
80M+1+Parc Palais+Jordan Station (Circular),80M,1,gmb,Parc Palais,Jordan Station (Circular),Parc Palais,Jordan Station (Circular),,2001557,HK Bus Crawling
81+1+Lo Wai+Tsuen Wan (Shiu Wo Street),81,1,gmb,Lo Wai,Tsuen Wan (Shiu Wo Street),Lo Wai,Tsuen Wan (Shiu Wo Street),,2005517,HK Bus Crawling
81+1+Tsuen Wan (Shiu Wo Street)+Lo Wai,81,1,gmb,Tsuen Wan (Shiu Wo Street),Lo Wai,Tsuen Wan (Shiu Wo Street),Lo Wai,,2005517,HK Bus Crawling
81+2+Tsuen Wan (Shiu Wo Street)+Shing Mun Reservoir,81,2,gmb,Tsuen Wan (Shiu Wo Street),Shing Mun Reservoir,Tsuen Wan (Shiu Wo Street),Shing Mun Reservoir,,2005550,HK Bus Crawling
81+3+Shing Mun Reservoir+Tsuen Wan (Shiu Wo Street),81,3,gmb,Shing Mun Reservoir,Tsuen Wan (Shiu Wo Street),Shing Mun Reservoir,Tsuen Wan (Shiu Wo Street),,2005550,HK Bus Crawling
810+1+Sha Tin Central+Ma On Shan (Villa Athena)(Circular),810,1,gmb,Sha Tin Central,Ma On Shan (Villa Athena)(Circular),Sha Tin Central,Ma On Shan (Villa Athena)(Circular),,2010279,HK Bus Crawling
810+2+Sha Tin Central (re-routed to omit Po Tai Street)+Ma On Shan (Villa Athena)(Circular),810,2,gmb,Sha Tin Central (re-routed to omit Po Tai Street),Ma On Shan (Villa Athena)(Circular),Sha Tin Central (re-routed to omit Po Tai Street),Ma On Shan (Villa Athena)(Circular),,2010280,HK Bus Crawling
810A+2+White Head+Sha Tin Central,810A,2,gmb,White Head,Sha Tin Central,White Head,Sha Tin Central,,2010281,HK Bus Crawling
810A+3+Sha Tin Central+White Head,810A,3,gmb,Sha Tin Central,White Head,Sha Tin Central,White Head,,2010281,HK Bus Crawling
811+1+Sui Wo Court+Yu Chui Court,811,1,gmb,Sui Wo Court,Yu Chui Court,Sui Wo Court,Yu Chui Court,,2007761,HK Bus Crawling
811+1+Yu Chui Court+Sui Wo Court,811,1,gmb,Yu Chui Court,Sui Wo Court,Yu Chui Court,Sui Wo Court,,2007761,HK Bus Crawling
811A+2+Greenwood Terrace+Pictorial Garden,811A,2,gmb,Greenwood Terrace,Pictorial Garden,Greenwood Terrace,Pictorial Garden,,2007763,HK Bus Crawling
811A+3+Greenwood Terrace+Pictorial Garden,811A,3,gmb,Greenwood Terrace,Pictorial Garden,Greenwood Terrace,Pictorial Garden,,2007767,HK Bus Crawling
811A+3+Pictorial Garden+Greenwood Terrace,811A,3,gmb,Pictorial Garden,Greenwood Terrace,Pictorial Garden,Greenwood Terrace,,2007763,HK Bus Crawling
811A+4+Pictorial Garden+Greenwood Terrace,811A,4,gmb,Pictorial Garden,Greenwood Terrace,Pictorial Garden,Greenwood Terrace,,2007767,HK Bus Crawling
811B+2+Yiu On+Fo Tan (Cheung Lek Mei Street),811B,2,gmb,Yiu On,Fo Tan (Cheung Lek Mei Street),Yiu On,Fo Tan (Cheung Lek Mei Street),,2011490,HK Bus Crawling
811B+2+Yiu On+Fo Tan (Cheung Lek Mei Street)(Circular),811B,2,gmb,Yiu On,Fo Tan (Cheung Lek Mei Street)(Circular),Yiu On,Fo Tan (Cheung Lek Mei Street)(Circular),,2007795,HK Bus Crawling
811K+2+Sui Wo Court+Fo Tan Station (Circular),811K,2,gmb,Sui Wo Court,Fo Tan Station (Circular),Sui Wo Court,Fo Tan Station (Circular),,2007827,HK Bus Crawling
811K+3+Sui Wo Court+Fo Tan Station (Circular),811K,3,gmb,Sui Wo Court,Fo Tan Station (Circular),Sui Wo Court,Fo Tan Station (Circular),,2007828,HK Bus Crawling
811P+2+City One Plaza+Royal Ascot,811P,2,gmb,City One Plaza,Royal Ascot,City One Plaza,Royal Ascot,,2007794,HK Bus Crawling
811P+3+Royal Ascot+City One Plaza,811P,3,gmb,Royal Ascot,City One Plaza,Royal Ascot,City One Plaza,,2007794,HK Bus Crawling
811S+2+Sui Wo Court Phase I+Yiu On (Hang Hong Street)(Circular),811S,2,gmb,Sui Wo Court Phase I,Yiu On (Hang Hong Street)(Circular),Sui Wo Court Phase I,Yiu On (Hang Hong Street)(Circular),,2007830,HK Bus Crawling
812+1+Hin Keng (Che Kung Miu Road)+Shui Chuen O,812,1,gmb,Hin Keng (Che Kung Miu Road),Shui Chuen O,Hin Keng (Che Kung Miu Road),Shui Chuen O,,2005326,HK Bus Crawling
812+1+Shui Chuen O+Hin Keng (Che Kung Miu Road),812,1,gmb,Shui Chuen O,Hin Keng (Che Kung Miu Road),Shui Chuen O,Hin Keng (Che Kung Miu Road),,2005326,HK Bus Crawling
812+2+Shui Chuen O+Hin Keng (Che Kung Miu Road),812,2,gmb,Shui Chuen O,Hin Keng (Che Kung Miu Road),Shui Chuen O,Hin Keng (Che Kung Miu Road),,2005328,HK Bus Crawling
812A+1+Shui Chuen O+SHA TIN WAI STATION(CIRCULAR),812A,1,gmb,Shui Chuen O,SHA TIN WAI STATION(CIRCULAR),Shui Chuen O,SHA TIN WAI STATION(CIRCULAR),,2005329,HK Bus Crawling
812A+2+Shui Chuen O(Pok Chuen Path)+SHA TIN WAI STATION (Yat Tai Street),812A,2,gmb,Shui Chuen O(Pok Chuen Path),SHA TIN WAI STATION (Yat Tai Street),Shui Chuen O(Pok Chuen Path),SHA TIN WAI STATION (Yat Tai Street),,2005330,HK Bus Crawling
813+1+Shek Mun Station+Shui Chuen O,813,1,gmb,Shek Mun Station,Shui Chuen O,Shek Mun Station,Shui Chuen O,,2005332,HK Bus Crawling
813+1+Shui Chuen O+Shek Mun Station,813,1,gmb,Shui Chuen O,Shek Mun Station,Shui Chuen O,Shek Mun Station,,2005332,HK Bus Crawling
813A+2+Shui Chuen O+Shatin Hospital(Circular),813A,2,gmb,Shui Chuen O,Shatin Hospital(Circular),Shui Chuen O,Shatin Hospital(Circular),,2005334,HK Bus Crawling
814+1+Lai Ping Road+Sha Tin (Pak Hok Ting Street)(Circular),814,1,gmb,Lai Ping Road,Sha Tin (Pak Hok Ting Street)(Circular),Lai Ping Road,Sha Tin (Pak Hok Ting Street)(Circular),,2010077,HK Bus Crawling
81K+1+Sham Shui Po (Hoi Lai Estate)+Mei Foo Staion (Circular),81K,1,gmb,Sham Shui Po (Hoi Lai Estate),Mei Foo Staion (Circular),Sham Shui Po (Hoi Lai Estate),Mei Foo Staion (Circular),,2001755,HK Bus Crawling
81M+1+Shek Wai Kok Estate+Tsuen Wan (Shiu Wo Street),81M,1,gmb,Shek Wai Kok Estate,Tsuen Wan (Shiu Wo Street),Shek Wai Kok Estate,Tsuen Wan (Shiu Wo Street),,2005551,HK Bus Crawling
81M+1+Tsuen Wan (Shiu Wo Street)+Shek Wai Kok Estate,81M,1,gmb,Tsuen Wan (Shiu Wo Street),Shek Wai Kok Estate,Tsuen Wan (Shiu Wo Street),Shek Wai Kok Estate,,2005551,HK Bus Crawling
82+1+Caritas Mother Teresa School+Kai Tak,82,1,gmb,Caritas Mother Teresa School,Kai Tak,Caritas Mother Teresa School,Kai Tak,,2001558,HK Bus Crawling
82+1+Kai Tak+Caritas Mother Teresa School,82,1,gmb,Kai Tak,Caritas Mother Teresa School,Kai Tak,Caritas Mother Teresa School,,2001558,HK Bus Crawling
82+1+Shing Mun Reservoir+Tsuen Wan (Shiu Wo Street),82,1,gmb,Shing Mun Reservoir,Tsuen Wan (Shiu Wo Street),Shing Mun Reservoir,Tsuen Wan (Shiu Wo Street),,2005583,HK Bus Crawling
82+1+Tsuen Wan (Shiu Wo Street)+Shing Mun Reservoir,82,1,gmb,Tsuen Wan (Shiu Wo Street),Shing Mun Reservoir,Tsuen Wan (Shiu Wo Street),Shing Mun Reservoir,,2005583,HK Bus Crawling
82+2+Choi Hing Court+Ping Shek Public Transport Interchange 1／F,82,2,gmb,Choi Hing Court,Ping Shek Public Transport Interchange 1／F,Choi Hing Court,Ping Shek Public Transport Interchange 1／F,,2010038,HK Bus Crawling
82M+1+Cheung Shan Estate+Tsuen Wan (Shiu Wo Street),82M,1,gmb,Cheung Shan Estate,Tsuen Wan (Shiu Wo Street),Cheung Shan Estate,Tsuen Wan (Shiu Wo Street),,2005616,HK Bus Crawling
82M+1+Tsuen Wan (Shiu Wo Street)+Cheung Shan Estate,82M,1,gmb,Tsuen Wan (Shiu Wo Street),Cheung Shan Estate,Tsuen Wan (Shiu Wo Street),Cheung Shan Estate,,2005616,HK Bus Crawling
83A+1+On Yam Estate (On Chit Street)+Tsuen Wan (Chuen Lung Street),83A,1,gmb,On Yam Estate (On Chit Street),Tsuen Wan (Chuen Lung Street),On Yam Estate (On Chit Street),Tsuen Wan (Chuen Lung Street),,2008587,HK Bus Crawling
83A+1+Tsuen Wan (Chuen Lung Street)+On Yam Estate (On Chit Street),83A,1,gmb,Tsuen Wan (Chuen Lung Street),On Yam Estate (On Chit Street),Tsuen Wan (Chuen Lung Street),On Yam Estate (On Chit Street),,2008587,HK Bus Crawling
83A+2+Choi Fook Estate+Ping Shek,83A,2,gmb,Choi Fook Estate,Ping Shek,Choi Fook Estate,Ping Shek,,2008818,HK Bus Crawling
83A+3+Ping Shek+Choi Fook Estate,83A,3,gmb,Ping Shek,Choi Fook Estate,Ping Shek,Choi Fook Estate,,2008818,HK Bus Crawling
83B+2+Choi Hing Road Light Public Housing+Ping Shek,83B,2,gmb,Choi Hing Road Light Public Housing,Ping Shek,Choi Hing Road Light Public Housing,Ping Shek,,2010962,HK Bus Crawling
83B+3+Ping Shek+Choi Hing Road Light Public Housing,83B,3,gmb,Ping Shek,Choi Hing Road Light Public Housing,Ping Shek,Choi Hing Road Light Public Housing,,2010962,HK Bus Crawling
83M+1+Ngau Tau Kok (On Wah Street)+Ping Shek,83M,1,gmb,Ngau Tau Kok (On Wah Street),Ping Shek,Ngau Tau Kok (On Wah Street),Ping Shek,,2008817,HK Bus Crawling
83M+1+Ping Shek+Ngau Tau Kok (On Wah Street),83M,1,gmb,Ping Shek,Ngau Tau Kok (On Wah Street),Ping Shek,Ngau Tau Kok (On Wah Street),,2008817,HK Bus Crawling
84+1+Allway Gardens+Tsuen Wan Chung On Street,84,1,gmb,Allway Gardens,Tsuen Wan Chung On Street,Allway Gardens,Tsuen Wan Chung On Street,,2000964,HK Bus Crawling
84+1+Tsuen Wan Chung On Street+Allway Gardens,84,1,gmb,Tsuen Wan Chung On Street,Allway Gardens,Tsuen Wan Chung On Street,Allway Gardens,,2000964,HK Bus Crawling
85+1+Fu Yung Shan (Chuk Lam Sim Yuen)+Tsuen Wan (Shiu Wo Street),85,1,gmb,Fu Yung Shan (Chuk Lam Sim Yuen),Tsuen Wan (Shiu Wo Street),Fu Yung Shan (Chuk Lam Sim Yuen),Tsuen Wan (Shiu Wo Street),,2008589,HK Bus Crawling
85+1+Tsuen Wan (Shiu Wo Street)+Fu Yung Shan (Chuk Lam Sim Yuen),85,1,gmb,Tsuen Wan (Shiu Wo Street),Fu Yung Shan (Chuk Lam Sim Yuen),Tsuen Wan (Shiu Wo Street),Fu Yung Shan (Chuk Lam Sim Yuen),,2008589,HK Bus Crawling
86+1+Cruise Terminal+Kowloon Bay (Telford Garden) (Circular),86,1,gmb,Cruise Terminal,Kowloon Bay (Telford Garden) (Circular),Cruise Terminal,Kowloon Bay (Telford Garden) (Circular),,2005319,HK Bus Crawling
86+1+Shek Lei (Lei Pui Street)+Tsuen Wan (Hoi Kwai Road),86,1,gmb,Shek Lei (Lei Pui Street),Tsuen Wan (Hoi Kwai Road),Shek Lei (Lei Pui Street),Tsuen Wan (Hoi Kwai Road),,2008591,HK Bus Crawling
86+1+Tsuen Wan (Hoi Kwai Road)+Shek Lei (Lei Pui Street),86,1,gmb,Tsuen Wan (Hoi Kwai Road),Shek Lei (Lei Pui Street),Tsuen Wan (Hoi Kwai Road),Shek Lei (Lei Pui Street),,2008591,HK Bus Crawling
86A+1+Shek Lei (Lei Pui Street)+Tsuen Wan (Chuen Lung Street),86A,1,gmb,Shek Lei (Lei Pui Street),Tsuen Wan (Chuen Lung Street),Shek Lei (Lei Pui Street),Tsuen Wan (Chuen Lung Street),,2008593,HK Bus Crawling
86A+1+Tsuen Wan (Chuen Lung Street)+Shek Lei (Lei Pui Street),86A,1,gmb,Tsuen Wan (Chuen Lung Street),Shek Lei (Lei Pui Street),Tsuen Wan (Chuen Lung Street),Shek Lei (Lei Pui Street),,2008593,HK Bus Crawling
86M+1+Shek Lei (Lei Pui Street)+Tsuen Wan (Chuen Lung Street),86M,1,gmb,Shek Lei (Lei Pui Street),Tsuen Wan (Chuen Lung Street),Shek Lei (Lei Pui Street),Tsuen Wan (Chuen Lung Street),,2008594,HK Bus Crawling
86M+1+Tsuen Wan (Chuen Lung Street)+Shek Lei (Lei Pui Street),86M,1,gmb,Tsuen Wan (Chuen Lung Street),Shek Lei (Lei Pui Street),Tsuen Wan (Chuen Lung Street),Shek Lei (Lei Pui Street),,2008594,HK Bus Crawling
87+1+Kwai Shing (Shing Fong Street)+Tsuen Wan (Ham Tin Street),87,1,gmb,Kwai Shing (Shing Fong Street),Tsuen Wan (Ham Tin Street),Kwai Shing (Shing Fong Street),Tsuen Wan (Ham Tin Street),,2006678,HK Bus Crawling
87+1+Lei Yue Mun Estate+Kowloon Bay (Kai Yan Street) (Circular),87,1,gmb,Lei Yue Mun Estate,Kowloon Bay (Kai Yan Street) (Circular),Lei Yue Mun Estate,Kowloon Bay (Kai Yan Street) (Circular),,2008520,HK Bus Crawling
87+1+Tsuen Wan (Ham Tin Street)+Kwai Shing (Shing Fong Street),87,1,gmb,Tsuen Wan (Ham Tin Street),Kwai Shing (Shing Fong Street),Tsuen Wan (Ham Tin Street),Kwai Shing (Shing Fong Street),,2006678,HK Bus Crawling
87A+1+Container Port Road Public Transport Interchange+Ngong Wan Road,87A,1,gmb,Container Port Road Public Transport Interchange,Ngong Wan Road,Container Port Road Public Transport Interchange,Ngong Wan Road,,2006680,HK Bus Crawling
87A+1+Ngong Wan Road+Container Port Road Public Transport Interchange,87A,1,gmb,Ngong Wan Road,Container Port Road Public Transport Interchange,Ngong Wan Road,Container Port Road Public Transport Interchange,,2006680,HK Bus Crawling
87K+1+Hoi Kwai Road Public Transport Interchange+Kwai Fong Station,87K,1,gmb,Hoi Kwai Road Public Transport Interchange,Kwai Fong Station,Hoi Kwai Road Public Transport Interchange,Kwai Fong Station,,2006705,HK Bus Crawling
87K+1+Kwai Fong Station+Hoi Kwai Road Public Transport Interchange,87K,1,gmb,Kwai Fong Station,Hoi Kwai Road Public Transport Interchange,Kwai Fong Station,Hoi Kwai Road Public Transport Interchange,,2006705,HK Bus Crawling
87M+1+Container Port Road South (Terminal 4)+Kwai Fong Station,87M,1,gmb,Container Port Road South (Terminal 4),Kwai Fong Station,Container Port Road South (Terminal 4),Kwai Fong Station,,2006681,HK Bus Crawling
87M+1+Kwai Fong Station+Container Port Road South (Terminal 4),87M,1,gmb,Kwai Fong Station,Container Port Road South (Terminal 4),Kwai Fong Station,Container Port Road South (Terminal 4),,2006681,HK Bus Crawling
88+1+Kai Ching Estate (Kai Tak)+Wong Tai Sin Station (Circular),88,1,gmb,Kai Ching Estate (Kai Tak),Wong Tai Sin Station (Circular),Kai Ching Estate (Kai Tak),Wong Tai Sin Station (Circular),,2004428,HK Bus Crawling
88+1+Kwai Fong Station+Tsing Yi Estate,88,1,gmb,Kwai Fong Station,Tsing Yi Estate,Kwai Fong Station,Tsing Yi Estate,,2005088,HK Bus Crawling
88+1+Tsing Yi Estate+Kwai Fong Station,88,1,gmb,Tsing Yi Estate,Kwai Fong Station,Tsing Yi Estate,Kwai Fong Station,,2005088,HK Bus Crawling
88A+1+Tam Kon Shan Road+Mayfair Gardens (Circular),88A,1,gmb,Tam Kon Shan Road,Mayfair Gardens (Circular),Tam Kon Shan Road,Mayfair Gardens (Circular),,2008596,HK Bus Crawling
88A+2+Mayfair Gardens+Cheung On Estate (Circular),88A,2,gmb,Mayfair Gardens,Cheung On Estate (Circular),Mayfair Gardens,Cheung On Estate (Circular),,2008600,HK Bus Crawling
88A+2+Tsing Yi Ferry Pier+Tsing Yi Station,88A,2,gmb,Tsing Yi Ferry Pier,Tsing Yi Station,Tsing Yi Ferry Pier,Tsing Yi Station,,2008602,HK Bus Crawling
88A+2+Tsing Yi Station+Tam Kon Shan Road (Circular),88A,2,gmb,Tsing Yi Station,Tam Kon Shan Road (Circular),Tsing Yi Station,Tam Kon Shan Road (Circular),,2008601,HK Bus Crawling
88A+2+Wong Tai Sin Station+Kai Tak Hospital (Circular),88A,2,gmb,Wong Tai Sin Station,Kai Tak Hospital (Circular),Wong Tai Sin Station,Kai Tak Hospital (Circular),,2010797,HK Bus Crawling
88A+3+Tsing Yi Station+Tsing Yi Ferry Pier,88A,3,gmb,Tsing Yi Station,Tsing Yi Ferry Pier,Tsing Yi Station,Tsing Yi Ferry Pier,,2008602,HK Bus Crawling
88A+3+Wong Tai Sin Station+Kai Tak Hospital (Circular),88A,3,gmb,Wong Tai Sin Station,Kai Tak Hospital (Circular),Wong Tai Sin Station,Kai Tak Hospital (Circular),,2011853,HK Bus Crawling
88B+1+Greenfield Garden+Kwai Fong Station,88B,1,gmb,Greenfield Garden,Kwai Fong Station,Greenfield Garden,Kwai Fong Station,,2005121,HK Bus Crawling
88B+1+Kwai Fong Station+Greenfield Garden,88B,1,gmb,Kwai Fong Station,Greenfield Garden,Kwai Fong Station,Greenfield Garden,,2005121,HK Bus Crawling
88C+1+Kwai Fong Station+Mayfair Gardens,88C,1,gmb,Kwai Fong Station,Mayfair Gardens,Kwai Fong Station,Mayfair Gardens,,2008631,HK Bus Crawling
88C+1+Mayfair Gardens+Kwai Fong Station,88C,1,gmb,Mayfair Gardens,Kwai Fong Station,Mayfair Gardens,Kwai Fong Station,,2008631,HK Bus Crawling
88D+1+Kwai Fong Station+Tivoli Garden,88D,1,gmb,Kwai Fong Station,Tivoli Garden,Kwai Fong Station,Tivoli Garden,,2005979,HK Bus Crawling
88D+1+Tivoli Garden+Kwai Fong Station,88D,1,gmb,Tivoli Garden,Kwai Fong Station,Tivoli Garden,Kwai Fong Station,,2005979,HK Bus Crawling
"88D+2+CHUNG MEI ROAD, near Ching Ho House, CHEUNG CHING ESTATE+HING NING ROAD, near Metroplaza",88D,2,gmb,"CHUNG MEI ROAD, near Ching Ho House, CHEUNG CHING ESTATE","HING NING ROAD, near Metroplaza","CHUNG MEI ROAD, near Ching Ho House, CHEUNG CHING ESTATE","HING NING ROAD, near Metroplaza",,2009972,HK Bus Crawling
88F+2+Rambler Crest+Tsing Yi Station,88F,2,gmb,Rambler Crest,Tsing Yi Station,Rambler Crest,Tsing Yi Station,,2008619,HK Bus Crawling
88F+2+Tsing Yi Station+Rambler Crest,88F,2,gmb,Tsing Yi Station,Rambler Crest,Tsing Yi Station,Rambler Crest,,2008604,HK Bus Crawling
88F+3+Rambler Crest+Tsing Yi Station,88F,3,gmb,Rambler Crest,Tsing Yi Station,Rambler Crest,Tsing Yi Station,,2008604,HK Bus Crawling
88F+3+Tsing Yi Station+Rambler Crest,88F,3,gmb,Tsing Yi Station,Rambler Crest,Tsing Yi Station,Rambler Crest,,2008619,HK Bus Crawling
88G+2+Kwai Fong Station+Rambler Crest,88G,2,gmb,Kwai Fong Station,Rambler Crest,Kwai Fong Station,Rambler Crest,,2008629,HK Bus Crawling
88G+3+Rambler Crest+Kwai Fong Station,88G,3,gmb,Rambler Crest,Kwai Fong Station,Rambler Crest,Kwai Fong Station,,2008629,HK Bus Crawling
88M+1+Cheung Ching Estate+Kwai Fong Station,88M,1,gmb,Cheung Ching Estate,Kwai Fong Station,Cheung Ching Estate,Kwai Fong Station,,2008624,HK Bus Crawling
88M+1+Hong Kong United Dockyard (omit Cheung Ching)+Kwai Fong Station,88M,1,gmb,Hong Kong United Dockyard (omit Cheung Ching),Kwai Fong Station,Hong Kong United Dockyard (omit Cheung Ching),Kwai Fong Station,,2008623,HK Bus Crawling
88M+1+Hong Kong United Dockyard+Kwai Fong Station,88M,1,gmb,Hong Kong United Dockyard,Kwai Fong Station,Hong Kong United Dockyard,Kwai Fong Station,,2008621,HK Bus Crawling
88M+1+Hong Kong United Dockyard+Kwai Fong Station (omit Metroplaza),88M,1,gmb,Hong Kong United Dockyard,Kwai Fong Station (omit Metroplaza),Hong Kong United Dockyard,Kwai Fong Station (omit Metroplaza),,2008625,HK Bus Crawling
88M+1+Kwai Fong Station+Cheung Ching Estate,88M,1,gmb,Kwai Fong Station,Cheung Ching Estate,Kwai Fong Station,Cheung Ching Estate,,2008624,HK Bus Crawling
88M+1+Kwai Fong Station+Hong Kong United Dockyard,88M,1,gmb,Kwai Fong Station,Hong Kong United Dockyard,Kwai Fong Station,Hong Kong United Dockyard,,2008621,HK Bus Crawling
88M+1+Kwai Fong Station+Hong Kong United Dockyard (omit Cheung Ching),88M,1,gmb,Kwai Fong Station,Hong Kong United Dockyard (omit Cheung Ching),Kwai Fong Station,Hong Kong United Dockyard (omit Cheung Ching),,2008623,HK Bus Crawling
88M+2+Kwai Fong Station+Tsing Yi South (Circular),88M,2,gmb,Kwai Fong Station,Tsing Yi South (Circular),Kwai Fong Station,Tsing Yi South (Circular),,2008627,HK Bus Crawling
88M+2+Kwai Fong Station+Tsing Yi South (omit Metroplaza on return journey) (Circular),88M,2,gmb,Kwai Fong Station,Tsing Yi South (omit Metroplaza on return journey) (Circular),Kwai Fong Station,Tsing Yi South (omit Metroplaza on return journey) (Circular),,2008628,HK Bus Crawling
89+1+Shek Tau Street+Tsuen Wan (Ho Pui Street),89,1,gmb,Shek Tau Street,Tsuen Wan (Ho Pui Street),Shek Tau Street,Tsuen Wan (Ho Pui Street),,2007959,HK Bus Crawling
89+1+Tsuen Wan (Ho Pui Street)+Shek Tau Street,89,1,gmb,Tsuen Wan (Ho Pui Street),Shek Tau Street,Tsuen Wan (Ho Pui Street),Shek Tau Street,,2007959,HK Bus Crawling
89A+1+Ngau Tau Kok Bus Terminus+On Tai Estate,89A,1,gmb,Ngau Tau Kok Bus Terminus,On Tai Estate,Ngau Tau Kok Bus Terminus,On Tai Estate,,2001031,HK Bus Crawling
89A+1+On Tai Estate+Ngau Tau Kok Bus Terminus,89A,1,gmb,On Tai Estate,Ngau Tau Kok Bus Terminus,On Tai Estate,Ngau Tau Kok Bus Terminus,,2001031,HK Bus Crawling
89A+2+Tsuen Wan (Ho Pui Street)+Kwai Hing Station,89A,2,gmb,Tsuen Wan (Ho Pui Street),Kwai Hing Station,Tsuen Wan (Ho Pui Street),Kwai Hing Station,,2007992,HK Bus Crawling
89A+3+Kwai Hing Station+Tsuen Wan (Ho Pui Street),89A,3,gmb,Kwai Hing Station,Tsuen Wan (Ho Pui Street),Kwai Hing Station,Tsuen Wan (Ho Pui Street),,2007992,HK Bus Crawling
89B+1+Kowloon Bay (Zero Carbon Building)+On Tai Estate,89B,1,gmb,Kowloon Bay (Zero Carbon Building),On Tai Estate,Kowloon Bay (Zero Carbon Building),On Tai Estate,,2000974,HK Bus Crawling
89B+1+On Tai Estate+Kowloon Bay (Zero Carbon Building),89B,1,gmb,On Tai Estate,Kowloon Bay (Zero Carbon Building),On Tai Estate,Kowloon Bay (Zero Carbon Building),,2000974,HK Bus Crawling
89B+2+Hoi Kwai Road Public Transport Interchange+Kwai Shing North (Kwai Hau Street),89B,2,gmb,Hoi Kwai Road Public Transport Interchange,Kwai Shing North (Kwai Hau Street),Hoi Kwai Road Public Transport Interchange,Kwai Shing North (Kwai Hau Street),,2007993,HK Bus Crawling
89B+3+Kwai Shing North (Kwai Hau Street)+Hoi Kwai Road Public Transport Interchange,89B,3,gmb,Kwai Shing North (Kwai Hau Street),Hoi Kwai Road Public Transport Interchange,Kwai Shing North (Kwai Hau Street),Hoi Kwai Road Public Transport Interchange,,2007993,HK Bus Crawling
89C+2+On Tat Estate+Ngau Tau Kok Bus Terminus,89C,2,gmb,On Tat Estate,Ngau Tau Kok Bus Terminus,On Tat Estate,Ngau Tau Kok Bus Terminus,,2001033,HK Bus Crawling
89C+3+Ngau Tau Kok Bus Terminus+On Tat Estate,89C,3,gmb,Ngau Tau Kok Bus Terminus,On Tat Estate,Ngau Tau Kok Bus Terminus,On Tat Estate,,2001033,HK Bus Crawling
89C+3+On Tat Estate+Ngau Tau Kok Bus Terminus,89C,3,gmb,On Tat Estate,Ngau Tau Kok Bus Terminus,On Tat Estate,Ngau Tau Kok Bus Terminus,,2001035,HK Bus Crawling
89C+4+Ngau Tau Kok Bus Terminus+On Tat Estate,89C,4,gmb,Ngau Tau Kok Bus Terminus,On Tat Estate,Ngau Tau Kok Bus Terminus,On Tat Estate,,2001035,HK Bus Crawling
89M+1+Kwai Shing North (Kwai Hau Street)+Kwai Fong Station(Circular),89M,1,gmb,Kwai Shing North (Kwai Hau Street),Kwai Fong Station(Circular),Kwai Shing North (Kwai Hau Street),Kwai Fong Station(Circular),,2007995,HK Bus Crawling
89P+2+Shek Tau Street+Kwai Fong(Circular),89P,2,gmb,Shek Tau Street,Kwai Fong(Circular),Shek Tau Street,Kwai Fong(Circular),,2007994,HK Bus Crawling
89S+2+Kwai Fong Station+Kwai Shing North (Circular),89S,2,gmb,Kwai Fong Station,Kwai Shing North (Circular),Kwai Fong Station,Kwai Shing North (Circular),,2007996,HK Bus Crawling
8M+1+Ho Man Tin (Sheung Wo Street)+Ho Man Tin Station,8M,1,gmb,Ho Man Tin (Sheung Wo Street),Ho Man Tin Station,Ho Man Tin (Sheung Wo Street),Ho Man Tin Station,,2006318,HK Bus Crawling
8M+1+Ho Man Tin Station+Ho Man Tin (Sheung Wo Street),8M,1,gmb,Ho Man Tin Station,Ho Man Tin (Sheung Wo Street),Ho Man Tin Station,Ho Man Tin (Sheung Wo Street),,2006318,HK Bus Crawling
8S+1+Ho Man Tin (Sheung Foo Street)+Tsim Sha Tsui (Hankow Road),8S,1,gmb,Ho Man Tin (Sheung Foo Street),Tsim Sha Tsui (Hankow Road),Ho Man Tin (Sheung Foo Street),Tsim Sha Tsui (Hankow Road),,2006315,HK Bus Crawling
8S+1+Tsim Sha Tsui (Hankow Road)+Ho Man Tin (Sheung Foo Street),8S,1,gmb,Tsim Sha Tsui (Hankow Road),Ho Man Tin (Sheung Foo Street),Tsim Sha Tsui (Hankow Road),Ho Man Tin (Sheung Foo Street),,2006315,HK Bus Crawling
8S+2+Tsim Sha Tsui (Hankow Road)+Ho Man Tin (Sheung Foo Street),8S,2,gmb,Tsim Sha Tsui (Hankow Road),Ho Man Tin (Sheung Foo Street),Tsim Sha Tsui (Hankow Road),Ho Man Tin (Sheung Foo Street),,2006317,HK Bus Crawling
8X+2+Baguio Villas (Lower)+Central (Exchange Square),8X,2,gmb,Baguio Villas (Lower),Central (Exchange Square),Baguio Villas (Lower),Central (Exchange Square),,2004087,HK Bus Crawling
8X+3+Central (Exchange Square)+Baguio Villas (Lower),8X,3,gmb,Central (Exchange Square),Baguio Villas (Lower),Central (Exchange Square),Baguio Villas (Lower),,2004087,HK Bus Crawling
9+1+Central (Exchange Square)+Bowen Road (Circular),9,1,gmb,Central (Exchange Square),Bowen Road (Circular),Central (Exchange Square),Bowen Road (Circular),,2002283,HK Bus Crawling
9+1+Lady MacLehose Holiday Village+Sai Kung,9,1,gmb,Lady MacLehose Holiday Village,Sai Kung,Lady MacLehose Holiday Village,Sai Kung,,2002547,HK Bus Crawling
9+1+Sai Kung+Lady MacLehose Holiday Village,9,1,gmb,Sai Kung,Lady MacLehose Holiday Village,Sai Kung,Lady MacLehose Holiday Village,,2002547,HK Bus Crawling
9+2+Tai Mong Tsai+Sai Kung,9,2,gmb,Tai Mong Tsai,Sai Kung,Tai Mong Tsai,Sai Kung,,2002548,HK Bus Crawling
"901+1+Ground Floor, HZMB Hong Kong Port+Tung Chung North (Circular Route)",901,1,gmb,"Ground Floor, HZMB Hong Kong Port",Tung Chung North (Circular Route),"Ground Floor, HZMB Hong Kong Port",Tung Chung North (Circular Route),,2000987,HK Bus Crawling
90A+1+Hong Kong Children's Hospital+Yau Tong (Yau Lai Estate),90A,1,gmb,Hong Kong Children's Hospital,Yau Tong (Yau Lai Estate),Hong Kong Children's Hospital,Yau Tong (Yau Lai Estate),,2008586,HK Bus Crawling
90A+1+Kwai Chung Hospital+Mei Foo,90A,1,gmb,Kwai Chung Hospital,Mei Foo,Kwai Chung Hospital,Mei Foo,,2005650,HK Bus Crawling
90A+1+Mei Foo+Kwai Chung Hospital,90A,1,gmb,Mei Foo,Kwai Chung Hospital,Mei Foo,Kwai Chung Hospital,,2005650,HK Bus Crawling
90A+1+Yau Tong (Yau Lai Estate)+Hong Kong Children's Hospital,90A,1,gmb,Yau Tong (Yau Lai Estate),Hong Kong Children's Hospital,Yau Tong (Yau Lai Estate),Hong Kong Children's Hospital,,2008586,HK Bus Crawling
90A+2+Hong Kong Children's Hospital+Yau Tong (Yau Lai Estate) via Ko Chiu Road and Lei Yue Mun Road,90A,2,gmb,Hong Kong Children's Hospital,Yau Tong (Yau Lai Estate) via Ko Chiu Road and Lei Yue Mun Road,Hong Kong Children's Hospital,Yau Tong (Yau Lai Estate) via Ko Chiu Road and Lei Yue Mun Road,,2008590,HK Bus Crawling
90B+1+Hong Kong Children's Hospital+Sau Mau Ping,90B,1,gmb,Hong Kong Children's Hospital,Sau Mau Ping,Hong Kong Children's Hospital,Sau Mau Ping,,2008592,HK Bus Crawling
90B+1+Sau Mau Ping+Hong Kong Children's Hospital,90B,1,gmb,Sau Mau Ping,Hong Kong Children's Hospital,Sau Mau Ping,Hong Kong Children's Hospital,,2008592,HK Bus Crawling
90M+1+Lai Kong Street+Mei Foo Station (Circular),90M,1,gmb,Lai Kong Street,Mei Foo Station (Circular),Lai Kong Street,Mei Foo Station (Circular),,2007770,HK Bus Crawling
90P+1+Mei Foo+Princess Margaret Hospital,90P,1,gmb,Mei Foo,Princess Margaret Hospital,Mei Foo,Princess Margaret Hospital,,2005649,HK Bus Crawling
90P+1+Princess Margaret Hospital+Mei Foo,90P,1,gmb,Princess Margaret Hospital,Mei Foo,Princess Margaret Hospital,Mei Foo,,2005649,HK Bus Crawling
91+1+Lai Kong Street+Tsuen Wan (Ham Tin Street),91,1,gmb,Lai Kong Street,Tsuen Wan (Ham Tin Street),Lai Kong Street,Tsuen Wan (Ham Tin Street),,2005683,HK Bus Crawling
91+1+Tsuen Wan (Ham Tin Street)+Lai Kong Street,91,1,gmb,Tsuen Wan (Ham Tin Street),Lai Kong Street,Tsuen Wan (Ham Tin Street),Lai Kong Street,,2005683,HK Bus Crawling
91+2+Jordan (Pak Hoi Street)+Sau Mau Ping (Hiu Kwong Street)(Circular),91,2,gmb,Jordan (Pak Hoi Street),Sau Mau Ping (Hiu Kwong Street)(Circular),Jordan (Pak Hoi Street),Sau Mau Ping (Hiu Kwong Street)(Circular),,2010764,HK Bus Crawling
91+2+Sau Mau Ping (Hiu Kwong Street)+Jordan (Nanking Street),91,2,gmb,Sau Mau Ping (Hiu Kwong Street),Jordan (Nanking Street),Sau Mau Ping (Hiu Kwong Street),Jordan (Nanking Street),,2010731,HK Bus Crawling
91+2+Sau Mau Ping (Hiu Kwong Street)+Jordan (Pak Hoi Street),91,2,gmb,Sau Mau Ping (Hiu Kwong Street),Jordan (Pak Hoi Street),Sau Mau Ping (Hiu Kwong Street),Jordan (Pak Hoi Street),,2010698,HK Bus Crawling
91+3+Jordan (Pak Hoi Street)+Sau Mau Ping (Hiu Kwong Street),91,3,gmb,Jordan (Pak Hoi Street),Sau Mau Ping (Hiu Kwong Street),Jordan (Pak Hoi Street),Sau Mau Ping (Hiu Kwong Street),,2010698,HK Bus Crawling
91A+1+Kwai Fong Station+Lai Kong Street,91A,1,gmb,Kwai Fong Station,Lai Kong Street,Kwai Fong Station,Lai Kong Street,,2005651,HK Bus Crawling
91A+1+Lai Kong Street+Kwai Fong Station,91A,1,gmb,Lai Kong Street,Kwai Fong Station,Lai Kong Street,Kwai Fong Station,,2005651,HK Bus Crawling
91A+2+Lai Kong Street+Kwai Shing Circuit,91A,2,gmb,Lai Kong Street,Kwai Shing Circuit,Lai Kong Street,Kwai Shing Circuit,,2005682,HK Bus Crawling
91A+3+Kwai Shing Circuit+Lai Kong Street,91A,3,gmb,Kwai Shing Circuit,Lai Kong Street,Kwai Shing Circuit,Lai Kong Street,,2005682,HK Bus Crawling
92M+1+Wah Yuen Chuen+Mei Foo Station(Circular),92M,1,gmb,Wah Yuen Chuen,Mei Foo Station(Circular),Wah Yuen Chuen,Mei Foo Station(Circular),,2007771,HK Bus Crawling
93+1+Tsuen Wan (Ham Tin Street)+Wah Yuen Chuen,93,1,gmb,Tsuen Wan (Ham Tin Street),Wah Yuen Chuen,Tsuen Wan (Ham Tin Street),Wah Yuen Chuen,,2007772,HK Bus Crawling
93+1+Wah Yuen Chuen+Tsuen Wan (Ham Tin Street),93,1,gmb,Wah Yuen Chuen,Tsuen Wan (Ham Tin Street),Wah Yuen Chuen,Tsuen Wan (Ham Tin Street),,2007772,HK Bus Crawling
93A+2+Wonderland Villas+Tsuen Wan (Ham Tin Street),93A,2,gmb,Wonderland Villas,Tsuen Wan (Ham Tin Street),Wonderland Villas,Tsuen Wan (Ham Tin Street),,2007773,HK Bus Crawling
93A+3+Tsuen Wan (Ham Tin Street)+Wonderland Villas,93A,3,gmb,Tsuen Wan (Ham Tin Street),Wonderland Villas,Tsuen Wan (Ham Tin Street),Wonderland Villas,,2007773,HK Bus Crawling
94+1+Kwai Shing+Shek Wai Kok,94,1,gmb,Kwai Shing,Shek Wai Kok,Kwai Shing,Shek Wai Kok,,2004329,HK Bus Crawling
94+1+Shek Wai Kok+Kwai Shing,94,1,gmb,Shek Wai Kok,Kwai Shing,Shek Wai Kok,Kwai Shing,,2004329,HK Bus Crawling
94A+1+Kwai Shing+Lei Muk Shue Estate Public Transport Interchange,94A,1,gmb,Kwai Shing,Lei Muk Shue Estate Public Transport Interchange,Kwai Shing,Lei Muk Shue Estate Public Transport Interchange,,2004331,HK Bus Crawling
94A+1+Lei Muk Shue Estate Public Transport Interchange+Kwai Shing,94A,1,gmb,Lei Muk Shue Estate Public Transport Interchange,Kwai Shing,Lei Muk Shue Estate Public Transport Interchange,Kwai Shing,,2004331,HK Bus Crawling
94A+2+Lei Muk Shue Estate Public Transport Interchange+Kwai Foo Road (Circular),94A,2,gmb,Lei Muk Shue Estate Public Transport Interchange,Kwai Foo Road (Circular),Lei Muk Shue Estate Public Transport Interchange,Kwai Foo Road (Circular),,2008157,HK Bus Crawling
94S+1+Hoi Kwai Road Public Transport Interchange+Shing Mun Reservoir,94S,1,gmb,Hoi Kwai Road Public Transport Interchange,Shing Mun Reservoir,Hoi Kwai Road Public Transport Interchange,Shing Mun Reservoir,,2004330,HK Bus Crawling
94S+1+Shing Mun Reservoir+Hoi Kwai Road Public Transport Interchange,94S,1,gmb,Shing Mun Reservoir,Hoi Kwai Road Public Transport Interchange,Shing Mun Reservoir,Hoi Kwai Road Public Transport Interchange,,2004330,HK Bus Crawling
95+1+Hoi Kwai Road Public Transport Interchange+Tsuen Wan Centre,95,1,gmb,Hoi Kwai Road Public Transport Interchange,Tsuen Wan Centre,Hoi Kwai Road Public Transport Interchange,Tsuen Wan Centre,,2008002,HK Bus Crawling
95+1+Tsuen Wan Centre+Hoi Kwai Road Public Transport Interchange,95,1,gmb,Tsuen Wan Centre,Hoi Kwai Road Public Transport Interchange,Tsuen Wan Centre,Hoi Kwai Road Public Transport Interchange,,2008002,HK Bus Crawling
95A+1+Tsuen Tak Gardens+Tsuen Wan Station(Circular),95A,1,gmb,Tsuen Tak Gardens,Tsuen Wan Station(Circular),Tsuen Tak Gardens,Tsuen Wan Station(Circular),,2008005,HK Bus Crawling
95K+2+Hoi Kwai Road Public Transport Interchange+Tsuen Wan Station,95K,2,gmb,Hoi Kwai Road Public Transport Interchange,Tsuen Wan Station,Hoi Kwai Road Public Transport Interchange,Tsuen Wan Station,,2008004,HK Bus Crawling
95K+3+Tsuen Wan Station+Hoi Kwai Road Public Transport Interchange,95K,3,gmb,Tsuen Wan Station,Hoi Kwai Road Public Transport Interchange,Tsuen Wan Station,Hoi Kwai Road Public Transport Interchange,,2008004,HK Bus Crawling
95M+1+Tsuen Wan Centre+Tsuen Wan Station,95M,1,gmb,Tsuen Wan Centre,Tsuen Wan Station,Tsuen Wan Centre,Tsuen Wan Station,,2008058,HK Bus Crawling
95M+1+Tsuen Wan Station+Tsuen Wan Centre,95M,1,gmb,Tsuen Wan Station,Tsuen Wan Centre,Tsuen Wan Station,Tsuen Wan Centre,,2008058,HK Bus Crawling
96+1+Tsing Lung Tau+Tsuen Wan (Hoi Pa Street),96,1,gmb,Tsing Lung Tau,Tsuen Wan (Hoi Pa Street),Tsing Lung Tau,Tsuen Wan (Hoi Pa Street),,2008003,HK Bus Crawling
96+1+Tsuen Wan (Hoi Pa Street)+Tsing Lung Tau,96,1,gmb,Tsuen Wan (Hoi Pa Street),Tsing Lung Tau,Tsuen Wan (Hoi Pa Street),Tsing Lung Tau,,2008003,HK Bus Crawling
96A+1+Yau Kom Tau Village+Tsuen Wan Station(Circular),96A,1,gmb,Yau Kom Tau Village,Tsuen Wan Station(Circular),Yau Kom Tau Village,Tsuen Wan Station(Circular),,2008061,HK Bus Crawling
96B+1+Belvedere Garden+Tsuen Wan Station(Circular),96B,1,gmb,Belvedere Garden,Tsuen Wan Station(Circular),Belvedere Garden,Tsuen Wan Station(Circular),,2008062,HK Bus Crawling
96C+2+Tsuen Wan Station+Bellagio,96C,2,gmb,Tsuen Wan Station,Bellagio,Tsuen Wan Station,Bellagio,,2008093,HK Bus Crawling
96C+3+Bellagio+Tsuen Wan Station,96C,3,gmb,Bellagio,Tsuen Wan Station,Bellagio,Tsuen Wan Station,,2008093,HK Bus Crawling
96M+1+Tsing Lung Tau+Tsuen Wan Station,96M,1,gmb,Tsing Lung Tau,Tsuen Wan Station,Tsing Lung Tau,Tsuen Wan Station,,2008091,HK Bus Crawling
96M+1+Tsuen Wan Station+Tsing Lung Tau,96M,1,gmb,Tsuen Wan Station,Tsing Lung Tau,Tsuen Wan Station,Tsing Lung Tau,,2008091,HK Bus Crawling
96P+2+Tsuen Wan West Station Public Transport Interchange+Belvedere Garden(Circular),96P,2,gmb,Tsuen Wan West Station Public Transport Interchange,Belvedere Garden(Circular),Tsuen Wan West Station Public Transport Interchange,Belvedere Garden(Circular),,2008059,HK Bus Crawling
97A+1+Cheung Sha Wan (Cheung Fat Street)+Wonderland Villas,97A,1,gmb,Cheung Sha Wan (Cheung Fat Street),Wonderland Villas,Cheung Sha Wan (Cheung Fat Street),Wonderland Villas,,2005055,HK Bus Crawling
97A+1+Wonderland Villas+Cheung Sha Wan (Cheung Fat Street),97A,1,gmb,Wonderland Villas,Cheung Sha Wan (Cheung Fat Street),Wonderland Villas,Cheung Sha Wan (Cheung Fat Street),,2005055,HK Bus Crawling
98+1+Kwai Shing North (Kwai Hau Street)+Tsuen Wan (Ho Pui Street),98,1,gmb,Kwai Shing North (Kwai Hau Street),Tsuen Wan (Ho Pui Street),Kwai Shing North (Kwai Hau Street),Tsuen Wan (Ho Pui Street),,2007997,HK Bus Crawling
98+1+Tsuen Wan (Ho Pui Street)+Kwai Shing North (Kwai Hau Street),98,1,gmb,Tsuen Wan (Ho Pui Street),Kwai Shing North (Kwai Hau Street),Tsuen Wan (Ho Pui Street),Kwai Shing North (Kwai Hau Street),,2007997,HK Bus Crawling
98+2+Tsuen Wan (Ho Pui Street)+High Prosperity Terrace (Circular),98,2,gmb,Tsuen Wan (Ho Pui Street),High Prosperity Terrace (Circular),Tsuen Wan (Ho Pui Street),High Prosperity Terrace (Circular),,2007998,HK Bus Crawling
99+1+Hoi Kwai Road Public Transport Interchange+Riviera Gardens,99,1,gmb,Hoi Kwai Road Public Transport Interchange,Riviera Gardens,Hoi Kwai Road Public Transport Interchange,Riviera Gardens,,2007266,HK Bus Crawling
99+1+Riviera Gardens+Hoi Kwai Road Public Transport Interchange,99,1,gmb,Riviera Gardens,Hoi Kwai Road Public Transport Interchange,Riviera Gardens,Hoi Kwai Road Public Transport Interchange,,2007266,HK Bus Crawling
"9A+2+Pak Tam Chung+The East Dam, High Island Reservoir",9A,2,gmb,Pak Tam Chung,"The East Dam, High Island Reservoir",Pak Tam Chung,"The East Dam, High Island Reservoir",,2002549,HK Bus Crawling
"9A+3+The East Dam, High Island Reservoir+Pak Tam Chung",9A,3,gmb,"The East Dam, High Island Reservoir",Pak Tam Chung,"The East Dam, High Island Reservoir",Pak Tam Chung,,2002549,HK Bus Crawling
9M+1+Upper Pak Tin Estate+Shek Kip Mei Station(Circular),9M,1,gmb,Upper Pak Tin Estate,Shek Kip Mei Station(Circular),Upper Pak Tin Estate,Shek Kip Mei Station(Circular),,2004362,HK Bus Crawling
CX1+1+AUSTIN STATION +HONG KONG PALACE MUSEUM,CX1,1,gmb,AUSTIN STATION ,HONG KONG PALACE MUSEUM,AUSTIN STATION ,HONG KONG PALACE MUSEUM,,2009642,HK Bus Crawling
N27+2+Aberdeen (Sai On Street)+Ap Lei Chau (Circular),N27,2,gmb,Aberdeen (Sai On Street),Ap Lei Chau (Circular),Aberdeen (Sai On Street),Ap Lei Chau (Circular),,2007502,HK Bus Crawling
N31+2+Tin Wan Estate+Causeway Bay (Jaffe Road),N31,2,gmb,Tin Wan Estate,Causeway Bay (Jaffe Road),Tin Wan Estate,Causeway Bay (Jaffe Road),,2006772,HK Bus Crawling
N31+3+Causeway Bay (Jaffe Road)+Tin Wan Estate,N31,3,gmb,Causeway Bay (Jaffe Road),Tin Wan Estate,Causeway Bay (Jaffe Road),Tin Wan Estate,,2006772,HK Bus Crawling
N40+2+Stanley Village+Jardine's Bazaar,N40,2,gmb,Stanley Village,Jardine's Bazaar,Stanley Village,Jardine's Bazaar,,2001264,HK Bus Crawling
N40+3+Jardine's Bazaar+Stanley Village,N40,3,gmb,Jardine's Bazaar,Stanley Village,Jardine's Bazaar,Stanley Village,,2001264,HK Bus Crawling
N44B+2+Lok Ma Chau Control Point+Tuen Mun Ferry Pier,N44B,2,gmb,Lok Ma Chau Control Point,Tuen Mun Ferry Pier,Lok Ma Chau Control Point,Tuen Mun Ferry Pier,,2004165,HK Bus Crawling
N44B+3+Tuen Mun Ferry Pier+Lok Ma Chau Control Point,N44B,3,gmb,Tuen Mun Ferry Pier,Lok Ma Chau Control Point,Tuen Mun Ferry Pier,Lok Ma Chau Control Point,,2004165,HK Bus Crawling
N4A+2+Aberdeen (Shek Pai Wan)+Causeway Bay (Cannon Street),N4A,2,gmb,Aberdeen (Shek Pai Wan),Causeway Bay (Cannon Street),Aberdeen (Shek Pai Wan),Causeway Bay (Cannon Street),,2004086,HK Bus Crawling
N4C+2+Aberdeen (Shek Pai Wan)+Causeway Bay (Cannon Street),N4C,2,gmb,Aberdeen (Shek Pai Wan),Causeway Bay (Cannon Street),Aberdeen (Shek Pai Wan),Causeway Bay (Cannon Street),,2004089,HK Bus Crawling
N4C+3+Causeway Bay (Cannon Street)+Aberdeen (Shek Pai Wan),N4C,3,gmb,Causeway Bay (Cannon Street),Aberdeen (Shek Pai Wan),Causeway Bay (Cannon Street),Aberdeen (Shek Pai Wan),,2004089,HK Bus Crawling
N4M+2+ABERDEEN (SHEK PAI WAN)+Wong Chuk Hang Station,N4M,2,gmb,ABERDEEN (SHEK PAI WAN),Wong Chuk Hang Station,ABERDEEN (SHEK PAI WAN),Wong Chuk Hang Station,,2010995,HK Bus Crawling
N4M+3+Wong Chuk Hang Station+ABERDEEN (SHEK PAI WAN),N4M,3,gmb,Wong Chuk Hang Station,ABERDEEN (SHEK PAI WAN),Wong Chuk Hang Station,ABERDEEN (SHEK PAI WAN),,2010995,HK Bus Crawling
N4X+2+Causeway Bay (Cannon Street)+Shum Wan Road Public Transport Terminus (Circular),N4X,2,gmb,Causeway Bay (Cannon Street),Shum Wan Road Public Transport Terminus (Circular),Causeway Bay (Cannon Street),Shum Wan Road Public Transport Terminus (Circular),,2004093,HK Bus Crawling
N51S+2+Wah Kwai Estate+Aberdeen (Circular),N51S,2,gmb,Wah Kwai Estate,Aberdeen (Circular),Wah Kwai Estate,Aberdeen (Circular),,2002814,HK Bus Crawling
KF1+1+Central Pier 4+Sok Kwu Wan Pier 2,KF1,1,hkkf,Central Pier 4,Sok Kwu Wan Pier 2,Central Pier 4,Sok Kwu Wan Pier 2,,7008,HK Bus Crawling
KF1+1+Sok Kwu Wan Pier 2+Central Pier 4,KF1,1,hkkf,Sok Kwu Wan Pier 2,Central Pier 4,Sok Kwu Wan Pier 2,Central Pier 4,,7008,HK Bus Crawling
KF2+1+Central Pier 4+Yung Shue Wan Pier,KF2,1,hkkf,Central Pier 4,Yung Shue Wan Pier,Central Pier 4,Yung Shue Wan Pier,,7009,HK Bus Crawling
KF2+1+Yung Shue Wan Pier+Central Pier 4,KF2,1,hkkf,Yung Shue Wan Pier,Central Pier 4,Yung Shue Wan Pier,Central Pier 4,,7009,HK Bus Crawling
KF3+1+Central Pier 6+Peng Chau Pier,KF3,1,hkkf,Central Pier 6,Peng Chau Pier,Central Pier 6,Peng Chau Pier,,7007,HK Bus Crawling
KF3+1+Peng Chau Pier+Central Pier 6,KF3,1,hkkf,Peng Chau Pier,Central Pier 6,Peng Chau Pier,Central Pier 6,,7007,HK Bus Crawling
KF4+1+Hei Ling Chau Public Pier+Peng Chau Pier,KF4,1,hkkf,Hei Ling Chau Public Pier,Peng Chau Pier,Hei Ling Chau Public Pier,Peng Chau Pier,,,HK Bus Crawling
KF4+1+Peng Chau Pier+Hei Ling Chau Public Pier,KF4,1,hkkf,Peng Chau Pier,Hei Ling Chau Public Pier,Peng Chau Pier,Hei Ling Chau Public Pier,,,HK Bus Crawling
1+1+CHUK YUEN ESTATE+STAR FERRY,1,1,kmb,CHUK YUEN ESTATE,STAR FERRY,CHUK YUEN ESTATE,STAR FERRY,,1001,HK Bus Crawling
1+1+STAR FERRY+CHUK YUEN ESTATE,1,1,kmb,STAR FERRY,CHUK YUEN ESTATE,STAR FERRY,CHUK YUEN ESTATE,,1001,HK Bus Crawling
10+1+CHOI WAN+TAI KOK TSUI (CIRCULAR),10,1,kmb,CHOI WAN,TAI KOK TSUI (CIRCULAR),CHOI WAN,TAI KOK TSUI (CIRCULAR),,1002,HK Bus Crawling
101+2+KWUN TONG (YUE MAN SQUARE)+DES VOEUX RD CENTRAL,101,2,kmb,KWUN TONG (YUE MAN SQUARE),DES VOEUX RD CENTRAL,KWUN TONG (YUE MAN SQUARE),DES VOEUX RD CENTRAL,,,HK Bus Crawling
101+3+KWUN TONG (YUE MAN SQUARE)+BELCHER'S STREET,101,3,kmb,KWUN TONG (YUE MAN SQUARE),BELCHER'S STREET,KWUN TONG (YUE MAN SQUARE),BELCHER'S STREET,,,HK Bus Crawling
101R+1+HAPPY VALLEY RACE COURSE+KWUN TONG (YUE MAN SQUARE),101R,1,kmb,HAPPY VALLEY RACE COURSE,KWUN TONG (YUE MAN SQUARE),HAPPY VALLEY RACE COURSE,KWUN TONG (YUE MAN SQUARE),,,HK Bus Crawling
102R+1+HAPPY VALLEY RACE COURSE+MEI FOO,102R,1,kmb,HAPPY VALLEY RACE COURSE,MEI FOO,HAPPY VALLEY RACE COURSE,MEI FOO,,,HK Bus Crawling
108+1+BRAEMAR HILL+KAI YIP,108,1,kmb,BRAEMAR HILL,KAI YIP,BRAEMAR HILL,KAI YIP,,1014,HK Bus Crawling
108+1+KAI YIP+BRAEMAR HILL,108,1,kmb,KAI YIP,BRAEMAR HILL,KAI YIP,BRAEMAR HILL,,1014,HK Bus Crawling
108+3+SUNG WONG TOI ROAD+CAUSEWAY BAY (PENNINGTON STREET),108,3,kmb,SUNG WONG TOI ROAD,CAUSEWAY BAY (PENNINGTON STREET),SUNG WONG TOI ROAD,CAUSEWAY BAY (PENNINGTON STREET),,8773,HK Bus Crawling
11+1+KOWLOON STATION+TSZ WAN SHAN (CENTRAL),11,1,kmb,KOWLOON STATION,TSZ WAN SHAN (CENTRAL),KOWLOON STATION,TSZ WAN SHAN (CENTRAL),,1000706,HK Bus Crawling
11+1+TSZ WAN SHAN (CENTRAL)+KOWLOON STATION,11,1,kmb,TSZ WAN SHAN (CENTRAL),KOWLOON STATION,TSZ WAN SHAN (CENTRAL),KOWLOON STATION,,1000706,HK Bus Crawling
11+2+DIAMOND HILL STATION+KOWLOON STATION,11,2,kmb,DIAMOND HILL STATION,KOWLOON STATION,DIAMOND HILL STATION,KOWLOON STATION,,1016,HK Bus Crawling
11+2+KOWLOON STATION+TSZ WAN SHAN (CENTRAL),11,2,kmb,KOWLOON STATION,TSZ WAN SHAN (CENTRAL),KOWLOON STATION,TSZ WAN SHAN (CENTRAL),,1000707,HK Bus Crawling
118P+4+SIU SAI WAN (ISLAND RESORT)+KEI WING PRIMARY SCHOOL,118P,4,kmb,SIU SAI WAN (ISLAND RESORT),KEI WING PRIMARY SCHOOL,SIU SAI WAN (ISLAND RESORT),KEI WING PRIMARY SCHOOL,,,HK Bus Crawling
118R+1+SIU SAI WAN SPORTS GROUND+MONG KOK,118R,1,kmb,SIU SAI WAN SPORTS GROUND,MONG KOK,SIU SAI WAN SPORTS GROUND,MONG KOK,,,HK Bus Crawling
11A+1+CHUK YUEN ESTATE+KAI TAK HOSPITAL,11A,1,kmb,CHUK YUEN ESTATE,KAI TAK HOSPITAL,CHUK YUEN ESTATE,KAI TAK HOSPITAL,,,HK Bus Crawling
11B+1+KOWLOON CITY FERRY+KWUN TONG (TSUI PING ROAD),11B,1,kmb,KOWLOON CITY FERRY,KWUN TONG (TSUI PING ROAD),KOWLOON CITY FERRY,KWUN TONG (TSUI PING ROAD),,1027,HK Bus Crawling
11B+1+KWUN TONG (TSUI PING ROAD)+KOWLOON CITY FERRY,11B,1,kmb,KWUN TONG (TSUI PING ROAD),KOWLOON CITY FERRY,KWUN TONG (TSUI PING ROAD),KOWLOON CITY FERRY,,1027,HK Bus Crawling
11C+1+CHUK YUEN ESTATE+SAU MAU PING (UPPER),11C,1,kmb,CHUK YUEN ESTATE,SAU MAU PING (UPPER),CHUK YUEN ESTATE,SAU MAU PING (UPPER),,1028,HK Bus Crawling
11C+1+SAU MAU PING (UPPER)+CHUK YUEN ESTATE,11C,1,kmb,SAU MAU PING (UPPER),CHUK YUEN ESTATE,SAU MAU PING (UPPER),CHUK YUEN ESTATE,,1028,HK Bus Crawling
11D+1+KWUN TONG FERRY+LOK FU,11D,1,kmb,KWUN TONG FERRY,LOK FU,KWUN TONG FERRY,LOK FU,,1029,HK Bus Crawling
11D+1+LOK FU+KWUN TONG FERRY,11D,1,kmb,LOK FU,KWUN TONG FERRY,LOK FU,KWUN TONG FERRY,,1029,HK Bus Crawling
11K+1+CHUK YUEN ESTATE+HUNG HOM STATION,11K,1,kmb,CHUK YUEN ESTATE,HUNG HOM STATION,CHUK YUEN ESTATE,HUNG HOM STATION,,1030,HK Bus Crawling
11K+1+HUNG HOM STATION+CHUK YUEN ESTATE,11K,1,kmb,HUNG HOM STATION,CHUK YUEN ESTATE,HUNG HOM STATION,CHUK YUEN ESTATE,,1030,HK Bus Crawling
11X+1+HUNG HOM STATION+ON TAI (NORTH),11X,1,kmb,HUNG HOM STATION,ON TAI (NORTH),HUNG HOM STATION,ON TAI (NORTH),,1031,HK Bus Crawling
11X+1+ON TAI (NORTH)+HUNG HOM STATION,11X,1,kmb,ON TAI (NORTH),HUNG HOM STATION,ON TAI (NORTH),HUNG HOM STATION,,1031,HK Bus Crawling
12+1+HOI LAI ESTATE+TSIM SHA TSUI EAST (MODY ROAD),12,1,kmb,HOI LAI ESTATE,TSIM SHA TSUI EAST (MODY ROAD),HOI LAI ESTATE,TSIM SHA TSUI EAST (MODY ROAD),,1032,HK Bus Crawling
12+1+TSIM SHA TSUI EAST (MODY ROAD)+HOI LAI ESTATE,12,1,kmb,TSIM SHA TSUI EAST (MODY ROAD),HOI LAI ESTATE,TSIM SHA TSUI EAST (MODY ROAD),HOI LAI ESTATE,,1032,HK Bus Crawling
12A+1+CHEUNG SHA WAN (HOI TAT ESTATE)+WHAMPOA GARDEN,12A,1,kmb,CHEUNG SHA WAN (HOI TAT ESTATE),WHAMPOA GARDEN,CHEUNG SHA WAN (HOI TAT ESTATE),WHAMPOA GARDEN,,1033,HK Bus Crawling
12A+1+WHAMPOA GARDEN+CHEUNG SHA WAN (HOI TAT ESTATE),12A,1,kmb,WHAMPOA GARDEN,CHEUNG SHA WAN (HOI TAT ESTATE),WHAMPOA GARDEN,CHEUNG SHA WAN (HOI TAT ESTATE),,1033,HK Bus Crawling
13+1+ANDERSON+SHAM SHUI PO (YEN CHOW ST),13,1,kmb,ANDERSON,SHAM SHUI PO (YEN CHOW ST),ANDERSON,SHAM SHUI PO (YEN CHOW ST),,1000632,HK Bus Crawling
13+1+SHAM SHUI PO (YEN CHOW ST)+ANDERSON,13,1,kmb,SHAM SHUI PO (YEN CHOW ST),ANDERSON,SHAM SHUI PO (YEN CHOW ST),ANDERSON,,1000632,HK Bus Crawling
13D+1+ISLAND HARBOURVIEW+PO TAT,13D,1,kmb,ISLAND HARBOURVIEW,PO TAT,ISLAND HARBOURVIEW,PO TAT,,1034,HK Bus Crawling
13D+1+PO TAT+ISLAND HARBOURVIEW,13D,1,kmb,PO TAT,ISLAND HARBOURVIEW,PO TAT,ISLAND HARBOURVIEW,,8798,HK Bus Crawling
13D+2+PO TAT+ISLAND HARBOURVIEW,13D,2,kmb,PO TAT,ISLAND HARBOURVIEW,PO TAT,ISLAND HARBOURVIEW,,1034,HK Bus Crawling
13M+1+KWUN TONG (ELEGANCE ROAD)+PO TAT (CIRCULAR),13M,1,kmb,KWUN TONG (ELEGANCE ROAD),PO TAT (CIRCULAR),KWUN TONG (ELEGANCE ROAD),PO TAT (CIRCULAR),,1035,HK Bus Crawling
13M+2+PO TAT+KWUN TONG STATION,13M,2,kmb,PO TAT,KWUN TONG STATION,PO TAT,KWUN TONG STATION,,8799,HK Bus Crawling
13P+1+PO TAT+CHEUNG SHA WAN (LAI KOK ESTATE),13P,1,kmb,PO TAT,CHEUNG SHA WAN (LAI KOK ESTATE),PO TAT,CHEUNG SHA WAN (LAI KOK ESTATE),,1036,HK Bus Crawling
13X+1+PO TAT+TSIM SHA TSUI EAST,13X,1,kmb,PO TAT,TSIM SHA TSUI EAST,PO TAT,TSIM SHA TSUI EAST,,1037,HK Bus Crawling
13X+1+TSIM SHA TSUI EAST+PO TAT,13X,1,kmb,TSIM SHA TSUI EAST,PO TAT,TSIM SHA TSUI EAST,PO TAT,,1037,HK Bus Crawling
13X+2+PO TAT+TSIM SHA TSUI EAST,13X,2,kmb,PO TAT,TSIM SHA TSUI EAST,PO TAT,TSIM SHA TSUI EAST,,8800,HK Bus Crawling
13X+2+TSIM SHA TSUI EAST+PO TAT,13X,2,kmb,TSIM SHA TSUI EAST,PO TAT,TSIM SHA TSUI EAST,PO TAT,,8800,HK Bus Crawling
13X+3+CHOI FOOK+TSIM SHA TSUI EAST,13X,3,kmb,CHOI FOOK,TSIM SHA TSUI EAST,CHOI FOOK,TSIM SHA TSUI EAST,,8802,HK Bus Crawling
13X+5+PO TAT+TSIM SHA TSUI EAST,13X,5,kmb,PO TAT,TSIM SHA TSUI EAST,PO TAT,TSIM SHA TSUI EAST,,8801,HK Bus Crawling
14+1+CHINA FERRY TERMINAL+LEI YUE MUN ESTATE,14,1,kmb,CHINA FERRY TERMINAL,LEI YUE MUN ESTATE,CHINA FERRY TERMINAL,LEI YUE MUN ESTATE,,1038,HK Bus Crawling
14+1+LEI YUE MUN ESTATE+CHINA FERRY TERMINAL,14,1,kmb,LEI YUE MUN ESTATE,CHINA FERRY TERMINAL,LEI YUE MUN ESTATE,CHINA FERRY TERMINAL,,1038,HK Bus Crawling
14B+1+LAM TIN (KWONG TIN ESTATE)+NGAU TAU KOK,14B,1,kmb,LAM TIN (KWONG TIN ESTATE),NGAU TAU KOK,LAM TIN (KWONG TIN ESTATE),NGAU TAU KOK,,1039,HK Bus Crawling
14B+1+NGAU TAU KOK+LAM TIN (KWONG TIN ESTATE),14B,1,kmb,NGAU TAU KOK,LAM TIN (KWONG TIN ESTATE),NGAU TAU KOK,LAM TIN (KWONG TIN ESTATE),,1039,HK Bus Crawling
14B+3+LOK WAH+LAM TIN (KWONG TIN ESTATE),14B,3,kmb,LOK WAH,LAM TIN (KWONG TIN ESTATE),LOK WAH,LAM TIN (KWONG TIN ESTATE),,1000068,HK Bus Crawling
14D+1+CHOI HUNG+YAU TONG,14D,1,kmb,CHOI HUNG,YAU TONG,CHOI HUNG,YAU TONG,,8092,HK Bus Crawling
14D+1+YAU TONG+CHOI HUNG,14D,1,kmb,YAU TONG,CHOI HUNG,YAU TONG,CHOI HUNG,,8092,HK Bus Crawling
14D+2+LAM TIN (KWONG TIN ESTATE)+CHOI HUNG,14D,2,kmb,LAM TIN (KWONG TIN ESTATE),CHOI HUNG,LAM TIN (KWONG TIN ESTATE),CHOI HUNG,,8096,HK Bus Crawling
14H+1+YAU TONG+SHUN LEE (CIRCULAR),14H,1,kmb,YAU TONG,SHUN LEE (CIRCULAR),YAU TONG,SHUN LEE (CIRCULAR),,8553,HK Bus Crawling
14S+1+YAU TONG (LEI YUE MUN ROAD)+TSEUNG KWAN O CHINESE PERMANENT CEMETERY(CIRCULAR),14S,1,kmb,YAU TONG (LEI YUE MUN ROAD),TSEUNG KWAN O CHINESE PERMANENT CEMETERY(CIRCULAR),YAU TONG (LEI YUE MUN ROAD),TSEUNG KWAN O CHINESE PERMANENT CEMETERY(CIRCULAR),,,HK Bus Crawling
14X+1+YAU TONG (SHUNG TAK WAI)+TSIM SHA TSUI (CIRCULAR),14X,1,kmb,YAU TONG (SHUNG TAK WAI),TSIM SHA TSUI (CIRCULAR),YAU TONG (SHUNG TAK WAI),TSIM SHA TSUI (CIRCULAR),,1040,HK Bus Crawling
15+1+HUNG HOM (HUNG LUEN ROAD)+PING TIN,15,1,kmb,HUNG HOM (HUNG LUEN ROAD),PING TIN,HUNG HOM (HUNG LUEN ROAD),PING TIN,,1041,HK Bus Crawling
15+1+PING TIN+HUNG HOM (HUNG LUEN ROAD),15,1,kmb,PING TIN,HUNG HOM (HUNG LUEN ROAD),PING TIN,HUNG HOM (HUNG LUEN ROAD),,1041,HK Bus Crawling
15A+1+PING TIN+TSZ WAN SHAN (NORTH),15A,1,kmb,PING TIN,TSZ WAN SHAN (NORTH),PING TIN,TSZ WAN SHAN (NORTH),,1042,HK Bus Crawling
15A+1+TSZ WAN SHAN (NORTH)+PING TIN,15A,1,kmb,TSZ WAN SHAN (NORTH),PING TIN,TSZ WAN SHAN (NORTH),PING TIN,,1042,HK Bus Crawling
15X+1+HUNG HOM STATION+LAM TIN (KWONG TIN ESTATE),15X,1,kmb,HUNG HOM STATION,LAM TIN (KWONG TIN ESTATE),HUNG HOM STATION,LAM TIN (KWONG TIN ESTATE),,8130,HK Bus Crawling
15X+1+LAM TIN (KWONG TIN ESTATE)+HUNG HOM STATION,15X,1,kmb,LAM TIN (KWONG TIN ESTATE),HUNG HOM STATION,LAM TIN (KWONG TIN ESTATE),HUNG HOM STATION,,8130,HK Bus Crawling
16+1+LAM TIN (KWONG TIN ESTATE)+MONG KOK (PARK AVENUE),16,1,kmb,LAM TIN (KWONG TIN ESTATE),MONG KOK (PARK AVENUE),LAM TIN (KWONG TIN ESTATE),MONG KOK (PARK AVENUE),,1044,HK Bus Crawling
16+1+MONG KOK (PARK AVENUE)+LAM TIN (KWONG TIN ESTATE),16,1,kmb,MONG KOK (PARK AVENUE),LAM TIN (KWONG TIN ESTATE),MONG KOK (PARK AVENUE),LAM TIN (KWONG TIN ESTATE),,1044,HK Bus Crawling
16+2+PING TIN+MONG KOK (PARK AVENUE),16,2,kmb,PING TIN,MONG KOK (PARK AVENUE),PING TIN,MONG KOK (PARK AVENUE),,8064,HK Bus Crawling
16M+1+KWUN TONG (YUE MAN SQUARE)+LAM TIN (HONG WAH COURT) (CIRCULAR),16M,1,kmb,KWUN TONG (YUE MAN SQUARE),LAM TIN (HONG WAH COURT) (CIRCULAR),KWUN TONG (YUE MAN SQUARE),LAM TIN (HONG WAH COURT) (CIRCULAR),,1045,HK Bus Crawling
16P+1+KWUN TONG FERRY+MONG KOK (PARK AVENUE),16P,1,kmb,KWUN TONG FERRY,MONG KOK (PARK AVENUE),KWUN TONG FERRY,MONG KOK (PARK AVENUE),,1000441,HK Bus Crawling
16P+1+MONG KOK (PARK AVENUE)+KWUN TONG FERRY,16P,1,kmb,MONG KOK (PARK AVENUE),KWUN TONG FERRY,MONG KOK (PARK AVENUE),KWUN TONG FERRY,,1000441,HK Bus Crawling
16X+1+LAM TIN (KWONG TIN ESTATE)+MONG KOK (PARK AVENUE),16X,1,kmb,LAM TIN (KWONG TIN ESTATE),MONG KOK (PARK AVENUE),LAM TIN (KWONG TIN ESTATE),MONG KOK (PARK AVENUE),,8312,HK Bus Crawling
16X+1+MONG KOK (PARK AVENUE)+LAM TIN (KWONG TIN ESTATE),16X,1,kmb,MONG KOK (PARK AVENUE),LAM TIN (KWONG TIN ESTATE),MONG KOK (PARK AVENUE),LAM TIN (KWONG TIN ESTATE),,8312,HK Bus Crawling
17+1+HO MAN TIN (OI MAN ESTATE)+KWUN TONG (YUE MAN SQUARE),17,1,kmb,HO MAN TIN (OI MAN ESTATE),KWUN TONG (YUE MAN SQUARE),HO MAN TIN (OI MAN ESTATE),KWUN TONG (YUE MAN SQUARE),,1046,HK Bus Crawling
17+1+KWUN TONG (YUE MAN SQUARE)+HO MAN TIN (OI MAN ESTATE),17,1,kmb,KWUN TONG (YUE MAN SQUARE),HO MAN TIN (OI MAN ESTATE),KWUN TONG (YUE MAN SQUARE),HO MAN TIN (OI MAN ESTATE),,1046,HK Bus Crawling
17+2+KOWLOON BAY STATION+HO MAN TIN (OI MAN ESTATE),17,2,kmb,KOWLOON BAY STATION,HO MAN TIN (OI MAN ESTATE),KOWLOON BAY STATION,HO MAN TIN (OI MAN ESTATE),,8191,HK Bus Crawling
17+3+PRINCE EDWARD ROAD EAST (RICHLAND GARDENS)+HO MAN TIN (OI MAN ESTATE),17,3,kmb,PRINCE EDWARD ROAD EAST (RICHLAND GARDENS),HO MAN TIN (OI MAN ESTATE),PRINCE EDWARD ROAD EAST (RICHLAND GARDENS),HO MAN TIN (OI MAN ESTATE),,1000337,HK Bus Crawling
17A+1+HO MAN TIN (OI MAN ESTATE)+KAI TAK HOSPITAL,17A,1,kmb,HO MAN TIN (OI MAN ESTATE),KAI TAK HOSPITAL,HO MAN TIN (OI MAN ESTATE),KAI TAK HOSPITAL,,,HK Bus Crawling
17P+1+SHUN TIN+HO MAN TIN (OI MAN ESTATE),17P,1,kmb,SHUN TIN,HO MAN TIN (OI MAN ESTATE),SHUN TIN,HO MAN TIN (OI MAN ESTATE),,1000705,HK Bus Crawling
18+1+CHEUNG SHA WAN (HOI TAT ESTATE)+OI MAN (CIRCULAR),18,1,kmb,CHEUNG SHA WAN (HOI TAT ESTATE),OI MAN (CIRCULAR),CHEUNG SHA WAN (HOI TAT ESTATE),OI MAN (CIRCULAR),,1050,HK Bus Crawling
19+1+ANDERSON+DIAMOND HILL (KAI CHEUNG COURT),19,1,kmb,ANDERSON,DIAMOND HILL (KAI CHEUNG COURT),ANDERSON,DIAMOND HILL (KAI CHEUNG COURT),,1000601,HK Bus Crawling
19+1+DIAMOND HILL (KAI CHEUNG COURT)+ANDERSON,19,1,kmb,DIAMOND HILL (KAI CHEUNG COURT),ANDERSON,DIAMOND HILL (KAI CHEUNG COURT),ANDERSON,,1000601,HK Bus Crawling
1A+1+SAU MAU PING (CENTRAL)+STAR FERRY,1A,1,kmb,SAU MAU PING (CENTRAL),STAR FERRY,SAU MAU PING (CENTRAL),STAR FERRY,,1053,HK Bus Crawling
1A+1+STAR FERRY+SAU MAU PING (CENTRAL),1A,1,kmb,STAR FERRY,SAU MAU PING (CENTRAL),STAR FERRY,SAU MAU PING (CENTRAL),,1053,HK Bus Crawling
2+1+CHEUNG SHA WAN (SO UK ESTATE)+STAR FERRY,2,1,kmb,CHEUNG SHA WAN (SO UK ESTATE),STAR FERRY,CHEUNG SHA WAN (SO UK ESTATE),STAR FERRY,,1054,HK Bus Crawling
2+1+STAR FERRY+CHEUNG SHA WAN (SO UK ESTATE),2,1,kmb,STAR FERRY,CHEUNG SHA WAN (SO UK ESTATE),STAR FERRY,CHEUNG SHA WAN (SO UK ESTATE),,1054,HK Bus Crawling
203C+1+SHAM SHUI PO (TAI HANG TUNG)+TSIM SHA TSUI EAST (MODY ROAD),203C,1,kmb,SHAM SHUI PO (TAI HANG TUNG),TSIM SHA TSUI EAST (MODY ROAD),SHAM SHUI PO (TAI HANG TUNG),TSIM SHA TSUI EAST (MODY ROAD),,1000334,HK Bus Crawling
203C+1+TSIM SHA TSUI EAST (MODY ROAD)+SHAM SHUI PO (TAI HANG TUNG),203C,1,kmb,TSIM SHA TSUI EAST (MODY ROAD),SHAM SHUI PO (TAI HANG TUNG),TSIM SHA TSUI EAST (MODY ROAD),SHAM SHUI PO (TAI HANG TUNG),,1000335,HK Bus Crawling
203C+2+TSIM SHA TSUI EAST (MODY ROAD)+SHAM SHUI PO (TAI HANG TUNG),203C,2,kmb,TSIM SHA TSUI EAST (MODY ROAD),SHAM SHUI PO (TAI HANG TUNG),TSIM SHA TSUI EAST (MODY ROAD),SHAM SHUI PO (TAI HANG TUNG),,1000334,HK Bus Crawling
203E+1+CHOI HUNG+KOWLOON STATION,203E,1,kmb,CHOI HUNG,KOWLOON STATION,CHOI HUNG,KOWLOON STATION,,1056,HK Bus Crawling
203E+1+KOWLOON STATION+CHOI HUNG,203E,1,kmb,KOWLOON STATION,CHOI HUNG,KOWLOON STATION,CHOI HUNG,,1056,HK Bus Crawling
203S+1+CHAK ON+TSIM SHA TSUI EAST (MODY ROAD),203S,1,kmb,CHAK ON,TSIM SHA TSUI EAST (MODY ROAD),CHAK ON,TSIM SHA TSUI EAST (MODY ROAD),,8009,HK Bus Crawling
208+1+BROADCAST DRIVE+TSIM SHA TSUI EAST,208,1,kmb,BROADCAST DRIVE,TSIM SHA TSUI EAST,BROADCAST DRIVE,TSIM SHA TSUI EAST,,1057,HK Bus Crawling
208+1+TSIM SHA TSUI EAST+BROADCAST DRIVE,208,1,kmb,TSIM SHA TSUI EAST,BROADCAST DRIVE,TSIM SHA TSUI EAST,BROADCAST DRIVE,,1057,HK Bus Crawling
21+1+CHOI WAN+HUNG HOM STATION,21,1,kmb,CHOI WAN,HUNG HOM STATION,CHOI WAN,HUNG HOM STATION,,1058,HK Bus Crawling
21+1+HUNG HOM STATION+CHOI WAN,21,1,kmb,HUNG HOM STATION,CHOI WAN,HUNG HOM STATION,CHOI WAN,,1058,HK Bus Crawling
211+1+TSUI CHUK GARDEN+WONG TAI SIN STATION (CIRCULAR),211,1,kmb,TSUI CHUK GARDEN,WONG TAI SIN STATION (CIRCULAR),TSUI CHUK GARDEN,WONG TAI SIN STATION (CIRCULAR),,1059,HK Bus Crawling
211A+1+LOK FU+TSUI CHUK GARDEN (CIRCULAR),211A,1,kmb,LOK FU,TSUI CHUK GARDEN (CIRCULAR),LOK FU,TSUI CHUK GARDEN (CIRCULAR),,8605,HK Bus Crawling
213A+1+ON TAT+PING SHEK ／ CHOI HUNG STATION,213A,1,kmb,ON TAT,PING SHEK ／ CHOI HUNG STATION,ON TAT,PING SHEK ／ CHOI HUNG STATION,,8689,HK Bus Crawling
"213B+1+ON TAI+TING FU STREET, KWUN TONG",213B,1,kmb,ON TAI,"TING FU STREET, KWUN TONG",ON TAI,"TING FU STREET, KWUN TONG",,8696,HK Bus Crawling
213D+1+SAU MAU PING (CENTRAL)+MONG KOK (CIRCULAR),213D,1,kmb,SAU MAU PING (CENTRAL),MONG KOK (CIRCULAR),SAU MAU PING (CENTRAL),MONG KOK (CIRCULAR),,8357,HK Bus Crawling
213E+1+ANDERSON+KOWLOON STATION,213E,1,kmb,ANDERSON,KOWLOON STATION,ANDERSON,KOWLOON STATION,,1000710,HK Bus Crawling
213E+1+KOWLOON STATION+ANDERSON,213E,1,kmb,KOWLOON STATION,ANDERSON,KOWLOON STATION,ANDERSON,,1000710,HK Bus Crawling
213E+2+ANDERSON+KOWLOON STATION,213E,2,kmb,ANDERSON,KOWLOON STATION,ANDERSON,KOWLOON STATION,,1000633,HK Bus Crawling
213E+2+KOWLOON STATION+ANDERSON,213E,2,kmb,KOWLOON STATION,ANDERSON,KOWLOON STATION,ANDERSON,,1000633,HK Bus Crawling
213M+1+ON TAI+LAM TIN STATION (CIRCULAR),213M,1,kmb,ON TAI,LAM TIN STATION (CIRCULAR),ON TAI,LAM TIN STATION (CIRCULAR),,8343,HK Bus Crawling
213S+1+ON TAT+LAM TIN STATION (CIRCULAR),213S,1,kmb,ON TAT,LAM TIN STATION (CIRCULAR),ON TAT,LAM TIN STATION (CIRCULAR),,8472,HK Bus Crawling
213X+1+ON TAI (SOUTH) (HANG TAI HOUSE)+TSIM SHA TSUI (CIRCULAR),213X,1,kmb,ON TAI (SOUTH) (HANG TAI HOUSE),TSIM SHA TSUI (CIRCULAR),ON TAI (SOUTH) (HANG TAI HOUSE),TSIM SHA TSUI (CIRCULAR),,8352,HK Bus Crawling
213X+2+ON TAI (SOUTH) (HANG TAI HOUSE)+TSIM SHA TSUI (CIRCULAR),213X,2,kmb,ON TAI (SOUTH) (HANG TAI HOUSE),TSIM SHA TSUI (CIRCULAR),ON TAI (SOUTH) (HANG TAI HOUSE),TSIM SHA TSUI (CIRCULAR),,8643,HK Bus Crawling
214+1+CHEUNG SHA WAN (KOM TSUN STREET)+YAU TONG,214,1,kmb,CHEUNG SHA WAN (KOM TSUN STREET),YAU TONG,CHEUNG SHA WAN (KOM TSUN STREET),YAU TONG,,8354,HK Bus Crawling
214+1+YAU TONG+CHEUNG SHA WAN (KOM TSUN STREET),214,1,kmb,YAU TONG,CHEUNG SHA WAN (KOM TSUN STREET),YAU TONG,CHEUNG SHA WAN (KOM TSUN STREET),,8354,HK Bus Crawling
214+2+PO TAT+LAI CHI KOK STATION,214,2,kmb,PO TAT,LAI CHI KOK STATION,PO TAT,LAI CHI KOK STATION,,8496,HK Bus Crawling
214P+1+ON SAU ROAD+LAI CHI KOK STATION,214P,1,kmb,ON SAU ROAD,LAI CHI KOK STATION,ON SAU ROAD,LAI CHI KOK STATION,,8738,HK Bus Crawling
215P+1+LAM TIN (KWONG TIN ESTATE)+KOWLOON STATION,215P,1,kmb,LAM TIN (KWONG TIN ESTATE),KOWLOON STATION,LAM TIN (KWONG TIN ESTATE),KOWLOON STATION,,8115,HK Bus Crawling
215R+1+HONG KONG COLISEUM+SHUN TIN,215R,1,kmb,HONG KONG COLISEUM,SHUN TIN,HONG KONG COLISEUM,SHUN TIN,,,HK Bus Crawling
215X+1+KOWLOON STATION+LAM TIN (KWONG TIN ESTATE),215X,1,kmb,KOWLOON STATION,LAM TIN (KWONG TIN ESTATE),KOWLOON STATION,LAM TIN (KWONG TIN ESTATE),,1061,HK Bus Crawling
215X+1+LAM TIN (KWONG TIN ESTATE)+KOWLOON STATION,215X,1,kmb,LAM TIN (KWONG TIN ESTATE),KOWLOON STATION,LAM TIN (KWONG TIN ESTATE),KOWLOON STATION,,1061,HK Bus Crawling
215X+2+LAM TIN (KWONG TIN ESTATE)+KOWLOON STATION,215X,2,kmb,LAM TIN (KWONG TIN ESTATE),KOWLOON STATION,LAM TIN (KWONG TIN ESTATE),KOWLOON STATION,,1000007,HK Bus Crawling
216M+1+LAM TIN STATION+YAU TONG STATION (CIRCULAR),216M,1,kmb,LAM TIN STATION,YAU TONG STATION (CIRCULAR),LAM TIN STATION,YAU TONG STATION (CIRCULAR),,1062,HK Bus Crawling
219X+1+LAGUNA CITY+TSIM SHA TSUI (CIRCULAR),219X,1,kmb,LAGUNA CITY,TSIM SHA TSUI (CIRCULAR),LAGUNA CITY,TSIM SHA TSUI (CIRCULAR),,1064,HK Bus Crawling
219X+4+KO LING ROAD+TSIM SHA TSUI (CIRCULAR),219X,4,kmb,KO LING ROAD,TSIM SHA TSUI (CIRCULAR),KO LING ROAD,TSIM SHA TSUI (CIRCULAR),,1000439,HK Bus Crawling
224R+1+HONG KONG COLISEUM+WONG TAI SIN,224R,1,kmb,HONG KONG COLISEUM,WONG TAI SIN,HONG KONG COLISEUM,WONG TAI SIN,,,HK Bus Crawling
224X+1+KAI YIP+TSIM SHA TSUI EAST (CIRCULAR),224X,1,kmb,KAI YIP,TSIM SHA TSUI EAST (CIRCULAR),KAI YIP,TSIM SHA TSUI EAST (CIRCULAR),,1066,HK Bus Crawling
224X+2+KAI YIP+TSIM SHA TSUI EAST (CIRCULAR),224X,2,kmb,KAI YIP,TSIM SHA TSUI EAST (CIRCULAR),KAI YIP,TSIM SHA TSUI EAST (CIRCULAR),,1000142,HK Bus Crawling
224X+3+KAI TAK BUS TERMINUS+TSIM SHA TSUI EAST (CIRCULAR),224X,3,kmb,KAI TAK BUS TERMINUS,TSIM SHA TSUI EAST (CIRCULAR),KAI TAK BUS TERMINUS,TSIM SHA TSUI EAST (CIRCULAR),,8482,HK Bus Crawling
23+1+KWUN TONG FERRY+SHUN LEE (CIRCULAR),23,1,kmb,KWUN TONG FERRY,SHUN LEE (CIRCULAR),KWUN TONG FERRY,SHUN LEE (CIRCULAR),,1067,HK Bus Crawling
23+2+SHUN TIN+KWUN TONG FERRY,23,2,kmb,SHUN TIN,KWUN TONG FERRY,SHUN TIN,KWUN TONG FERRY,,,HK Bus Crawling
230R+1+KOWLOON STATION+MA WAN (PAK YAN ROAD),230R,1,kmb,KOWLOON STATION,MA WAN (PAK YAN ROAD),KOWLOON STATION,MA WAN (PAK YAN ROAD),,1000473,HK Bus Crawling
230R+1+MA WAN (PAK YAN ROAD)+KOWLOON STATION,230R,1,kmb,MA WAN (PAK YAN ROAD),KOWLOON STATION,MA WAN (PAK YAN ROAD),KOWLOON STATION,,1000473,HK Bus Crawling
230X+1+TSUEN WAN (ALLWAY GARDENS)+WHAMPOA GARDEN,230X,1,kmb,TSUEN WAN (ALLWAY GARDENS),WHAMPOA GARDEN,TSUEN WAN (ALLWAY GARDENS),WHAMPOA GARDEN,,1068,HK Bus Crawling
234A+1+SHAM TSENG (SEA CREST VILLA)+TSUEN WAN WEST STATION,234A,1,kmb,SHAM TSENG (SEA CREST VILLA),TSUEN WAN WEST STATION,SHAM TSENG (SEA CREST VILLA),TSUEN WAN WEST STATION,,1069,HK Bus Crawling
234A+1+TSUEN WAN WEST STATION+SHAM TSENG (SEA CREST VILLA),234A,1,kmb,TSUEN WAN WEST STATION,SHAM TSENG (SEA CREST VILLA),TSUEN WAN WEST STATION,SHAM TSENG (SEA CREST VILLA),,1069,HK Bus Crawling
234A+2+TSING LUNG TAU TSUEN+TSUEN WAN WEST STATION,234A,2,kmb,TSING LUNG TAU TSUEN,TSUEN WAN WEST STATION,TSING LUNG TAU TSUEN,TSUEN WAN WEST STATION,,1000566,HK Bus Crawling
234B+1+SHAM TSENG (SEA CREST VILLA)+TSUEN WAN WEST STATION,234B,1,kmb,SHAM TSENG (SEA CREST VILLA),TSUEN WAN WEST STATION,SHAM TSENG (SEA CREST VILLA),TSUEN WAN WEST STATION,,1070,HK Bus Crawling
234B+1+TSUEN WAN WEST STATION+SHAM TSENG (SEA CREST VILLA),234B,1,kmb,TSUEN WAN WEST STATION,SHAM TSENG (SEA CREST VILLA),TSUEN WAN WEST STATION,SHAM TSENG (SEA CREST VILLA),,1070,HK Bus Crawling
234C+1+KWUN TONG (TSUI PING NORTH ESTATE)+TSING LUNG TAU,234C,1,kmb,KWUN TONG (TSUI PING NORTH ESTATE),TSING LUNG TAU,KWUN TONG (TSUI PING NORTH ESTATE),TSING LUNG TAU,,8163,HK Bus Crawling
234C+1+TSING LUNG TAU+KWUN TONG (TSUI PING NORTH ESTATE),234C,1,kmb,TSING LUNG TAU,KWUN TONG (TSUI PING NORTH ESTATE),TSING LUNG TAU,KWUN TONG (TSUI PING NORTH ESTATE),,8163,HK Bus Crawling
234D+1+KWUN TONG(TSUI PING NORTH ESTATE)+TSING LUNG TAU,234D,1,kmb,KWUN TONG(TSUI PING NORTH ESTATE),TSING LUNG TAU,KWUN TONG(TSUI PING NORTH ESTATE),TSING LUNG TAU,,8525,HK Bus Crawling
234D+1+TSING LUNG TAU+KWUN TONG (TSUI PING NORTH ESTATE),234D,1,kmb,TSING LUNG TAU,KWUN TONG (TSUI PING NORTH ESTATE),TSING LUNG TAU,KWUN TONG (TSUI PING NORTH ESTATE),,8525,HK Bus Crawling
234P+1+TSUEN WAN (BAYVIEW GARDEN)+STAR FERRY,234P,1,kmb,TSUEN WAN (BAYVIEW GARDEN),STAR FERRY,TSUEN WAN (BAYVIEW GARDEN),STAR FERRY,,1071,HK Bus Crawling
234X+1+TSIM SHA TSUI EAST (MODY ROAD)+TSUEN WAN (BAYVIEW GARDEN),234X,1,kmb,TSIM SHA TSUI EAST (MODY ROAD),TSUEN WAN (BAYVIEW GARDEN),TSIM SHA TSUI EAST (MODY ROAD),TSUEN WAN (BAYVIEW GARDEN),,1073,HK Bus Crawling
234X+1+TSUEN WAN (BAYVIEW GARDEN)+TSIM SHA TSUI EAST (MODY ROAD),234X,1,kmb,TSUEN WAN (BAYVIEW GARDEN),TSIM SHA TSUI EAST (MODY ROAD),TSUEN WAN (BAYVIEW GARDEN),TSIM SHA TSUI EAST (MODY ROAD),,1073,HK Bus Crawling
235+1+KWAI CHUNG (ON YAM ESTATE)+TSUEN WAN (CIRCULAR),235,1,kmb,KWAI CHUNG (ON YAM ESTATE),TSUEN WAN (CIRCULAR),KWAI CHUNG (ON YAM ESTATE),TSUEN WAN (CIRCULAR),,1074,HK Bus Crawling
235M+1+KWAI CHUNG (ON YAM ESTATE)+KWAI FONG STATION,235M,1,kmb,KWAI CHUNG (ON YAM ESTATE),KWAI FONG STATION,KWAI CHUNG (ON YAM ESTATE),KWAI FONG STATION,,1075,HK Bus Crawling
235M+1+KWAI FONG STATION+KWAI CHUNG (ON YAM ESTATE),235M,1,kmb,KWAI FONG STATION,KWAI CHUNG (ON YAM ESTATE),KWAI FONG STATION,KWAI CHUNG (ON YAM ESTATE),,1075,HK Bus Crawling
238M+1+TSUEN WAN (RIVIERA GARDENS)+TSUEN WAN STATION,238M,1,kmb,TSUEN WAN (RIVIERA GARDENS),TSUEN WAN STATION,TSUEN WAN (RIVIERA GARDENS),TSUEN WAN STATION,,1077,HK Bus Crawling
238M+1+TSUEN WAN STATION+TSUEN WAN (RIVIERA GARDENS),238M,1,kmb,TSUEN WAN STATION,TSUEN WAN (RIVIERA GARDENS),TSUEN WAN STATION,TSUEN WAN (RIVIERA GARDENS),,1077,HK Bus Crawling
238P+1+TSUEN WAN (RIVIERA GARDENS)+CHINA FERRY TERMINAL,238P,1,kmb,TSUEN WAN (RIVIERA GARDENS),CHINA FERRY TERMINAL,TSUEN WAN (RIVIERA GARDENS),CHINA FERRY TERMINAL,,1078,HK Bus Crawling
238X+1+CHINA FERRY TERMINAL+TSUEN WAN (RIVIERA GARDENS),238X,1,kmb,CHINA FERRY TERMINAL,TSUEN WAN (RIVIERA GARDENS),CHINA FERRY TERMINAL,TSUEN WAN (RIVIERA GARDENS),,1079,HK Bus Crawling
238X+1+TSUEN WAN (RIVIERA GARDENS)+CHINA FERRY TERMINAL,238X,1,kmb,TSUEN WAN (RIVIERA GARDENS),CHINA FERRY TERMINAL,TSUEN WAN (RIVIERA GARDENS),CHINA FERRY TERMINAL,,1079,HK Bus Crawling
23M+1+LOK WAH+SHUN LEE (CIRCULAR),23M,1,kmb,LOK WAH,SHUN LEE (CIRCULAR),LOK WAH,SHUN LEE (CIRCULAR),,1955,HK Bus Crawling
23M+2+LOK WAH+SHUN LEE (CIRCULAR),23M,2,kmb,LOK WAH,SHUN LEE (CIRCULAR),LOK WAH,SHUN LEE (CIRCULAR),,8760,HK Bus Crawling
24+1+KAI YIP+MONG KOK (CIRCULAR),24,1,kmb,KAI YIP,MONG KOK (CIRCULAR),KAI YIP,MONG KOK (CIRCULAR),,1081,HK Bus Crawling
24+2+KAI YIP+MONG KOK (CIRCULAR),24,2,kmb,KAI YIP,MONG KOK (CIRCULAR),KAI YIP,MONG KOK (CIRCULAR),,8721,HK Bus Crawling
24+3+KAI YIP+MONG KOK (CIRCULAR),24,3,kmb,KAI YIP,MONG KOK (CIRCULAR),KAI YIP,MONG KOK (CIRCULAR),,1000225,HK Bus Crawling
240X+1+KWAI HING STATION+WONG NAI TAU,240X,1,kmb,KWAI HING STATION,WONG NAI TAU,KWAI HING STATION,WONG NAI TAU,,8222,HK Bus Crawling
240X+1+WONG NAI TAU+KWAI HING STATION,240X,1,kmb,WONG NAI TAU,KWAI HING STATION,WONG NAI TAU,KWAI HING STATION,,8222,HK Bus Crawling
241X+1+KOWLOON CITY FERRY+TSING YI (CHEUNG CHING ESTATE),241X,1,kmb,KOWLOON CITY FERRY,TSING YI (CHEUNG CHING ESTATE),KOWLOON CITY FERRY,TSING YI (CHEUNG CHING ESTATE),,1000368,HK Bus Crawling
241X+1+TSING YI (CHEUNG CHING ESTATE)+KOWLOON CITY FERRY,241X,1,kmb,TSING YI (CHEUNG CHING ESTATE),KOWLOON CITY FERRY,TSING YI (CHEUNG CHING ESTATE),KOWLOON CITY FERRY,,1000368,HK Bus Crawling
242X+1+TSIM SHA TSUI EAST (MODY ROAD)+TSING YI (CHEUNG HANG ESTATE),242X,1,kmb,TSIM SHA TSUI EAST (MODY ROAD),TSING YI (CHEUNG HANG ESTATE),TSIM SHA TSUI EAST (MODY ROAD),TSING YI (CHEUNG HANG ESTATE),,8012,HK Bus Crawling
242X+1+TSING YI (CHEUNG HANG ESTATE)+TSIM SHA TSUI,242X,1,kmb,TSING YI (CHEUNG HANG ESTATE),TSIM SHA TSUI,TSING YI (CHEUNG HANG ESTATE),TSIM SHA TSUI,,8012,HK Bus Crawling
243M+1+TSING YI (MAYFAIR GARDENS)+TSUEN WAN (DISCOVERY PARK),243M,1,kmb,TSING YI (MAYFAIR GARDENS),TSUEN WAN (DISCOVERY PARK),TSING YI (MAYFAIR GARDENS),TSUEN WAN (DISCOVERY PARK),,1083,HK Bus Crawling
243M+1+TSUEN WAN (DISCOVERY PARK)+TSING YI (MAYFAIR GARDENS),243M,1,kmb,TSUEN WAN (DISCOVERY PARK),TSING YI (MAYFAIR GARDENS),TSUEN WAN (DISCOVERY PARK),TSING YI (MAYFAIR GARDENS),,1083,HK Bus Crawling
243P+1+TSING YI (MAYFAIR GARDENS)+ALLWAY GARDENS,243P,1,kmb,TSING YI (MAYFAIR GARDENS),ALLWAY GARDENS,TSING YI (MAYFAIR GARDENS),ALLWAY GARDENS,,1084,HK Bus Crawling
248M+1+TSING YI STATION+CHEUNG WANG (CIRCULAR),248M,1,kmb,TSING YI STATION,CHEUNG WANG (CIRCULAR),TSING YI STATION,CHEUNG WANG (CIRCULAR),,1085,HK Bus Crawling
249M+1+TSING YI STATION+MAYFAIR GARDENS (CIRCULAR),249M,1,kmb,TSING YI STATION,MAYFAIR GARDENS (CIRCULAR),TSING YI STATION,MAYFAIR GARDENS (CIRCULAR),,1087,HK Bus Crawling
249X+1+POK HONG+TSING YI STATION,249X,1,kmb,POK HONG,TSING YI STATION,POK HONG,TSING YI STATION,,1088,HK Bus Crawling
249X+1+TSING YI STATION+POK HONG,249X,1,kmb,TSING YI STATION,POK HONG,TSING YI STATION,POK HONG,,1088,HK Bus Crawling
249X+2+TSING YI STATION+TAI WAI STATION,249X,2,kmb,TSING YI STATION,TAI WAI STATION,TSING YI STATION,TAI WAI STATION,,1000024,HK Bus Crawling
251A+1+KAM SHEUNG ROAD STATION+SHEUNG TSUEN (CIRCULAR),251A,1,kmb,KAM SHEUNG ROAD STATION,SHEUNG TSUEN (CIRCULAR),KAM SHEUNG ROAD STATION,SHEUNG TSUEN (CIRCULAR),,1854,HK Bus Crawling
251B+1+PAT HEUNG ROAD+SHEUNG TSUEN (CIRCULAR),251B,1,kmb,PAT HEUNG ROAD,SHEUNG TSUEN (CIRCULAR),PAT HEUNG ROAD,SHEUNG TSUEN (CIRCULAR),,8208,HK Bus Crawling
251C+1+KONG HA WAI+YUEN LONG (CIRCULAR),251C,1,kmb,KONG HA WAI,YUEN LONG (CIRCULAR),KONG HA WAI,YUEN LONG (CIRCULAR),,1000418,HK Bus Crawling
251C+2+KONG HA WAI+YUEN LONG (HONG LOK ROAD),251C,2,kmb,KONG HA WAI,YUEN LONG (HONG LOK ROAD),KONG HA WAI,YUEN LONG (HONG LOK ROAD),,,HK Bus Crawling
251M+1+SHEUNG TSUEN+TSUEN WAN STATION,251M,1,kmb,SHEUNG TSUEN,TSUEN WAN STATION,SHEUNG TSUEN,TSUEN WAN STATION,,1852,HK Bus Crawling
252+1+TUEN MUN ROAD BBI+SO KWUN WAT (CIRCULAR),252,1,kmb,TUEN MUN ROAD BBI,SO KWUN WAT (CIRCULAR),TUEN MUN ROAD BBI,SO KWUN WAT (CIRCULAR),,8595,HK Bus Crawling
252+2+TUEN MUN ROAD BBI (TM112)+8 KWUN CHUI ROAD (TM415),252,2,kmb,TUEN MUN ROAD BBI (TM112),8 KWUN CHUI ROAD (TM415),TUEN MUN ROAD BBI (TM112),8 KWUN CHUI ROAD (TM415),,1000376,HK Bus Crawling
252+3+AVIGNON+TUEN MUN ROAD BBI,252,3,kmb,AVIGNON,TUEN MUN ROAD BBI,AVIGNON,TUEN MUN ROAD BBI,,1000377,HK Bus Crawling
252B+1+HIN FAT ESTATE+TSIM SHA TSUI,252B,1,kmb,HIN FAT ESTATE,TSIM SHA TSUI,HIN FAT ESTATE,TSIM SHA TSUI,,1089,HK Bus Crawling
252S+1+HIN FAT ESTATE+KWUN TONG FERRY,252S,1,kmb,HIN FAT ESTATE,KWUN TONG FERRY,HIN FAT ESTATE,KWUN TONG FERRY,,1000664,HK Bus Crawling
252S+1+KWUN TONG FERRY+TUEN MUN (CHI LOK FA YUEN),252S,1,kmb,KWUN TONG FERRY,TUEN MUN (CHI LOK FA YUEN),KWUN TONG FERRY,TUEN MUN (CHI LOK FA YUEN),,1000671,HK Bus Crawling
252X+1+HIN FAT ESTATE+LAM TIN STATION,252X,1,kmb,HIN FAT ESTATE,LAM TIN STATION,HIN FAT ESTATE,LAM TIN STATION,,8503,HK Bus Crawling
252X+1+LAM TIN STATION+TUEN MUN (CHI LOK FA YUEN),252X,1,kmb,LAM TIN STATION,TUEN MUN (CHI LOK FA YUEN),LAM TIN STATION,TUEN MUN (CHI LOK FA YUEN),,1000292,HK Bus Crawling
252X+2+SO KWUN WAT+LAM TIN STATION,252X,2,kmb,SO KWUN WAT,LAM TIN STATION,SO KWUN WAT,LAM TIN STATION,,8718,HK Bus Crawling
253+1+TSING FAT STREET LIGHT PUBLIC HOUSING+TUEN MUN ROAD BBI (CIRCULAR),253,1,kmb,TSING FAT STREET LIGHT PUBLIC HOUSING,TUEN MUN ROAD BBI (CIRCULAR),TSING FAT STREET LIGHT PUBLIC HOUSING,TUEN MUN ROAD BBI (CIRCULAR),,1000721,HK Bus Crawling
258A+1+HUNG SHUI KIU (HUNG FUK ESTATE)+LAM TIN STATION,258A,1,kmb,HUNG SHUI KIU (HUNG FUK ESTATE),LAM TIN STATION,HUNG SHUI KIU (HUNG FUK ESTATE),LAM TIN STATION,,8557,HK Bus Crawling
258D+1+LAM TIN STATION+TUEN MUN (PO TIN ESTATE),258D,1,kmb,LAM TIN STATION,TUEN MUN (PO TIN ESTATE),LAM TIN STATION,TUEN MUN (PO TIN ESTATE),,1091,HK Bus Crawling
258D+1+TUEN MUN (PO TIN ESTATE)+LAM TIN STATION,258D,1,kmb,TUEN MUN (PO TIN ESTATE),LAM TIN STATION,TUEN MUN (PO TIN ESTATE),LAM TIN STATION,,1091,HK Bus Crawling
258P+1+HUNG SHUI KIU (HUNG FUK ESTATE)+LAM TIN STATION,258P,1,kmb,HUNG SHUI KIU (HUNG FUK ESTATE),LAM TIN STATION,HUNG SHUI KIU (HUNG FUK ESTATE),LAM TIN STATION,,1090,HK Bus Crawling
258P+1+LAM TIN STATION+HUNG FUK ESTATE HUNG TIN ROAD,258P,1,kmb,LAM TIN STATION,HUNG FUK ESTATE HUNG TIN ROAD,LAM TIN STATION,HUNG FUK ESTATE HUNG TIN ROAD,,8558,HK Bus Crawling
258S+1+TUEN MUN (TAI HING ESTATE)+LAM TIN STATION,258S,1,kmb,TUEN MUN (TAI HING ESTATE),LAM TIN STATION,TUEN MUN (TAI HING ESTATE),LAM TIN STATION,,8099,HK Bus Crawling
258X+1+KWUN TONG FERRY+TUEN MUN (PO TIN ESTATE),258X,1,kmb,KWUN TONG FERRY,TUEN MUN (PO TIN ESTATE),KWUN TONG FERRY,TUEN MUN (PO TIN ESTATE),,8376,HK Bus Crawling
258X+1+TUEN MUN (PO TIN ESTATE)+KWUN TONG FERRY,258X,1,kmb,TUEN MUN (PO TIN ESTATE),KWUN TONG FERRY,TUEN MUN (PO TIN ESTATE),KWUN TONG FERRY,,8376,HK Bus Crawling
259B+1+TUEN MUN PIER HEAD+TSIM SHA TSUI,259B,1,kmb,TUEN MUN PIER HEAD,TSIM SHA TSUI,TUEN MUN PIER HEAD,TSIM SHA TSUI,,1092,HK Bus Crawling
259C+1+SUN TUEN MUN CENTRE+TSIM SHA TSUI,259C,1,kmb,SUN TUEN MUN CENTRE,TSIM SHA TSUI,SUN TUEN MUN CENTRE,TSIM SHA TSUI,,1093,HK Bus Crawling
259D+1+LEI YUE MUN ESTATE+TUEN MUN (LUNG MUN OASIS),259D,1,kmb,LEI YUE MUN ESTATE,TUEN MUN (LUNG MUN OASIS),LEI YUE MUN ESTATE,TUEN MUN (LUNG MUN OASIS),,1094,HK Bus Crawling
259D+1+TUEN MUN (LUNG MUN OASIS)+LEI YUE MUN ESTATE,259D,1,kmb,TUEN MUN (LUNG MUN OASIS),LEI YUE MUN ESTATE,TUEN MUN (LUNG MUN OASIS),LEI YUE MUN ESTATE,,1094,HK Bus Crawling
259D+3+YUET WU VILLA+LEI YUE MUN ESTATE,259D,3,kmb,YUET WU VILLA,LEI YUE MUN ESTATE,YUET WU VILLA,LEI YUE MUN ESTATE,,8148,HK Bus Crawling
259R+1+HONG KONG COLISEUM+TUEN MUN PIER HEAD,259R,1,kmb,HONG KONG COLISEUM,TUEN MUN PIER HEAD,HONG KONG COLISEUM,TUEN MUN PIER HEAD,,,HK Bus Crawling
259S+1+KWUN TONG FERRY+TUEN MUN (LUNG MUN OASIS),259S,1,kmb,KWUN TONG FERRY,TUEN MUN (LUNG MUN OASIS),KWUN TONG FERRY,TUEN MUN (LUNG MUN OASIS),,1000666,HK Bus Crawling
259S+1+TUEN MUN (LUNG MUN OASIS)+KWUN TONG FERRY,259S,1,kmb,TUEN MUN (LUNG MUN OASIS),KWUN TONG FERRY,TUEN MUN (LUNG MUN OASIS),KWUN TONG FERRY,,1000228,HK Bus Crawling
259X+1+KWUN TONG FERRY+TUEN MUN (LUNG MUN OASIS),259X,1,kmb,KWUN TONG FERRY,TUEN MUN (LUNG MUN OASIS),KWUN TONG FERRY,TUEN MUN (LUNG MUN OASIS),,8311,HK Bus Crawling
259X+1+TUEN MUN (LUNG MUN OASIS)+KWUN TONG FERRY,259X,1,kmb,TUEN MUN (LUNG MUN OASIS),KWUN TONG FERRY,TUEN MUN (LUNG MUN OASIS),KWUN TONG FERRY,,8311,HK Bus Crawling
259X+3+LAM WAH STREET PLAYGROUND+TUEN MUN (LUNG MUN OASIS),259X,3,kmb,LAM WAH STREET PLAYGROUND,TUEN MUN (LUNG MUN OASIS),LAM WAH STREET PLAYGROUND,TUEN MUN (LUNG MUN OASIS),,1000492,HK Bus Crawling
26+1+SHUN TIN+TSIM SHA TSUI EAST,26,1,kmb,SHUN TIN,TSIM SHA TSUI EAST,SHUN TIN,TSIM SHA TSUI EAST,,1096,HK Bus Crawling
26+1+TSIM SHA TSUI EAST+SHUN TIN,26,1,kmb,TSIM SHA TSUI EAST,SHUN TIN,TSIM SHA TSUI EAST,SHUN TIN,,1096,HK Bus Crawling
260B+1+TUEN MUN CENTRAL+TSIM SHA TSUI,260B,1,kmb,TUEN MUN CENTRAL,TSIM SHA TSUI,TUEN MUN CENTRAL,TSIM SHA TSUI,,1098,HK Bus Crawling
260C+1+KWAI FONG STATION+TUEN MUN (SAM SHING ESTATE),260C,1,kmb,KWAI FONG STATION,TUEN MUN (SAM SHING ESTATE),KWAI FONG STATION,TUEN MUN (SAM SHING ESTATE),,1099,HK Bus Crawling
260C+1+TUEN MUN (SAM SHING ESTATE)+KWAI FONG STATION,260C,1,kmb,TUEN MUN (SAM SHING ESTATE),KWAI FONG STATION,TUEN MUN (SAM SHING ESTATE),KWAI FONG STATION,,1099,HK Bus Crawling
260R+1+HONG KONG COLISEUM+TUEN MUN (SIU HONG COURT),260R,1,kmb,HONG KONG COLISEUM,TUEN MUN (SIU HONG COURT),HONG KONG COLISEUM,TUEN MUN (SIU HONG COURT),,,HK Bus Crawling
260X+1+HUNG HOM STATION+TUEN MUN (PO TIN ESTATE),260X,1,kmb,HUNG HOM STATION,TUEN MUN (PO TIN ESTATE),HUNG HOM STATION,TUEN MUN (PO TIN ESTATE),,1101,HK Bus Crawling
260X+1+TUEN MUN (PO TIN ESTATE)+HUNG HOM STATION,260X,1,kmb,TUEN MUN (PO TIN ESTATE),HUNG HOM STATION,TUEN MUN (PO TIN ESTATE),HUNG HOM STATION,,1101,HK Bus Crawling
260X+3+TUEN MUN (TAI HING ESTATE)+HUNG HOM STATION,260X,3,kmb,TUEN MUN (TAI HING ESTATE),HUNG HOM STATION,TUEN MUN (TAI HING ESTATE),HUNG HOM STATION,,8618,HK Bus Crawling
261+1+FANLING (CHEUNG WAH)+TUEN MUN (SAM SHING ESTATE),261,1,kmb,FANLING (CHEUNG WAH),TUEN MUN (SAM SHING ESTATE),FANLING (CHEUNG WAH),TUEN MUN (SAM SHING ESTATE),,1102,HK Bus Crawling
261+1+TUEN MUN (SAM SHING ESTATE)+FANLING (CHEUNG WAH),261,1,kmb,TUEN MUN (SAM SHING ESTATE),FANLING (CHEUNG WAH),TUEN MUN (SAM SHING ESTATE),FANLING (CHEUNG WAH),,1102,HK Bus Crawling
261B+1+TUEN MUN (SAM SHING ESTATE)+KOWLOON STATION,261B,1,kmb,TUEN MUN (SAM SHING ESTATE),KOWLOON STATION,TUEN MUN (SAM SHING ESTATE),KOWLOON STATION,,1103,HK Bus Crawling
261B+2+SO KWUN WAT+KOWLOON STATION,261B,2,kmb,SO KWUN WAT,KOWLOON STATION,SO KWUN WAT,KOWLOON STATION,,8548,HK Bus Crawling
261P+1+SHEUNG SHUI (TIN PING)+TUEN MUN (SIU HONG COURT),261P,1,kmb,SHEUNG SHUI (TIN PING),TUEN MUN (SIU HONG COURT),SHEUNG SHUI (TIN PING),TUEN MUN (SIU HONG COURT),,8608,HK Bus Crawling
261P+1+TUEN MUN (SIU HONG COURT)+SHEUNG SHUI (TIN PING),261P,1,kmb,TUEN MUN (SIU HONG COURT),SHEUNG SHUI (TIN PING),TUEN MUN (SIU HONG COURT),SHEUNG SHUI (TIN PING),,1104,HK Bus Crawling
261S+1+TUEN MUN (PO TIN ESTATE)+SHEUNG SHUI (TIN PING),261S,1,kmb,TUEN MUN (PO TIN ESTATE),SHEUNG SHUI (TIN PING),TUEN MUN (PO TIN ESTATE),SHEUNG SHUI (TIN PING),,8717,HK Bus Crawling
261X+1+FANLING (CHEUNG WAH)+TSING FAT STREET LIGHT PUBLIC HOUSING,261X,1,kmb,FANLING (CHEUNG WAH),TSING FAT STREET LIGHT PUBLIC HOUSING,FANLING (CHEUNG WAH),TSING FAT STREET LIGHT PUBLIC HOUSING,,8677,HK Bus Crawling
261X+1+TSING FAT STREET LIGHT PUBLIC HOUSING+FANLING (CHEUNG WAH),261X,1,kmb,TSING FAT STREET LIGHT PUBLIC HOUSING,FANLING (CHEUNG WAH),TSING FAT STREET LIGHT PUBLIC HOUSING,FANLING (CHEUNG WAH),,8677,HK Bus Crawling
263+1+SHATIN STATION+TUEN MUN STATION,263,1,kmb,SHATIN STATION,TUEN MUN STATION,SHATIN STATION,TUEN MUN STATION,,1105,HK Bus Crawling
263+1+TUEN MUN STATION+SHATIN STATION,263,1,kmb,TUEN MUN STATION,SHATIN STATION,TUEN MUN STATION,SHATIN STATION,,1105,HK Bus Crawling
263A+1+HONG KONG SCIENCE PARK+TUEN MUN STATION,263A,1,kmb,HONG KONG SCIENCE PARK,TUEN MUN STATION,HONG KONG SCIENCE PARK,TUEN MUN STATION,,8552,HK Bus Crawling
263A+1+TUEN MUN STATION+HONG KONG SCIENCE PARK,263A,1,kmb,TUEN MUN STATION,HONG KONG SCIENCE PARK,TUEN MUN STATION,HONG KONG SCIENCE PARK,,8552,HK Bus Crawling
263B+1+FO TAN   (SHAN MEI ST)+TUEN MUN STATION,263B,1,kmb,FO TAN   (SHAN MEI ST),TUEN MUN STATION,FO TAN   (SHAN MEI ST),TUEN MUN STATION,,1000294,HK Bus Crawling
263B+1+TUEN MUN STATION+FO TAN   (SHAN MEI ST),263B,1,kmb,TUEN MUN STATION,FO TAN   (SHAN MEI ST),TUEN MUN STATION,FO TAN   (SHAN MEI ST),,1000294,HK Bus Crawling
263C+1+EDUCATION UNIVERSITY OF HONG KONG+TUEN MUN STATION,263C,1,kmb,EDUCATION UNIVERSITY OF HONG KONG,TUEN MUN STATION,EDUCATION UNIVERSITY OF HONG KONG,TUEN MUN STATION,,8703,HK Bus Crawling
263C+1+TUEN MUN STATION+EDUCATION UNIVERSITY OF HONG KONG,263C,1,kmb,TUEN MUN STATION,EDUCATION UNIVERSITY OF HONG KONG,TUEN MUN STATION,EDUCATION UNIVERSITY OF HONG KONG,,8703,HK Bus Crawling
264X+1+TAI PO MARKET STATION+TIN YIU,264X,1,kmb,TAI PO MARKET STATION,TIN YIU,TAI PO MARKET STATION,TIN YIU,,8306,HK Bus Crawling
264X+1+TIN YIU+TAI PO MARKET STATION,264X,1,kmb,TIN YIU,TAI PO MARKET STATION,TIN YIU,TAI PO MARKET STATION,,8306,HK Bus Crawling
265B+1+MONG KOK (PARK AVENUE)+TIN HENG ESTATE,265B,1,kmb,MONG KOK (PARK AVENUE),TIN HENG ESTATE,MONG KOK (PARK AVENUE),TIN HENG ESTATE,,1108,HK Bus Crawling
265B+1+TIN HENG ESTATE+MONG KOK (PARK AVENUE),265B,1,kmb,TIN HENG ESTATE,MONG KOK (PARK AVENUE),TIN HENG ESTATE,MONG KOK (PARK AVENUE),,1108,HK Bus Crawling
265M+1+KWAI CHUNG (LAI YIU ESTATE)+TIN HENG ESTATE,265M,1,kmb,KWAI CHUNG (LAI YIU ESTATE),TIN HENG ESTATE,KWAI CHUNG (LAI YIU ESTATE),TIN HENG ESTATE,,1109,HK Bus Crawling
265M+1+TIN HENG ESTATE+KWAI CHUNG (LAI YIU ESTATE),265M,1,kmb,TIN HENG ESTATE,KWAI CHUNG (LAI YIU ESTATE),TIN HENG ESTATE,KWAI CHUNG (LAI YIU ESTATE),,1109,HK Bus Crawling
265P+1+CHUNG ON STREET TSUEN WAN+TIN YAN ESTATE,265P,1,kmb,CHUNG ON STREET TSUEN WAN,TIN YAN ESTATE,CHUNG ON STREET TSUEN WAN,TIN YAN ESTATE,,1000545,HK Bus Crawling
265P+1+TIN YAN ESTATE+TSUEN WAN STATION,265P,1,kmb,TIN YAN ESTATE,TSUEN WAN STATION,TIN YAN ESTATE,TSUEN WAN STATION,,1000545,HK Bus Crawling
265S+1+TAI PO INDUSTRIAL ESTATE+TIN SHUI WAI TOWN CENTRE,265S,1,kmb,TAI PO INDUSTRIAL ESTATE,TIN SHUI WAI TOWN CENTRE,TAI PO INDUSTRIAL ESTATE,TIN SHUI WAI TOWN CENTRE,,1000546,HK Bus Crawling
265S+1+TIN SHUI WAI TOWN CENTRE+EDUCATION UNIVERSITY OF HONG KONG,265S,1,kmb,TIN SHUI WAI TOWN CENTRE,EDUCATION UNIVERSITY OF HONG KONG,TIN SHUI WAI TOWN CENTRE,EDUCATION UNIVERSITY OF HONG KONG,,1111,HK Bus Crawling
265S+2+TIN SHUI WAI TOWN CENTRE+EDUCATION UNIVERSITY OF HONG KONG,265S,2,kmb,TIN SHUI WAI TOWN CENTRE,EDUCATION UNIVERSITY OF HONG KONG,TIN SHUI WAI TOWN CENTRE,EDUCATION UNIVERSITY OF HONG KONG,,1000064,HK Bus Crawling
267X+1+LAM TIN STATION+TUEN MUN (SIU HONG COURT),267X,1,kmb,LAM TIN STATION,TUEN MUN (SIU HONG COURT),LAM TIN STATION,TUEN MUN (SIU HONG COURT),,8377,HK Bus Crawling
267X+1+TUEN MUN (SIU HONG COURT)+LAM TIN STATION,267X,1,kmb,TUEN MUN (SIU HONG COURT),LAM TIN STATION,TUEN MUN (SIU HONG COURT),LAM TIN STATION,,8377,HK Bus Crawling
268+1+PAT HEUNG ROAD+YAU POK ROAD LIGHT PUBLIC HOUSING (SOUTH),268,1,kmb,PAT HEUNG ROAD,YAU POK ROAD LIGHT PUBLIC HOUSING (SOUTH),PAT HEUNG ROAD,YAU POK ROAD LIGHT PUBLIC HOUSING (SOUTH),,1000607,HK Bus Crawling
268+1+YAU POK ROAD LIGHT PUBLIC HOUSING (SOUTH)+PAT HEUNG ROAD,268,1,kmb,YAU POK ROAD LIGHT PUBLIC HOUSING (SOUTH),PAT HEUNG ROAD,YAU POK ROAD LIGHT PUBLIC HOUSING (SOUTH),PAT HEUNG ROAD,,1000607,HK Bus Crawling
268A+1+KWUN TONG FERRY+LONG PING ESTATE,268A,1,kmb,KWUN TONG FERRY,LONG PING ESTATE,KWUN TONG FERRY,LONG PING ESTATE,,8526,HK Bus Crawling
268A+1+LONG PING ESTATE+KWUN TONG FERRY,268A,1,kmb,LONG PING ESTATE,KWUN TONG FERRY,LONG PING ESTATE,KWUN TONG FERRY,,8526,HK Bus Crawling
268B+1+HUNG HOM (HUNG LUEN ROAD)+LONG PING STATION,268B,1,kmb,HUNG HOM (HUNG LUEN ROAD),LONG PING STATION,HUNG HOM (HUNG LUEN ROAD),LONG PING STATION,,1113,HK Bus Crawling
268B+1+LONG PING STATION+HUNG HOM (HUNG LUEN ROAD),268B,1,kmb,LONG PING STATION,HUNG HOM (HUNG LUEN ROAD),LONG PING STATION,HUNG HOM (HUNG LUEN ROAD),,1113,HK Bus Crawling
268B+3+HUNG FUK ESTATE HUNG YUEN ROAD+HUNG HOM (HUNG LUEN ROAD),268B,3,kmb,HUNG FUK ESTATE HUNG YUEN ROAD,HUNG HOM (HUNG LUEN ROAD),HUNG FUK ESTATE HUNG YUEN ROAD,HUNG HOM (HUNG LUEN ROAD),,1000592,HK Bus Crawling
268C+1+KWUN TONG FERRY+LONG PING STATION,268C,1,kmb,KWUN TONG FERRY,LONG PING STATION,KWUN TONG FERRY,LONG PING STATION,,1114,HK Bus Crawling
268C+1+LONG PING STATION+KWUN TONG FERRY,268C,1,kmb,LONG PING STATION,KWUN TONG FERRY,LONG PING STATION,KWUN TONG FERRY,,1114,HK Bus Crawling
268C+2+SILVER FIELD GARDEN+KWUN TONG FERRY,268C,2,kmb,SILVER FIELD GARDEN,KWUN TONG FERRY,SILVER FIELD GARDEN,KWUN TONG FERRY,,8137,HK Bus Crawling
268C+2+TING FU STREET KWUN TONG+LONG PING STATION,268C,2,kmb,TING FU STREET KWUN TONG,LONG PING STATION,TING FU STREET KWUN TONG,LONG PING STATION,,1000713,HK Bus Crawling
268C+4+KWUN TONG FERRY+LONG PING STATION,268C,4,kmb,KWUN TONG FERRY,LONG PING STATION,KWUN TONG FERRY,LONG PING STATION,,1000260,HK Bus Crawling
268M+1+PARK YOHO+TSUEN WAN WEST STATION,268M,1,kmb,PARK YOHO,TSUEN WAN WEST STATION,PARK YOHO,TSUEN WAN WEST STATION,,1000563,HK Bus Crawling
268M+1+TSUEN WAN WEST STATION+PARK YOHO,268M,1,kmb,TSUEN WAN WEST STATION,PARK YOHO,TSUEN WAN WEST STATION,PARK YOHO,,1000563,HK Bus Crawling
268P+1+KWUN TONG FERRY+LONG PING STATION,268P,1,kmb,KWUN TONG FERRY,LONG PING STATION,KWUN TONG FERRY,LONG PING STATION,,8578,HK Bus Crawling
268P+1+MA WANG ROAD (SAN SHUI HOUSE)+KWUN TONG FERRY,268P,1,kmb,MA WANG ROAD (SAN SHUI HOUSE),KWUN TONG FERRY,MA WANG ROAD (SAN SHUI HOUSE),KWUN TONG FERRY,,8281,HK Bus Crawling
268X+1+HIGH SPEED RAIL WEST KOWLOON STATION+HUNG SHUI KIU (HUNG FUK ESTATE),268X,1,kmb,HIGH SPEED RAIL WEST KOWLOON STATION,HUNG SHUI KIU (HUNG FUK ESTATE),HIGH SPEED RAIL WEST KOWLOON STATION,HUNG SHUI KIU (HUNG FUK ESTATE),,8203,HK Bus Crawling
268X+1+HUNG SHUI KIU (HUNG FUK ESTATE)+HIGH SPEED RAIL WEST KOWLOON STATION,268X,1,kmb,HUNG SHUI KIU (HUNG FUK ESTATE),HIGH SPEED RAIL WEST KOWLOON STATION,HUNG SHUI KIU (HUNG FUK ESTATE),HIGH SPEED RAIL WEST KOWLOON STATION,,8203,HK Bus Crawling
268X+3+YUET PING HOUSE LONG PING ESTATE+HIGH SPEED RAIL WEST KOWLOON STATION,268X,3,kmb,YUET PING HOUSE LONG PING ESTATE,HIGH SPEED RAIL WEST KOWLOON STATION,YUET PING HOUSE LONG PING ESTATE,HIGH SPEED RAIL WEST KOWLOON STATION,,1000333,HK Bus Crawling
269B+1+HUNG HOM (HUNG LUEN ROAD)+TIN SHUI WAI TOWN CENTRE,269B,1,kmb,HUNG HOM (HUNG LUEN ROAD),TIN SHUI WAI TOWN CENTRE,HUNG HOM (HUNG LUEN ROAD),TIN SHUI WAI TOWN CENTRE,,1115,HK Bus Crawling
269B+1+TIN SHUI WAI TOWN CENTRE+HUNG HOM (HUNG LUEN ROAD),269B,1,kmb,TIN SHUI WAI TOWN CENTRE,HUNG HOM (HUNG LUEN ROAD),TIN SHUI WAI TOWN CENTRE,HUNG HOM (HUNG LUEN ROAD),,1115,HK Bus Crawling
269B+4+TIN YAN ESTATE+HUNG HOM (HUNG LUEN ROAD),269B,4,kmb,TIN YAN ESTATE,HUNG HOM (HUNG LUEN ROAD),TIN YAN ESTATE,HUNG HOM (HUNG LUEN ROAD),,8617,HK Bus Crawling
269C+1+KWUN TONG FERRY+TIN SHUI WAI TOWN CENTRE,269C,1,kmb,KWUN TONG FERRY,TIN SHUI WAI TOWN CENTRE,KWUN TONG FERRY,TIN SHUI WAI TOWN CENTRE,,1116,HK Bus Crawling
269C+1+TIN SHUI WAI TOWN CENTRE+KWUN TONG FERRY,269C,1,kmb,TIN SHUI WAI TOWN CENTRE,KWUN TONG FERRY,TIN SHUI WAI TOWN CENTRE,KWUN TONG FERRY,,1116,HK Bus Crawling
269C+5+TIN TSZ+KWUN TONG FERRY,269C,5,kmb,TIN TSZ,KWUN TONG FERRY,TIN TSZ,KWUN TONG FERRY,,8283,HK Bus Crawling
269D+1+LEK YUEN+TIN FU,269D,1,kmb,LEK YUEN,TIN FU,LEK YUEN,TIN FU,,1117,HK Bus Crawling
269D+1+TIN FU+LEK YUEN,269D,1,kmb,TIN FU,LEK YUEN,TIN FU,LEK YUEN,,1117,HK Bus Crawling
269D+2+TIN SHUI WAI STATION+LEK YUEN,269D,2,kmb,TIN SHUI WAI STATION,LEK YUEN,TIN SHUI WAI STATION,LEK YUEN,,8731,HK Bus Crawling
269D+3+TIN FU+LEK YUEN,269D,3,kmb,TIN FU,LEK YUEN,TIN FU,LEK YUEN,,1000357,HK Bus Crawling
269D+4+TIN FU+LEK YUEN,269D,4,kmb,TIN FU,LEK YUEN,TIN FU,LEK YUEN,,1000642,HK Bus Crawling
269M+1+CHO YIU+TIN YAN ESTATE,269M,1,kmb,CHO YIU,TIN YAN ESTATE,CHO YIU,TIN YAN ESTATE,,1118,HK Bus Crawling
269M+1+TIN YAN ESTATE+CHO YIU,269M,1,kmb,TIN YAN ESTATE,CHO YIU,TIN YAN ESTATE,CHO YIU,,1118,HK Bus Crawling
269P+1+KWAI CHUNG (KWAI FONG ESTATE)+TIN YAN ESTATE,269P,1,kmb,KWAI CHUNG (KWAI FONG ESTATE),TIN YAN ESTATE,KWAI CHUNG (KWAI FONG ESTATE),TIN YAN ESTATE,,8214,HK Bus Crawling
269P+1+TIN YAN ESTATE+KWAI CHUNG (KWAI FONG ESTATE),269P,1,kmb,TIN YAN ESTATE,KWAI CHUNG (KWAI FONG ESTATE),TIN YAN ESTATE,KWAI CHUNG (KWAI FONG ESTATE),,8213,HK Bus Crawling
269R+1+HONG KONG COLISEUM+TIN HENG ESTATE,269R,1,kmb,HONG KONG COLISEUM,TIN HENG ESTATE,HONG KONG COLISEUM,TIN HENG ESTATE,,,HK Bus Crawling
269S+1+KWUN TONG FERRY+TIN SHUI WAI TOWN CENTRE,269S,1,kmb,KWUN TONG FERRY,TIN SHUI WAI TOWN CENTRE,KWUN TONG FERRY,TIN SHUI WAI TOWN CENTRE,,8365,HK Bus Crawling
269S+1+TIN SHUI WAI TOWN CENTRE+KWUN TONG FERRY,269S,1,kmb,TIN SHUI WAI TOWN CENTRE,KWUN TONG FERRY,TIN SHUI WAI TOWN CENTRE,KWUN TONG FERRY,,8365,HK Bus Crawling
269S+2+KWUN TONG FERRY+TIN SHUI WAI TOWN CENTRE,269S,2,kmb,KWUN TONG FERRY,TIN SHUI WAI TOWN CENTRE,KWUN TONG FERRY,TIN SHUI WAI TOWN CENTRE,,1000529,HK Bus Crawling
269S+2+TIN SHUI WAI TOWN CENTRE+KWUN TONG FERRY,269S,2,kmb,TIN SHUI WAI TOWN CENTRE,KWUN TONG FERRY,TIN SHUI WAI TOWN CENTRE,KWUN TONG FERRY,,1000529,HK Bus Crawling
269X+1+HIGH SPEED RAIL WEST KOWLOON STATION+TIN SHUI,269X,1,kmb,HIGH SPEED RAIL WEST KOWLOON STATION,TIN SHUI,HIGH SPEED RAIL WEST KOWLOON STATION,TIN SHUI,,1000231,HK Bus Crawling
269X+1+TIN SHUI+HIGH SPEED RAIL WEST KOWLOON STATION,269X,1,kmb,TIN SHUI,HIGH SPEED RAIL WEST KOWLOON STATION,TIN SHUI,HIGH SPEED RAIL WEST KOWLOON STATION,,1000231,HK Bus Crawling
26M+1+CHOI HUNG+KWUN TONG (CIRCULAR),26M,1,kmb,CHOI HUNG,KWUN TONG (CIRCULAR),CHOI HUNG,KWUN TONG (CIRCULAR),,1119,HK Bus Crawling
26X+1+SHUN TIN+TSIM SHA TSUI EAST,26X,1,kmb,SHUN TIN,TSIM SHA TSUI EAST,SHUN TIN,TSIM SHA TSUI EAST,,8642,HK Bus Crawling
26X+1+TSIM SHA TSUI EAST+SHUN TIN,26X,1,kmb,TSIM SHA TSUI EAST,SHUN TIN,TSIM SHA TSUI EAST,SHUN TIN,,8642,HK Bus Crawling
27+1+SHUN TIN+MONG KOK (CIRCULAR),27,1,kmb,SHUN TIN,MONG KOK (CIRCULAR),SHUN TIN,MONG KOK (CIRCULAR),,1120,HK Bus Crawling
270+1+TSUI LAI GARDEN+TIN PING ESTATE (CIRCULAR),270,1,kmb,TSUI LAI GARDEN,TIN PING ESTATE (CIRCULAR),TSUI LAI GARDEN,TIN PING ESTATE (CIRCULAR),,1121,HK Bus Crawling
270+2+SHEUNG SHUI (TIN PING)+TSUI LAI GARDEN,270,2,kmb,SHEUNG SHUI (TIN PING),TSUI LAI GARDEN,SHEUNG SHUI (TIN PING),TSUI LAI GARDEN,,8204,HK Bus Crawling
270A+1+SHEUNG SHUI+TSIM SHA TSUI EAST (MODY ROAD),270A,1,kmb,SHEUNG SHUI,TSIM SHA TSUI EAST (MODY ROAD),SHEUNG SHUI,TSIM SHA TSUI EAST (MODY ROAD),,1122,HK Bus Crawling
270A+1+TSIM SHA TSUI EAST (MODY ROAD)+SHEUNG SHUI,270A,1,kmb,TSIM SHA TSUI EAST (MODY ROAD),SHEUNG SHUI,TSIM SHA TSUI EAST (MODY ROAD),SHEUNG SHUI,,1122,HK Bus Crawling
270B+1+OLYMPIC STATION+SHEUNG SHUI,270B,1,kmb,OLYMPIC STATION,SHEUNG SHUI,OLYMPIC STATION,SHEUNG SHUI,,8669,HK Bus Crawling
270B+1+SHEUNG SHUI+OLYMPIC STATION,270B,1,kmb,SHEUNG SHUI,OLYMPIC STATION,SHEUNG SHUI,OLYMPIC STATION,,8669,HK Bus Crawling
270B+2+SHAM SHUI PO+SHEUNG SHUI,270B,2,kmb,SHAM SHUI PO,SHEUNG SHUI,SHAM SHUI PO,SHEUNG SHUI,,8149,HK Bus Crawling
270B+2+SHEUNG SHUI+CHARMING GARDEN,270B,2,kmb,SHEUNG SHUI,CHARMING GARDEN,SHEUNG SHUI,CHARMING GARDEN,,,HK Bus Crawling
270B+2+SHEUNG SHUI+OLYMPIC STATION,270B,2,kmb,SHEUNG SHUI,OLYMPIC STATION,SHEUNG SHUI,OLYMPIC STATION,,8670,HK Bus Crawling
270B+3+OLYMPIC STATION+SHEUNG SHUI,270B,3,kmb,OLYMPIC STATION,SHEUNG SHUI,OLYMPIC STATION,SHEUNG SHUI,,1000587,HK Bus Crawling
270C+1+FANLING (LUEN WO HUI)+TSIM SHA TSUI EAST (MODY ROAD),270C,1,kmb,FANLING (LUEN WO HUI),TSIM SHA TSUI EAST (MODY ROAD),FANLING (LUEN WO HUI),TSIM SHA TSUI EAST (MODY ROAD),,8332,HK Bus Crawling
270C+1+TSIM SHA TSUI EAST (MODY ROAD)+FANLING (LUEN WO HUI),270C,1,kmb,TSIM SHA TSUI EAST (MODY ROAD),FANLING (LUEN WO HUI),TSIM SHA TSUI EAST (MODY ROAD),FANLING (LUEN WO HUI),,8332,HK Bus Crawling
270D+1+FANLING (LUEN WO HUI)+SHAM SHUI PO,270D,1,kmb,FANLING (LUEN WO HUI),SHAM SHUI PO,FANLING (LUEN WO HUI),SHAM SHUI PO,,8345,HK Bus Crawling
270D+1+SHAM SHUI PO (YEN CHOW ST)+FANLING (LUEN WO HUI),270D,1,kmb,SHAM SHUI PO (YEN CHOW ST),FANLING (LUEN WO HUI),SHAM SHUI PO (YEN CHOW ST),FANLING (LUEN WO HUI),,1000590,HK Bus Crawling
270E+1+TSIM SHA TSUI EAST (MODY ROAD)+FANLING (LUEN WO HUI),270E,1,kmb,TSIM SHA TSUI EAST (MODY ROAD),FANLING (LUEN WO HUI),TSIM SHA TSUI EAST (MODY ROAD),FANLING (LUEN WO HUI),,1000647,HK Bus Crawling
270P+1+SHEUNG SHUI+KOWLOON STATION,270P,1,kmb,SHEUNG SHUI,KOWLOON STATION,SHEUNG SHUI,KOWLOON STATION,,8097,HK Bus Crawling
270R+1+HONG KONG COLISEUM+FANLING (LUEN WO HUI),270R,1,kmb,HONG KONG COLISEUM,FANLING (LUEN WO HUI),HONG KONG COLISEUM,FANLING (LUEN WO HUI),,,HK Bus Crawling
270S+1+TSIM SHA TSUI EAST (MODY ROAD)+FANLING (LUEN WO HUI),270S,1,kmb,TSIM SHA TSUI EAST (MODY ROAD),FANLING (LUEN WO HUI),TSIM SHA TSUI EAST (MODY ROAD),FANLING (LUEN WO HUI),,8150,HK Bus Crawling
271+1+HIGH SPEED RAIL WEST KOWLOON STATION+TAI PO (FU HENG),271,1,kmb,HIGH SPEED RAIL WEST KOWLOON STATION,TAI PO (FU HENG),HIGH SPEED RAIL WEST KOWLOON STATION,TAI PO (FU HENG),,1123,HK Bus Crawling
271+1+TAI PO (FU HENG)+HIGH SPEED RAIL WEST KOWLOON STATION,271,1,kmb,TAI PO (FU HENG),HIGH SPEED RAIL WEST KOWLOON STATION,TAI PO (FU HENG),HIGH SPEED RAIL WEST KOWLOON STATION,,1123,HK Bus Crawling
271+2+HIGH SPEED RAIL WEST KOWLOON STATION+TAI PO (FU HENG),271,2,kmb,HIGH SPEED RAIL WEST KOWLOON STATION,TAI PO (FU HENG),HIGH SPEED RAIL WEST KOWLOON STATION,TAI PO (FU HENG),,8415,HK Bus Crawling
271A+1+FU TIP BUS TERMINUS+TSIM SHA TSUI EAST (MODY ROAD),271A,1,kmb,FU TIP BUS TERMINUS,TSIM SHA TSUI EAST (MODY ROAD),FU TIP BUS TERMINUS,TSIM SHA TSUI EAST (MODY ROAD),,1000522,HK Bus Crawling
271A+1+TSIM SHA TSUI EAST (MODY ROAD)+FU TIP BUS TERMINUS,271A,1,kmb,TSIM SHA TSUI EAST (MODY ROAD),FU TIP BUS TERMINUS,TSIM SHA TSUI EAST (MODY ROAD),FU TIP BUS TERMINUS,,1000522,HK Bus Crawling
271B+1+HIGH SPEED RAIL WEST KOWLOON STATION+TAI PO (FU HENG),271B,1,kmb,HIGH SPEED RAIL WEST KOWLOON STATION,TAI PO (FU HENG),HIGH SPEED RAIL WEST KOWLOON STATION,TAI PO (FU HENG),,8413,HK Bus Crawling
271B+1+TAI PO (FU HENG)+HIGH SPEED RAIL WEST KOWLOON STATION,271B,1,kmb,TAI PO (FU HENG),HIGH SPEED RAIL WEST KOWLOON STATION,TAI PO (FU HENG),HIGH SPEED RAIL WEST KOWLOON STATION,,8413,HK Bus Crawling
271P+1+KAU LUNG HANG+TSIM SHA TSUI (CANTON ROAD),271P,1,kmb,KAU LUNG HANG,TSIM SHA TSUI (CANTON ROAD),KAU LUNG HANG,TSIM SHA TSUI (CANTON ROAD),,1818,HK Bus Crawling
271R+1+HONG KONG COLISEUM+TAI PO (TAI WO),271R,1,kmb,HONG KONG COLISEUM,TAI PO (TAI WO),HONG KONG COLISEUM,TAI PO (TAI WO),,,HK Bus Crawling
271S+1+HUNG HOM STATION+TAI PO (TAI WO),271S,1,kmb,HUNG HOM STATION,TAI PO (TAI WO),HUNG HOM STATION,TAI PO (TAI WO),,8538,HK Bus Crawling
271X+1+HIGH SPEED RAIL WEST KOWLOON STATION+TAI PO (FU HENG),271X,1,kmb,HIGH SPEED RAIL WEST KOWLOON STATION,TAI PO (FU HENG),HIGH SPEED RAIL WEST KOWLOON STATION,TAI PO (FU HENG),,8414,HK Bus Crawling
272A+1+UNIVERSITY STATION+PAK SHEK KOK (CIRCULAR),272A,1,kmb,UNIVERSITY STATION,PAK SHEK KOK (CIRCULAR),UNIVERSITY STATION,PAK SHEK KOK (CIRCULAR),,8134,HK Bus Crawling
272A+2+UNIVERSITY STATION (ST905)+POK YIN ROAD (PA161),272A,2,kmb,UNIVERSITY STATION (ST905),POK YIN ROAD (PA161),UNIVERSITY STATION (ST905),POK YIN ROAD (PA161),,1000389,HK Bus Crawling
272A+3+PAK SHEK KOK+UNIVERSITY STATION,272A,3,kmb,PAK SHEK KOK,UNIVERSITY STATION,PAK SHEK KOK,UNIVERSITY STATION,,1000388,HK Bus Crawling
272A+4+UNIVERSITY STATION+PAK SHEK KOK (CIRCULAR),272A,4,kmb,UNIVERSITY STATION,PAK SHEK KOK (CIRCULAR),UNIVERSITY STATION,PAK SHEK KOK (CIRCULAR),,1000575,HK Bus Crawling
272E+1+MONG KOK (PARK AVENUE)+TAI PO (TAI WO),272E,1,kmb,MONG KOK (PARK AVENUE),TAI PO (TAI WO),MONG KOK (PARK AVENUE),TAI PO (TAI WO),,8505,HK Bus Crawling
272E+1+TAI PO (TAI WO)+MONG KOK (PARK AVENUE),272E,1,kmb,TAI PO (TAI WO),MONG KOK (PARK AVENUE),TAI PO (TAI WO),MONG KOK (PARK AVENUE),,8505,HK Bus Crawling
272K+1+UNIVERSITY STATION+HONG KONG SCIENCE PARK (CIRCULAR),272K,1,kmb,UNIVERSITY STATION,HONG KONG SCIENCE PARK (CIRCULAR),UNIVERSITY STATION,HONG KONG SCIENCE PARK (CIRCULAR),,1124,HK Bus Crawling
272P+1+KWAI HING STATION+TAI PO (FU HENG),272P,1,kmb,KWAI HING STATION,TAI PO (FU HENG),KWAI HING STATION,TAI PO (FU HENG),,1125,HK Bus Crawling
272P+1+TAI PO (FU HENG)+KWAI HING STATION,272P,1,kmb,TAI PO (FU HENG),KWAI HING STATION,TAI PO (FU HENG),KWAI HING STATION,,1125,HK Bus Crawling
272P+2+FU TIP BUS TERMINUS+KWAI HING STATION,272P,2,kmb,FU TIP BUS TERMINUS,KWAI HING STATION,FU TIP BUS TERMINUS,KWAI HING STATION,,1000537,HK Bus Crawling
272P+2+KWAI HING STATION+FU TIP BUS TERMINUS,272P,2,kmb,KWAI HING STATION,FU TIP BUS TERMINUS,KWAI HING STATION,FU TIP BUS TERMINUS,,1000537,HK Bus Crawling
272S+1+DIAMOND HILL STATION+HONG KONG SCIENCE PARK,272S,1,kmb,DIAMOND HILL STATION,HONG KONG SCIENCE PARK,DIAMOND HILL STATION,HONG KONG SCIENCE PARK,,1126,HK Bus Crawling
272S+1+HONG KONG SCIENCE PARK+DIAMOND HILL STATION,272S,1,kmb,HONG KONG SCIENCE PARK,DIAMOND HILL STATION,HONG KONG SCIENCE PARK,DIAMOND HILL STATION,,1126,HK Bus Crawling
272X+1+MONG KOK EAST STATION+TAI PO CENTRAL,272X,1,kmb,MONG KOK EAST STATION,TAI PO CENTRAL,MONG KOK EAST STATION,TAI PO CENTRAL,,1000290,HK Bus Crawling
272X+1+TAI PO CENTRAL+MONG KOK EAST STATION,272X,1,kmb,TAI PO CENTRAL,MONG KOK EAST STATION,TAI PO CENTRAL,MONG KOK EAST STATION,,1000290,HK Bus Crawling
273+1+FANLING (WAH MING)+FANLING STATION (CIRCULAR),273,1,kmb,FANLING (WAH MING),FANLING STATION (CIRCULAR),FANLING (WAH MING),FANLING STATION (CIRCULAR),,1127,HK Bus Crawling
273A+1+CHOI SHEK ESTATE+WAH MING (CIRCULAR),273A,1,kmb,CHOI SHEK ESTATE,WAH MING (CIRCULAR),CHOI SHEK ESTATE,WAH MING (CIRCULAR),,1000676,HK Bus Crawling
273A+2+CHOI SHEK ESTATE+WAH MING (CIRCULAR),273A,2,kmb,CHOI SHEK ESTATE,WAH MING (CIRCULAR),CHOI SHEK ESTATE,WAH MING (CIRCULAR),,1000677,HK Bus Crawling
273A+3+CHOI SHEK ESTATE+WAH MING (CIRCULAR),273A,3,kmb,CHOI SHEK ESTATE,WAH MING (CIRCULAR),CHOI SHEK ESTATE,WAH MING (CIRCULAR),,8167,HK Bus Crawling
273A+4+FANLING (WAH MING)+CHOI SHEK ESTATE,273A,4,kmb,FANLING (WAH MING),CHOI SHEK ESTATE,FANLING (WAH MING),CHOI SHEK ESTATE,,1000149,HK Bus Crawling
273B+1+SHEUNG SHUI (CHING HO)+SHEUNG SHUI STATION (CIRCULAR),273B,1,kmb,SHEUNG SHUI (CHING HO),SHEUNG SHUI STATION (CIRCULAR),SHEUNG SHUI (CHING HO),SHEUNG SHUI STATION (CIRCULAR),,1129,HK Bus Crawling
273B+2+SHEUNG SHUI (CHING HO)+SHEUNG SHUI STATION,273B,2,kmb,SHEUNG SHUI (CHING HO),SHEUNG SHUI STATION,SHEUNG SHUI (CHING HO),SHEUNG SHUI STATION,,,HK Bus Crawling
273C+1+KAU LUNG HANG+TSUEN WAN WEST STATION,273C,1,kmb,KAU LUNG HANG,TSUEN WAN WEST STATION,KAU LUNG HANG,TSUEN WAN WEST STATION,,1130,HK Bus Crawling
273D+1+SHEUNG SHUI+WAH MING (CIRCULAR),273D,1,kmb,SHEUNG SHUI,WAH MING (CIRCULAR),SHEUNG SHUI,WAH MING (CIRCULAR),,8202,HK Bus Crawling
273D+2+SHEUNG SHUI+WAH MING (CIRCULAR),273D,2,kmb,SHEUNG SHUI,WAH MING (CIRCULAR),SHEUNG SHUI,WAH MING (CIRCULAR),,1141,HK Bus Crawling
273P+1+TAI PO (TAI WO)+TSUEN WAN WEST STATION,273P,1,kmb,TAI PO (TAI WO),TSUEN WAN WEST STATION,TAI PO (TAI WO),TSUEN WAN WEST STATION,,1131,HK Bus Crawling
273S+1+FANLING (FAI MING ROAD)+FANLING STATION,273S,1,kmb,FANLING (FAI MING ROAD),FANLING STATION,FANLING (FAI MING ROAD),FANLING STATION,,1132,HK Bus Crawling
273S+1+FANLING STATION+FANLING (WAH MING),273S,1,kmb,FANLING STATION,FANLING (WAH MING),FANLING STATION,FANLING (WAH MING),,1000351,HK Bus Crawling
274+1+SHEUNG SHUI (TAI PING)+WU KAI SHA STATION,274,1,kmb,SHEUNG SHUI (TAI PING),WU KAI SHA STATION,SHEUNG SHUI (TAI PING),WU KAI SHA STATION,,8628,HK Bus Crawling
274P+1+TAI PO INDUSTRIAL ESTATE+WU KAI SHA STATION,274P,1,kmb,TAI PO INDUSTRIAL ESTATE,WU KAI SHA STATION,TAI PO INDUSTRIAL ESTATE,WU KAI SHA STATION,,1133,HK Bus Crawling
274P+1+WU KAI SHA STATION+TAI PO INDUSTRIAL ESTATE,274P,1,kmb,WU KAI SHA STATION,TAI PO INDUSTRIAL ESTATE,WU KAI SHA STATION,TAI PO INDUSTRIAL ESTATE,,1133,HK Bus Crawling
274X+1+KWUN TONG FERRY+TAI PO CENTRAL,274X,1,kmb,KWUN TONG FERRY,TAI PO CENTRAL,KWUN TONG FERRY,TAI PO CENTRAL,,8209,HK Bus Crawling
275R+1+TAI PO MARKET STATION+WU KAU TANG,275R,1,kmb,TAI PO MARKET STATION,WU KAU TANG,TAI PO MARKET STATION,WU KAU TANG,,1135,HK Bus Crawling
275R+1+WU KAU TANG+TAI PO MARKET STATION,275R,1,kmb,WU KAU TANG,TAI PO MARKET STATION,WU KAU TANG,TAI PO MARKET STATION,,1135,HK Bus Crawling
275X+1+HUNG HOM (HUNG LUEN ROAD)+TAI PO (FU SHIN),275X,1,kmb,HUNG HOM (HUNG LUEN ROAD),TAI PO (FU SHIN),HUNG HOM (HUNG LUEN ROAD),TAI PO (FU SHIN),,1000392,HK Bus Crawling
275X+1+TAI PO (FU SHIN)+HUNG HOM (HUNG LUEN ROAD),275X,1,kmb,TAI PO (FU SHIN),HUNG HOM (HUNG LUEN ROAD),TAI PO (FU SHIN),HUNG HOM (HUNG LUEN ROAD),,1000392,HK Bus Crawling
276+1+SHEUNG SHUI+TIN TSZ,276,1,kmb,SHEUNG SHUI,TIN TSZ,SHEUNG SHUI,TIN TSZ,,1137,HK Bus Crawling
276+1+TIN TSZ+SHEUNG SHUI,276,1,kmb,TIN TSZ,SHEUNG SHUI,TIN TSZ,SHEUNG SHUI,,1137,HK Bus Crawling
276A+1+SHEUNG SHUI (TAI PING)+TIN HENG ESTATE,276A,1,kmb,SHEUNG SHUI (TAI PING),TIN HENG ESTATE,SHEUNG SHUI (TAI PING),TIN HENG ESTATE,,1138,HK Bus Crawling
276A+1+TIN HENG ESTATE+SHEUNG SHUI (TAI PING),276A,1,kmb,TIN HENG ESTATE,SHEUNG SHUI (TAI PING),TIN HENG ESTATE,SHEUNG SHUI (TAI PING),,1138,HK Bus Crawling
276A+2+YAN FU HOUSE TIN FU COURT+SHEUNG SHUI (TAI PING),276A,2,kmb,YAN FU HOUSE TIN FU COURT,SHEUNG SHUI (TAI PING),YAN FU HOUSE TIN FU COURT,SHEUNG SHUI (TAI PING),,1000150,HK Bus Crawling
276B+1+SHEUNG SHUI (CHOI YUEN)+TIN FU,276B,1,kmb,SHEUNG SHUI (CHOI YUEN),TIN FU,SHEUNG SHUI (CHOI YUEN),TIN FU,,1139,HK Bus Crawling
276B+1+TIN FU+SHEUNG SHUI (CHOI YUEN),276B,1,kmb,TIN FU,SHEUNG SHUI (CHOI YUEN),TIN FU,SHEUNG SHUI (CHOI YUEN),,1139,HK Bus Crawling
276C+1+FANLING (CHEUNG WAH)+TIN SHUI WAI STATION,276C,1,kmb,FANLING (CHEUNG WAH),TIN SHUI WAI STATION,FANLING (CHEUNG WAH),TIN SHUI WAI STATION,,8758,HK Bus Crawling
276C+1+TIN SHUI WAI STATION+FANLING (CHEUNG WAH),276C,1,kmb,TIN SHUI WAI STATION,FANLING (CHEUNG WAH),TIN SHUI WAI STATION,FANLING (CHEUNG WAH),,8758,HK Bus Crawling
276P+1+SHEUNG SHUI+TIN SHUI WAI STATION,276P,1,kmb,SHEUNG SHUI,TIN SHUI WAI STATION,SHEUNG SHUI,TIN SHUI WAI STATION,,1140,HK Bus Crawling
276P+1+TIN SHUI WAI STATION+SHEUNG SHUI,276P,1,kmb,TIN SHUI WAI STATION,SHEUNG SHUI,TIN SHUI WAI STATION,SHEUNG SHUI,,1140,HK Bus Crawling
277A+1+LAM TIN STATION+SHA TAU KOK,277A,1,kmb,LAM TIN STATION,SHA TAU KOK,LAM TIN STATION,SHA TAU KOK,,8733,HK Bus Crawling
277A+1+SHA TAU KOK+LAM TIN STATION,277A,1,kmb,SHA TAU KOK,LAM TIN STATION,SHA TAU KOK,LAM TIN STATION,,8733,HK Bus Crawling
277B+1+LAM TIN STATION+SHEUNG SHUI KONG NGA PO,277B,1,kmb,LAM TIN STATION,SHEUNG SHUI KONG NGA PO,LAM TIN STATION,SHEUNG SHUI KONG NGA PO,,1000679,HK Bus Crawling
277B+1+SHEUNG SHUI KONG NGA PO+LAM TIN STATION,277B,1,kmb,SHEUNG SHUI KONG NGA PO,LAM TIN STATION,SHEUNG SHUI KONG NGA PO,LAM TIN STATION,,1000679,HK Bus Crawling
277E+1+LAM TIN STATION+SHEUNG SHUI (TIN PING),277E,1,kmb,LAM TIN STATION,SHEUNG SHUI (TIN PING),LAM TIN STATION,SHEUNG SHUI (TIN PING),,8155,HK Bus Crawling
277E+1+SHEUNG SHUI (TIN PING)+LAM TIN STATION,277E,1,kmb,SHEUNG SHUI (TIN PING),LAM TIN STATION,SHEUNG SHUI (TIN PING),LAM TIN STATION,,8155,HK Bus Crawling
277E+2+SHEUNG SHUI (TIN PING)+LAM TIN STATION,277E,2,kmb,SHEUNG SHUI (TIN PING),LAM TIN STATION,SHEUNG SHUI (TIN PING),LAM TIN STATION,,1000625,HK Bus Crawling
277P+1+LAM TIN STATION+SHEUNG SHUI (TIN PING),277P,1,kmb,LAM TIN STATION,SHEUNG SHUI (TIN PING),LAM TIN STATION,SHEUNG SHUI (TIN PING),,8156,HK Bus Crawling
277P+1+SHEUNG SHUI (TIN PING)+LAM TIN STATION,277P,1,kmb,SHEUNG SHUI (TIN PING),LAM TIN STATION,SHEUNG SHUI (TIN PING),LAM TIN STATION,,8156,HK Bus Crawling
277X+1+FANLING (LUEN WO HUI)+LAM TIN STATION,277X,1,kmb,FANLING (LUEN WO HUI),LAM TIN STATION,FANLING (LUEN WO HUI),LAM TIN STATION,,1142,HK Bus Crawling
277X+1+LAM TIN STATION+FANLING (LUEN WO HUI),277X,1,kmb,LAM TIN STATION,FANLING (LUEN WO HUI),LAM TIN STATION,FANLING (LUEN WO HUI),,1142,HK Bus Crawling
277X+2+FANLING (LUEN WO HUI)+LAM TIN STATION,277X,2,kmb,FANLING (LUEN WO HUI),LAM TIN STATION,FANLING (LUEN WO HUI),LAM TIN STATION,,8157,HK Bus Crawling
277X+3+FANLING (WAH MING)+LAM TIN STATION,277X,3,kmb,FANLING (WAH MING),LAM TIN STATION,FANLING (WAH MING),LAM TIN STATION,,8158,HK Bus Crawling
278A+1+QUEEN'S HILL+TSUEN WAN (NINA TOWER),278A,1,kmb,QUEEN'S HILL,TSUEN WAN (NINA TOWER),QUEEN'S HILL,TSUEN WAN (NINA TOWER),,8480,HK Bus Crawling
278A+1+TSUEN WAN (NINA TOWER)+QUEEN'S HILL,278A,1,kmb,TSUEN WAN (NINA TOWER),QUEEN'S HILL,TSUEN WAN (NINA TOWER),QUEEN'S HILL,,8480,HK Bus Crawling
278K+1+FANLING (LUEN WO HUI)+FANLING STATION (CIRCULAR),278K,1,kmb,FANLING (LUEN WO HUI),FANLING STATION (CIRCULAR),FANLING (LUEN WO HUI),FANLING STATION (CIRCULAR),,1143,HK Bus Crawling
278K+2+FANLING (LUEN WO HUI)+FANLING STATION (CIR.) [AM],278K,2,kmb,FANLING (LUEN WO HUI),FANLING STATION (CIR.) [AM],FANLING (LUEN WO HUI),FANLING STATION (CIR.) [AM],,1000638,HK Bus Crawling
278K+3+FANLING (LUEN WO HUI)+FANLING STATION (CIR.) [PM],278K,3,kmb,FANLING (LUEN WO HUI),FANLING STATION (CIR.) [PM],FANLING (LUEN WO HUI),FANLING STATION (CIR.) [PM],,1000639,HK Bus Crawling
278P+1+SHEUNG SHUI (TAI PING)+TSUEN WAN (NINA TOWER),278P,1,kmb,SHEUNG SHUI (TAI PING),TSUEN WAN (NINA TOWER),SHEUNG SHUI (TAI PING),TSUEN WAN (NINA TOWER),,1144,HK Bus Crawling
278X+1+SHEUNG SHUI+TSUEN WAN (NINA TOWER),278X,1,kmb,SHEUNG SHUI,TSUEN WAN (NINA TOWER),SHEUNG SHUI,TSUEN WAN (NINA TOWER),,1145,HK Bus Crawling
278X+1+TSUEN WAN (NINA TOWER)+SHEUNG SHUI,278X,1,kmb,TSUEN WAN (NINA TOWER),SHEUNG SHUI,TSUEN WAN (NINA TOWER),SHEUNG SHUI,,1145,HK Bus Crawling
279A+1+FANLING (LUEN WO HUI)+TSING YI STATION,279A,1,kmb,FANLING (LUEN WO HUI),TSING YI STATION,FANLING (LUEN WO HUI),TSING YI STATION,,8491,HK Bus Crawling
279B+1+FANLING (LUEN WO HUI)+KWAI HING STATION,279B,1,kmb,FANLING (LUEN WO HUI),KWAI HING STATION,FANLING (LUEN WO HUI),KWAI HING STATION,,1000203,HK Bus Crawling
279S+1+TSING YI (CHEUNG CHING ESTATE)+WO HOP SHEK,279S,1,kmb,TSING YI (CHEUNG CHING ESTATE),WO HOP SHEK,TSING YI (CHEUNG CHING ESTATE),WO HOP SHEK,,,HK Bus Crawling
279S+1+WO HOP SHEK+TSING YI (CHEUNG CHING ESTATE),279S,1,kmb,WO HOP SHEK,TSING YI (CHEUNG CHING ESTATE),WO HOP SHEK,TSING YI (CHEUNG CHING ESTATE),,,HK Bus Crawling
279X+1+FANLING (LUEN WO HUI)+TSING YI STATION,279X,1,kmb,FANLING (LUEN WO HUI),TSING YI STATION,FANLING (LUEN WO HUI),TSING YI STATION,,1146,HK Bus Crawling
279X+1+TSING YI STATION+FANLING (LUEN WO HUI),279X,1,kmb,TSING YI STATION,FANLING (LUEN WO HUI),TSING YI STATION,FANLING (LUEN WO HUI),,1146,HK Bus Crawling
27X+1+OLYMPIC STATION+SHUN TIN,27X,1,kmb,OLYMPIC STATION,SHUN TIN,OLYMPIC STATION,SHUN TIN,,1000467,HK Bus Crawling
27X+1+SHUN TIN+OLYMPIC STATION,27X,1,kmb,SHUN TIN,OLYMPIC STATION,SHUN TIN,OLYMPIC STATION,,1000467,HK Bus Crawling
28+1+LOK WAH+STAR FERRY,28,1,kmb,LOK WAH,STAR FERRY,LOK WAH,STAR FERRY,,1147,HK Bus Crawling
28+1+STAR FERRY+LOK WAH,28,1,kmb,STAR FERRY,LOK WAH,STAR FERRY,LOK WAH,,1147,HK Bus Crawling
280X+1+SUI WO COURT+TSIM SHA TSUI EAST (MODY ROAD),280X,1,kmb,SUI WO COURT,TSIM SHA TSUI EAST (MODY ROAD),SUI WO COURT,TSIM SHA TSUI EAST (MODY ROAD),,8229,HK Bus Crawling
280X+1+TSIM SHA TSUI EAST (MODY ROAD)+SUI WO COURT,280X,1,kmb,TSIM SHA TSUI EAST (MODY ROAD),SUI WO COURT,TSIM SHA TSUI EAST (MODY ROAD),SUI WO COURT,,8229,HK Bus Crawling
280X+2+ROYAL ASCOT+TSIM SHA TSUI EAST (MODY ROAD),280X,2,kmb,ROYAL ASCOT,TSIM SHA TSUI EAST (MODY ROAD),ROYAL ASCOT,TSIM SHA TSUI EAST (MODY ROAD),,8510,HK Bus Crawling
281+1+TAI WAI STATION+SUN TIN WAI (CIRCULAR),281,1,kmb,TAI WAI STATION,SUN TIN WAI (CIRCULAR),TAI WAI STATION,SUN TIN WAI (CIRCULAR),,1000081,HK Bus Crawling
281A+1+KOWLOON STATION+KWONG YUEN,281A,1,kmb,KOWLOON STATION,KWONG YUEN,KOWLOON STATION,KWONG YUEN,,1149,HK Bus Crawling
281A+1+KWONG YUEN+KOWLOON STATION,281A,1,kmb,KWONG YUEN,KOWLOON STATION,KWONG YUEN,KOWLOON STATION,,1149,HK Bus Crawling
281B+1+SHEK MUN ESTATE+TSIM SHA TSUI EAST (MODY ROAD),281B,1,kmb,SHEK MUN ESTATE,TSIM SHA TSUI EAST (MODY ROAD),SHEK MUN ESTATE,TSIM SHA TSUI EAST (MODY ROAD),,8126,HK Bus Crawling
281E+1+HAIPHONG ROAD TSIM SHA TSUI+KWONG YUEN,281E,1,kmb,HAIPHONG ROAD TSIM SHA TSUI,KWONG YUEN,HAIPHONG ROAD TSIM SHA TSUI,KWONG YUEN,,1000220,HK Bus Crawling
281X+1+YIU ON+TSIM SHA TSUI EAST (MODY ROAD),281X,1,kmb,YIU ON,TSIM SHA TSUI EAST (MODY ROAD),YIU ON,TSIM SHA TSUI EAST (MODY ROAD),,8127,HK Bus Crawling
282+1+SHATIN CENTRAL+SUN TIN WAI (CIRCULAR),282,1,kmb,SHATIN CENTRAL,SUN TIN WAI (CIRCULAR),SHATIN CENTRAL,SUN TIN WAI (CIRCULAR),,1150,HK Bus Crawling
283+1+SHATIN CENTRAL+MEI CHUNG COURT (CIRCULAR),283,1,kmb,SHATIN CENTRAL,MEI CHUNG COURT (CIRCULAR),SHATIN CENTRAL,MEI CHUNG COURT (CIRCULAR),,1151,HK Bus Crawling
284+1+SHATIN CENTRAL+RAVANA GARDEN (CIRCULAR),284,1,kmb,SHATIN CENTRAL,RAVANA GARDEN (CIRCULAR),SHATIN CENTRAL,RAVANA GARDEN (CIRCULAR),,1152,HK Bus Crawling
285+1+FO TAN CHUN YEUNG ESTATE+SHA TIN CENTRAL (CIRCULAR),285,1,kmb,FO TAN CHUN YEUNG ESTATE,SHA TIN CENTRAL (CIRCULAR),FO TAN CHUN YEUNG ESTATE,SHA TIN CENTRAL (CIRCULAR),,8787,HK Bus Crawling
285A+1+FO TAN CHUN YEUNG ESTATE+FO TAN STATION (CIRCULAR),285A,1,kmb,FO TAN CHUN YEUNG ESTATE,FO TAN STATION (CIRCULAR),FO TAN CHUN YEUNG ESTATE,FO TAN STATION (CIRCULAR),,8788,HK Bus Crawling
285A+1+FO TAN STATION+FO TAN CHUN YEUNG ESTATE (CIRCULAR),285A,1,kmb,FO TAN STATION,FO TAN CHUN YEUNG ESTATE (CIRCULAR),FO TAN STATION,FO TAN CHUN YEUNG ESTATE (CIRCULAR),,1000420,HK Bus Crawling
285A+2+FO TAN STATION+FO TAN CHUN YEUNG ESTATE,285A,2,kmb,FO TAN STATION,FO TAN CHUN YEUNG ESTATE,FO TAN STATION,FO TAN CHUN YEUNG ESTATE,,,HK Bus Crawling
286A+1+SHATIN WAI+CHEUNG SHA WAN (CIRCULAR),286A,1,kmb,SHATIN WAI,CHEUNG SHA WAN (CIRCULAR),SHATIN WAI,CHEUNG SHA WAN (CIRCULAR),,1000506,HK Bus Crawling
286C+1+CHEUNG SHA WAN (HOI TAT ESTATE)+LEE ON,286C,1,kmb,CHEUNG SHA WAN (HOI TAT ESTATE),LEE ON,CHEUNG SHA WAN (HOI TAT ESTATE),LEE ON,,8215,HK Bus Crawling
286C+1+LEE ON+CHEUNG SHA WAN (HOI TAT ESTATE),286C,1,kmb,LEE ON,CHEUNG SHA WAN (HOI TAT ESTATE),LEE ON,CHEUNG SHA WAN (HOI TAT ESTATE),,8215,HK Bus Crawling
286D+1+MA ON SHAN TOWN CENTRE+SHAM SHUI PO,286D,1,kmb,MA ON SHAN TOWN CENTRE,SHAM SHUI PO,MA ON SHAN TOWN CENTRE,SHAM SHUI PO,,1000614,HK Bus Crawling
286D+1+SHAM SHUI PO (YEN CHOW ST)+MA ON SHAN TOWN CENTRE,286D,1,kmb,SHAM SHUI PO (YEN CHOW ST),MA ON SHAN TOWN CENTRE,SHAM SHUI PO (YEN CHOW ST),MA ON SHAN TOWN CENTRE,,1000614,HK Bus Crawling
286P+1+MEI CHUNG COURT+CHEUNG SHA WAN,286P,1,kmb,MEI CHUNG COURT,CHEUNG SHA WAN,MEI CHUNG COURT,CHEUNG SHA WAN,,8262,HK Bus Crawling
286X+1+HIN KENG+SHAM SHUI PO (CIRCULAR),286X,1,kmb,HIN KENG,SHAM SHUI PO (CIRCULAR),HIN KENG,SHAM SHUI PO (CIRCULAR),,8128,HK Bus Crawling
286X+2+HIN KENG+SHAM SHUI PO (CIRCULAR),286X,2,kmb,HIN KENG,SHAM SHUI PO (CIRCULAR),HIN KENG,SHAM SHUI PO (CIRCULAR),,8261,HK Bus Crawling
287+1+Sai Sha Residences Transport Interchange+UNIVERSITY STATION,287,1,kmb,Sai Sha Residences Transport Interchange,UNIVERSITY STATION,Sai Sha Residences Transport Interchange,UNIVERSITY STATION,,1000678,HK Bus Crawling
287+1+UNIVERSITY STATION+Sai Sha Residences Transport Interchange,287,1,kmb,UNIVERSITY STATION,Sai Sha Residences Transport Interchange,UNIVERSITY STATION,Sai Sha Residences Transport Interchange,,1000678,HK Bus Crawling
287D+1+HUNG HOM STATION+KAM YING COURT,287D,1,kmb,HUNG HOM STATION,KAM YING COURT,HUNG HOM STATION,KAM YING COURT,,8781,HK Bus Crawling
287P+1+SHUI CHUEN O+YAU MA TEI,287P,1,kmb,SHUI CHUEN O,YAU MA TEI,SHUI CHUEN O,YAU MA TEI,,1000035,HK Bus Crawling
287X+1+SHUI CHUEN O+JORDAN (CIRCULAR),287X,1,kmb,SHUI CHUEN O,JORDAN (CIRCULAR),SHUI CHUEN O,JORDAN (CIRCULAR),,8198,HK Bus Crawling
288+1+SHUI CHUEN O (UPPER)+SHA TIN CENTRAL (CIRCULAR),288,1,kmb,SHUI CHUEN O (UPPER),SHA TIN CENTRAL (CIRCULAR),SHUI CHUEN O (UPPER),SHA TIN CENTRAL (CIRCULAR),,8251,HK Bus Crawling
288A+1+SHUI CHUEN O+SHA TIN CENTRAL,288A,1,kmb,SHUI CHUEN O,SHA TIN CENTRAL,SHUI CHUEN O,SHA TIN CENTRAL,,8359,HK Bus Crawling
288B+1+FO TAN CHUN YEUNG ESTATE+SHUI CHUEN O,288B,1,kmb,FO TAN CHUN YEUNG ESTATE,SHUI CHUEN O,FO TAN CHUN YEUNG ESTATE,SHUI CHUEN O,,1000327,HK Bus Crawling
288B+1+SHUI CHUEN O+FO TAN CHUN YEUNG ESTATE,288B,1,kmb,SHUI CHUEN O,FO TAN CHUN YEUNG ESTATE,SHUI CHUEN O,FO TAN CHUN YEUNG ESTATE,,8509,HK Bus Crawling
288C+1+SHUI CHUEN O+HIN KENG,288C,1,kmb,SHUI CHUEN O,HIN KENG,SHUI CHUEN O,HIN KENG,,8720,HK Bus Crawling
288D+1+RAVANA GARDEN+SHUI CHUEN O,288D,1,kmb,RAVANA GARDEN,SHUI CHUEN O,RAVANA GARDEN,SHUI CHUEN O,,1000674,HK Bus Crawling
289K+1+UNIVERSITY STATION+CHEVALIER GARDEN (CIRCULAR),289K,1,kmb,UNIVERSITY STATION,CHEVALIER GARDEN (CIRCULAR),UNIVERSITY STATION,CHEVALIER GARDEN (CIRCULAR),,1154,HK Bus Crawling
289K+2+CHEVALIER GARDEN+UNIVERSITY STATION,289K,2,kmb,CHEVALIER GARDEN,UNIVERSITY STATION,CHEVALIER GARDEN,UNIVERSITY STATION,,1000152,HK Bus Crawling
289R+1+SHATIN CENTRAL+WONG SHEK PIER,289R,1,kmb,SHATIN CENTRAL,WONG SHEK PIER,SHATIN CENTRAL,WONG SHEK PIER,,8695,HK Bus Crawling
289R+1+WONG SHEK PIER+SHATIN CENTRAL,289R,1,kmb,WONG SHEK PIER,SHATIN CENTRAL,WONG SHEK PIER,SHATIN CENTRAL,,8695,HK Bus Crawling
28B+1+CHOI FOOK+KAI TAK (KAI CHING ESTATE),28B,1,kmb,CHOI FOOK,KAI TAK (KAI CHING ESTATE),CHOI FOOK,KAI TAK (KAI CHING ESTATE),,8145,HK Bus Crawling
28B+1+KAI TAK (KAI CHING ESTATE)+CHOI FOOK,28B,1,kmb,KAI TAK (KAI CHING ESTATE),CHOI FOOK,KAI TAK (KAI CHING ESTATE),CHOI FOOK,,8145,HK Bus Crawling
28B+2+KAI TAK (KAI CHING ESTATE)+CHOI FOOK,28B,2,kmb,KAI TAK (KAI CHING ESTATE),CHOI FOOK,KAI TAK (KAI CHING ESTATE),CHOI FOOK,,8231,HK Bus Crawling
28S+1+KWUN TONG (YUE MAN SQUARE)+LOK WAH,28S,1,kmb,KWUN TONG (YUE MAN SQUARE),LOK WAH,KWUN TONG (YUE MAN SQUARE),LOK WAH,,8146,HK Bus Crawling
290+1+HANG HAU (NORTH) (TSEUNG KWAN O HOSPITAL)+TSUEN WAN WEST STATION,290,1,kmb,HANG HAU (NORTH) (TSEUNG KWAN O HOSPITAL),TSUEN WAN WEST STATION,HANG HAU (NORTH) (TSEUNG KWAN O HOSPITAL),TSUEN WAN WEST STATION,,8244,HK Bus Crawling
290+1+TSUEN WAN WEST STATION+HANG HAU (NORTH) (TSEUNG KWAN O HOSPITAL),290,1,kmb,TSUEN WAN WEST STATION,HANG HAU (NORTH) (TSEUNG KWAN O HOSPITAL),TSUEN WAN WEST STATION,HANG HAU (NORTH) (TSEUNG KWAN O HOSPITAL),,8244,HK Bus Crawling
290A+1+TSEUNG KWAN O (CHOI MING)+TSUEN WAN WEST STATION,290A,1,kmb,TSEUNG KWAN O (CHOI MING),TSUEN WAN WEST STATION,TSEUNG KWAN O (CHOI MING),TSUEN WAN WEST STATION,,8245,HK Bus Crawling
290A+1+TSUEN WAN WEST STATION+TSEUNG KWAN O (CHOI MING),290A,1,kmb,TSUEN WAN WEST STATION,TSEUNG KWAN O (CHOI MING),TSUEN WAN WEST STATION,TSEUNG KWAN O (CHOI MING),,8245,HK Bus Crawling
290A+2+SAU MAU PING (UPPER)+TSUEN WAN WEST STATION,290A,2,kmb,SAU MAU PING (UPPER),TSUEN WAN WEST STATION,SAU MAU PING (UPPER),TSUEN WAN WEST STATION,,8681,HK Bus Crawling
290E+1+TSEUNG KWAN O INDUSTRIAL ESTATE+TSUEN WAN WEST STATION,290E,1,kmb,TSEUNG KWAN O INDUSTRIAL ESTATE,TSUEN WAN WEST STATION,TSEUNG KWAN O INDUSTRIAL ESTATE,TSUEN WAN WEST STATION,,1000315,HK Bus Crawling
290E+1+TSUEN WAN WEST STATION+TSEUNG KWAN O INDUSTRIAL ESTATE,290E,1,kmb,TSUEN WAN WEST STATION,TSEUNG KWAN O INDUSTRIAL ESTATE,TSUEN WAN WEST STATION,TSEUNG KWAN O INDUSTRIAL ESTATE,,1000315,HK Bus Crawling
290X+1+LOHAS PARK STATION+TSUEN WAN WEST STATION,290X,1,kmb,LOHAS PARK STATION,TSUEN WAN WEST STATION,LOHAS PARK STATION,TSUEN WAN WEST STATION,,8409,HK Bus Crawling
290X+1+TSUEN WAN WEST STATION+LOHAS PARK STATION,290X,1,kmb,TSUEN WAN WEST STATION,LOHAS PARK STATION,TSUEN WAN WEST STATION,LOHAS PARK STATION,,8409,HK Bus Crawling
290X+2+TIU KENG LENG STATION+TSUEN WAN WEST STATION,290X,2,kmb,TIU KENG LENG STATION,TSUEN WAN WEST STATION,TIU KENG LENG STATION,TSUEN WAN WEST STATION,,1000512,HK Bus Crawling
290X+2+TSUEN WAN WEST STATION+LOHAS PARK STATION,290X,2,kmb,TSUEN WAN WEST STATION,LOHAS PARK STATION,TSUEN WAN WEST STATION,LOHAS PARK STATION,,8680,HK Bus Crawling
290X+3+LOHAS PARK STATION+TSUEN WAN WEST STATION,290X,3,kmb,LOHAS PARK STATION,TSUEN WAN WEST STATION,LOHAS PARK STATION,TSUEN WAN WEST STATION,,1000651,HK Bus Crawling
291P+1+H.K.U.S.T. (SOUTH)+MONG KOK,291P,1,kmb,H.K.U.S.T. (SOUTH),MONG KOK,H.K.U.S.T. (SOUTH),MONG KOK,,8710,HK Bus Crawling
292P+1+SAI KUNG+KWUN TONG,292P,1,kmb,SAI KUNG,KWUN TONG,SAI KUNG,KWUN TONG,,1156,HK Bus Crawling
293S+1+HANG HAU (NGAN O ROAD)+MEI FOO,293S,1,kmb,HANG HAU (NGAN O ROAD),MEI FOO,HANG HAU (NGAN O ROAD),MEI FOO,,8522,HK Bus Crawling
293S+1+MEI FOO+HANG HAU (NGAN O ROAD),293S,1,kmb,MEI FOO,HANG HAU (NGAN O ROAD),MEI FOO,HANG HAU (NGAN O ROAD),,8522,HK Bus Crawling
296A+1+SHEUNG TAK+NGAU TAU KOK STATION (CIRCULAR),296A,1,kmb,SHEUNG TAK,NGAU TAU KOK STATION (CIRCULAR),SHEUNG TAK,NGAU TAU KOK STATION (CIRCULAR),,1157,HK Bus Crawling
296C+1+CHEUNG SHA WAN (HOI YING ESTATE)+SHEUNG TAK,296C,1,kmb,CHEUNG SHA WAN (HOI YING ESTATE),SHEUNG TAK,CHEUNG SHA WAN (HOI YING ESTATE),SHEUNG TAK,,1158,HK Bus Crawling
296C+1+SHEUNG TAK+CHEUNG SHA WAN (HOI YING ESTATE),296C,1,kmb,SHEUNG TAK,CHEUNG SHA WAN (HOI YING ESTATE),SHEUNG TAK,CHEUNG SHA WAN (HOI YING ESTATE),,1158,HK Bus Crawling
296D+1+KOWLOON STATION+SHEUNG TAK,296D,1,kmb,KOWLOON STATION,SHEUNG TAK,KOWLOON STATION,SHEUNG TAK,,1000192,HK Bus Crawling
296D+1+SHEUNG TAK+KOWLOON STATION,296D,1,kmb,SHEUNG TAK,KOWLOON STATION,SHEUNG TAK,KOWLOON STATION,,1000192,HK Bus Crawling
296M+1+HANG HAU STATION+HONG SING GARDEN,296M,1,kmb,HANG HAU STATION,HONG SING GARDEN,HANG HAU STATION,HONG SING GARDEN,,1160,HK Bus Crawling
296M+1+HONG SING GARDEN+HANG HAU STATION,296M,1,kmb,HONG SING GARDEN,HANG HAU STATION,HONG SING GARDEN,HANG HAU STATION,,1160,HK Bus Crawling
296M+2+TONG MING COURT+HONG SING GARDEN,296M,2,kmb,TONG MING COURT,HONG SING GARDEN,TONG MING COURT,HONG SING GARDEN,,8420,HK Bus Crawling
296P+1+LAI CHI KOK STATION+SHEUNG TAK,296P,1,kmb,LAI CHI KOK STATION,SHEUNG TAK,LAI CHI KOK STATION,SHEUNG TAK,,8512,HK Bus Crawling
296P+1+SHEUNG TAK+LAI CHI KOK STATION,296P,1,kmb,SHEUNG TAK,LAI CHI KOK STATION,SHEUNG TAK,LAI CHI KOK STATION,,8512,HK Bus Crawling
297+1+HUNG HOM (HUNG LUEN ROAD)+PO LAM,297,1,kmb,HUNG HOM (HUNG LUEN ROAD),PO LAM,HUNG HOM (HUNG LUEN ROAD),PO LAM,,1161,HK Bus Crawling
297+1+PO LAM+HUNG HOM (HUNG LUEN ROAD),297,1,kmb,PO LAM,HUNG HOM (HUNG LUEN ROAD),PO LAM,HUNG HOM (HUNG LUEN ROAD),,1161,HK Bus Crawling
297P+1+HANG HAU (NORTH) (TSEUNG KWAN O HOSPITAL)+HUNG HOM (HUNG LUEN ROAD),297P,1,kmb,HANG HAU (NORTH) (TSEUNG KWAN O HOSPITAL),HUNG HOM (HUNG LUEN ROAD),HANG HAU (NORTH) (TSEUNG KWAN O HOSPITAL),HUNG HOM (HUNG LUEN ROAD),,8159,HK Bus Crawling
298+1+HANG HAU STATION+PAK SHING KOK (CIRCULAR),298,1,kmb,HANG HAU STATION,PAK SHING KOK (CIRCULAR),HANG HAU STATION,PAK SHING KOK (CIRCULAR),,8319,HK Bus Crawling
298E+1+HANG HAU (NORTH) (TSEUNG KWAN O HOSPITAL)+TSEUNG KWAN O INDUSTRIAL ESTATE (CIRCULAR),298E,1,kmb,HANG HAU (NORTH) (TSEUNG KWAN O HOSPITAL),TSEUNG KWAN O INDUSTRIAL ESTATE (CIRCULAR),HANG HAU (NORTH) (TSEUNG KWAN O HOSPITAL),TSEUNG KWAN O INDUSTRIAL ESTATE (CIRCULAR),,1162,HK Bus Crawling
298F+1+HANG HAU (NORTH) (TSEUNG KWAN O HOSPITAL)+TSEUNG KWAN O INDUSTRIAL ESTATE (CIRCULAR),298F,1,kmb,HANG HAU (NORTH) (TSEUNG KWAN O HOSPITAL),TSEUNG KWAN O INDUSTRIAL ESTATE (CIRCULAR),HANG HAU (NORTH) (TSEUNG KWAN O HOSPITAL),TSEUNG KWAN O INDUSTRIAL ESTATE (CIRCULAR),,1000021,HK Bus Crawling
298X+1+HANG HAU (NORTH) (TSEUNG KWAN O HOSPITAL)+MEI FOO,298X,1,kmb,HANG HAU (NORTH) (TSEUNG KWAN O HOSPITAL),MEI FOO,HANG HAU (NORTH) (TSEUNG KWAN O HOSPITAL),MEI FOO,,1000316,HK Bus Crawling
298X+1+MEI FOO+HANG HAU (NORTH) (TSEUNG KWAN O HOSPITAL),298X,1,kmb,MEI FOO,HANG HAU (NORTH) (TSEUNG KWAN O HOSPITAL),MEI FOO,HANG HAU (NORTH) (TSEUNG KWAN O HOSPITAL),,1000316,HK Bus Crawling
299X+1+SAI KUNG+SHATIN CENTRAL,299X,1,kmb,SAI KUNG,SHATIN CENTRAL,SAI KUNG,SHATIN CENTRAL,,1163,HK Bus Crawling
299X+1+SHATIN CENTRAL+SAI KUNG,299X,1,kmb,SHATIN CENTRAL,SAI KUNG,SHATIN CENTRAL,SAI KUNG,,1163,HK Bus Crawling
299X+2+SAI KUNG+SHATIN CENTRAL,299X,2,kmb,SAI KUNG,SHATIN CENTRAL,SAI KUNG,SHATIN CENTRAL,,8210,HK Bus Crawling
29M+1+SHUN LEE+SAN PO KONG (CIRCULAR),29M,1,kmb,SHUN LEE,SAN PO KONG (CIRCULAR),SHUN LEE,SAN PO KONG (CIRCULAR),,1164,HK Bus Crawling
2A+1+LOK WAH+MEI FOO,2A,1,kmb,LOK WAH,MEI FOO,LOK WAH,MEI FOO,,1165,HK Bus Crawling
2A+1+MEI FOO+LOK WAH,2A,1,kmb,MEI FOO,LOK WAH,MEI FOO,LOK WAH,,1165,HK Bus Crawling
2B+1+CHEUNG SHA WAN+CHUK YUEN ESTATE,2B,1,kmb,CHEUNG SHA WAN,CHUK YUEN ESTATE,CHEUNG SHA WAN,CHUK YUEN ESTATE,,1166,HK Bus Crawling
2B+1+CHUK YUEN ESTATE+CHEUNG SHA WAN,2B,1,kmb,CHUK YUEN ESTATE,CHEUNG SHA WAN,CHUK YUEN ESTATE,CHEUNG SHA WAN,,1166,HK Bus Crawling
2D+1+CHAK ON ESTATE+WONG TAI SIN,2D,1,kmb,CHAK ON ESTATE,WONG TAI SIN,CHAK ON ESTATE,WONG TAI SIN,,1168,HK Bus Crawling
2D+1+WONG TAI SIN+CHAK ON ESTATE,2D,1,kmb,WONG TAI SIN,CHAK ON ESTATE,WONG TAI SIN,CHAK ON ESTATE,,1168,HK Bus Crawling
2E+1+KOWLOON CITY FERRY+PAK TIN (NORTH),2E,1,kmb,KOWLOON CITY FERRY,PAK TIN (NORTH),KOWLOON CITY FERRY,PAK TIN (NORTH),,1169,HK Bus Crawling
2E+1+PAK TIN (NORTH)+KOWLOON CITY FERRY,2E,1,kmb,PAK TIN (NORTH),KOWLOON CITY FERRY,PAK TIN (NORTH),KOWLOON CITY FERRY,,1169,HK Bus Crawling
2F+1+CHEUNG SHA WAN+TSZ WAN SHAN (NORTH),2F,1,kmb,CHEUNG SHA WAN,TSZ WAN SHAN (NORTH),CHEUNG SHA WAN,TSZ WAN SHAN (NORTH),,1170,HK Bus Crawling
2F+1+TSZ WAN SHAN (NORTH)+CHEUNG SHA WAN,2F,1,kmb,TSZ WAN SHAN (NORTH),CHEUNG SHA WAN,TSZ WAN SHAN (NORTH),CHEUNG SHA WAN,,1170,HK Bus Crawling
2F+2+TSZ WAN SHAN (NORTH)+CHEUNG SHA WAN,2F,2,kmb,TSZ WAN SHAN (NORTH),CHEUNG SHA WAN,TSZ WAN SHAN (NORTH),CHEUNG SHA WAN,,8201,HK Bus Crawling
2P+1+CHEUNG SHA WAN+TSZ WAN SHAN (NORTH),2P,1,kmb,CHEUNG SHA WAN,TSZ WAN SHAN (NORTH),CHEUNG SHA WAN,TSZ WAN SHAN (NORTH),,1000352,HK Bus Crawling
2X+1+CHOI FOOK+MEI FOO,2X,1,kmb,CHOI FOOK,MEI FOO,CHOI FOOK,MEI FOO,,8309,HK Bus Crawling
2X+1+MEI FOO+CHOI FOOK,2X,1,kmb,MEI FOO,CHOI FOOK,MEI FOO,CHOI FOOK,,8309,HK Bus Crawling
30+1+CHEUNG SHA WAN+TSUEN WAN (ALLWAY GARDENS),30,1,kmb,CHEUNG SHA WAN,TSUEN WAN (ALLWAY GARDENS),CHEUNG SHA WAN,TSUEN WAN (ALLWAY GARDENS),,1171,HK Bus Crawling
30+1+TSUEN WAN (ALLWAY GARDENS)+CHEUNG SHA WAN,30,1,kmb,TSUEN WAN (ALLWAY GARDENS),CHEUNG SHA WAN,TSUEN WAN (ALLWAY GARDENS),CHEUNG SHA WAN,,1171,HK Bus Crawling
30+2+KWAI CHUNG (LAI YIU ESTATE)+TSUEN WAN (ALLWAY GARDENS),30,2,kmb,KWAI CHUNG (LAI YIU ESTATE),TSUEN WAN (ALLWAY GARDENS),KWAI CHUNG (LAI YIU ESTATE),TSUEN WAN (ALLWAY GARDENS),,,HK Bus Crawling
307+3+TAI PO CENTRAL+SHEUNG WAN,307,3,kmb,TAI PO CENTRAL,SHEUNG WAN,TAI PO CENTRAL,SHEUNG WAN,,,HK Bus Crawling
30X+1+TSUEN WAN (ALLWAY GARDENS)+WHAMPOA GARDEN,30X,1,kmb,TSUEN WAN (ALLWAY GARDENS),WHAMPOA GARDEN,TSUEN WAN (ALLWAY GARDENS),WHAMPOA GARDEN,,1176,HK Bus Crawling
30X+1+WHAMPOA GARDEN+TSUEN WAN (ALLWAY GARDENS),30X,1,kmb,WHAMPOA GARDEN,TSUEN WAN (ALLWAY GARDENS),WHAMPOA GARDEN,TSUEN WAN (ALLWAY GARDENS),,1176,HK Bus Crawling
30X+2+WHAMPOA GARDEN+TSUEN WAN (ALLWAY GARDENS),30X,2,kmb,WHAMPOA GARDEN,TSUEN WAN (ALLWAY GARDENS),WHAMPOA GARDEN,TSUEN WAN (ALLWAY GARDENS),,1000461,HK Bus Crawling
31+1+TSUEN WAN WEST STATION+SHEK LEI (CIRCULAR),31,1,kmb,TSUEN WAN WEST STATION,SHEK LEI (CIRCULAR),TSUEN WAN WEST STATION,SHEK LEI (CIRCULAR),,1177,HK Bus Crawling
31A+1+KWAI CHUNG ESTATE+SHEK LEI (TAI LOONG STREET),31A,1,kmb,KWAI CHUNG ESTATE,SHEK LEI (TAI LOONG STREET),KWAI CHUNG ESTATE,SHEK LEI (TAI LOONG STREET),,1000215,HK Bus Crawling
31B+1+OLYMPIC STATION+SHEK LEI (TAI LOONG STREET),31B,1,kmb,OLYMPIC STATION,SHEK LEI (TAI LOONG STREET),OLYMPIC STATION,SHEK LEI (TAI LOONG STREET),,1178,HK Bus Crawling
31B+1+SHEK LEI (TAI LOONG STREET)+OLYMPIC STATION,31B,1,kmb,SHEK LEI (TAI LOONG STREET),OLYMPIC STATION,SHEK LEI (TAI LOONG STREET),OLYMPIC STATION,,1178,HK Bus Crawling
31M+1+KWAI FONG STATION+SHEK LEI (LEI PUI ST),31M,1,kmb,KWAI FONG STATION,SHEK LEI (LEI PUI ST),KWAI FONG STATION,SHEK LEI (LEI PUI ST),,1179,HK Bus Crawling
31M+1+SHEK LEI (LEI PUI ST)+KWAI FONG STATION,31M,1,kmb,SHEK LEI (LEI PUI ST),KWAI FONG STATION,SHEK LEI (LEI PUI ST),KWAI FONG STATION,,1179,HK Bus Crawling
31P+1+SHEK LEI COMMERCIAL COMPLEX+KWAI FONG STATION,31P,1,kmb,SHEK LEI COMMERCIAL COMPLEX,KWAI FONG STATION,SHEK LEI COMMERCIAL COMPLEX,KWAI FONG STATION,,8679,HK Bus Crawling
32+1+OLYMPIC STATION+TSUEN WAN (SHEK WAI KOK),32,1,kmb,OLYMPIC STATION,TSUEN WAN (SHEK WAI KOK),OLYMPIC STATION,TSUEN WAN (SHEK WAI KOK),,1180,HK Bus Crawling
32+1+TSUEN WAN (SHEK WAI KOK)+OLYMPIC STATION,32,1,kmb,TSUEN WAN (SHEK WAI KOK),OLYMPIC STATION,TSUEN WAN (SHEK WAI KOK),OLYMPIC STATION,,1180,HK Bus Crawling
32H+1+CHEUNG SHAN+LAI CHI KOK,32H,1,kmb,CHEUNG SHAN,LAI CHI KOK,CHEUNG SHAN,LAI CHI KOK,,8556,HK Bus Crawling
32H+1+LAI CHI KOK+CHEUNG SHAN,32H,1,kmb,LAI CHI KOK,CHEUNG SHAN,LAI CHI KOK,CHEUNG SHAN,,8556,HK Bus Crawling
32M+1+KWAI FONG STATION+CHEUNG SHAN (CIRCULAR),32M,1,kmb,KWAI FONG STATION,CHEUNG SHAN (CIRCULAR),KWAI FONG STATION,CHEUNG SHAN (CIRCULAR),,1182,HK Bus Crawling
32P+1+TSUEN WAN (CASTLE PEAK ROAD)+YUEN YUEN INSTITUTE,32P,1,kmb,TSUEN WAN (CASTLE PEAK ROAD),YUEN YUEN INSTITUTE,TSUEN WAN (CASTLE PEAK ROAD),YUEN YUEN INSTITUTE,,,HK Bus Crawling
32P+1+YUEN YUEN INSTITUTE+TSUEN WAN (CASTLE PEAK ROAD),32P,1,kmb,YUEN YUEN INSTITUTE,TSUEN WAN (CASTLE PEAK ROAD),YUEN YUEN INSTITUTE,TSUEN WAN (CASTLE PEAK ROAD),,,HK Bus Crawling
33+1+TSUEN WAN WEST STATION+YAU TONG,33,1,kmb,TSUEN WAN WEST STATION,YAU TONG,TSUEN WAN WEST STATION,YAU TONG,,8716,HK Bus Crawling
33+1+YAU TONG+TSUEN WAN WEST STATION,33,1,kmb,YAU TONG,TSUEN WAN WEST STATION,YAU TONG,TSUEN WAN WEST STATION,,8716,HK Bus Crawling
331+1+MA WAN(PAK YAN ROAD)+TSUEN WAN STATION,331,1,kmb,MA WAN(PAK YAN ROAD),TSUEN WAN STATION,MA WAN(PAK YAN ROAD),TSUEN WAN STATION,,,HK Bus Crawling
331+1+TSUEN WAN STATION+MA WAN(PAK YAN ROAD),331,1,kmb,TSUEN WAN STATION,MA WAN(PAK YAN ROAD),TSUEN WAN STATION,MA WAN(PAK YAN ROAD),,,HK Bus Crawling
331S+1+MA WAN(PAK YAN ROAD)+TSUEN WAN WEST STATION,331S,1,kmb,MA WAN(PAK YAN ROAD),TSUEN WAN WEST STATION,MA WAN(PAK YAN ROAD),TSUEN WAN WEST STATION,,,HK Bus Crawling
331S+1+TSUEN WAN WEST STATION+MA WAN(PAK YAN ROAD),331S,1,kmb,TSUEN WAN WEST STATION,MA WAN(PAK YAN ROAD),TSUEN WAN WEST STATION,MA WAN(PAK YAN ROAD),,,HK Bus Crawling
33A+1+MONG KOK (PARK AVENUE)+TSUEN WAN (NINA TOWER),33A,1,kmb,MONG KOK (PARK AVENUE),TSUEN WAN (NINA TOWER),MONG KOK (PARK AVENUE),TSUEN WAN (NINA TOWER),,1184,HK Bus Crawling
33A+1+TSUEN WAN (NINA TOWER)+MONG KOK (PARK AVENUE),33A,1,kmb,TSUEN WAN (NINA TOWER),MONG KOK (PARK AVENUE),TSUEN WAN (NINA TOWER),MONG KOK (PARK AVENUE),,1184,HK Bus Crawling
33B+1+TSUEN WAN WEST STATION+YAU TONG,33B,1,kmb,TSUEN WAN WEST STATION,YAU TONG,TSUEN WAN WEST STATION,YAU TONG,,1000085,HK Bus Crawling
33B+1+YAU TONG+TSUEN WAN WEST STATION,33B,1,kmb,YAU TONG,TSUEN WAN WEST STATION,YAU TONG,TSUEN WAN WEST STATION,,1000085,HK Bus Crawling
33R+1+PAK TAM CHUNG+TSUEN WAN (DISCOVERY PARK),33R,1,kmb,PAK TAM CHUNG,TSUEN WAN (DISCOVERY PARK),PAK TAM CHUNG,TSUEN WAN (DISCOVERY PARK),,1000323,HK Bus Crawling
33R+1+TSUEN WAN (DISCOVERY PARK)+PAK TAM CHUNG,33R,1,kmb,TSUEN WAN (DISCOVERY PARK),PAK TAM CHUNG,TSUEN WAN (DISCOVERY PARK),PAK TAM CHUNG,,1000323,HK Bus Crawling
33X+1+TSUEN WAN WEST STATION+YAU TONG,33X,1,kmb,TSUEN WAN WEST STATION,YAU TONG,TSUEN WAN WEST STATION,YAU TONG,,1000663,HK Bus Crawling
33X+1+YAU TONG+TSUEN WAN WEST STATION,33X,1,kmb,YAU TONG,TSUEN WAN WEST STATION,YAU TONG,TSUEN WAN WEST STATION,,1000663,HK Bus Crawling
34+1+KWAI SHING (CENTRAL)+TSUEN WAN (BAYVIEW GARDEN),34,1,kmb,KWAI SHING (CENTRAL),TSUEN WAN (BAYVIEW GARDEN),KWAI SHING (CENTRAL),TSUEN WAN (BAYVIEW GARDEN),,1185,HK Bus Crawling
34+1+TSUEN WAN (BAYVIEW GARDEN)+KWAI SHING (CENTRAL),34,1,kmb,TSUEN WAN (BAYVIEW GARDEN),KWAI SHING (CENTRAL),TSUEN WAN (BAYVIEW GARDEN),KWAI SHING (CENTRAL),,1185,HK Bus Crawling
"34+2+FU ON HOUSE, TAI WO HAU ROAD+KWAI SHING (CENTRAL)",34,2,kmb,"FU ON HOUSE, TAI WO HAU ROAD",KWAI SHING (CENTRAL),"FU ON HOUSE, TAI WO HAU ROAD",KWAI SHING (CENTRAL),,,HK Bus Crawling
34M+1+TSUEN WAN (BAYVIEW GARDEN)+TSUEN WAN STATION (CIRCULAR),34M,1,kmb,TSUEN WAN (BAYVIEW GARDEN),TSUEN WAN STATION (CIRCULAR),TSUEN WAN (BAYVIEW GARDEN),TSUEN WAN STATION (CIRCULAR),,1186,HK Bus Crawling
35A+1+KWAI CHUNG (ON YAM ESTATE)+TSIM SHA TSUI EAST,35A,1,kmb,KWAI CHUNG (ON YAM ESTATE),TSIM SHA TSUI EAST,KWAI CHUNG (ON YAM ESTATE),TSIM SHA TSUI EAST,,1187,HK Bus Crawling
35A+1+TSIM SHA TSUI EAST+KWAI CHUNG (ON YAM ESTATE),35A,1,kmb,TSIM SHA TSUI EAST,KWAI CHUNG (ON YAM ESTATE),TSIM SHA TSUI EAST,KWAI CHUNG (ON YAM ESTATE),,1187,HK Bus Crawling
35X+1+KWAI CHUNG (ON YAM ESTATE)+TSIM SHA TSUI EAST,35X,1,kmb,KWAI CHUNG (ON YAM ESTATE),TSIM SHA TSUI EAST,KWAI CHUNG (ON YAM ESTATE),TSIM SHA TSUI EAST,,8243,HK Bus Crawling
35X+1+TSIM SHA TSUI EAST+KWAI CHUNG (ON YAM ESTATE),35X,1,kmb,TSIM SHA TSUI EAST,KWAI CHUNG (ON YAM ESTATE),TSIM SHA TSUI EAST,KWAI CHUNG (ON YAM ESTATE),,8243,HK Bus Crawling
36+1+TSUEN WAN WEST STATION+LEI MUK SHUE (CIRCULAR),36,1,kmb,TSUEN WAN WEST STATION,LEI MUK SHUE (CIRCULAR),TSUEN WAN WEST STATION,LEI MUK SHUE (CIRCULAR),,1189,HK Bus Crawling
36+2+LEI MUK SHUE+TSUEN WAN WEST STATION,36,2,kmb,LEI MUK SHUE,TSUEN WAN WEST STATION,LEI MUK SHUE,TSUEN WAN WEST STATION,,1000096,HK Bus Crawling
36A+1+LEI MUK SHUE+CHEUNG SHA WAN (HOI TAT ESTATE)(Circular),36A,1,kmb,LEI MUK SHUE,CHEUNG SHA WAN (HOI TAT ESTATE)(Circular),LEI MUK SHUE,CHEUNG SHA WAN (HOI TAT ESTATE)(Circular),,1000390,HK Bus Crawling
36B+1+HIGH SPEED RAIL WEST KOWLOON STATION+LEI MUK SHUE,36B,1,kmb,HIGH SPEED RAIL WEST KOWLOON STATION,LEI MUK SHUE,HIGH SPEED RAIL WEST KOWLOON STATION,LEI MUK SHUE,,1191,HK Bus Crawling
36B+1+LEI MUK SHUE+HIGH SPEED RAIL WEST KOWLOON STATION,36B,1,kmb,LEI MUK SHUE,HIGH SPEED RAIL WEST KOWLOON STATION,LEI MUK SHUE,HIGH SPEED RAIL WEST KOWLOON STATION,,1191,HK Bus Crawling
36M+1+KWAI FONG STATION+LEI MUK SHUE,36M,1,kmb,KWAI FONG STATION,LEI MUK SHUE,KWAI FONG STATION,LEI MUK SHUE,,1192,HK Bus Crawling
36M+1+LEI MUK SHUE+KWAI FONG STATION,36M,1,kmb,LEI MUK SHUE,KWAI FONG STATION,LEI MUK SHUE,KWAI FONG STATION,,1192,HK Bus Crawling
36R+1+HONG KONG COLISEUM+SHEK WAI KOK,36R,1,kmb,HONG KONG COLISEUM,SHEK WAI KOK,HONG KONG COLISEUM,SHEK WAI KOK,,,HK Bus Crawling
36X+1+LEI MUK SHUE+TSIM SHA TSUI EAST (MODY ROAD),36X,1,kmb,LEI MUK SHUE,TSIM SHA TSUI EAST (MODY ROAD),LEI MUK SHUE,TSIM SHA TSUI EAST (MODY ROAD),,8264,HK Bus Crawling
36X+1+TSIM SHA TSUI EAST (MODY ROAD)+LEI MUK SHUE,36X,1,kmb,TSIM SHA TSUI EAST (MODY ROAD),LEI MUK SHUE,TSIM SHA TSUI EAST (MODY ROAD),LEI MUK SHUE,,8264,HK Bus Crawling
37+1+KWAI SHING (CENTRAL)+OLYMPIC STATION,37,1,kmb,KWAI SHING (CENTRAL),OLYMPIC STATION,KWAI SHING (CENTRAL),OLYMPIC STATION,,1193,HK Bus Crawling
37+1+OLYMPIC STATION+KWAI SHING (CENTRAL),37,1,kmb,OLYMPIC STATION,KWAI SHING (CENTRAL),OLYMPIC STATION,KWAI SHING (CENTRAL),,1193,HK Bus Crawling
373+1+CENTRAL (HONG KONG STATION)+FANLING (LUEN WO HUI),373,1,kmb,CENTRAL (HONG KONG STATION),FANLING (LUEN WO HUI),CENTRAL (HONG KONG STATION),FANLING (LUEN WO HUI),,1194,HK Bus Crawling
373+1+FANLING (LUEN WO HUI)+CENTRAL (HONG KONG STATION),373,1,kmb,FANLING (LUEN WO HUI),CENTRAL (HONG KONG STATION),FANLING (LUEN WO HUI),CENTRAL (HONG KONG STATION),,1194,HK Bus Crawling
37M+1+KWAI HING STATION+KWAI SHING CENTRAL (CIRCULAR),37M,1,kmb,KWAI HING STATION,KWAI SHING CENTRAL (CIRCULAR),KWAI HING STATION,KWAI SHING CENTRAL (CIRCULAR),,1196,HK Bus Crawling
37X+1+KWAI CHUNG ESTATE+YAU MA TEI,37X,1,kmb,KWAI CHUNG ESTATE,YAU MA TEI,KWAI CHUNG ESTATE,YAU MA TEI,,1000532,HK Bus Crawling
38+1+KWAI SHING (EAST)+PING TIN,38,1,kmb,KWAI SHING (EAST),PING TIN,KWAI SHING (EAST),PING TIN,,1197,HK Bus Crawling
38+1+PING TIN+KWAI SHING (EAST),38,1,kmb,PING TIN,KWAI SHING (EAST),PING TIN,KWAI SHING (EAST),,1197,HK Bus Crawling
38A+1+MEI FOO+TSUEN WAN (RIVIERA GARDENS),38A,1,kmb,MEI FOO,TSUEN WAN (RIVIERA GARDENS),MEI FOO,TSUEN WAN (RIVIERA GARDENS),,1198,HK Bus Crawling
38A+1+TSUEN WAN (RIVIERA GARDENS)+MEI FOO,38A,1,kmb,TSUEN WAN (RIVIERA GARDENS),MEI FOO,TSUEN WAN (RIVIERA GARDENS),MEI FOO,,1198,HK Bus Crawling
38B+1+SHEK MUN ESTATE+TSUEN WAN (RIVIERA GARDENS),38B,1,kmb,SHEK MUN ESTATE,TSUEN WAN (RIVIERA GARDENS),SHEK MUN ESTATE,TSUEN WAN (RIVIERA GARDENS),,8537,HK Bus Crawling
38B+1+TSUEN WAN (RIVIERA GARDENS)+SHEK MUN ESTATE,38B,1,kmb,TSUEN WAN (RIVIERA GARDENS),SHEK MUN ESTATE,TSUEN WAN (RIVIERA GARDENS),SHEK MUN ESTATE,,8537,HK Bus Crawling
38P+1+KWAI SHING (CENTRAL)+PING TIN,38P,1,kmb,KWAI SHING (CENTRAL),PING TIN,KWAI SHING (CENTRAL),PING TIN,,8543,HK Bus Crawling
38P+1+PING TIN+KWAI SHING (CENTRAL),38P,1,kmb,PING TIN,KWAI SHING (CENTRAL),PING TIN,KWAI SHING (CENTRAL),,8543,HK Bus Crawling
38S+1+KWAI FONG STATION+TSUEN WAN CHINESE CEMETERY,38S,1,kmb,KWAI FONG STATION,TSUEN WAN CHINESE CEMETERY,KWAI FONG STATION,TSUEN WAN CHINESE CEMETERY,,,HK Bus Crawling
38S+1+TSUEN WAN CHINESE CEMETERY+KWAI FONG STATION,38S,1,kmb,TSUEN WAN CHINESE CEMETERY,KWAI FONG STATION,TSUEN WAN CHINESE CEMETERY,KWAI FONG STATION,,,HK Bus Crawling
39A+1+TSUEN WAN WEST STATION+ALLWAY GARDENS (CIRCULAR),39A,1,kmb,TSUEN WAN WEST STATION,ALLWAY GARDENS (CIRCULAR),TSUEN WAN WEST STATION,ALLWAY GARDENS (CIRCULAR),,1200,HK Bus Crawling
39M+1+TSUEN WAN (ALLWAY GARDENS)+TSUEN WAN STATION (CIRCULAR),39M,1,kmb,TSUEN WAN (ALLWAY GARDENS),TSUEN WAN STATION (CIRCULAR),TSUEN WAN (ALLWAY GARDENS),TSUEN WAN STATION (CIRCULAR),,1201,HK Bus Crawling
3B+1+HUNG HOM (HUNG LUEN ROAD)+TSZ WAN SHAN (CENTRAL),3B,1,kmb,HUNG HOM (HUNG LUEN ROAD),TSZ WAN SHAN (CENTRAL),HUNG HOM (HUNG LUEN ROAD),TSZ WAN SHAN (CENTRAL),,1202,HK Bus Crawling
3B+1+TSZ WAN SHAN (CENTRAL)+HUNG HOM (HUNG LUEN ROAD),3B,1,kmb,TSZ WAN SHAN (CENTRAL),HUNG HOM (HUNG LUEN ROAD),TSZ WAN SHAN (CENTRAL),HUNG HOM (HUNG LUEN ROAD),,1202,HK Bus Crawling
3C+1+CHINA FERRY TERMINAL+TSZ WAN SHAN (NORTH),3C,1,kmb,CHINA FERRY TERMINAL,TSZ WAN SHAN (NORTH),CHINA FERRY TERMINAL,TSZ WAN SHAN (NORTH),,1203,HK Bus Crawling
3C+1+TSZ WAN SHAN (NORTH)+CHINA FERRY TERMINAL,3C,1,kmb,TSZ WAN SHAN (NORTH),CHINA FERRY TERMINAL,TSZ WAN SHAN (NORTH),CHINA FERRY TERMINAL,,1203,HK Bus Crawling
3D+1+KWUN TONG (YUE MAN SQUARE)+TSZ WAN SHAN (CENTRAL),3D,1,kmb,KWUN TONG (YUE MAN SQUARE),TSZ WAN SHAN (CENTRAL),KWUN TONG (YUE MAN SQUARE),TSZ WAN SHAN (CENTRAL),,1204,HK Bus Crawling
3D+1+TSZ WAN SHAN (CENTRAL)+KWUN TONG (YUE MAN SQUARE),3D,1,kmb,TSZ WAN SHAN (CENTRAL),KWUN TONG (YUE MAN SQUARE),TSZ WAN SHAN (CENTRAL),KWUN TONG (YUE MAN SQUARE),,1204,HK Bus Crawling
3D+2+KWUN TONG (YUE MAN SQUARE)+TSZ WAN SHAN (SOUTH),3D,2,kmb,KWUN TONG (YUE MAN SQUARE),TSZ WAN SHAN (SOUTH),KWUN TONG (YUE MAN SQUARE),TSZ WAN SHAN (SOUTH),,8436,HK Bus Crawling
3D+2+TSZ WAN SHAN (SOUTH)+KWUN TONG (YUE MAN SQUARE),3D,2,kmb,TSZ WAN SHAN (SOUTH),KWUN TONG (YUE MAN SQUARE),TSZ WAN SHAN (SOUTH),KWUN TONG (YUE MAN SQUARE),,8436,HK Bus Crawling
3D+3+CHING HONG HOUSE+KWUN TONG (YUE MAN SQUARE),3D,3,kmb,CHING HONG HOUSE,KWUN TONG (YUE MAN SQUARE),CHING HONG HOUSE,KWUN TONG (YUE MAN SQUARE),,8437,HK Bus Crawling
3M+1+CHOI WAN+TSZ WAN SHAN (NORTH),3M,1,kmb,CHOI WAN,TSZ WAN SHAN (NORTH),CHOI WAN,TSZ WAN SHAN (NORTH),,1205,HK Bus Crawling
3M+1+TSZ WAN SHAN (NORTH)+CHOI WAN,3M,1,kmb,TSZ WAN SHAN (NORTH),CHOI WAN,TSZ WAN SHAN (NORTH),CHOI WAN,,1205,HK Bus Crawling
3M+2+CHOI WAN BUS TERMINUS (WT985)+TSZ WAN SHAN (SOUTH) BUS TERMINUS (WT936),3M,2,kmb,CHOI WAN BUS TERMINUS (WT985),TSZ WAN SHAN (SOUTH) BUS TERMINUS (WT936),CHOI WAN BUS TERMINUS (WT985),TSZ WAN SHAN (SOUTH) BUS TERMINUS (WT936),,8440,HK Bus Crawling
3S+1+DIAMOND HILL STATION+DIAMOND HILL CEMETERY (CIRCULAR),3S,1,kmb,DIAMOND HILL STATION,DIAMOND HILL CEMETERY (CIRCULAR),DIAMOND HILL STATION,DIAMOND HILL CEMETERY (CIRCULAR),,,HK Bus Crawling
3X+1+CHINA FERRY TERMINAL+TSZ WAN SHAN (NORTH),3X,1,kmb,CHINA FERRY TERMINAL,TSZ WAN SHAN (NORTH),CHINA FERRY TERMINAL,TSZ WAN SHAN (NORTH),,1000008,HK Bus Crawling
3X+1+TSZ WAN SHAN (NORTH)+CHINA FERRY TERMINAL,3X,1,kmb,TSZ WAN SHAN (NORTH),CHINA FERRY TERMINAL,TSZ WAN SHAN (NORTH),CHINA FERRY TERMINAL,,8579,HK Bus Crawling
3X+2+TSZ WAN SHAN (NORTH)+CHINA FERRY TERMINAL,3X,2,kmb,TSZ WAN SHAN (NORTH),CHINA FERRY TERMINAL,TSZ WAN SHAN (NORTH),CHINA FERRY TERMINAL,,8379,HK Bus Crawling
40+1+LAGUNA CITY+TSUEN WAN (BELVEDERE GARDEN),40,1,kmb,LAGUNA CITY,TSUEN WAN (BELVEDERE GARDEN),LAGUNA CITY,TSUEN WAN (BELVEDERE GARDEN),,1207,HK Bus Crawling
40+1+TSUEN WAN (BELVEDERE GARDEN)+LAGUNA CITY,40,1,kmb,TSUEN WAN (BELVEDERE GARDEN),LAGUNA CITY,TSUEN WAN (BELVEDERE GARDEN),LAGUNA CITY,,1207,HK Bus Crawling
40+2+TSUEN WAN (BELVEDERE GARDEN)+LAGUNA CITY,40,2,kmb,TSUEN WAN (BELVEDERE GARDEN),LAGUNA CITY,TSUEN WAN (BELVEDERE GARDEN),LAGUNA CITY,,8328,HK Bus Crawling
40A+1+KWAI HING STATION+PING TIN,40A,1,kmb,KWAI HING STATION,PING TIN,KWAI HING STATION,PING TIN,,8524,HK Bus Crawling
40B+1+KWAI CHUNG ESTATE+PING TIN,40B,1,kmb,KWAI CHUNG ESTATE,PING TIN,KWAI CHUNG ESTATE,PING TIN,,1000490,HK Bus Crawling
40E+1+KWAI FONG (SOUTH)+NAI CHUNG,40E,1,kmb,KWAI FONG (SOUTH),NAI CHUNG,KWAI FONG (SOUTH),NAI CHUNG,,1000196,HK Bus Crawling
40E+1+NAI CHUNG+KWAI CHUNG (KWAI FONG ESTATE),40E,1,kmb,NAI CHUNG,KWAI CHUNG (KWAI FONG ESTATE),NAI CHUNG,KWAI CHUNG (KWAI FONG ESTATE),,1000196,HK Bus Crawling
40P+1+KWUN TONG FERRY+TSUEN WAN (NINA TOWER),40P,1,kmb,KWUN TONG FERRY,TSUEN WAN (NINA TOWER),KWUN TONG FERRY,TSUEN WAN (NINA TOWER),,1953,HK Bus Crawling
40P+1+TSUEN WAN (NINA TOWER)+KWUN TONG FERRY,40P,1,kmb,TSUEN WAN (NINA TOWER),KWUN TONG FERRY,TSUEN WAN (NINA TOWER),KWUN TONG FERRY,,1953,HK Bus Crawling
40P+2+SHEK YAM EAST ESTATE+KWUN TONG FERRY,40P,2,kmb,SHEK YAM EAST ESTATE,KWUN TONG FERRY,SHEK YAM EAST ESTATE,KWUN TONG FERRY,,1000569,HK Bus Crawling
40X+1+KWAI CHUNG ESTATE+WU KAI SHA STATION,40X,1,kmb,KWAI CHUNG ESTATE,WU KAI SHA STATION,KWAI CHUNG ESTATE,WU KAI SHA STATION,,1208,HK Bus Crawling
40X+1+WU KAI SHA STATION+KWAI CHUNG ESTATE,40X,1,kmb,WU KAI SHA STATION,KWAI CHUNG ESTATE,WU KAI SHA STATION,KWAI CHUNG ESTATE,,1208,HK Bus Crawling
40X+3+WU KAI SHA STATION+KWAI FONG (SOUTH),40X,3,kmb,WU KAI SHA STATION,KWAI FONG (SOUTH),WU KAI SHA STATION,KWAI FONG (SOUTH),,1000534,HK Bus Crawling
41A+1+TSIM SHA TSUI EAST+TSING YI (CHEUNG ON ESTATE),41A,1,kmb,TSIM SHA TSUI EAST,TSING YI (CHEUNG ON ESTATE),TSIM SHA TSUI EAST,TSING YI (CHEUNG ON ESTATE),,1210,HK Bus Crawling
41A+1+TSING YI (CHEUNG ON ESTATE)+TSIM SHA TSUI EAST,41A,1,kmb,TSING YI (CHEUNG ON ESTATE),TSIM SHA TSUI EAST,TSING YI (CHEUNG ON ESTATE),TSIM SHA TSUI EAST,,1210,HK Bus Crawling
41M+1+TSING YI FERRY+TSUEN WAN STATION,41M,1,kmb,TSING YI FERRY,TSUEN WAN STATION,TSING YI FERRY,TSUEN WAN STATION,,1211,HK Bus Crawling
41M+1+TSUEN WAN STATION+TSING YI FERRY,41M,1,kmb,TSUEN WAN STATION,TSING YI FERRY,TSUEN WAN STATION,TSING YI FERRY,,1211,HK Bus Crawling
41R+1+HONG KONG COLISEUM+TSING YI (CHEUNG CHING ESTATE),41R,1,kmb,HONG KONG COLISEUM,TSING YI (CHEUNG CHING ESTATE),HONG KONG COLISEUM,TSING YI (CHEUNG CHING ESTATE),,,HK Bus Crawling
42+1+SHUN LEE+TSING YI (CHEUNG HONG ESTATE),42,1,kmb,SHUN LEE,TSING YI (CHEUNG HONG ESTATE),SHUN LEE,TSING YI (CHEUNG HONG ESTATE),,1213,HK Bus Crawling
42+1+TSING YI (CHEUNG HONG ESTATE)+SHUN LEE,42,1,kmb,TSING YI (CHEUNG HONG ESTATE),SHUN LEE,TSING YI (CHEUNG HONG ESTATE),SHUN LEE,,1213,HK Bus Crawling
42A+1+HIGH SPEED RAIL WEST KOWLOON STATION+TSING YI (CHEUNG HANG ESTATE),42A,1,kmb,HIGH SPEED RAIL WEST KOWLOON STATION,TSING YI (CHEUNG HANG ESTATE),HIGH SPEED RAIL WEST KOWLOON STATION,TSING YI (CHEUNG HANG ESTATE),,1214,HK Bus Crawling
42A+1+TSING YI (CHEUNG HANG ESTATE)+HIGH SPEED RAIL WEST KOWLOON STATION,42A,1,kmb,TSING YI (CHEUNG HANG ESTATE),HIGH SPEED RAIL WEST KOWLOON STATION,TSING YI (CHEUNG HANG ESTATE),HIGH SPEED RAIL WEST KOWLOON STATION,,1214,HK Bus Crawling
42C+1+LAM TIN STATION+TSING YI (CHEUNG HANG ESTATE),42C,1,kmb,LAM TIN STATION,TSING YI (CHEUNG HANG ESTATE),LAM TIN STATION,TSING YI (CHEUNG HANG ESTATE),,1215,HK Bus Crawling
42C+1+TSING YI (CHEUNG HANG ESTATE)+LAM TIN STATION,42C,1,kmb,TSING YI (CHEUNG HANG ESTATE),LAM TIN STATION,TSING YI (CHEUNG HANG ESTATE),LAM TIN STATION,,1215,HK Bus Crawling
42M+1+TSING YI (CHEUNG WANG ESTATE)+TSUEN WAN (DISCOVERY PARK),42M,1,kmb,TSING YI (CHEUNG WANG ESTATE),TSUEN WAN (DISCOVERY PARK),TSING YI (CHEUNG WANG ESTATE),TSUEN WAN (DISCOVERY PARK),,1216,HK Bus Crawling
42M+1+TSUEN WAN (DISCOVERY PARK)+TSING YI (CHEUNG WANG ESTATE),42M,1,kmb,TSUEN WAN (DISCOVERY PARK),TSING YI (CHEUNG WANG ESTATE),TSUEN WAN (DISCOVERY PARK),TSING YI (CHEUNG WANG ESTATE),,1216,HK Bus Crawling
43+1+TSING YI (CHEUNG HONG ESTATE)+TSUEN WAN WEST STATION,43,1,kmb,TSING YI (CHEUNG HONG ESTATE),TSUEN WAN WEST STATION,TSING YI (CHEUNG HONG ESTATE),TSUEN WAN WEST STATION,,1217,HK Bus Crawling
43+1+TSUEN WAN WEST STATION+TSING YI (CHEUNG HONG ESTATE),43,1,kmb,TSUEN WAN WEST STATION,TSING YI (CHEUNG HONG ESTATE),TSUEN WAN WEST STATION,TSING YI (CHEUNG HONG ESTATE),,1217,HK Bus Crawling
43A+1+SHEK LEI (TAI LOONG STREET)+TSING YI (CHEUNG WANG ESTATE),43A,1,kmb,SHEK LEI (TAI LOONG STREET),TSING YI (CHEUNG WANG ESTATE),SHEK LEI (TAI LOONG STREET),TSING YI (CHEUNG WANG ESTATE),,1218,HK Bus Crawling
43A+1+TSING YI (CHEUNG WANG ESTATE)+SHEK LEI (TAI LOONG STREET),43A,1,kmb,TSING YI (CHEUNG WANG ESTATE),SHEK LEI (TAI LOONG STREET),TSING YI (CHEUNG WANG ESTATE),SHEK LEI (TAI LOONG STREET),,1218,HK Bus Crawling
43B+1+TSING YI (CHEUNG CHING ESTATE)+TSUEN WAN WEST STATION,43B,1,kmb,TSING YI (CHEUNG CHING ESTATE),TSUEN WAN WEST STATION,TSING YI (CHEUNG CHING ESTATE),TSUEN WAN WEST STATION,,1219,HK Bus Crawling
43B+1+TSUEN WAN WEST STATION+TSING YI (CHEUNG CHING ESTATE),43B,1,kmb,TSUEN WAN WEST STATION,TSING YI (CHEUNG CHING ESTATE),TSUEN WAN WEST STATION,TSING YI (CHEUNG CHING ESTATE),,1219,HK Bus Crawling
43C+1+ISLAND HARBOURVIEW+TSING YI (CHEUNG HANG ESTATE),43C,1,kmb,ISLAND HARBOURVIEW,TSING YI (CHEUNG HANG ESTATE),ISLAND HARBOURVIEW,TSING YI (CHEUNG HANG ESTATE),,8380,HK Bus Crawling
43C+1+TSING YI (CHEUNG HONG ESTATE)+ISLAND HARBOURVIEW,43C,1,kmb,TSING YI (CHEUNG HONG ESTATE),ISLAND HARBOURVIEW,TSING YI (CHEUNG HONG ESTATE),ISLAND HARBOURVIEW,,1220,HK Bus Crawling
43D+1+TSING YI (CHEUNG WANG ESTATE)+KWAI SHING,43D,1,kmb,TSING YI (CHEUNG WANG ESTATE),KWAI SHING,TSING YI (CHEUNG WANG ESTATE),KWAI SHING,,8500,HK Bus Crawling
43M+1+KWAI FONG STATION+CHEUNG CHING (CIRCULAR),43M,1,kmb,KWAI FONG STATION,CHEUNG CHING (CIRCULAR),KWAI FONG STATION,CHEUNG CHING (CIRCULAR),,1221,HK Bus Crawling
43P+1+HONG KONG SCIENCE PARK+TSUEN WAN WEST STATION,43P,1,kmb,HONG KONG SCIENCE PARK,TSUEN WAN WEST STATION,HONG KONG SCIENCE PARK,TSUEN WAN WEST STATION,,1222,HK Bus Crawling
43P+1+TSUEN WAN WEST STATION+HONG KONG SCIENCE PARK,43P,1,kmb,TSUEN WAN WEST STATION,HONG KONG SCIENCE PARK,TSUEN WAN WEST STATION,HONG KONG SCIENCE PARK,,1222,HK Bus Crawling
43S+1+HONG KONG SCIENCE PARK+SHEK YAM,43S,1,kmb,HONG KONG SCIENCE PARK,SHEK YAM,HONG KONG SCIENCE PARK,SHEK YAM,,1000001,HK Bus Crawling
43S+1+SHEK YAM+HONG KONG SCIENCE PARK,43S,1,kmb,SHEK YAM,HONG KONG SCIENCE PARK,SHEK YAM,HONG KONG SCIENCE PARK,,1000001,HK Bus Crawling
43X+1+TSUEN WAN WEST STATION+YIU ON,43X,1,kmb,TSUEN WAN WEST STATION,YIU ON,TSUEN WAN WEST STATION,YIU ON,,1223,HK Bus Crawling
43X+1+YIU ON+TSUEN WAN WEST STATION,43X,1,kmb,YIU ON,TSUEN WAN WEST STATION,YIU ON,TSUEN WAN WEST STATION,,1223,HK Bus Crawling
43X+2+PO TAI STREET+TSUEN WAN WEST STATION,43X,2,kmb,PO TAI STREET,TSUEN WAN WEST STATION,PO TAI STREET,TSUEN WAN WEST STATION,,1000097,HK Bus Crawling
44+1+MONG KOK EAST STATION+TSING YI ESTATE,44,1,kmb,MONG KOK EAST STATION,TSING YI ESTATE,MONG KOK EAST STATION,TSING YI ESTATE,,1224,HK Bus Crawling
44+1+TSING YI ESTATE+MONG KOK EAST STATION,44,1,kmb,TSING YI ESTATE,MONG KOK EAST STATION,TSING YI ESTATE,MONG KOK EAST STATION,,1224,HK Bus Crawling
44M+1+KWAI CHUNG ESTATE+TSING YI STATION,44M,1,kmb,KWAI CHUNG ESTATE,TSING YI STATION,KWAI CHUNG ESTATE,TSING YI STATION,,1225,HK Bus Crawling
44M+1+TSING YI STATION+KWAI CHUNG ESTATE,44M,1,kmb,TSING YI STATION,KWAI CHUNG ESTATE,TSING YI STATION,KWAI CHUNG ESTATE,,1225,HK Bus Crawling
44M+2+TSING YI (CHEUNG ON ESTATE)+KWAI HING STATION,44M,2,kmb,TSING YI (CHEUNG ON ESTATE),KWAI HING STATION,TSING YI (CHEUNG ON ESTATE),KWAI HING STATION,,,HK Bus Crawling
45+1+KOWLOON CITY FERRY+KWAI CHUNG (LAI YIU ESTATE),45,1,kmb,KOWLOON CITY FERRY,KWAI CHUNG (LAI YIU ESTATE),KOWLOON CITY FERRY,KWAI CHUNG (LAI YIU ESTATE),,1228,HK Bus Crawling
45+1+KWAI CHUNG (LAI YIU ESTATE)+KOWLOON CITY FERRY,45,1,kmb,KWAI CHUNG (LAI YIU ESTATE),KOWLOON CITY FERRY,KWAI CHUNG (LAI YIU ESTATE),KOWLOON CITY FERRY,,1228,HK Bus Crawling
46+1+HIGH SPEED RAIL WEST KOWLOON STATION+KWAI CHUNG (LAI YIU ESTATE),46,1,kmb,HIGH SPEED RAIL WEST KOWLOON STATION,KWAI CHUNG (LAI YIU ESTATE),HIGH SPEED RAIL WEST KOWLOON STATION,KWAI CHUNG (LAI YIU ESTATE),,1229,HK Bus Crawling
46+1+KWAI CHUNG (LAI YIU ESTATE)+HIGH SPEED RAIL WEST KOWLOON STATION,46,1,kmb,KWAI CHUNG (LAI YIU ESTATE),HIGH SPEED RAIL WEST KOWLOON STATION,KWAI CHUNG (LAI YIU ESTATE),HIGH SPEED RAIL WEST KOWLOON STATION,,1229,HK Bus Crawling
46P+1+KWAI FONG STATION+MEI TIN,46P,1,kmb,KWAI FONG STATION,MEI TIN,KWAI FONG STATION,MEI TIN,,1000450,HK Bus Crawling
46P+1+MEI TIN+KWAI FONG STATION,46P,1,kmb,MEI TIN,KWAI FONG STATION,MEI TIN,KWAI FONG STATION,,8178,HK Bus Crawling
46R+1+NGONG SHUEN CHAU BARRACKS+TAI WAI STATION,46R,1,kmb,NGONG SHUEN CHAU BARRACKS,TAI WAI STATION,NGONG SHUEN CHAU BARRACKS,TAI WAI STATION,,,HK Bus Crawling
46R+1+TAI WAI STATION+NGONG SHUEN CHAU BARRACKS,46R,1,kmb,TAI WAI STATION,NGONG SHUEN CHAU BARRACKS,TAI WAI STATION,NGONG SHUEN CHAU BARRACKS,,,HK Bus Crawling
46S+1+HIN KENG+TSUEN WAN (NINA TOWER),46S,1,kmb,HIN KENG,TSUEN WAN (NINA TOWER),HIN KENG,TSUEN WAN (NINA TOWER),,8771,HK Bus Crawling
46S+1+TSUEN WAN (NINA TOWER)+HIN KENG,46S,1,kmb,TSUEN WAN (NINA TOWER),HIN KENG,TSUEN WAN (NINA TOWER),HIN KENG,,8771,HK Bus Crawling
46X+1+HIN KENG+MEI FOO,46X,1,kmb,HIN KENG,MEI FOO,HIN KENG,MEI FOO,,1232,HK Bus Crawling
46X+1+MEI FOO+HIN KENG,46X,1,kmb,MEI FOO,HIN KENG,MEI FOO,HIN KENG,,1232,HK Bus Crawling
47A+1+KWAI FONG (SOUTH)+SHUI CHUEN O,47A,1,kmb,KWAI FONG (SOUTH),SHUI CHUEN O,KWAI FONG (SOUTH),SHUI CHUEN O,,8401,HK Bus Crawling
47A+1+SHUI CHUEN O+KWAI FONG (SOUTH),47A,1,kmb,SHUI CHUEN O,KWAI FONG (SOUTH),SHUI CHUEN O,KWAI FONG (SOUTH),,8401,HK Bus Crawling
47A+3+SHUI CHUEN O+KWAI FONG (SOUTH),47A,3,kmb,SHUI CHUEN O,KWAI FONG (SOUTH),SHUI CHUEN O,KWAI FONG (SOUTH),,8709,HK Bus Crawling
47X+1+CHUN SHEK+KWAI SHING (EAST),47X,1,kmb,CHUN SHEK,KWAI SHING (EAST),CHUN SHEK,KWAI SHING (EAST),,1233,HK Bus Crawling
47X+1+KWAI SHING (EAST)+CHUN SHEK,47X,1,kmb,KWAI SHING (EAST),CHUN SHEK,KWAI SHING (EAST),CHUN SHEK,,1233,HK Bus Crawling
47X+2+CHUN SHEK+KWAI SHING (EAST),47X,2,kmb,CHUN SHEK,KWAI SHING (EAST),CHUN SHEK,KWAI SHING (EAST),,8382,HK Bus Crawling
47X+4+SUN TIN WAI+KWAI SHING (EAST),47X,4,kmb,SUN TIN WAI,KWAI SHING (EAST),SUN TIN WAI,KWAI SHING (EAST),,8708,HK Bus Crawling
48P+1+FO TAN CHUN YEUNG ESTATE+TSING LUNG TAU,48P,1,kmb,FO TAN CHUN YEUNG ESTATE,TSING LUNG TAU,FO TAN CHUN YEUNG ESTATE,TSING LUNG TAU,,8459,HK Bus Crawling
48P+1+TSING LUNG TAU+FO TAN CHUN YEUNG ESTATE,48P,1,kmb,TSING LUNG TAU,FO TAN CHUN YEUNG ESTATE,TSING LUNG TAU,FO TAN CHUN YEUNG ESTATE,,8459,HK Bus Crawling
48X+1+TSUEN WAN (BAYVIEW GARDEN)+WO CHE,48X,1,kmb,TSUEN WAN (BAYVIEW GARDEN),WO CHE,TSUEN WAN (BAYVIEW GARDEN),WO CHE,,1234,HK Bus Crawling
48X+1+WO CHE+TSUEN WAN (BAYVIEW GARDEN),48X,1,kmb,WO CHE,TSUEN WAN (BAYVIEW GARDEN),WO CHE,TSUEN WAN (BAYVIEW GARDEN),,1234,HK Bus Crawling
49+1+CHING FU COURT+TSEUNG KWAN O INDUSTRIAL ESTATE,49,1,kmb,CHING FU COURT,TSEUNG KWAN O INDUSTRIAL ESTATE,CHING FU COURT,TSEUNG KWAN O INDUSTRIAL ESTATE,,1000412,HK Bus Crawling
49+1+TSEUNG KWAN O INDUSTRIAL ESTATE+CHING FU COURT,49,1,kmb,TSEUNG KWAN O INDUSTRIAL ESTATE,CHING FU COURT,TSEUNG KWAN O INDUSTRIAL ESTATE,CHING FU COURT,,1000412,HK Bus Crawling
49A+1+CHING FU COURT+TSUEN WAN WEST STATION,49A,1,kmb,CHING FU COURT,TSUEN WAN WEST STATION,CHING FU COURT,TSUEN WAN WEST STATION,,1000564,HK Bus Crawling
49A+1+TSUEN WAN WEST STATION+CHING FU COURT,49A,1,kmb,TSUEN WAN WEST STATION,CHING FU COURT,TSUEN WAN WEST STATION,CHING FU COURT,,1000564,HK Bus Crawling
49M+1+Tsing Yi(Ching Fu Court)+Tsing Yi Station (Circular),49M,1,kmb,Tsing Yi(Ching Fu Court),Tsing Yi Station (Circular),Tsing Yi(Ching Fu Court),Tsing Yi Station (Circular),,1000356,HK Bus Crawling
49P+1+SHATIN CENTRAL+TSING YI FERRY,49P,1,kmb,SHATIN CENTRAL,TSING YI FERRY,SHATIN CENTRAL,TSING YI FERRY,,1235,HK Bus Crawling
49X+1+KWONG YUEN+TSING YI FERRY,49X,1,kmb,KWONG YUEN,TSING YI FERRY,KWONG YUEN,TSING YI FERRY,,1236,HK Bus Crawling
49X+1+TSING YI FERRY+KWONG YUEN,49X,1,kmb,TSING YI FERRY,KWONG YUEN,TSING YI FERRY,KWONG YUEN,,1236,HK Bus Crawling
49X+2+SHEK MUN ESTATE+TSING YI FERRY,49X,2,kmb,SHEK MUN ESTATE,TSING YI FERRY,SHEK MUN ESTATE,TSING YI FERRY,,8493,HK Bus Crawling
49X+3+KWONG YUEN+TSING YI FERRY,49X,3,kmb,KWONG YUEN,TSING YI FERRY,KWONG YUEN,TSING YI FERRY,,8494,HK Bus Crawling
5+1+FU SHAN ESTATE+STAR FERRY,5,1,kmb,FU SHAN ESTATE,STAR FERRY,FU SHAN ESTATE,STAR FERRY,,1237,HK Bus Crawling
5+1+STAR FERRY+FU SHAN ESTATE,5,1,kmb,STAR FERRY,FU SHAN ESTATE,STAR FERRY,FU SHAN ESTATE,,1237,HK Bus Crawling
51+1+TSUEN WAN (NINA TOWER)+SHEUNG TSUEN (CIRCULAR),51,1,kmb,TSUEN WAN (NINA TOWER),SHEUNG TSUEN (CIRCULAR),TSUEN WAN (NINA TOWER),SHEUNG TSUEN (CIRCULAR),,1238,HK Bus Crawling
52P+1+SO KWUN WAT+MONG KOK (PARK AVENUE),52P,1,kmb,SO KWUN WAT,MONG KOK (PARK AVENUE),SO KWUN WAT,MONG KOK (PARK AVENUE),,8546,HK Bus Crawling
52S+1+TSANG TSUI+TUEN MUN ROAD BBI,52S,1,kmb,TSANG TSUI,TUEN MUN ROAD BBI,TSANG TSUI,TUEN MUN ROAD BBI,,,HK Bus Crawling
52S+1+TUEN MUN ROAD BBI+TSANG TSUI,52S,1,kmb,TUEN MUN ROAD BBI,TSANG TSUI,TUEN MUN ROAD BBI,TSANG TSUI,,,HK Bus Crawling
52X+1+MONG KOK (PARK AVENUE)+TUEN MUN CENTRAL,52X,1,kmb,MONG KOK (PARK AVENUE),TUEN MUN CENTRAL,MONG KOK (PARK AVENUE),TUEN MUN CENTRAL,,1239,HK Bus Crawling
52X+1+TUEN MUN CENTRAL+MONG KOK (PARK AVENUE),52X,1,kmb,TUEN MUN CENTRAL,MONG KOK (PARK AVENUE),TUEN MUN CENTRAL,MONG KOK (PARK AVENUE),,1239,HK Bus Crawling
53+1+TSUEN WAN (NINA TOWER)+YOHO MALL (YUEN LONG),53,1,kmb,TSUEN WAN (NINA TOWER),YOHO MALL (YUEN LONG),TSUEN WAN (NINA TOWER),YOHO MALL (YUEN LONG),,1240,HK Bus Crawling
53+1+YOHO MALL (YUEN LONG)+TSUEN WAN (NINA TOWER),53,1,kmb,YOHO MALL (YUEN LONG),TSUEN WAN (NINA TOWER),YOHO MALL (YUEN LONG),TSUEN WAN (NINA TOWER),,1240,HK Bus Crawling
54+1+YUEN LONG (WEST)+SHEUNG TSUEN (CIRCULAR),54,1,kmb,YUEN LONG (WEST),SHEUNG TSUEN (CIRCULAR),YUEN LONG (WEST),SHEUNG TSUEN (CIRCULAR),,1952,HK Bus Crawling
56S+1+TSANG TSUI+TUEN MUN STATION,56S,1,kmb,TSANG TSUI,TUEN MUN STATION,TSANG TSUI,TUEN MUN STATION,,,HK Bus Crawling
56S+1+TUEN MUN STATION+TSANG TSUI,56S,1,kmb,TUEN MUN STATION,TSANG TSUI,TUEN MUN STATION,TSANG TSUI,,,HK Bus Crawling
57M+1+LAI KING (NORTH)+TUEN MUN (SHAN KING ESTATE),57M,1,kmb,LAI KING (NORTH),TUEN MUN (SHAN KING ESTATE),LAI KING (NORTH),TUEN MUN (SHAN KING ESTATE),,1242,HK Bus Crawling
57M+1+TUEN MUN (SHAN KING ESTATE)+LAI KING (NORTH),57M,1,kmb,TUEN MUN (SHAN KING ESTATE),LAI KING (NORTH),TUEN MUN (SHAN KING ESTATE),LAI KING (NORTH),,1242,HK Bus Crawling
58M+1+KWAI FONG STATION+TUEN MUN (LEUNG KING ESTATE),58M,1,kmb,KWAI FONG STATION,TUEN MUN (LEUNG KING ESTATE),KWAI FONG STATION,TUEN MUN (LEUNG KING ESTATE),,1243,HK Bus Crawling
58M+1+TUEN MUN (LEUNG KING ESTATE)+KWAI FONG STATION,58M,1,kmb,TUEN MUN (LEUNG KING ESTATE),KWAI FONG STATION,TUEN MUN (LEUNG KING ESTATE),KWAI FONG STATION,,1243,HK Bus Crawling
58M+2+TUEN MUN (KIN SANG ESTATE)+KWAI FONG STATION,58M,2,kmb,TUEN MUN (KIN SANG ESTATE),KWAI FONG STATION,TUEN MUN (KIN SANG ESTATE),KWAI FONG STATION,,8610,HK Bus Crawling
58M+3+PO TIN BBI+KWAI FONG STATION,58M,3,kmb,PO TIN BBI,KWAI FONG STATION,PO TIN BBI,KWAI FONG STATION,,8611,HK Bus Crawling
58P+1+KWAI FONG STATION+TIN KING ESTATE (TIN YUE HOUSE),58P,1,kmb,KWAI FONG STATION,TIN KING ESTATE (TIN YUE HOUSE),KWAI FONG STATION,TIN KING ESTATE (TIN YUE HOUSE),,1244,HK Bus Crawling
58X+1+MONG KOK EAST STATION+TUEN MUN (LEUNG KING ESTATE),58X,1,kmb,MONG KOK EAST STATION,TUEN MUN (LEUNG KING ESTATE),MONG KOK EAST STATION,TUEN MUN (LEUNG KING ESTATE),,1245,HK Bus Crawling
58X+1+TUEN MUN (LEUNG KING ESTATE)+MONG KOK EAST STATION,58X,1,kmb,TUEN MUN (LEUNG KING ESTATE),MONG KOK EAST STATION,TUEN MUN (LEUNG KING ESTATE),MONG KOK EAST STATION,,1245,HK Bus Crawling
58X+2+TUEN MUN (KIN SANG ESTATE)+MONG KOK EAST STATION,58X,2,kmb,TUEN MUN (KIN SANG ESTATE),MONG KOK EAST STATION,TUEN MUN (KIN SANG ESTATE),MONG KOK EAST STATION,,1000099,HK Bus Crawling
59A+1+KWAI FONG (KWAI TSUI ESTATE)+TUEN MUN PIER HEAD,59A,1,kmb,KWAI FONG (KWAI TSUI ESTATE),TUEN MUN PIER HEAD,KWAI FONG (KWAI TSUI ESTATE),TUEN MUN PIER HEAD,,1246,HK Bus Crawling
59A+1+TUEN MUN PIER HEAD+KWAI FONG (KWAI TSUI ESTATE),59A,1,kmb,TUEN MUN PIER HEAD,KWAI FONG (KWAI TSUI ESTATE),TUEN MUN PIER HEAD,KWAI FONG (KWAI TSUI ESTATE),,1246,HK Bus Crawling
59M+1+TSUEN WAN STATION+TUEN MUN PIER HEAD,59M,1,kmb,TSUEN WAN STATION,TUEN MUN PIER HEAD,TSUEN WAN STATION,TUEN MUN PIER HEAD,,1247,HK Bus Crawling
59M+1+TUEN MUN PIER HEAD+TSUEN WAN STATION,59M,1,kmb,TUEN MUN PIER HEAD,TSUEN WAN STATION,TUEN MUN PIER HEAD,TSUEN WAN STATION,,1247,HK Bus Crawling
59M+2+YUET WU VILLA+TSUEN WAN STATION,59M,2,kmb,YUET WU VILLA,TSUEN WAN STATION,YUET WU VILLA,TSUEN WAN STATION,,8613,HK Bus Crawling
59M+3+SUN TUEN MUN CENTRE+TSUEN WAN STATION,59M,3,kmb,SUN TUEN MUN CENTRE,TSUEN WAN STATION,SUN TUEN MUN CENTRE,TSUEN WAN STATION,,8612,HK Bus Crawling
59X+1+MONG KOK EAST STATION+TUEN MUN PIER HEAD,59X,1,kmb,MONG KOK EAST STATION,TUEN MUN PIER HEAD,MONG KOK EAST STATION,TUEN MUN PIER HEAD,,1249,HK Bus Crawling
59X+1+TUEN MUN PIER HEAD+MONG KOK EAST STATION,59X,1,kmb,TUEN MUN PIER HEAD,MONG KOK EAST STATION,TUEN MUN PIER HEAD,MONG KOK EAST STATION,,1249,HK Bus Crawling
59X+2+SUN TUEN MUN CENTRE+MONG KOK EAST STATION,59X,2,kmb,SUN TUEN MUN CENTRE,MONG KOK EAST STATION,SUN TUEN MUN CENTRE,MONG KOK EAST STATION,,8614,HK Bus Crawling
59X+3+TUEN MUN (LUNG MUN OASIS)+MONG KOK EAST STATION,59X,3,kmb,TUEN MUN (LUNG MUN OASIS),MONG KOK EAST STATION,TUEN MUN (LUNG MUN OASIS),MONG KOK EAST STATION,,8615,HK Bus Crawling
5A+1+KAI TAK (KAI CHING ESTATE)+STAR FERRY,5A,1,kmb,KAI TAK (KAI CHING ESTATE),STAR FERRY,KAI TAK (KAI CHING ESTATE),STAR FERRY,,1250,HK Bus Crawling
5A+1+STAR FERRY+KAI TAK (KAI CHING ESTATE),5A,1,kmb,STAR FERRY,KAI TAK (KAI CHING ESTATE),STAR FERRY,KAI TAK (KAI CHING ESTATE),,1250,HK Bus Crawling
5C+1+STAR FERRY+TSZ WAN SHAN (CENTRAL),5C,1,kmb,STAR FERRY,TSZ WAN SHAN (CENTRAL),STAR FERRY,TSZ WAN SHAN (CENTRAL),,1251,HK Bus Crawling
5C+1+TSZ WAN SHAN (CENTRAL)+STAR FERRY,5C,1,kmb,TSZ WAN SHAN (CENTRAL),STAR FERRY,TSZ WAN SHAN (CENTRAL),STAR FERRY,,1251,HK Bus Crawling
5C+2+STAR FERRY+TSZ WAN SHAN (CENTRAL),5C,2,kmb,STAR FERRY,TSZ WAN SHAN (CENTRAL),STAR FERRY,TSZ WAN SHAN (CENTRAL),,8551,HK Bus Crawling
5C+2+YUK WAH STREET+STAR FERRY,5C,2,kmb,YUK WAH STREET,STAR FERRY,YUK WAH STREET,STAR FERRY,,8544,HK Bus Crawling
5D+1+TELFORD GARDENS+HUNG HOM (CIRCULAR),5D,1,kmb,TELFORD GARDENS,HUNG HOM (CIRCULAR),TELFORD GARDENS,HUNG HOM (CIRCULAR),,1252,HK Bus Crawling
5M+1+KAI TAK (TAK LONG ESTATE)+KOWLOON BAY STATION (CIRCULAR),5M,1,kmb,KAI TAK (TAK LONG ESTATE),KOWLOON BAY STATION (CIRCULAR),KAI TAK (TAK LONG ESTATE),KOWLOON BAY STATION (CIRCULAR),,8144,HK Bus Crawling
5P+1+STAR FERRY+TSZ WAN SHAN (CENTRAL),5P,1,kmb,STAR FERRY,TSZ WAN SHAN (CENTRAL),STAR FERRY,TSZ WAN SHAN (CENTRAL),,8114,HK Bus Crawling
5P+1+TSZ WAN SHAN (CENTRAL)+STAR FERRY,5P,1,kmb,TSZ WAN SHAN (CENTRAL),STAR FERRY,TSZ WAN SHAN (CENTRAL),STAR FERRY,,8114,HK Bus Crawling
5R+1+KAI TAK CRUISE TERMINAL+KWUN TONG (apm) (CIRCULAR),5R,1,kmb,KAI TAK CRUISE TERMINAL,KWUN TONG (apm) (CIRCULAR),KAI TAK CRUISE TERMINAL,KWUN TONG (apm) (CIRCULAR),,8169,HK Bus Crawling
5R+2+KAI TAK CRUISE TERMINAL+KWUN TONG (apm),5R,2,kmb,KAI TAK CRUISE TERMINAL,KWUN TONG (apm),KAI TAK CRUISE TERMINAL,KWUN TONG (apm),,,HK Bus Crawling
5R+3+NGAU TAU KOK STATION+KAI TAK CRUISE TERMINAL,5R,3,kmb,NGAU TAU KOK STATION,KAI TAK CRUISE TERMINAL,NGAU TAU KOK STATION,KAI TAK CRUISE TERMINAL,,1000201,HK Bus Crawling
6+1+LAI CHI KOK+STAR FERRY,6,1,kmb,LAI CHI KOK,STAR FERRY,LAI CHI KOK,STAR FERRY,,1253,HK Bus Crawling
6+1+STAR FERRY+LAI CHI KOK,6,1,kmb,STAR FERRY,LAI CHI KOK,STAR FERRY,LAI CHI KOK,,1253,HK Bus Crawling
600+1+ANDERSON+CENTRAL (RUMSEY STREET),600,1,kmb,ANDERSON,CENTRAL (RUMSEY STREET),ANDERSON,CENTRAL (RUMSEY STREET),,1000602,HK Bus Crawling
600+1+CENTRAL (RUMSEY STREET)+ANDERSON,600,1,kmb,CENTRAL (RUMSEY STREET),ANDERSON,CENTRAL (RUMSEY STREET),ANDERSON,,1000602,HK Bus Crawling
600X+1+ANDERSON+CENTRAL (RUMSEY STREET),600X,1,kmb,ANDERSON,CENTRAL (RUMSEY STREET),ANDERSON,CENTRAL (RUMSEY STREET),,1000716,HK Bus Crawling
600X+1+CENTRAL (RUMSEY STREET)+ANDERSON,600X,1,kmb,CENTRAL (RUMSEY STREET),ANDERSON,CENTRAL (RUMSEY STREET),ANDERSON,,1000716,HK Bus Crawling
603+1+CENTRAL (CENTRAL FERRY PIERS)+PING TIN,603,1,kmb,CENTRAL (CENTRAL FERRY PIERS),PING TIN,CENTRAL (CENTRAL FERRY PIERS),PING TIN,,1256,HK Bus Crawling
603+1+PING TIN+CENTRAL (CENTRAL FERRY PIERS),603,1,kmb,PING TIN,CENTRAL (CENTRAL FERRY PIERS),PING TIN,CENTRAL (CENTRAL FERRY PIERS),,1256,HK Bus Crawling
603+2+PING TIN+ADMIRALTY (ADMIRALTY CENTRE),603,2,kmb,PING TIN,ADMIRALTY (ADMIRALTY CENTRE),PING TIN,ADMIRALTY (ADMIRALTY CENTRE),,8317,HK Bus Crawling
603A+1+CENTRAL (RUMSEY STREET)+PING TIN,603A,1,kmb,CENTRAL (RUMSEY STREET),PING TIN,CENTRAL (RUMSEY STREET),PING TIN,,1000077,HK Bus Crawling
603A+1+PING TIN+CENTRAL MARKET,603A,1,kmb,PING TIN,CENTRAL MARKET,PING TIN,CENTRAL MARKET,,8534,HK Bus Crawling
603P+1+CENTRAL (CENTRAL FERRY PIERS)+PING TIN,603P,1,kmb,CENTRAL (CENTRAL FERRY PIERS),PING TIN,CENTRAL (CENTRAL FERRY PIERS),PING TIN,,1257,HK Bus Crawling
603S+1+PING TIN+CENTRAL (GILMAN STREET),603S,1,kmb,PING TIN,CENTRAL (GILMAN STREET),PING TIN,CENTRAL (GILMAN STREET),,1258,HK Bus Crawling
60M+1+TSUEN WAN STATION+TUEN MUN STATION,60M,1,kmb,TSUEN WAN STATION,TUEN MUN STATION,TSUEN WAN STATION,TUEN MUN STATION,,1261,HK Bus Crawling
60M+1+TUEN MUN STATION+TSUEN WAN STATION,60M,1,kmb,TUEN MUN STATION,TSUEN WAN STATION,TUEN MUN STATION,TSUEN WAN STATION,,1261,HK Bus Crawling
60X+1+HIGH SPEED RAIL WEST KOWLOON STATION+TUEN MUN CENTRAL,60X,1,kmb,HIGH SPEED RAIL WEST KOWLOON STATION,TUEN MUN CENTRAL,HIGH SPEED RAIL WEST KOWLOON STATION,TUEN MUN CENTRAL,,1262,HK Bus Crawling
60X+1+TUEN MUN CENTRAL+HIGH SPEED RAIL WEST KOWLOON STATION,60X,1,kmb,TUEN MUN CENTRAL,HIGH SPEED RAIL WEST KOWLOON STATION,TUEN MUN CENTRAL,HIGH SPEED RAIL WEST KOWLOON STATION,,1262,HK Bus Crawling
613+1+ON TAI (WEST) (WO TAI HOUSE)+SHAU KEI WAN,613,1,kmb,ON TAI (WEST) (WO TAI HOUSE),SHAU KEI WAN,ON TAI (WEST) (WO TAI HOUSE),SHAU KEI WAN,,8435,HK Bus Crawling
613+1+SHAU KEI WAN+ON TAI (WEST) (WO TAI HOUSE),613,1,kmb,SHAU KEI WAN,ON TAI (WEST) (WO TAI HOUSE),SHAU KEI WAN,ON TAI (WEST) (WO TAI HOUSE),,8435,HK Bus Crawling
613A+1+HENG FA CHUEN+ON TAI (WEST),613A,1,kmb,HENG FA CHUEN,ON TAI (WEST),HENG FA CHUEN,ON TAI (WEST),,1000063,HK Bus Crawling
613A+1+ON TAI (WEST)+HENG FA CHUEN,613A,1,kmb,ON TAI (WEST),HENG FA CHUEN,ON TAI (WEST),HENG FA CHUEN,,1000063,HK Bus Crawling
61M+1+LAI KING (NORTH)+TUEN MUN (HOI WING ROAD),61M,1,kmb,LAI KING (NORTH),TUEN MUN (HOI WING ROAD),LAI KING (NORTH),TUEN MUN (HOI WING ROAD),,1265,HK Bus Crawling
61M+1+TUEN MUN (HOI WING ROAD)+LAI KING (NORTH),61M,1,kmb,TUEN MUN (HOI WING ROAD),LAI KING (NORTH),TUEN MUN (HOI WING ROAD),LAI KING (NORTH),,1265,HK Bus Crawling
61P+1+SO KWUN WAT+TSUEN WAN STATION,61P,1,kmb,SO KWUN WAT,TSUEN WAN STATION,SO KWUN WAT,TSUEN WAN STATION,,1000239,HK Bus Crawling
61P+1+TSUEN WAN STATION+SO KWUN WAT,61P,1,kmb,TSUEN WAN STATION,SO KWUN WAT,TSUEN WAN STATION,SO KWUN WAT,,1000239,HK Bus Crawling
61X+1+KOWLOON CITY FERRY+TUEN MUN CENTRAL,61X,1,kmb,KOWLOON CITY FERRY,TUEN MUN CENTRAL,KOWLOON CITY FERRY,TUEN MUN CENTRAL,,1266,HK Bus Crawling
61X+1+TUEN MUN CENTRAL+KOWLOON CITY FERRY,61X,1,kmb,TUEN MUN CENTRAL,KOWLOON CITY FERRY,TUEN MUN CENTRAL,KOWLOON CITY FERRY,,1266,HK Bus Crawling
62P+1+TUEN MUN CENTRAL+LEI YUE MUN ESTATE,62P,1,kmb,TUEN MUN CENTRAL,LEI YUE MUN ESTATE,TUEN MUN CENTRAL,LEI YUE MUN ESTATE,,1000206,HK Bus Crawling
62X+1+LEI YUE MUN ESTATE+SIU HONG STATION (SOUTH),62X,1,kmb,LEI YUE MUN ESTATE,SIU HONG STATION (SOUTH),LEI YUE MUN ESTATE,SIU HONG STATION (SOUTH),,1268,HK Bus Crawling
62X+1+SIU HONG STATION (SOUTH)+LEI YUE MUN ESTATE,62X,1,kmb,SIU HONG STATION (SOUTH),LEI YUE MUN ESTATE,SIU HONG STATION (SOUTH),LEI YUE MUN ESTATE,,1268,HK Bus Crawling
63+1+LONG TIN COURT+TUEN MUN ROAD BBI (TUEN MUN BOUND),63,1,kmb,LONG TIN COURT,TUEN MUN ROAD BBI (TUEN MUN BOUND),LONG TIN COURT,TUEN MUN ROAD BBI (TUEN MUN BOUND),,1000684,HK Bus Crawling
63+1+TUEN MUN ROAD BBI (TUEN MUN BOUND)+LONG TIN COURT,63,1,kmb,TUEN MUN ROAD BBI (TUEN MUN BOUND),LONG TIN COURT,TUEN MUN ROAD BBI (TUEN MUN BOUND),LONG TIN COURT,,1000684,HK Bus Crawling
63+2+LONG TIN COURT+TUEN MUN ROAD BBI (TUEN MUN BOUND),63,2,kmb,LONG TIN COURT,TUEN MUN ROAD BBI (TUEN MUN BOUND),LONG TIN COURT,TUEN MUN ROAD BBI (TUEN MUN BOUND),,1000685,HK Bus Crawling
63+2+TUEN MUN ROAD BBI (TUEN MUN BOUND)+LONG TIN COURT,63,2,kmb,TUEN MUN ROAD BBI (TUEN MUN BOUND),LONG TIN COURT,TUEN MUN ROAD BBI (TUEN MUN BOUND),LONG TIN COURT,,1000685,HK Bus Crawling
63X+1+HIGH SPEED RAIL WEST KOWLOON STATION+HUNG SHUI KIU (HUNG FUK ESTATE),63X,1,kmb,HIGH SPEED RAIL WEST KOWLOON STATION,HUNG SHUI KIU (HUNG FUK ESTATE),HIGH SPEED RAIL WEST KOWLOON STATION,HUNG SHUI KIU (HUNG FUK ESTATE),,1269,HK Bus Crawling
63X+1+HUNG SHUI KIU (HUNG FUK ESTATE)+HIGH SPEED RAIL WEST KOWLOON STATION,63X,1,kmb,HUNG SHUI KIU (HUNG FUK ESTATE),HIGH SPEED RAIL WEST KOWLOON STATION,HUNG SHUI KIU (HUNG FUK ESTATE),HIGH SPEED RAIL WEST KOWLOON STATION,,1269,HK Bus Crawling
64K+1+TAI PO MARKET STATION+YUEN LONG (WEST),64K,1,kmb,TAI PO MARKET STATION,YUEN LONG (WEST),TAI PO MARKET STATION,YUEN LONG (WEST),,1850,HK Bus Crawling
64K+1+YUEN LONG (WEST)+TAI PO MARKET STATION,64K,1,kmb,YUEN LONG (WEST),TAI PO MARKET STATION,YUEN LONG (WEST),TAI PO MARKET STATION,,1850,HK Bus Crawling
64K+2+NG TUNG CHAI (PAK NGAU SHEK)+TAI PO (TAI WO),64K,2,kmb,NG TUNG CHAI (PAK NGAU SHEK),TAI PO (TAI WO),NG TUNG CHAI (PAK NGAU SHEK),TAI PO (TAI WO),,8514,HK Bus Crawling
64K+2+SHEUNG TSUEN PLAYGROUND (YL681)+YUEN LONG (WEST) BUS TERMINUS (YL944),64K,2,kmb,SHEUNG TSUEN PLAYGROUND (YL681),YUEN LONG (WEST) BUS TERMINUS (YL944),SHEUNG TSUEN PLAYGROUND (YL681),YUEN LONG (WEST) BUS TERMINUS (YL944),,1000342,HK Bus Crawling
64K+3+KAM SHEUNG ROAD STATION+SHEUNG TSUEN,64K,3,kmb,KAM SHEUNG ROAD STATION,SHEUNG TSUEN,KAM SHEUNG ROAD STATION,SHEUNG TSUEN,,,HK Bus Crawling
64P+1+TAI PO MARKET STATION+KADOORIE FARM,64P,1,kmb,TAI PO MARKET STATION,KADOORIE FARM,TAI PO MARKET STATION,KADOORIE FARM,,8694,HK Bus Crawling
64S+1+SHEUNG TSUEN PLAYGROUND+KAM SHEUNG ROAD STATION,64S,1,kmb,SHEUNG TSUEN PLAYGROUND,KAM SHEUNG ROAD STATION,SHEUNG TSUEN PLAYGROUND,KAM SHEUNG ROAD STATION,,8207,HK Bus Crawling
64X+1+HUNG SHUI KIU (HUNG YUEN ROAD)+HONG KONG SCIENCE PARK,64X,1,kmb,HUNG SHUI KIU (HUNG YUEN ROAD),HONG KONG SCIENCE PARK,HUNG SHUI KIU (HUNG YUEN ROAD),HONG KONG SCIENCE PARK,,1000212,HK Bus Crawling
65K+1+NG TUNG CHAI (PAK NGAU SHEK)+TAI PO CENTRAL,65K,1,kmb,NG TUNG CHAI (PAK NGAU SHEK),TAI PO CENTRAL,NG TUNG CHAI (PAK NGAU SHEK),TAI PO CENTRAL,,1273,HK Bus Crawling
65X+1+TIN YAN ESTATE+HONG KONG SCIENCE PARK,65X,1,kmb,TIN YAN ESTATE,HONG KONG SCIENCE PARK,TIN YAN ESTATE,HONG KONG SCIENCE PARK,,1000213,HK Bus Crawling
66M+1+TSUEN WAN (NINA TOWER)+TUEN MUN (TAI HING ESTATE),66M,1,kmb,TSUEN WAN (NINA TOWER),TUEN MUN (TAI HING ESTATE),TSUEN WAN (NINA TOWER),TUEN MUN (TAI HING ESTATE),,1275,HK Bus Crawling
66M+1+TUEN MUN (TAI HING ESTATE)+TSUEN WAN (NINA TOWER),66M,1,kmb,TUEN MUN (TAI HING ESTATE),TSUEN WAN (NINA TOWER),TUEN MUN (TAI HING ESTATE),TSUEN WAN (NINA TOWER),,1275,HK Bus Crawling
66X+1+OLYMPIC STATION+TUEN MUN (TAI HING ESTATE),66X,1,kmb,OLYMPIC STATION,TUEN MUN (TAI HING ESTATE),OLYMPIC STATION,TUEN MUN (TAI HING ESTATE),,1277,HK Bus Crawling
66X+1+TUEN MUN (TAI HING ESTATE)+OLYMPIC STATION,66X,1,kmb,TUEN MUN (TAI HING ESTATE),OLYMPIC STATION,TUEN MUN (TAI HING ESTATE),OLYMPIC STATION,,1277,HK Bus Crawling
673+1+CENTRAL (HONG KONG STATION)+SHEUNG SHUI,673,1,kmb,CENTRAL (HONG KONG STATION),SHEUNG SHUI,CENTRAL (HONG KONG STATION),SHEUNG SHUI,,8278,HK Bus Crawling
673+1+SHEUNG SHUI+CENTRAL (HONG KONG STATION),673,1,kmb,SHEUNG SHUI,CENTRAL (HONG KONG STATION),SHEUNG SHUI,CENTRAL (HONG KONG STATION),,8278,HK Bus Crawling
673A+1+CENTRAL (HONG KONG STATION)+SHEUNG SHUI,673A,1,kmb,CENTRAL (HONG KONG STATION),SHEUNG SHUI,CENTRAL (HONG KONG STATION),SHEUNG SHUI,,1000370,HK Bus Crawling
673A+1+SHEUNG SHUI+CENTRAL (RUMSEY STREET),673A,1,kmb,SHEUNG SHUI,CENTRAL (RUMSEY STREET),SHEUNG SHUI,CENTRAL (RUMSEY STREET),,1000369,HK Bus Crawling
673P+1+SHEUNG SHUI+CENTRAL (RUMSEY STREET),673P,1,kmb,SHEUNG SHUI,CENTRAL (RUMSEY STREET),SHEUNG SHUI,CENTRAL (RUMSEY STREET),,8378,HK Bus Crawling
67M+1+KWAI FONG STATION+TUEN MUN (PO TIN ESTATE),67M,1,kmb,KWAI FONG STATION,TUEN MUN (PO TIN ESTATE),KWAI FONG STATION,TUEN MUN (PO TIN ESTATE),,1279,HK Bus Crawling
67M+1+TUEN MUN (PO TIN ESTATE)+KWAI FONG STATION,67M,1,kmb,TUEN MUN (PO TIN ESTATE),KWAI FONG STATION,TUEN MUN (PO TIN ESTATE),KWAI FONG STATION,,1279,HK Bus Crawling
67M+2+TUEN MUN (SIU HONG COURT)+KWAI FONG STATION,67M,2,kmb,TUEN MUN (SIU HONG COURT),KWAI FONG STATION,TUEN MUN (SIU HONG COURT),KWAI FONG STATION,,1000702,HK Bus Crawling
67X+1+MONG KOK EAST STATION+TUEN MUN (SIU HONG COURT),67X,1,kmb,MONG KOK EAST STATION,TUEN MUN (SIU HONG COURT),MONG KOK EAST STATION,TUEN MUN (SIU HONG COURT),,1280,HK Bus Crawling
67X+1+TUEN MUN (SIU HONG COURT)+MONG KOK EAST STATION,67X,1,kmb,TUEN MUN (SIU HONG COURT),MONG KOK EAST STATION,TUEN MUN (SIU HONG COURT),MONG KOK EAST STATION,,1280,HK Bus Crawling
68+1+PARK YOHO+YOHO MALL (CIRCULAR),68,1,kmb,PARK YOHO,YOHO MALL (CIRCULAR),PARK YOHO,YOHO MALL (CIRCULAR),,8652,HK Bus Crawling
68A+1+LONG PING ESTATE+TSING YI STATION,68A,1,kmb,LONG PING ESTATE,TSING YI STATION,LONG PING ESTATE,TSING YI STATION,,1286,HK Bus Crawling
68A+1+TSING YI STATION+LONG PING ESTATE,68A,1,kmb,TSING YI STATION,LONG PING ESTATE,TSING YI STATION,LONG PING ESTATE,,1286,HK Bus Crawling
68E+1+TSING YI STATION+YUEN LONG PARK,68E,1,kmb,TSING YI STATION,YUEN LONG PARK,TSING YI STATION,YUEN LONG PARK,,8136,HK Bus Crawling
68E+1+YUEN LONG PARK+TSING YI STATION,68E,1,kmb,YUEN LONG PARK,TSING YI STATION,YUEN LONG PARK,TSING YI STATION,,8136,HK Bus Crawling
68F+1+PARK YOHO+YUEN LONG PARK (CIRCULAR),68F,1,kmb,PARK YOHO,YUEN LONG PARK (CIRCULAR),PARK YOHO,YUEN LONG PARK (CIRCULAR),,8348,HK Bus Crawling
68M+1+TSUEN WAN STATION+YUEN LONG (WEST),68M,1,kmb,TSUEN WAN STATION,YUEN LONG (WEST),TSUEN WAN STATION,YUEN LONG (WEST),,1287,HK Bus Crawling
68M+1+YUEN LONG (WEST)+TSUEN WAN STATION,68M,1,kmb,YUEN LONG (WEST),TSUEN WAN STATION,YUEN LONG (WEST),TSUEN WAN STATION,,1287,HK Bus Crawling
68R+1+TAI TONG+YOHO MALL (YUEN LONG),68R,1,kmb,TAI TONG,YOHO MALL (YUEN LONG),TAI TONG,YOHO MALL (YUEN LONG),,,HK Bus Crawling
68R+1+YOHO MALL (YUEN LONG)+TAI TONG,68R,1,kmb,YOHO MALL (YUEN LONG),TAI TONG,YOHO MALL (YUEN LONG),TAI TONG,,,HK Bus Crawling
68X+1+HUNG SHUI KIU (HUNG FUK ESTATE)+MONG KOK (PARK AVENUE),68X,1,kmb,HUNG SHUI KIU (HUNG FUK ESTATE),MONG KOK (PARK AVENUE),HUNG SHUI KIU (HUNG FUK ESTATE),MONG KOK (PARK AVENUE),,1288,HK Bus Crawling
68X+1+MONG KOK (PARK AVENUE)+HUNG SHUI KIU (HUNG FUK ESTATE),68X,1,kmb,MONG KOK (PARK AVENUE),HUNG SHUI KIU (HUNG FUK ESTATE),MONG KOK (PARK AVENUE),HUNG SHUI KIU (HUNG FUK ESTATE),,1288,HK Bus Crawling
68X+3+YUEN LONG (WEST)+MONG KOK (PARK AVENUE),68X,3,kmb,YUEN LONG (WEST),MONG KOK (PARK AVENUE),YUEN LONG (WEST),MONG KOK (PARK AVENUE),,1000353,HK Bus Crawling
68X+4+YUET PING HOUSE LONG PING ESTATE+MONG KOK (PARK AVENUE),68X,4,kmb,YUET PING HOUSE LONG PING ESTATE,MONG KOK (PARK AVENUE),YUET PING HOUSE LONG PING ESTATE,MONG KOK (PARK AVENUE),,1000332,HK Bus Crawling
69+1+TIN SHUI WAI TOWN CENTRE+YUEN LONG (TAK YIP STREET),69,1,kmb,TIN SHUI WAI TOWN CENTRE,YUEN LONG (TAK YIP STREET),TIN SHUI WAI TOWN CENTRE,YUEN LONG (TAK YIP STREET),,1000324,HK Bus Crawling
69+1+YUEN LONG (TAK YIP STREET)+TIN SHUI WAI TOWN CENTRE,69,1,kmb,YUEN LONG (TAK YIP STREET),TIN SHUI WAI TOWN CENTRE,YUEN LONG (TAK YIP STREET),TIN SHUI WAI TOWN CENTRE,,1000324,HK Bus Crawling
69C+1+KWUN TONG FERRY+TIN YAN ESTATE,69C,1,kmb,KWUN TONG FERRY,TIN YAN ESTATE,KWUN TONG FERRY,TIN YAN ESTATE,,8282,HK Bus Crawling
69C+1+TIN YAN ESTATE+KWUN TONG FERRY,69C,1,kmb,TIN YAN ESTATE,KWUN TONG FERRY,TIN YAN ESTATE,KWUN TONG FERRY,,8282,HK Bus Crawling
69C+2+TIN YAN ESTATE+KWUN TONG FERRY,69C,2,kmb,TIN YAN ESTATE,KWUN TONG FERRY,TIN YAN ESTATE,KWUN TONG FERRY,,8729,HK Bus Crawling
69M+1+KWAI FONG STATION+TIN SHUI WAI TOWN CENTRE,69M,1,kmb,KWAI FONG STATION,TIN SHUI WAI TOWN CENTRE,KWAI FONG STATION,TIN SHUI WAI TOWN CENTRE,,1293,HK Bus Crawling
69M+1+TIN SHUI WAI TOWN CENTRE+KWAI FONG STATION,69M,1,kmb,TIN SHUI WAI TOWN CENTRE,KWAI FONG STATION,TIN SHUI WAI TOWN CENTRE,KWAI FONG STATION,,1293,HK Bus Crawling
69P+1+TIN SHUI WAI STATION+KWAI FONG STATION,69P,1,kmb,TIN SHUI WAI STATION,KWAI FONG STATION,TIN SHUI WAI STATION,KWAI FONG STATION,,1294,HK Bus Crawling
69X+1+HIGH SPEED RAIL WEST KOWLOON STATION+TIN SHUI,69X,1,kmb,HIGH SPEED RAIL WEST KOWLOON STATION,TIN SHUI,HIGH SPEED RAIL WEST KOWLOON STATION,TIN SHUI,,1295,HK Bus Crawling
69X+1+TIN SHUI+HIGH SPEED RAIL WEST KOWLOON STATION,69X,1,kmb,TIN SHUI,HIGH SPEED RAIL WEST KOWLOON STATION,TIN SHUI,HIGH SPEED RAIL WEST KOWLOON STATION,,1295,HK Bus Crawling
69X+2+TIN YIU+HIGH SPEED RAIL WEST KOWLOON STATION,69X,2,kmb,TIN YIU,HIGH SPEED RAIL WEST KOWLOON STATION,TIN YIU,HIGH SPEED RAIL WEST KOWLOON STATION,,8619,HK Bus Crawling
6C+1+KOWLOON CITY FERRY+MEI FOO,6C,1,kmb,KOWLOON CITY FERRY,MEI FOO,KOWLOON CITY FERRY,MEI FOO,,1297,HK Bus Crawling
6C+1+MEI FOO+KOWLOON CITY FERRY,6C,1,kmb,MEI FOO,KOWLOON CITY FERRY,MEI FOO,KOWLOON CITY FERRY,,1297,HK Bus Crawling
6D+1+MEI FOO+NGAU TAU KOK,6D,1,kmb,MEI FOO,NGAU TAU KOK,MEI FOO,NGAU TAU KOK,,1298,HK Bus Crawling
6D+1+NGAU TAU KOK+MEI FOO,6D,1,kmb,NGAU TAU KOK,MEI FOO,NGAU TAU KOK,MEI FOO,,1298,HK Bus Crawling
6E+1+CHEUNG SHA WAN (SO UK ESTATE)+LEI YUE MUN ESTATE,6E,1,kmb,CHEUNG SHA WAN (SO UK ESTATE),LEI YUE MUN ESTATE,CHEUNG SHA WAN (SO UK ESTATE),LEI YUE MUN ESTATE,,1000551,HK Bus Crawling
6E+1+LEI YUE MUN ESTATE+CHEUNG SHA WAN (SO UK ESTATE),6E,1,kmb,LEI YUE MUN ESTATE,CHEUNG SHA WAN (SO UK ESTATE),LEI YUE MUN ESTATE,CHEUNG SHA WAN (SO UK ESTATE),,1000551,HK Bus Crawling
6F+1+CHEUNG SHA WAN (LAI KOK ESTATE)+KOWLOON CITY FERRY,6F,1,kmb,CHEUNG SHA WAN (LAI KOK ESTATE),KOWLOON CITY FERRY,CHEUNG SHA WAN (LAI KOK ESTATE),KOWLOON CITY FERRY,,1299,HK Bus Crawling
6F+1+KOWLOON CITY FERRY+CHEUNG SHA WAN (LAI KOK ESTATE),6F,1,kmb,KOWLOON CITY FERRY,CHEUNG SHA WAN (LAI KOK ESTATE),KOWLOON CITY FERRY,CHEUNG SHA WAN (LAI KOK ESTATE),,1299,HK Bus Crawling
6P+1+CHEUNG SHA WAN (SO UK ESTATE)+LEI YUE MUN ESTATE,6P,1,kmb,CHEUNG SHA WAN (SO UK ESTATE),LEI YUE MUN ESTATE,CHEUNG SHA WAN (SO UK ESTATE),LEI YUE MUN ESTATE,,8353,HK Bus Crawling
6P+1+LEI YUE MUN ESTATE+CHEUNG SHA WAN (SO UK ESTATE),6P,1,kmb,LEI YUE MUN ESTATE,CHEUNG SHA WAN (SO UK ESTATE),LEI YUE MUN ESTATE,CHEUNG SHA WAN (SO UK ESTATE),,8353,HK Bus Crawling
6R+1+MEI FOO (MEI LAI ROAD)+NGONG SHUEN CHAU BARRACKS (CIRCULAR),6R,1,kmb,MEI FOO (MEI LAI ROAD),NGONG SHUEN CHAU BARRACKS (CIRCULAR),MEI FOO (MEI LAI ROAD),NGONG SHUEN CHAU BARRACKS (CIRCULAR),,,HK Bus Crawling
7+1+LOK FU+STAR FERRY,7,1,kmb,LOK FU,STAR FERRY,LOK FU,STAR FERRY,,1300,HK Bus Crawling
7+1+STAR FERRY+LOK FU,7,1,kmb,STAR FERRY,LOK FU,STAR FERRY,LOK FU,,1300,HK Bus Crawling
70K+1+FANLING (WAH MING)+CHING HO (CIRCULAR),70K,1,kmb,FANLING (WAH MING),CHING HO (CIRCULAR),FANLING (WAH MING),CHING HO (CIRCULAR),,1302,HK Bus Crawling
70K+2+SHEUNG SHUI (CHING HO)+FANLING (WAH MING),70K,2,kmb,SHEUNG SHUI (CHING HO),FANLING (WAH MING),SHEUNG SHUI (CHING HO),FANLING (WAH MING),,1000714,HK Bus Crawling
70S+1+HUNG HOM STATION+WO HOP SHEK,70S,1,kmb,HUNG HOM STATION,WO HOP SHEK,HUNG HOM STATION,WO HOP SHEK,,,HK Bus Crawling
70S+1+WO HOP SHEK+HUNG HOM STATION,70S,1,kmb,WO HOP SHEK,HUNG HOM STATION,WO HOP SHEK,HUNG HOM STATION,,,HK Bus Crawling
71A+1+TAI PO (FU HENG)+TAI PO MARKET STATION,71A,1,kmb,TAI PO (FU HENG),TAI PO MARKET STATION,TAI PO (FU HENG),TAI PO MARKET STATION,,1304,HK Bus Crawling
71A+1+TAI PO MARKET STATION+TAI PO (FU HENG),71A,1,kmb,TAI PO MARKET STATION,TAI PO (FU HENG),TAI PO MARKET STATION,TAI PO (FU HENG),,1304,HK Bus Crawling
71B+1+TAI PO (FU HENG)+TAI PO CENTRAL (CIRCULAR),71B,1,kmb,TAI PO (FU HENG),TAI PO CENTRAL (CIRCULAR),TAI PO (FU HENG),TAI PO CENTRAL (CIRCULAR),,1305,HK Bus Crawling
71K+1+TAI PO (TAI WO)+TAI PO MARKET STATION,71K,1,kmb,TAI PO (TAI WO),TAI PO MARKET STATION,TAI PO (TAI WO),TAI PO MARKET STATION,,1306,HK Bus Crawling
71K+1+TAI PO MARKET STATION+TAI PO (TAI WO),71K,1,kmb,TAI PO MARKET STATION,TAI PO (TAI WO),TAI PO MARKET STATION,TAI PO (TAI WO),,1306,HK Bus Crawling
71P+1+TAI PO (TAI WO)+FU SHIN ／ FU HENG ／ FU TIP (CIRCULAR),71P,1,kmb,TAI PO (TAI WO),FU SHIN ／ FU HENG ／ FU TIP (CIRCULAR),TAI PO (TAI WO),FU SHIN ／ FU HENG ／ FU TIP (CIRCULAR),,,HK Bus Crawling
71S+1+TAI PO (FU SHIN)+KWONG FUK (CIRCULAR),71S,1,kmb,TAI PO (FU SHIN),KWONG FUK (CIRCULAR),TAI PO (FU SHIN),KWONG FUK (CIRCULAR),,1307,HK Bus Crawling
72+1+CHEUNG SHA WAN+TAI PO (TAI WO),72,1,kmb,CHEUNG SHA WAN,TAI PO (TAI WO),CHEUNG SHA WAN,TAI PO (TAI WO),,1308,HK Bus Crawling
72+1+TAI PO (TAI WO)+CHEUNG SHA WAN,72,1,kmb,TAI PO (TAI WO),CHEUNG SHA WAN,TAI PO (TAI WO),CHEUNG SHA WAN,,1308,HK Bus Crawling
72A+1+TAI PO INDUSTRIAL ESTATE+TAI WAI STATION,72A,1,kmb,TAI PO INDUSTRIAL ESTATE,TAI WAI STATION,TAI PO INDUSTRIAL ESTATE,TAI WAI STATION,,1309,HK Bus Crawling
72A+1+TAI WAI STATION+TAI PO INDUSTRIAL ESTATE,72A,1,kmb,TAI WAI STATION,TAI PO INDUSTRIAL ESTATE,TAI WAI STATION,TAI PO INDUSTRIAL ESTATE,,1309,HK Bus Crawling
72C+1+TAI MEI TUK+TAI PO MARKET STATION,72C,1,kmb,TAI MEI TUK,TAI PO MARKET STATION,TAI MEI TUK,TAI PO MARKET STATION,,8226,HK Bus Crawling
72K+1+FU TIP BUS TERMINUS+TAI WO (CIRCULAR),72K,1,kmb,FU TIP BUS TERMINUS,TAI WO (CIRCULAR),FU TIP BUS TERMINUS,TAI WO (CIRCULAR),,1000487,HK Bus Crawling
72X+1+FU TIP BUS TERMINUS+MONG KOK (PARK AVENUE),72X,1,kmb,FU TIP BUS TERMINUS,MONG KOK (PARK AVENUE),FU TIP BUS TERMINUS,MONG KOK (PARK AVENUE),,1310,HK Bus Crawling
72X+1+MONG KOK (PARK AVENUE)+FU TIP BUS TERMINUS,72X,1,kmb,MONG KOK (PARK AVENUE),FU TIP BUS TERMINUS,MONG KOK (PARK AVENUE),FU TIP BUS TERMINUS,,1310,HK Bus Crawling
73+1+FANLING (WAH MING)+TAI PO INDUSTRIAL ESTATE,73,1,kmb,FANLING (WAH MING),TAI PO INDUSTRIAL ESTATE,FANLING (WAH MING),TAI PO INDUSTRIAL ESTATE,,1311,HK Bus Crawling
73+1+TAI PO INDUSTRIAL ESTATE+FANLING (WAH MING),73,1,kmb,TAI PO INDUSTRIAL ESTATE,FANLING (WAH MING),TAI PO INDUSTRIAL ESTATE,FANLING (WAH MING),,1311,HK Bus Crawling
73+2+FANLING (WAH MING)+TAI PO CENTRAL,73,2,kmb,FANLING (WAH MING),TAI PO CENTRAL,FANLING (WAH MING),TAI PO CENTRAL,,8152,HK Bus Crawling
73+2+TAI PO CENTRAL+FANLING (WAH MING),73,2,kmb,TAI PO CENTRAL,FANLING (WAH MING),TAI PO CENTRAL,FANLING (WAH MING),,8152,HK Bus Crawling
73A+1+FANLING (WAH MING)+YU CHUI COURT,73A,1,kmb,FANLING (WAH MING),YU CHUI COURT,FANLING (WAH MING),YU CHUI COURT,,1312,HK Bus Crawling
73A+1+YU CHUI COURT+FANLING (WAH MING),73A,1,kmb,YU CHUI COURT,FANLING (WAH MING),YU CHUI COURT,FANLING (WAH MING),,1312,HK Bus Crawling
73B+1+CHUEN ON ROAD (NETHERSOLE HOSPITAL)+SHEUNG SHUI (CIRCULAR),73B,1,kmb,CHUEN ON ROAD (NETHERSOLE HOSPITAL),SHEUNG SHUI (CIRCULAR),CHUEN ON ROAD (NETHERSOLE HOSPITAL),SHEUNG SHUI (CIRCULAR),,8668,HK Bus Crawling
73B+2+LUEN WO HUI (UNION PLAZA)+CHUEN ON ROAD (NETHERSOLE HOSPITAL),73B,2,kmb,LUEN WO HUI (UNION PLAZA),CHUEN ON ROAD (NETHERSOLE HOSPITAL),LUEN WO HUI (UNION PLAZA),CHUEN ON ROAD (NETHERSOLE HOSPITAL),,1000237,HK Bus Crawling
73B+3+CHUEN ON ROAD (NETHERSOLE HOSPITAL)+SHEUNG SHUI STATION,73B,3,kmb,CHUEN ON ROAD (NETHERSOLE HOSPITAL),SHEUNG SHUI STATION,CHUEN ON ROAD (NETHERSOLE HOSPITAL),SHEUNG SHUI STATION,,,HK Bus Crawling
73D+1+KWONG FUK MARKET+TSUEN WAN (NINA TOWER),73D,1,kmb,KWONG FUK MARKET,TSUEN WAN (NINA TOWER),KWONG FUK MARKET,TSUEN WAN (NINA TOWER),,8768,HK Bus Crawling
73D+1+TSUEN WAN (NINA TOWER)+TAI PO (FU SHIN),73D,1,kmb,TSUEN WAN (NINA TOWER),TAI PO (FU SHIN),TSUEN WAN (NINA TOWER),TAI PO (FU SHIN),,8786,HK Bus Crawling
73F+1+EDUCATION UNIVERSITY OF HONG KONG+TSUEN WAN (NINA TOWER),73F,1,kmb,EDUCATION UNIVERSITY OF HONG KONG,TSUEN WAN (NINA TOWER),EDUCATION UNIVERSITY OF HONG KONG,TSUEN WAN (NINA TOWER),,1000453,HK Bus Crawling
73F+1+TSUEN WAN (NINA TOWER)+EDUCATION UNIVERSITY OF HONG KONG,73F,1,kmb,TSUEN WAN (NINA TOWER),EDUCATION UNIVERSITY OF HONG KONG,TSUEN WAN (NINA TOWER),EDUCATION UNIVERSITY OF HONG KONG,,1000453,HK Bus Crawling
73K+1+MAN KAM TO(SAN UK LING)+SHEUNG SHUI,73K,1,kmb,MAN KAM TO(SAN UK LING),SHEUNG SHUI,MAN KAM TO(SAN UK LING),SHEUNG SHUI,,1313,HK Bus Crawling
73K+1+SHEUNG SHUI+MAN KAM TO (SAN UK LING),73K,1,kmb,SHEUNG SHUI,MAN KAM TO (SAN UK LING),SHEUNG SHUI,MAN KAM TO (SAN UK LING),,1313,HK Bus Crawling
73K+2+MAN KAM TO(SAN UK LING)+SHEUNG SHUI,73K,2,kmb,MAN KAM TO(SAN UK LING),SHEUNG SHUI,MAN KAM TO(SAN UK LING),SHEUNG SHUI,,1000680,HK Bus Crawling
73K+2+SHEUNG SHUI+MAN KAM TO (SAN UK LING),73K,2,kmb,SHEUNG SHUI,MAN KAM TO (SAN UK LING),SHEUNG SHUI,MAN KAM TO (SAN UK LING),,1000680,HK Bus Crawling
73P+1+TAI MEI TUK+TSUEN WAN (NINA TOWER),73P,1,kmb,TAI MEI TUK,TSUEN WAN (NINA TOWER),TAI MEI TUK,TSUEN WAN (NINA TOWER),,8744,HK Bus Crawling
73P+1+TSUEN WAN (NINA TOWER)+TAI MEI TUK,73P,1,kmb,TSUEN WAN (NINA TOWER),TAI MEI TUK,TSUEN WAN (NINA TOWER),TAI MEI TUK,,8744,HK Bus Crawling
73S+1+FANLING STATION+WO HOP SHEK (KIU TAU ROAD),73S,1,kmb,FANLING STATION,WO HOP SHEK (KIU TAU ROAD),FANLING STATION,WO HOP SHEK (KIU TAU ROAD),,,HK Bus Crawling
73S+1+WO HOP SHEK (KIU TAU ROAD)+FANLING STATION,73S,1,kmb,WO HOP SHEK (KIU TAU ROAD),FANLING STATION,WO HOP SHEK (KIU TAU ROAD),FANLING STATION,,,HK Bus Crawling
73S+2+FANLING STATION+WO HOP SHEK (KIU TAU ROAD),73S,2,kmb,FANLING STATION,WO HOP SHEK (KIU TAU ROAD),FANLING STATION,WO HOP SHEK (KIU TAU ROAD),,,HK Bus Crawling
73X+1+TAI PO (FU SHIN)+TSUEN WAN (NINA TOWER),73X,1,kmb,TAI PO (FU SHIN),TSUEN WAN (NINA TOWER),TAI PO (FU SHIN),TSUEN WAN (NINA TOWER),,1314,HK Bus Crawling
73X+1+TSUEN WAN (NINA TOWER)+TAI PO (FU SHIN),73X,1,kmb,TSUEN WAN (NINA TOWER),TAI PO (FU SHIN),TSUEN WAN (NINA TOWER),TAI PO (FU SHIN),,1314,HK Bus Crawling
73X+2+TSUEN WAN (NINA TOWER)+TAI PO (FU SHIN),73X,2,kmb,TSUEN WAN (NINA TOWER),TAI PO (FU SHIN),TSUEN WAN (NINA TOWER),TAI PO (FU SHIN),,8657,HK Bus Crawling
74+1+FU TIP BUS TERMINUS+YAU TONG,74,1,kmb,FU TIP BUS TERMINUS,YAU TONG,FU TIP BUS TERMINUS,YAU TONG,,1000519,HK Bus Crawling
74+1+YAU TONG+FU TIP BUS TERMINUS,74,1,kmb,YAU TONG,FU TIP BUS TERMINUS,YAU TONG,FU TIP BUS TERMINUS,,1000519,HK Bus Crawling
74A+1+KAI YIP+TAI PO (TAI WO),74A,1,kmb,KAI YIP,TAI PO (TAI WO),KAI YIP,TAI PO (TAI WO),,1315,HK Bus Crawling
74A+1+TAI PO (TAI WO)+KAI YIP,74A,1,kmb,TAI PO (TAI WO),KAI YIP,TAI PO (TAI WO),KAI YIP,,1315,HK Bus Crawling
74B+1+KOWLOON BAY+TAI PO CENTRAL,74B,1,kmb,KOWLOON BAY,TAI PO CENTRAL,KOWLOON BAY,TAI PO CENTRAL,,8192,HK Bus Crawling
74B+1+TAI PO CENTRAL+KWUN TONG FERRY,74B,1,kmb,TAI PO CENTRAL,KWUN TONG FERRY,TAI PO CENTRAL,KWUN TONG FERRY,,8385,HK Bus Crawling
74C+1+KAU LUNG HANG+KWUN TONG FERRY,74C,1,kmb,KAU LUNG HANG,KWUN TONG FERRY,KAU LUNG HANG,KWUN TONG FERRY,,8153,HK Bus Crawling
74D+1+KAU LUNG HANG+KWUN TONG FERRY,74D,1,kmb,KAU LUNG HANG,KWUN TONG FERRY,KAU LUNG HANG,KWUN TONG FERRY,,8224,HK Bus Crawling
74D+1+KWUN TONG FERRY+KAU LUNG HANG,74D,1,kmb,KWUN TONG FERRY,KAU LUNG HANG,KWUN TONG FERRY,KAU LUNG HANG,,8224,HK Bus Crawling
74E+1+KWUN TONG FERRY+TAI MEI TUK,74E,1,kmb,KWUN TONG FERRY,TAI MEI TUK,KWUN TONG FERRY,TAI MEI TUK,,8384,HK Bus Crawling
74E+1+TAI MEI TUK+KWUN TONG FERRY,74E,1,kmb,TAI MEI TUK,KWUN TONG FERRY,TAI MEI TUK,KWUN TONG FERRY,,8384,HK Bus Crawling
74F+1+EDUCATION UNIVERSITY OF HONG KONG+KWUN TONG FERRY,74F,1,kmb,EDUCATION UNIVERSITY OF HONG KONG,KWUN TONG FERRY,EDUCATION UNIVERSITY OF HONG KONG,KWUN TONG FERRY,,8749,HK Bus Crawling
74F+1+KWUN TONG FERRY+EDUCATION UNIVERSITY OF HONG KONG,74F,1,kmb,KWUN TONG FERRY,EDUCATION UNIVERSITY OF HONG KONG,KWUN TONG FERRY,EDUCATION UNIVERSITY OF HONG KONG,,8749,HK Bus Crawling
74K+1+TAI PO MARKET STATION+SAM MUN TSAI (CIRCULAR),74K,1,kmb,TAI PO MARKET STATION,SAM MUN TSAI (CIRCULAR),TAI PO MARKET STATION,SAM MUN TSAI (CIRCULAR),,1316,HK Bus Crawling
74K+2+TAI PO MARKET STATION+SAM MUN TSAI (CIRCULAR),74K,2,kmb,TAI PO MARKET STATION,SAM MUN TSAI (CIRCULAR),TAI PO MARKET STATION,SAM MUN TSAI (CIRCULAR),,1000100,HK Bus Crawling
74P+1+KWUN TONG FERRY+TAI PO CENTRAL,74P,1,kmb,KWUN TONG FERRY,TAI PO CENTRAL,KWUN TONG FERRY,TAI PO CENTRAL,,8225,HK Bus Crawling
74P+1+TAI PO CENTRAL+KWUN TONG FERRY,74P,1,kmb,TAI PO CENTRAL,KWUN TONG FERRY,TAI PO CENTRAL,KWUN TONG FERRY,,8225,HK Bus Crawling
74P+2+HONG KONG SCIENCE PARK+KWUN TONG FERRY,74P,2,kmb,HONG KONG SCIENCE PARK,KWUN TONG FERRY,HONG KONG SCIENCE PARK,KWUN TONG FERRY,,1000002,HK Bus Crawling
74R+1+PAK TAM CHUNG+TAI PO (TAI WO),74R,1,kmb,PAK TAM CHUNG,TAI PO (TAI WO),PAK TAM CHUNG,TAI PO (TAI WO),,1000322,HK Bus Crawling
74R+1+TAI PO (TAI WO)+PAK TAM CHUNG,74R,1,kmb,TAI PO (TAI WO),PAK TAM CHUNG,TAI PO (TAI WO),PAK TAM CHUNG,,1000322,HK Bus Crawling
74S+1+PING TIN+WO HOP SHEK,74S,1,kmb,PING TIN,WO HOP SHEK,PING TIN,WO HOP SHEK,,,HK Bus Crawling
74S+1+WO HOP SHEK+PING TIN,74S,1,kmb,WO HOP SHEK,PING TIN,WO HOP SHEK,PING TIN,,,HK Bus Crawling
74X+1+KWUN TONG FERRY+TAI PO CENTRAL,74X,1,kmb,KWUN TONG FERRY,TAI PO CENTRAL,KWUN TONG FERRY,TAI PO CENTRAL,,1317,HK Bus Crawling
74X+1+TAI PO CENTRAL+KWUN TONG FERRY,74X,1,kmb,TAI PO CENTRAL,KWUN TONG FERRY,TAI PO CENTRAL,KWUN TONG FERRY,,1317,HK Bus Crawling
74X+2+WAN TAU TONG+KWUN TONG FERRY,74X,2,kmb,WAN TAU TONG,KWUN TONG FERRY,WAN TAU TONG,KWUN TONG FERRY,,8391,HK Bus Crawling
74X+3+KWONG FUK ESTATE+KWUN TONG FERRY,74X,3,kmb,KWONG FUK ESTATE,KWUN TONG FERRY,KWONG FUK ESTATE,KWUN TONG FERRY,,8390,HK Bus Crawling
75F+1+EDUCATION UNIVERSITY OF HONG KONG+TAI PO MARKET STATION,75F,1,kmb,EDUCATION UNIVERSITY OF HONG KONG,TAI PO MARKET STATION,EDUCATION UNIVERSITY OF HONG KONG,TAI PO MARKET STATION,,1000711,HK Bus Crawling
75F+1+TAI PO MARKET STATION+EDUCATION UNIVERSITY OF HONG KONG,75F,1,kmb,TAI PO MARKET STATION,EDUCATION UNIVERSITY OF HONG KONG,TAI PO MARKET STATION,EDUCATION UNIVERSITY OF HONG KONG,,1000711,HK Bus Crawling
75F+2+TAI PO MARKET STATION+EDUCATION UNIVERSITY OF HONG KONG,75F,2,kmb,TAI PO MARKET STATION,EDUCATION UNIVERSITY OF HONG KONG,TAI PO MARKET STATION,EDUCATION UNIVERSITY OF HONG KONG,,1000712,HK Bus Crawling
75K+1+TAI MEI TUK+TAI PO MARKET STATION,75K,1,kmb,TAI MEI TUK,TAI PO MARKET STATION,TAI MEI TUK,TAI PO MARKET STATION,,1318,HK Bus Crawling
75K+1+TAI PO MARKET STATION+TAI MEI TUK,75K,1,kmb,TAI PO MARKET STATION,TAI MEI TUK,TAI PO MARKET STATION,TAI MEI TUK,,1318,HK Bus Crawling
75P+1+TAI MEI TUK+TAI PO MARKET STATION,75P,1,kmb,TAI MEI TUK,TAI PO MARKET STATION,TAI MEI TUK,TAI PO MARKET STATION,,8164,HK Bus Crawling
75X+1+KOWLOON CITY FERRY+TAI PO (FU SHIN),75X,1,kmb,KOWLOON CITY FERRY,TAI PO (FU SHIN),KOWLOON CITY FERRY,TAI PO (FU SHIN),,1319,HK Bus Crawling
75X+1+TAI PO (FU SHIN)+KOWLOON CITY FERRY,75X,1,kmb,TAI PO (FU SHIN),KOWLOON CITY FERRY,TAI PO (FU SHIN),KOWLOON CITY FERRY,,1319,HK Bus Crawling
75X+2+KOWLOON CITY FERRY+TAI PO (FU SHIN),75X,2,kmb,KOWLOON CITY FERRY,TAI PO (FU SHIN),KOWLOON CITY FERRY,TAI PO (FU SHIN),,8432,HK Bus Crawling
76+1+YAU POK ROAD LIGHT PUBLIC HOUSING (SOUTH)+SHEUNG SHUI STATION (CHOI YUEN ROAD) (CIRCULAR),76,1,kmb,YAU POK ROAD LIGHT PUBLIC HOUSING (SOUTH),SHEUNG SHUI STATION (CHOI YUEN ROAD) (CIRCULAR),YAU POK ROAD LIGHT PUBLIC HOUSING (SOUTH),SHEUNG SHUI STATION (CHOI YUEN ROAD) (CIRCULAR),,1000606,HK Bus Crawling
76A+1+SHEUNG SHUI STATION+KWU TUNG NORTH (CIRCULAR),76A,1,kmb,SHEUNG SHUI STATION,KWU TUNG NORTH (CIRCULAR),SHEUNG SHUI STATION,KWU TUNG NORTH (CIRCULAR),,,HK Bus Crawling
76K+1+LONG PING ESTATE+SHEUNG SHUI (CHING HO),76K,1,kmb,LONG PING ESTATE,SHEUNG SHUI (CHING HO),LONG PING ESTATE,SHEUNG SHUI (CHING HO),,1320,HK Bus Crawling
76K+1+SHEUNG SHUI (CHING HO)+LONG PING ESTATE,76K,1,kmb,SHEUNG SHUI (CHING HO),LONG PING ESTATE,SHEUNG SHUI (CHING HO),LONG PING ESTATE,,1320,HK Bus Crawling
"76K+2+CHING HO ESTATE BUS TERMINUS (ND936)+PAK SHEK AU, EUROPA GARDEN (ND196)",76K,2,kmb,CHING HO ESTATE BUS TERMINUS (ND936),"PAK SHEK AU, EUROPA GARDEN (ND196)",CHING HO ESTATE BUS TERMINUS (ND936),"PAK SHEK AU, EUROPA GARDEN (ND196)",,1000717,HK Bus Crawling
76K+2+FANLING (WAH MING)+LONG PING ESTATE,76K,2,kmb,FANLING (WAH MING),LONG PING ESTATE,FANLING (WAH MING),LONG PING ESTATE,,8166,HK Bus Crawling
76S+1+FANLING STATION+WO HOP SHEK,76S,1,kmb,FANLING STATION,WO HOP SHEK,FANLING STATION,WO HOP SHEK,,,HK Bus Crawling
76S+1+WO HOP SHEK+FANLING STATION,76S,1,kmb,WO HOP SHEK,FANLING STATION,WO HOP SHEK,FANLING STATION,,,HK Bus Crawling
77+1+FUNG WONG LENG ESTATE+SHEUNG SHUI (TAI PING),77,1,kmb,FUNG WONG LENG ESTATE,SHEUNG SHUI (TAI PING),FUNG WONG LENG ESTATE,SHEUNG SHUI (TAI PING),,1000704,HK Bus Crawling
77+1+SHEUNG SHUI (TAI PING)+FUNG WONG LENG ESTATE,77,1,kmb,SHEUNG SHUI (TAI PING),FUNG WONG LENG ESTATE,SHEUNG SHUI (TAI PING),FUNG WONG LENG ESTATE,,1000704,HK Bus Crawling
77K+1+SHEUNG SHUI+YUEN LONG (FUNG CHEUNG ROAD),77K,1,kmb,SHEUNG SHUI,YUEN LONG (FUNG CHEUNG ROAD),SHEUNG SHUI,YUEN LONG (FUNG CHEUNG ROAD),,1851,HK Bus Crawling
77K+1+YUEN LONG (FUNG CHEUNG ROAD)+SHEUNG SHUI,77K,1,kmb,YUEN LONG (FUNG CHEUNG ROAD),SHEUNG SHUI,YUEN LONG (FUNG CHEUNG ROAD),SHEUNG SHUI,,1851,HK Bus Crawling
77K+2+SHEUNG SHUI+YUEN LONG (WEST),77K,2,kmb,SHEUNG SHUI,YUEN LONG (WEST),SHEUNG SHUI,YUEN LONG (WEST),,8154,HK Bus Crawling
77K+3+SHEUNG SHUI+PAT HEUNG ROAD,77K,3,kmb,SHEUNG SHUI,PAT HEUNG ROAD,SHEUNG SHUI,PAT HEUNG ROAD,,8711,HK Bus Crawling
78+1+SHA TAU KOK+SHEUNG SHUI (TAI PING),78,1,kmb,SHA TAU KOK,SHEUNG SHUI (TAI PING),SHA TAU KOK,SHEUNG SHUI (TAI PING),,1000086,HK Bus Crawling
78A+1+QUEEN'S HILL+FANLING STATION (CIRCULAR),78A,1,kmb,QUEEN'S HILL,FANLING STATION (CIRCULAR),QUEEN'S HILL,FANLING STATION (CIRCULAR),,1000197,HK Bus Crawling
78A+3+QUEEN'S HILL+FANLING STATION (CIRCULAR),78A,3,kmb,QUEEN'S HILL,FANLING STATION (CIRCULAR),QUEEN'S HILL,FANLING STATION (CIRCULAR),,1000233,HK Bus Crawling
78A+4+QUEEN'S HILL+FANLING STATION,78A,4,kmb,QUEEN'S HILL,FANLING STATION,QUEEN'S HILL,FANLING STATION,,,HK Bus Crawling
78A+5+SHAN LAI CRT+FANLING STATION,78A,5,kmb,SHAN LAI CRT,FANLING STATION,SHAN LAI CRT,FANLING STATION,,1000234,HK Bus Crawling
78A+6+FANLING CTR+QUEEN'S HILL,78A,6,kmb,FANLING CTR,QUEEN'S HILL,FANLING CTR,QUEEN'S HILL,,1000306,HK Bus Crawling
78B+1+QUEEN'S HILL+SHEUNG SHUI (CHOI YUEN),78B,1,kmb,QUEEN'S HILL,SHEUNG SHUI (CHOI YUEN),QUEEN'S HILL,SHEUNG SHUI (CHOI YUEN),,1000273,HK Bus Crawling
78B+1+SHEUNG SHUI (CHOI YUEN)+QUEEN'S HILL,78B,1,kmb,SHEUNG SHUI (CHOI YUEN),QUEEN'S HILL,SHEUNG SHUI (CHOI YUEN),QUEEN'S HILL,,1000273,HK Bus Crawling
78B+2+QUEEN'S HILL+SHEUNG SHUI (CHOI YUEN),78B,2,kmb,QUEEN'S HILL,SHEUNG SHUI (CHOI YUEN),QUEEN'S HILL,SHEUNG SHUI (CHOI YUEN),,1000408,HK Bus Crawling
78K+1+SHA TAU KOK+SHEUNG SHUI (TAI PING),78K,1,kmb,SHA TAU KOK,SHEUNG SHUI (TAI PING),SHA TAU KOK,SHEUNG SHUI (TAI PING),,1322,HK Bus Crawling
78K+1+SHEUNG SHUI (TAI PING)+SHA TAU KOK,78K,1,kmb,SHEUNG SHUI (TAI PING),SHA TAU KOK,SHEUNG SHUI (TAI PING),SHA TAU KOK,,1322,HK Bus Crawling
78K+3+SHA TAU KOK+FANLING (WAH MING),78K,3,kmb,SHA TAU KOK,FANLING (WAH MING),SHA TAU KOK,FANLING (WAH MING),,8151,HK Bus Crawling
78S+1+SHA TAU KOK+SHEUNG SHUI,78S,1,kmb,SHA TAU KOK,SHEUNG SHUI,SHA TAU KOK,SHEUNG SHUI,,1000466,HK Bus Crawling
78S+1+SHEUNG SHUI+SHA TAU KOK,78S,1,kmb,SHEUNG SHUI,SHA TAU KOK,SHEUNG SHUI,SHA TAU KOK,,1000466,HK Bus Crawling
79K+1+CHOI SHEK ESTATE+TA KWU LING (LIANTANG PORT),79K,1,kmb,CHOI SHEK ESTATE,TA KWU LING (LIANTANG PORT),CHOI SHEK ESTATE,TA KWU LING (LIANTANG PORT),,1323,HK Bus Crawling
79K+1+TA KWU LING (LIANTANG PORT)+CHOI SHEK ESTATE,79K,1,kmb,TA KWU LING (LIANTANG PORT),CHOI SHEK ESTATE,TA KWU LING (LIANTANG PORT),CHOI SHEK ESTATE,,1323,HK Bus Crawling
79K+2+FANLING STATION+TA KWU LING (LIANTANG PORT),79K,2,kmb,FANLING STATION,TA KWU LING (LIANTANG PORT),FANLING STATION,TA KWU LING (LIANTANG PORT),,1000443,HK Bus Crawling
79K+3+TA KWU LING (LIANTANG PORT)+FANLING STATION,79K,3,kmb,TA KWU LING (LIANTANG PORT),FANLING STATION,TA KWU LING (LIANTANG PORT),FANLING STATION,,1000409,HK Bus Crawling
7B+1+HUNG HOM (HUNG LUEN ROAD)+LOK FU,7B,1,kmb,HUNG HOM (HUNG LUEN ROAD),LOK FU,HUNG HOM (HUNG LUEN ROAD),LOK FU,,1324,HK Bus Crawling
7B+1+LOK FU+HUNG HOM (HUNG LUEN ROAD),7B,1,kmb,LOK FU,HUNG HOM (HUNG LUEN ROAD),LOK FU,HUNG HOM (HUNG LUEN ROAD),,1324,HK Bus Crawling
7M+1+LOK FU+CHUK YUEN ESTATE (CIRCULAR),7M,1,kmb,LOK FU,CHUK YUEN ESTATE (CIRCULAR),LOK FU,CHUK YUEN ESTATE (CIRCULAR),,1325,HK Bus Crawling
8+1+KOWLOON STATION+STAR FERRY,8,1,kmb,KOWLOON STATION,STAR FERRY,KOWLOON STATION,STAR FERRY,,1326,HK Bus Crawling
8+1+STAR FERRY+KOWLOON STATION,8,1,kmb,STAR FERRY,KOWLOON STATION,STAR FERRY,KOWLOON STATION,,1326,HK Bus Crawling
80+1+KWUN TONG FERRY+MEI LAM,80,1,kmb,KWUN TONG FERRY,MEI LAM,KWUN TONG FERRY,MEI LAM,,1327,HK Bus Crawling
80+1+MEI LAM+KWUN TONG FERRY,80,1,kmb,MEI LAM,KWUN TONG FERRY,MEI LAM,KWUN TONG FERRY,,1327,HK Bus Crawling
80+2+MEI LAM+KWUN TONG FERRY,80,2,kmb,MEI LAM,KWUN TONG FERRY,MEI LAM,KWUN TONG FERRY,,8497,HK Bus Crawling
80A+1+MEI LAM+KWUN TONG FERRY,80A,1,kmb,MEI LAM,KWUN TONG FERRY,MEI LAM,KWUN TONG FERRY,,8498,HK Bus Crawling
80K+1+SUN CHUI+YU CHUI COURT,80K,1,kmb,SUN CHUI,YU CHUI COURT,SUN CHUI,YU CHUI COURT,,1330,HK Bus Crawling
80K+1+YU CHUI COURT+SUN CHUI,80K,1,kmb,YU CHUI COURT,SUN CHUI,YU CHUI COURT,SUN CHUI,,1330,HK Bus Crawling
80P+1+HIN KENG+KWUN TONG FERRY,80P,1,kmb,HIN KENG,KWUN TONG FERRY,HIN KENG,KWUN TONG FERRY,,1332,HK Bus Crawling
80X+1+CHUN SHEK+KWUN TONG FERRY,80X,1,kmb,CHUN SHEK,KWUN TONG FERRY,CHUN SHEK,KWUN TONG FERRY,,1333,HK Bus Crawling
80X+1+KWUN TONG FERRY+CHUN SHEK,80X,1,kmb,KWUN TONG FERRY,CHUN SHEK,KWUN TONG FERRY,CHUN SHEK,,1333,HK Bus Crawling
80X+2+JAT MIN CHUEN STREET+KWUN TONG FERRY,80X,2,kmb,JAT MIN CHUEN STREET,KWUN TONG FERRY,JAT MIN CHUEN STREET,KWUN TONG FERRY,,1000102,HK Bus Crawling
80X+3+SUN TIN WAI+KWUN TONG FERRY,80X,3,kmb,SUN TIN WAI,KWUN TONG FERRY,SUN TIN WAI,KWUN TONG FERRY,,1000373,HK Bus Crawling
81+1+HIGH SPEED RAIL WEST KOWLOON STATION+WO CHE,81,1,kmb,HIGH SPEED RAIL WEST KOWLOON STATION,WO CHE,HIGH SPEED RAIL WEST KOWLOON STATION,WO CHE,,1334,HK Bus Crawling
81+1+WO CHE+HIGH SPEED RAIL WEST KOWLOON STATION,81,1,kmb,WO CHE,HIGH SPEED RAIL WEST KOWLOON STATION,WO CHE,HIGH SPEED RAIL WEST KOWLOON STATION,,1334,HK Bus Crawling
81C+1+TSIM SHA TSUI EAST (MODY ROAD)+YIU ON,81C,1,kmb,TSIM SHA TSUI EAST (MODY ROAD),YIU ON,TSIM SHA TSUI EAST (MODY ROAD),YIU ON,,1336,HK Bus Crawling
81C+1+YIU ON+TSIM SHA TSUI EAST (MODY ROAD),81C,1,kmb,YIU ON,TSIM SHA TSUI EAST (MODY ROAD),YIU ON,TSIM SHA TSUI EAST (MODY ROAD),,1336,HK Bus Crawling
81K+1+SUI WO COURT+SUN TIN WAI,81K,1,kmb,SUI WO COURT,SUN TIN WAI,SUI WO COURT,SUN TIN WAI,,1337,HK Bus Crawling
81K+1+SUN TIN WAI+SUI WO COURT,81K,1,kmb,SUN TIN WAI,SUI WO COURT,SUN TIN WAI,SUI WO COURT,,1337,HK Bus Crawling
81K+2+SUI WO COURT+SUN TIN WAI,81K,2,kmb,SUI WO COURT,SUN TIN WAI,SUI WO COURT,SUN TIN WAI,,1000269,HK Bus Crawling
81K+3+SUI WO COURT+SUN TIN WAI,81K,3,kmb,SUI WO COURT,SUN TIN WAI,SUI WO COURT,SUN TIN WAI,,1000624,HK Bus Crawling
82B+1+MEI TIN+TAI WAI STATION,82B,1,kmb,MEI TIN,TAI WAI STATION,MEI TIN,TAI WAI STATION,,8185,HK Bus Crawling
82C+1+HONG KONG SCIENCE PARK+KWONG YUEN,82C,1,kmb,HONG KONG SCIENCE PARK,KWONG YUEN,HONG KONG SCIENCE PARK,KWONG YUEN,,8197,HK Bus Crawling
82C+1+KWONG YUEN+HONG KONG SCIENCE PARK,82C,1,kmb,KWONG YUEN,HONG KONG SCIENCE PARK,KWONG YUEN,HONG KONG SCIENCE PARK,,8197,HK Bus Crawling
82D+1+PAK SHEK KOK+TAI WAI STATION,82D,1,kmb,PAK SHEK KOK,TAI WAI STATION,PAK SHEK KOK,TAI WAI STATION,,8747,HK Bus Crawling
82D+1+TAI WAI STATION+PAK SHEK KOK,82D,1,kmb,TAI WAI STATION,PAK SHEK KOK,TAI WAI STATION,PAK SHEK KOK,,8747,HK Bus Crawling
82K+1+MEI TIN+YU CHUI COURT,82K,1,kmb,MEI TIN,YU CHUI COURT,MEI TIN,YU CHUI COURT,,1341,HK Bus Crawling
82K+1+YU CHUI COURT+MEI TIN,82K,1,kmb,YU CHUI COURT,MEI TIN,YU CHUI COURT,MEI TIN,,1341,HK Bus Crawling
82X+1+RAVANA GARDEN+WONG TAI SIN (CIRCULAR),82X,1,kmb,RAVANA GARDEN,WONG TAI SIN (CIRCULAR),RAVANA GARDEN,WONG TAI SIN (CIRCULAR),,1345,HK Bus Crawling
83A+1+SHUI CHUEN O+KWUN TONG FERRY,83A,1,kmb,SHUI CHUEN O,KWUN TONG FERRY,SHUI CHUEN O,KWUN TONG FERRY,,8288,HK Bus Crawling
83K+1+WONG NAI TAU+SHA TIN CENTRAL (CIRCULAR),83K,1,kmb,WONG NAI TAU,SHA TIN CENTRAL (CIRCULAR),WONG NAI TAU,SHA TIN CENTRAL (CIRCULAR),,1346,HK Bus Crawling
83K+2+SHEK MUN ESTATE+SHATIN CENTRAL,83K,2,kmb,SHEK MUN ESTATE,SHATIN CENTRAL,SHEK MUN ESTATE,SHATIN CENTRAL,,1000270,HK Bus Crawling
83P+1+WONG NAI TAU+WO CHE,83P,1,kmb,WONG NAI TAU,WO CHE,WONG NAI TAU,WO CHE,,8772,HK Bus Crawling
83S+1+SHATIN CENTRAL+WONG NAI TAU,83S,1,kmb,SHATIN CENTRAL,WONG NAI TAU,SHATIN CENTRAL,WONG NAI TAU,,1347,HK Bus Crawling
83S+1+WONG NAI TAU+SHATIN CENTRAL,83S,1,kmb,WONG NAI TAU,SHATIN CENTRAL,WONG NAI TAU,SHATIN CENTRAL,,1347,HK Bus Crawling
83X+1+KWUN TONG FERRY (KT941)+WONG NAI TAU BUS TERMINUS (ST892),83X,1,kmb,KWUN TONG FERRY (KT941),WONG NAI TAU BUS TERMINUS (ST892),KWUN TONG FERRY (KT941),WONG NAI TAU BUS TERMINUS (ST892),,1348,HK Bus Crawling
83X+1+KWUN TONG FERRY+SHUI CHUEN O,83X,1,kmb,KWUN TONG FERRY,SHUI CHUEN O,KWUN TONG FERRY,SHUI CHUEN O,,8492,HK Bus Crawling
83X+1+SHUI CHUEN O+KWUN TONG FERRY,83X,1,kmb,SHUI CHUEN O,KWUN TONG FERRY,SHUI CHUEN O,KWUN TONG FERRY,,8492,HK Bus Crawling
83X+2+WONG NAI TAU+KWUN TONG FERRY,83X,2,kmb,WONG NAI TAU,KWUN TONG FERRY,WONG NAI TAU,KWUN TONG FERRY,,1348,HK Bus Crawling
848+1+SHATIN RACE COURSE+KWAI FONG STATION,848,1,kmb,SHATIN RACE COURSE,KWAI FONG STATION,SHATIN RACE COURSE,KWAI FONG STATION,,,HK Bus Crawling
84M+1+CHEVALIER GARDEN+LOK FU,84M,1,kmb,CHEVALIER GARDEN,LOK FU,CHEVALIER GARDEN,LOK FU,,1349,HK Bus Crawling
"84M+2+CHEVALIER GARDEN+LOK FU, KWONG YUEN & CHEVALIER GARDEN",84M,2,kmb,CHEVALIER GARDEN,"LOK FU, KWONG YUEN & CHEVALIER GARDEN",CHEVALIER GARDEN,"LOK FU, KWONG YUEN & CHEVALIER GARDEN",,1000634,HK Bus Crawling
84M+3+LOK FU+CHEVALIER GARDEN,84M,3,kmb,LOK FU,CHEVALIER GARDEN,LOK FU,CHEVALIER GARDEN,,1349,HK Bus Crawling
85+1+FO TAN CHUN YEUNG ESTATE+KOWLOON CITY FERRY,85,1,kmb,FO TAN CHUN YEUNG ESTATE,KOWLOON CITY FERRY,FO TAN CHUN YEUNG ESTATE,KOWLOON CITY FERRY,,1350,HK Bus Crawling
85+1+KOWLOON CITY FERRY+FO TAN CHUN YEUNG ESTATE,85,1,kmb,KOWLOON CITY FERRY,FO TAN CHUN YEUNG ESTATE,KOWLOON CITY FERRY,FO TAN CHUN YEUNG ESTATE,,1350,HK Bus Crawling
85A+1+KOWLOON CITY FERRY+KWONG YUEN,85A,1,kmb,KOWLOON CITY FERRY,KWONG YUEN,KOWLOON CITY FERRY,KWONG YUEN,,1351,HK Bus Crawling
85A+1+KWONG YUEN+KOWLOON CITY FERRY,85A,1,kmb,KWONG YUEN,KOWLOON CITY FERRY,KWONG YUEN,KOWLOON CITY FERRY,,1351,HK Bus Crawling
85B+1+CHUN SHEK+KOWLOON CITY FERRY,85B,1,kmb,CHUN SHEK,KOWLOON CITY FERRY,CHUN SHEK,KOWLOON CITY FERRY,,1352,HK Bus Crawling
85K+1+HENG ON+SHATIN STATION,85K,1,kmb,HENG ON,SHATIN STATION,HENG ON,SHATIN STATION,,1354,HK Bus Crawling
85K+1+SHATIN STATION+HENG ON,85K,1,kmb,SHATIN STATION,HENG ON,SHATIN STATION,HENG ON,,1354,HK Bus Crawling
85M+1+KAM YING COURT+WONG TAI SIN (CIRCULAR),85M,1,kmb,KAM YING COURT,WONG TAI SIN (CIRCULAR),KAM YING COURT,WONG TAI SIN (CIRCULAR),,1355,HK Bus Crawling
85P+1+HUNG HOM (HUNG LUEN ROAD)+NAI CHUNG,85P,1,kmb,HUNG HOM (HUNG LUEN ROAD),NAI CHUNG,HUNG HOM (HUNG LUEN ROAD),NAI CHUNG,,1000533,HK Bus Crawling
85P+1+NAI CHUNG+HUNG HOM (HUNG LUEN ROAD),85P,1,kmb,NAI CHUNG,HUNG HOM (HUNG LUEN ROAD),NAI CHUNG,HUNG HOM (HUNG LUEN ROAD),,1000533,HK Bus Crawling
85S+1+YIU ON+HUNG HOM (HUNG LUEN ROAD),85S,1,kmb,YIU ON,HUNG HOM (HUNG LUEN ROAD),YIU ON,HUNG HOM (HUNG LUEN ROAD),,1356,HK Bus Crawling
85X+1+HUNG HOM (HUNG LUEN ROAD)+MA ON SHAN TOWN CENTRE,85X,1,kmb,HUNG HOM (HUNG LUEN ROAD),MA ON SHAN TOWN CENTRE,HUNG HOM (HUNG LUEN ROAD),MA ON SHAN TOWN CENTRE,,1357,HK Bus Crawling
85X+1+MA ON SHAN TOWN CENTRE+HUNG HOM (HUNG LUEN ROAD),85X,1,kmb,MA ON SHAN TOWN CENTRE,HUNG HOM (HUNG LUEN ROAD),MA ON SHAN TOWN CENTRE,HUNG HOM (HUNG LUEN ROAD),,1357,HK Bus Crawling
86+1+MEI FOO+WONG NAI TAU,86,1,kmb,MEI FOO,WONG NAI TAU,MEI FOO,WONG NAI TAU,,1358,HK Bus Crawling
86+1+WONG NAI TAU+MEI FOO,86,1,kmb,WONG NAI TAU,MEI FOO,WONG NAI TAU,MEI FOO,,1358,HK Bus Crawling
868+1+SHATIN RACE COURSE+TUEN MUN CENTRAL,868,1,kmb,SHATIN RACE COURSE,TUEN MUN CENTRAL,SHATIN RACE COURSE,TUEN MUN CENTRAL,,,HK Bus Crawling
868+1+TUEN MUN CENTRAL+SHATIN RACE COURSE,868,1,kmb,TUEN MUN CENTRAL,SHATIN RACE COURSE,TUEN MUN CENTRAL,SHATIN RACE COURSE,,,HK Bus Crawling
869+1+SHATIN RACE COURSE+TIN SHUI WAI TOWN CENTRE,869,1,kmb,SHATIN RACE COURSE,TIN SHUI WAI TOWN CENTRE,SHATIN RACE COURSE,TIN SHUI WAI TOWN CENTRE,,,HK Bus Crawling
86A+1+CHEUNG SHA WAN (KOM TSUN STREET)+SHATIN WAI,86A,1,kmb,CHEUNG SHA WAN (KOM TSUN STREET),SHATIN WAI,CHEUNG SHA WAN (KOM TSUN STREET),SHATIN WAI,,1361,HK Bus Crawling
86A+1+SHATIN WAI+CHEUNG SHA WAN (KOM TSUN STREET),86A,1,kmb,SHATIN WAI,CHEUNG SHA WAN (KOM TSUN STREET),SHATIN WAI,CHEUNG SHA WAN (KOM TSUN STREET),,1361,HK Bus Crawling
86C+1+CHEUNG SHA WAN+LEE ON,86C,1,kmb,CHEUNG SHA WAN,LEE ON,CHEUNG SHA WAN,LEE ON,,1363,HK Bus Crawling
86C+1+LEE ON+CHEUNG SHA WAN,86C,1,kmb,LEE ON,CHEUNG SHA WAN,LEE ON,CHEUNG SHA WAN,,1363,HK Bus Crawling
86K+1+KAM YING COURT+SHATIN STATION,86K,1,kmb,KAM YING COURT,SHATIN STATION,KAM YING COURT,SHATIN STATION,,1364,HK Bus Crawling
86K+1+SHATIN STATION+KAM YING COURT,86K,1,kmb,SHATIN STATION,KAM YING COURT,SHATIN STATION,KAM YING COURT,,1364,HK Bus Crawling
86S+1+KAM YING COURT+SHATIN STATION,86S,1,kmb,KAM YING COURT,SHATIN STATION,KAM YING COURT,SHATIN STATION,,1366,HK Bus Crawling
86S+1+SHATIN STATION+KAM YING COURT,86S,1,kmb,SHATIN STATION,KAM YING COURT,SHATIN STATION,KAM YING COURT,,1366,HK Bus Crawling
86S+2+MA ON SHAN TOWN CENTRE+SHATIN STATION,86S,2,kmb,MA ON SHAN TOWN CENTRE,SHATIN STATION,MA ON SHAN TOWN CENTRE,SHATIN STATION,,1000103,HK Bus Crawling
872+1+SHATIN RACE COURSE+TAI PO CENTRAL,872,1,kmb,SHATIN RACE COURSE,TAI PO CENTRAL,SHATIN RACE COURSE,TAI PO CENTRAL,,,HK Bus Crawling
872X+1+SHATIN RACE COURSE+TAI PO CENTRAL,872X,1,kmb,SHATIN RACE COURSE,TAI PO CENTRAL,SHATIN RACE COURSE,TAI PO CENTRAL,,,HK Bus Crawling
87B+1+ISLAND HARBOURVIEW+SUN TIN WAI,87B,1,kmb,ISLAND HARBOURVIEW,SUN TIN WAI,ISLAND HARBOURVIEW,SUN TIN WAI,,1370,HK Bus Crawling
87B+1+SUN TIN WAI+ISLAND HARBOURVIEW,87B,1,kmb,SUN TIN WAI,ISLAND HARBOURVIEW,SUN TIN WAI,ISLAND HARBOURVIEW,,1370,HK Bus Crawling
87C+1+HUNG HOM STATION+KAM YING COURT,87C,1,kmb,HUNG HOM STATION,KAM YING COURT,HUNG HOM STATION,KAM YING COURT,,1000612,HK Bus Crawling
87C+1+KAM YING COURT+HUNG HOM STATION,87C,1,kmb,KAM YING COURT,HUNG HOM STATION,KAM YING COURT,HUNG HOM STATION,,1000612,HK Bus Crawling
87D+1+HUNG HOM STATION+KAM YING COURT,87D,1,kmb,HUNG HOM STATION,KAM YING COURT,HUNG HOM STATION,KAM YING COURT,,1371,HK Bus Crawling
87D+1+KAM YING COURT+HUNG HOM STATION,87D,1,kmb,KAM YING COURT,HUNG HOM STATION,KAM YING COURT,HUNG HOM STATION,,1371,HK Bus Crawling
87D+3+MA ON SHAN TOWN CENTRE+HUNG HOM STATION,87D,3,kmb,MA ON SHAN TOWN CENTRE,HUNG HOM STATION,MA ON SHAN TOWN CENTRE,HUNG HOM STATION,,8242,HK Bus Crawling
87D+4+KAM YING COURT+HUNG HOM STATION,87D,4,kmb,KAM YING COURT,HUNG HOM STATION,KAM YING COURT,HUNG HOM STATION,,8240,HK Bus Crawling
87E+1+NAI CHUNG+TSIM SHA TSUI,87E,1,kmb,NAI CHUNG,TSIM SHA TSUI,NAI CHUNG,TSIM SHA TSUI,,8318,HK Bus Crawling
87E+1+TSIM SHA TSUI EAST (MODY ROAD)+NAI CHUNG,87E,1,kmb,TSIM SHA TSUI EAST (MODY ROAD),NAI CHUNG,TSIM SHA TSUI EAST (MODY ROAD),NAI CHUNG,,1000048,HK Bus Crawling
87K+1+UNIVERSITY STATION+KAM YING COURT (CIRCULAR),87K,1,kmb,UNIVERSITY STATION,KAM YING COURT (CIRCULAR),UNIVERSITY STATION,KAM YING COURT (CIRCULAR),,1372,HK Bus Crawling
87K+2+UNIVERSITY STATION+KAM YING COURT (CIRCULAR),87K,2,kmb,UNIVERSITY STATION,KAM YING COURT (CIRCULAR),UNIVERSITY STATION,KAM YING COURT (CIRCULAR),,1000104,HK Bus Crawling
87K+3+KAM YING COURT+UNIVERSITY STATION,87K,3,kmb,KAM YING COURT,UNIVERSITY STATION,KAM YING COURT,UNIVERSITY STATION,,1000105,HK Bus Crawling
87K+4+MA ON SHAN TOWN CENTRE+UNIVERSITY STATION,87K,4,kmb,MA ON SHAN TOWN CENTRE,UNIVERSITY STATION,MA ON SHAN TOWN CENTRE,UNIVERSITY STATION,,1000106,HK Bus Crawling
87K+5+UNIVERSITY STATION+LEE ON,87K,5,kmb,UNIVERSITY STATION,LEE ON,UNIVERSITY STATION,LEE ON,,1000190,HK Bus Crawling
87P+1+LEE ON+CHUNG ON,87P,1,kmb,LEE ON,CHUNG ON,LEE ON,CHUNG ON,,1373,HK Bus Crawling
87R+1+HONG KONG COLISEUM+WU KAI SHA STATION,87R,1,kmb,HONG KONG COLISEUM,WU KAI SHA STATION,HONG KONG COLISEUM,WU KAI SHA STATION,,,HK Bus Crawling
87S+1+KAM YING COURT+UNIVERSITY STATION (CIRCULAR),87S,1,kmb,KAM YING COURT,UNIVERSITY STATION (CIRCULAR),KAM YING COURT,UNIVERSITY STATION (CIRCULAR),,8504,HK Bus Crawling
87S+1+UNIVERSITY STATION+KAM YING COURT (CIRCULAR),87S,1,kmb,UNIVERSITY STATION,KAM YING COURT (CIRCULAR),UNIVERSITY STATION,KAM YING COURT (CIRCULAR),,1374,HK Bus Crawling
88+1+SAU MAU PING (CENTRAL)+TAI WAI STATION,88,1,kmb,SAU MAU PING (CENTRAL),TAI WAI STATION,SAU MAU PING (CENTRAL),TAI WAI STATION,,8473,HK Bus Crawling
88+1+TAI WAI STATION+SAU MAU PING (CENTRAL),88,1,kmb,TAI WAI STATION,SAU MAU PING (CENTRAL),TAI WAI STATION,SAU MAU PING (CENTRAL),,8473,HK Bus Crawling
887+1+SHATIN RACE COURSE+MONG KOK (PARK AVENUE),887,1,kmb,SHATIN RACE COURSE,MONG KOK (PARK AVENUE),SHATIN RACE COURSE,MONG KOK (PARK AVENUE),,,HK Bus Crawling
888+1+SHATIN RACE COURSE+SHATIN STATION,888,1,kmb,SHATIN RACE COURSE,SHATIN STATION,SHATIN RACE COURSE,SHATIN STATION,,,HK Bus Crawling
889+1+SHATIN RACE COURSE+PING TIN,889,1,kmb,SHATIN RACE COURSE,PING TIN,SHATIN RACE COURSE,PING TIN,,,HK Bus Crawling
88K+1+HIN KENG+ROYAL ASCOT,88K,1,kmb,HIN KENG,ROYAL ASCOT,HIN KENG,ROYAL ASCOT,,1380,HK Bus Crawling
88K+1+ROYAL ASCOT+HIN KENG,88K,1,kmb,ROYAL ASCOT,HIN KENG,ROYAL ASCOT,HIN KENG,,1380,HK Bus Crawling
88X+1+PING TIN+SUI WO COURT,88X,1,kmb,PING TIN,SUI WO COURT,PING TIN,SUI WO COURT,,8196,HK Bus Crawling
88X+1+SUI WO COURT+PING TIN,88X,1,kmb,SUI WO COURT,PING TIN,SUI WO COURT,PING TIN,,8196,HK Bus Crawling
88X+2+PING TIN+SUI WO COURT,88X,2,kmb,PING TIN,SUI WO COURT,PING TIN,SUI WO COURT,,8195,HK Bus Crawling
88X+2+SUI WO COURT+PING TIN,88X,2,kmb,SUI WO COURT,PING TIN,SUI WO COURT,PING TIN,,8195,HK Bus Crawling
89+1+KWUN TONG (TSUI PING NORTH ESTATE)+LEK YUEN,89,1,kmb,KWUN TONG (TSUI PING NORTH ESTATE),LEK YUEN,KWUN TONG (TSUI PING NORTH ESTATE),LEK YUEN,,1382,HK Bus Crawling
89+1+LEK YUEN+KWUN TONG (TSUI PING NORTH ESTATE),89,1,kmb,LEK YUEN,KWUN TONG (TSUI PING NORTH ESTATE),LEK YUEN,KWUN TONG (TSUI PING NORTH ESTATE),,1382,HK Bus Crawling
891+1+SHATIN RACE COURSE+KOWLOON CITY FERRY,891,1,kmb,SHATIN RACE COURSE,KOWLOON CITY FERRY,SHATIN RACE COURSE,KOWLOON CITY FERRY,,,HK Bus Crawling
893+1+SHATIN RACE COURSE+HONG SING GARDEN,893,1,kmb,SHATIN RACE COURSE,HONG SING GARDEN,SHATIN RACE COURSE,HONG SING GARDEN,,,HK Bus Crawling
89B+1+CHOI HUNG+SHATIN WAI,89B,1,kmb,CHOI HUNG,SHATIN WAI,CHOI HUNG,SHATIN WAI,,1385,HK Bus Crawling
89B+1+SHATIN WAI+CHOI HUNG,89B,1,kmb,SHATIN WAI,CHOI HUNG,SHATIN WAI,CHOI HUNG,,1385,HK Bus Crawling
89C+1+HENG ON+KWUN TONG (TSUI PING ROAD),89C,1,kmb,HENG ON,KWUN TONG (TSUI PING ROAD),HENG ON,KWUN TONG (TSUI PING ROAD),,1386,HK Bus Crawling
89C+1+KWUN TONG (TSUI PING ROAD)+HENG ON,89C,1,kmb,KWUN TONG (TSUI PING ROAD),HENG ON,KWUN TONG (TSUI PING ROAD),HENG ON,,1386,HK Bus Crawling
89C+2+HENG ON+KWUN TONG (TSUI PING ROAD),89C,2,kmb,HENG ON,KWUN TONG (TSUI PING ROAD),HENG ON,KWUN TONG (TSUI PING ROAD),,1000116,HK Bus Crawling
89D+1+LAM TIN STATION+WU KAI SHA STATION,89D,1,kmb,LAM TIN STATION,WU KAI SHA STATION,LAM TIN STATION,WU KAI SHA STATION,,1387,HK Bus Crawling
89D+1+WU KAI SHA STATION+LAM TIN STATION,89D,1,kmb,WU KAI SHA STATION,LAM TIN STATION,WU KAI SHA STATION,LAM TIN STATION,,1387,HK Bus Crawling
89D+2+LAM TIN STATION+WU KAI SHA STATION,89D,2,kmb,LAM TIN STATION,WU KAI SHA STATION,LAM TIN STATION,WU KAI SHA STATION,,8517,HK Bus Crawling
89P+1+MA ON SHAN TOWN CENTRE+LAM TIN STATION,89P,1,kmb,MA ON SHAN TOWN CENTRE,LAM TIN STATION,MA ON SHAN TOWN CENTRE,LAM TIN STATION,,1388,HK Bus Crawling
89P+2+HANG HONG STREET+LAM TIN STATION,89P,2,kmb,HANG HONG STREET,LAM TIN STATION,HANG HONG STREET,LAM TIN STATION,,8520,HK Bus Crawling
89P+3+MA ON SHAN TOWN CENTRE+LAM TIN STATION,89P,3,kmb,MA ON SHAN TOWN CENTRE,LAM TIN STATION,MA ON SHAN TOWN CENTRE,LAM TIN STATION,,1000570,HK Bus Crawling
89S+1+SHUI CHUEN O+WU KAI SHA STATION,89S,1,kmb,SHUI CHUEN O,WU KAI SHA STATION,SHUI CHUEN O,WU KAI SHA STATION,,8518,HK Bus Crawling
89S+1+WU KAI SHA STATION+SHUI CHUEN O,89S,1,kmb,WU KAI SHA STATION,SHUI CHUEN O,WU KAI SHA STATION,SHUI CHUEN O,,8518,HK Bus Crawling
89S+2+SHUI CHUEN O+WU KAI SHA STATION,89S,2,kmb,SHUI CHUEN O,WU KAI SHA STATION,SHUI CHUEN O,WU KAI SHA STATION,,8519,HK Bus Crawling
89X+1+KWUN TONG (TSUI PING ROAD)+SHATIN STATION,89X,1,kmb,KWUN TONG (TSUI PING ROAD),SHATIN STATION,KWUN TONG (TSUI PING ROAD),SHATIN STATION,,1389,HK Bus Crawling
89X+1+SHATIN STATION+KWUN TONG (TSUI PING ROAD),89X,1,kmb,SHATIN STATION,KWUN TONG (TSUI PING ROAD),SHATIN STATION,KWUN TONG (TSUI PING ROAD),,1389,HK Bus Crawling
8A+1+WHAMPOA GARDEN+TSIM SHA TSUI (CIRCULAR),8A,1,kmb,WHAMPOA GARDEN,TSIM SHA TSUI (CIRCULAR),WHAMPOA GARDEN,TSIM SHA TSUI (CIRCULAR),,1390,HK Bus Crawling
8P+1+LAGUNA VERDE+TSIM SHA TSUI (CIRCULAR),8P,1,kmb,LAGUNA VERDE,TSIM SHA TSUI (CIRCULAR),LAGUNA VERDE,TSIM SHA TSUI (CIRCULAR),,1391,HK Bus Crawling
9+1+CHOI FOOK+TSIM SHA TSUI EAST (MODY ROAD),9,1,kmb,CHOI FOOK,TSIM SHA TSUI EAST (MODY ROAD),CHOI FOOK,TSIM SHA TSUI EAST (MODY ROAD),,1392,HK Bus Crawling
9+1+TSIM SHA TSUI EAST (MODY ROAD)+CHOI FOOK,9,1,kmb,TSIM SHA TSUI EAST (MODY ROAD),CHOI FOOK,TSIM SHA TSUI EAST (MODY ROAD),CHOI FOOK,,1392,HK Bus Crawling
90+1+SHEK MUN ESTATE+TSEUNG KWAN O (CHOI MING),90,1,kmb,SHEK MUN ESTATE,TSEUNG KWAN O (CHOI MING),SHEK MUN ESTATE,TSEUNG KWAN O (CHOI MING),,1000285,HK Bus Crawling
900+1+PAK SHEK KOK+WAN CHAI (HKCEC),900,1,kmb,PAK SHEK KOK,WAN CHAI (HKCEC),PAK SHEK KOK,WAN CHAI (HKCEC),,1000016,HK Bus Crawling
900+1+WAN CHAI (HKCEC)+PAK SHEK KOK,900,1,kmb,WAN CHAI (HKCEC),PAK SHEK KOK,WAN CHAI (HKCEC),PAK SHEK KOK,,1000016,HK Bus Crawling
900+2+WAN CHAI (HKCEC)+PAK SHEK KOK,900,2,kmb,WAN CHAI (HKCEC),PAK SHEK KOK,WAN CHAI (HKCEC),PAK SHEK KOK,,1000371,HK Bus Crawling
900X+1+PAK SHEK KOK+WAN CHAI (HKCEC),900X,1,kmb,PAK SHEK KOK,WAN CHAI (HKCEC),PAK SHEK KOK,WAN CHAI (HKCEC),,1000623,HK Bus Crawling
91+1+CLEAR WATER BAY+DIAMOND HILL STATION,91,1,kmb,CLEAR WATER BAY,DIAMOND HILL STATION,CLEAR WATER BAY,DIAMOND HILL STATION,,1395,HK Bus Crawling
91+1+DIAMOND HILL STATION+CLEAR WATER BAY,91,1,kmb,DIAMOND HILL STATION,CLEAR WATER BAY,DIAMOND HILL STATION,CLEAR WATER BAY,,1395,HK Bus Crawling
91+2+CHOI HUNG BBI - PIK HOI HOUSE+CLEAR WATER BAY,91,2,kmb,CHOI HUNG BBI - PIK HOI HOUSE,CLEAR WATER BAY,CHOI HUNG BBI - PIK HOI HOUSE,CLEAR WATER BAY,,1000117,HK Bus Crawling
917+1+FAN KAM ROAD+WAN CHAI,917,1,kmb,FAN KAM ROAD,WAN CHAI,FAN KAM ROAD,WAN CHAI,,,HK Bus Crawling
917+1+WAN CHAI+FAN KAM ROAD,917,1,kmb,WAN CHAI,FAN KAM ROAD,WAN CHAI,FAN KAM ROAD,,,HK Bus Crawling
918+1+LAM KAM ROAD+WAN CHAI,918,1,kmb,LAM KAM ROAD,WAN CHAI,LAM KAM ROAD,WAN CHAI,,,HK Bus Crawling
918+1+WAN CHAI+LAM KAM ROAD,918,1,kmb,WAN CHAI,LAM KAM ROAD,WAN CHAI,LAM KAM ROAD,,,HK Bus Crawling
91B+1+HANG HAU STATION+HKUST,91B,1,kmb,HANG HAU STATION,HKUST,HANG HAU STATION,HKUST,,1000469,HK Bus Crawling
91M+1+DIAMOND HILL STATION+PO LAM,91M,1,kmb,DIAMOND HILL STATION,PO LAM,DIAMOND HILL STATION,PO LAM,,1398,HK Bus Crawling
91M+1+PO LAM+DIAMOND HILL STATION,91M,1,kmb,PO LAM,DIAMOND HILL STATION,PO LAM,DIAMOND HILL STATION,,1398,HK Bus Crawling
91M+2+H.K.U.S.T (NORTH)+PO LAM,91M,2,kmb,H.K.U.S.T (NORTH),PO LAM,H.K.U.S.T (NORTH),PO LAM,,8425,HK Bus Crawling
91P+1+DIAMOND HILL STATION+HONG KONG UNIVERSITY OF SCIENCE AND TEHNOLOGY,91P,1,kmb,DIAMOND HILL STATION,HONG KONG UNIVERSITY OF SCIENCE AND TEHNOLOGY,DIAMOND HILL STATION,HONG KONG UNIVERSITY OF SCIENCE AND TEHNOLOGY,,8093,HK Bus Crawling
91P+1+H.K.U.S.T. (SOUTH)+PING SHEK ／ CHOI HUNG STATION,91P,1,kmb,H.K.U.S.T. (SOUTH),PING SHEK ／ CHOI HUNG STATION,H.K.U.S.T. (SOUTH),PING SHEK ／ CHOI HUNG STATION,,8426,HK Bus Crawling
91R+1+CLEAR WATER BAY+TSEUNG KWAN O (CHOI MING),91R,1,kmb,CLEAR WATER BAY,TSEUNG KWAN O (CHOI MING),CLEAR WATER BAY,TSEUNG KWAN O (CHOI MING),,8263,HK Bus Crawling
91S+1+CLEAR WATER BAY+KWUN TONG,91S,1,kmb,CLEAR WATER BAY,KWUN TONG,CLEAR WATER BAY,KWUN TONG,,8363,HK Bus Crawling
92+1+DIAMOND HILL STATION+SAI KUNG,92,1,kmb,DIAMOND HILL STATION,SAI KUNG,DIAMOND HILL STATION,SAI KUNG,,1399,HK Bus Crawling
92+1+SAI KUNG+DIAMOND HILL STATION,92,1,kmb,SAI KUNG,DIAMOND HILL STATION,SAI KUNG,DIAMOND HILL STATION,,1399,HK Bus Crawling
"92+2+DIAMOND HILL STATION, PLAZA HOLLYWOOOD (WT962)+SAI KUNG BUS TERMINUS (SK902)",92,2,kmb,"DIAMOND HILL STATION, PLAZA HOLLYWOOOD (WT962)",SAI KUNG BUS TERMINUS (SK902),"DIAMOND HILL STATION, PLAZA HOLLYWOOOD (WT962)",SAI KUNG BUS TERMINUS (SK902),,1000530,HK Bus Crawling
92+2+SAI KUNG+DIAMOND HILL STATION,92,2,kmb,SAI KUNG,DIAMOND HILL STATION,SAI KUNG,DIAMOND HILL STATION,,1000530,HK Bus Crawling
92R+1+SAI KUNG+STAR FERRY,92R,1,kmb,SAI KUNG,STAR FERRY,SAI KUNG,STAR FERRY,,8743,HK Bus Crawling
92R+1+STAR FERRY+SAI KUNG,92R,1,kmb,STAR FERRY,SAI KUNG,STAR FERRY,SAI KUNG,,8743,HK Bus Crawling
934+1+TSUEN WAN (BAYVIEW GARDEN)+WAN CHAI (FLEMING ROAD),934,1,kmb,TSUEN WAN (BAYVIEW GARDEN),WAN CHAI (FLEMING ROAD),TSUEN WAN (BAYVIEW GARDEN),WAN CHAI (FLEMING ROAD),,1400,HK Bus Crawling
934+1+WAN CHAI (FLEMING ROAD)+TSUEN WAN (BAYVIEW GARDEN),934,1,kmb,WAN CHAI (FLEMING ROAD),TSUEN WAN (BAYVIEW GARDEN),WAN CHAI (FLEMING ROAD),TSUEN WAN (BAYVIEW GARDEN),,1400,HK Bus Crawling
934A+1+TSUEN WAN (ALLWAY GARDENS)+WAN CHAI (FLEMING ROAD),934A,1,kmb,TSUEN WAN (ALLWAY GARDENS),WAN CHAI (FLEMING ROAD),TSUEN WAN (ALLWAY GARDENS),WAN CHAI (FLEMING ROAD),,8291,HK Bus Crawling
934A+1+WAN CHAI (FLEMING ROAD)+TSUEN WAN (ALLWAY GARDENS),934A,1,kmb,WAN CHAI (FLEMING ROAD),TSUEN WAN (ALLWAY GARDENS),WAN CHAI (FLEMING ROAD),TSUEN WAN (ALLWAY GARDENS),,8291,HK Bus Crawling
935+1+SHEK LEI (TAI LOONG STREET)+WAN CHAI (FLEMING ROAD),935,1,kmb,SHEK LEI (TAI LOONG STREET),WAN CHAI (FLEMING ROAD),SHEK LEI (TAI LOONG STREET),WAN CHAI (FLEMING ROAD),,1401,HK Bus Crawling
935+1+WAN CHAI (FLEMING ROAD)+SHEK LEI (TAI LOONG STREET),935,1,kmb,WAN CHAI (FLEMING ROAD),SHEK LEI (TAI LOONG STREET),WAN CHAI (FLEMING ROAD),SHEK LEI (TAI LOONG STREET),,1401,HK Bus Crawling
935+2+KWAI CHUNG (ON YAM ESTATE)+WAN CHAI (FLEMING ROAD),935,2,kmb,KWAI CHUNG (ON YAM ESTATE),WAN CHAI (FLEMING ROAD),KWAI CHUNG (ON YAM ESTATE),WAN CHAI (FLEMING ROAD),,8073,HK Bus Crawling
936+1+CAUSEWAY BAY (COTTON PATH)+SHEK WAI KOK,936,1,kmb,CAUSEWAY BAY (COTTON PATH),SHEK WAI KOK,CAUSEWAY BAY (COTTON PATH),SHEK WAI KOK,,8521,HK Bus Crawling
936+1+TSUEN WAN (SHEK WAI KOK)+CAUSEWAY BAY (COTTON PATH),936,1,kmb,TSUEN WAN (SHEK WAI KOK),CAUSEWAY BAY (COTTON PATH),TSUEN WAN (SHEK WAI KOK),CAUSEWAY BAY (COTTON PATH),,8521,HK Bus Crawling
936A+1+CAUSEWAY BAY (COTTON PATH)+LEI MUK SHUE,936A,1,kmb,CAUSEWAY BAY (COTTON PATH),LEI MUK SHUE,CAUSEWAY BAY (COTTON PATH),LEI MUK SHUE,,1000385,HK Bus Crawling
936A+1+TSUEN WAN (SHEK WAI KOK)+CAUSEWAY BAY (COTTON PATH),936A,1,kmb,TSUEN WAN (SHEK WAI KOK),CAUSEWAY BAY (COTTON PATH),TSUEN WAN (SHEK WAI KOK),CAUSEWAY BAY (COTTON PATH),,8637,HK Bus Crawling
93A+1+KWUN TONG FERRY+PO LAM,93A,1,kmb,KWUN TONG FERRY,PO LAM,KWUN TONG FERRY,PO LAM,,1402,HK Bus Crawling
93A+1+PO LAM+KWUN TONG FERRY,93A,1,kmb,PO LAM,KWUN TONG FERRY,PO LAM,KWUN TONG FERRY,,1402,HK Bus Crawling
93K+1+MONG KOK EAST STATION+TSUI LAM,93K,1,kmb,MONG KOK EAST STATION,TSUI LAM,MONG KOK EAST STATION,TSUI LAM,,1403,HK Bus Crawling
93K+1+TSUI LAM+MONG KOK EAST STATION,93K,1,kmb,TSUI LAM,MONG KOK EAST STATION,TSUI LAM,MONG KOK EAST STATION,,1403,HK Bus Crawling
93M+1+TSEUNG KWAN O (CHOI MING)+PO LAM,93M,1,kmb,TSEUNG KWAN O (CHOI MING),PO LAM,TSEUNG KWAN O (CHOI MING),PO LAM,,1404,HK Bus Crawling
93P+1+MONG KOK (PARK AVENUE)+PO LAM,93P,1,kmb,MONG KOK (PARK AVENUE),PO LAM,MONG KOK (PARK AVENUE),PO LAM,,1000265,HK Bus Crawling
93P+1+PO LAM+MONG KOK (PARK AVENUE),93P,1,kmb,PO LAM,MONG KOK (PARK AVENUE),PO LAM,MONG KOK (PARK AVENUE),,1000265,HK Bus Crawling
94+1+SAI KUNG+WONG SHEK PIER,94,1,kmb,SAI KUNG,WONG SHEK PIER,SAI KUNG,WONG SHEK PIER,,1405,HK Bus Crawling
94+1+WONG SHEK PIER+SAI KUNG,94,1,kmb,WONG SHEK PIER,SAI KUNG,WONG SHEK PIER,SAI KUNG,,1405,HK Bus Crawling
945+1+NORTH POINT+YUEN LONG(FUNG CHEUNG ROAD),945,1,kmb,NORTH POINT,YUEN LONG(FUNG CHEUNG ROAD),NORTH POINT,YUEN LONG(FUNG CHEUNG ROAD),,,HK Bus Crawling
945+1+YUEN LONG(FUNG CHEUNG ROAD)+NORTH POINT,945,1,kmb,YUEN LONG(FUNG CHEUNG ROAD),NORTH POINT,YUEN LONG(FUNG CHEUNG ROAD),NORTH POINT,,,HK Bus Crawling
95+1+KOWLOON STATION+TSUI LAM,95,1,kmb,KOWLOON STATION,TSUI LAM,KOWLOON STATION,TSUI LAM,,1408,HK Bus Crawling
95+1+TSUI LAM+KOWLOON STATION,95,1,kmb,TSUI LAM,KOWLOON STATION,TSUI LAM,KOWLOON STATION,,1408,HK Bus Crawling
96+1+HONG SING GARDEN+TAI PO INDUSTRIAL ESTATE,96,1,kmb,HONG SING GARDEN,TAI PO INDUSTRIAL ESTATE,HONG SING GARDEN,TAI PO INDUSTRIAL ESTATE,,1000314,HK Bus Crawling
96+1+TAI PO INDUSTRIAL ESTATE+HONG SING GARDEN,96,1,kmb,TAI PO INDUSTRIAL ESTATE,HONG SING GARDEN,TAI PO INDUSTRIAL ESTATE,HONG SING GARDEN,,1000314,HK Bus Crawling
96+2+PARK CENTRAL+TAI PO INDUSTRIAL ESTATE,96,2,kmb,PARK CENTRAL,TAI PO INDUSTRIAL ESTATE,PARK CENTRAL,TAI PO INDUSTRIAL ESTATE,,1000543,HK Bus Crawling
960+1+EXHIBITION CENTRE STATION+TUEN MUN (KIN SANG ESTATE),960,1,kmb,EXHIBITION CENTRE STATION,TUEN MUN (KIN SANG ESTATE),EXHIBITION CENTRE STATION,TUEN MUN (KIN SANG ESTATE),,1410,HK Bus Crawling
960+1+TUEN MUN (KIN SANG ESTATE)+EXHIBITION CENTRE STATION,960,1,kmb,TUEN MUN (KIN SANG ESTATE),EXHIBITION CENTRE STATION,TUEN MUN (KIN SANG ESTATE),EXHIBITION CENTRE STATION,,1410,HK Bus Crawling
960A+1+CENTRAL+TUEN MUN (FU TAI ESTATE),960A,1,kmb,CENTRAL,TUEN MUN (FU TAI ESTATE),CENTRAL,TUEN MUN (FU TAI ESTATE),,1411,HK Bus Crawling
960B+1+QUARRY BAY (KING'S ROAD)+TUEN MUN (KIN SANG ESTATE),960B,1,kmb,QUARRY BAY (KING'S ROAD),TUEN MUN (KIN SANG ESTATE),QUARRY BAY (KING'S ROAD),TUEN MUN (KIN SANG ESTATE),,1951,HK Bus Crawling
960B+1+TUEN MUN (KIN SANG ESTATE)+QUARRY BAY (KING'S ROAD),960B,1,kmb,TUEN MUN (KIN SANG ESTATE),QUARRY BAY (KING'S ROAD),TUEN MUN (KIN SANG ESTATE),QUARRY BAY (KING'S ROAD),,1951,HK Bus Crawling
960C+1+CAUSEWAY BAY+FU TAI ESTATE,960C,1,kmb,CAUSEWAY BAY,FU TAI ESTATE,CAUSEWAY BAY,FU TAI ESTATE,,1000365,HK Bus Crawling
960C+1+TUEN MUN (FU TAI ESTATE)+CAUSEWAY BAY (VICTORIA PARK),960C,1,kmb,TUEN MUN (FU TAI ESTATE),CAUSEWAY BAY (VICTORIA PARK),TUEN MUN (FU TAI ESTATE),CAUSEWAY BAY (VICTORIA PARK),,8559,HK Bus Crawling
960P+1+CAUSEWAY BAY+HUNG SHUI KIU,960P,1,kmb,CAUSEWAY BAY,HUNG SHUI KIU,CAUSEWAY BAY,HUNG SHUI KIU,,1000366,HK Bus Crawling
960P+1+HUNG SHUI KIU (HUNG YUEN ROAD)+CAUSEWAY BAY (VICTORIA PARK),960P,1,kmb,HUNG SHUI KIU (HUNG YUEN ROAD),CAUSEWAY BAY (VICTORIA PARK),HUNG SHUI KIU (HUNG YUEN ROAD),CAUSEWAY BAY (VICTORIA PARK),,1412,HK Bus Crawling
960S+1+CAUSEWAY BAY (VICTORIA PARK)+TUEN MUN (FU TAI ESTATE),960S,1,kmb,CAUSEWAY BAY (VICTORIA PARK),TUEN MUN (FU TAI ESTATE),CAUSEWAY BAY (VICTORIA PARK),TUEN MUN (FU TAI ESTATE),,1000367,HK Bus Crawling
960S+1+TUEN MUN (FU TAI ESTATE)+CAUSEWAY BAY (VICTORIA PARK),960S,1,kmb,TUEN MUN (FU TAI ESTATE),CAUSEWAY BAY (VICTORIA PARK),TUEN MUN (FU TAI ESTATE),CAUSEWAY BAY (VICTORIA PARK),,1413,HK Bus Crawling
960X+1+HUNG SHUI KIU (HUNG YUEN ROAD)+QUARRY BAY (KING'S ROAD),960X,1,kmb,HUNG SHUI KIU (HUNG YUEN ROAD),QUARRY BAY (KING'S ROAD),HUNG SHUI KIU (HUNG YUEN ROAD),QUARRY BAY (KING'S ROAD),,8100,HK Bus Crawling
960X+1+QUARRY BAY (KING'S ROAD)+HUNG SHUI KIU,960X,1,kmb,QUARRY BAY (KING'S ROAD),HUNG SHUI KIU,QUARRY BAY (KING'S ROAD),HUNG SHUI KIU,,1000240,HK Bus Crawling
961+1+TUEN MUN (SHAN KING ESTATE)+Wan Chai (HKCECE),961,1,kmb,TUEN MUN (SHAN KING ESTATE),Wan Chai (HKCECE),TUEN MUN (SHAN KING ESTATE),Wan Chai (HKCECE),,1414,HK Bus Crawling
961+1+Wan Chai (HKCECE)+TUEN MUN (SHAN KING ESTATE),961,1,kmb,Wan Chai (HKCECE),TUEN MUN (SHAN KING ESTATE),Wan Chai (HKCECE),TUEN MUN (SHAN KING ESTATE),,1414,HK Bus Crawling
961+3+TUEN MUN (SHAN KING ESTATE)+Wan Chai (HKCECE),961,3,kmb,TUEN MUN (SHAN KING ESTATE),Wan Chai (HKCECE),TUEN MUN (SHAN KING ESTATE),Wan Chai (HKCECE),,1000271,HK Bus Crawling
961+3+Wan Chai (HKCECE)+TUEN MUN (SHAN KING ESTATE),961,3,kmb,Wan Chai (HKCECE),TUEN MUN (SHAN KING ESTATE),Wan Chai (HKCECE),TUEN MUN (SHAN KING ESTATE),,1000271,HK Bus Crawling
961P+1+TUEN MUN (LEUNG KING ESTATE)+CAUSEWAY BAY (VICTORIA PARK),961P,1,kmb,TUEN MUN (LEUNG KING ESTATE),CAUSEWAY BAY (VICTORIA PARK),TUEN MUN (LEUNG KING ESTATE),CAUSEWAY BAY (VICTORIA PARK),,8094,HK Bus Crawling
961S+1+TUEN MUN (LEUNG KING ESTATE)+CAUSEWAY BAY (VICTORIA PARK),961S,1,kmb,TUEN MUN (LEUNG KING ESTATE),CAUSEWAY BAY (VICTORIA PARK),TUEN MUN (LEUNG KING ESTATE),CAUSEWAY BAY (VICTORIA PARK),,1000075,HK Bus Crawling
961S+2+TUEN MUN (LEUNG KING ESTATE)+CAUSEWAY BAY (VICTORIA PARK),961S,2,kmb,TUEN MUN (LEUNG KING ESTATE),CAUSEWAY BAY (VICTORIA PARK),TUEN MUN (LEUNG KING ESTATE),CAUSEWAY BAY (VICTORIA PARK),,1000514,HK Bus Crawling
968+1+CAUSEWAY BAY (TIN HAU)+YUEN LONG (WEST),968,1,kmb,CAUSEWAY BAY (TIN HAU),YUEN LONG (WEST),CAUSEWAY BAY (TIN HAU),YUEN LONG (WEST),,1415,HK Bus Crawling
968+1+YUEN LONG (WEST)+CAUSEWAY BAY (TIN HAU),968,1,kmb,YUEN LONG (WEST),CAUSEWAY BAY (TIN HAU),YUEN LONG (WEST),CAUSEWAY BAY (TIN HAU),,1415,HK Bus Crawling
968+2+YUEN LONG PARK+CAUSEWAY BAY (TIN HAU),968,2,kmb,YUEN LONG PARK,CAUSEWAY BAY (TIN HAU),YUEN LONG PARK,CAUSEWAY BAY (TIN HAU),,8393,HK Bus Crawling
968+3+FLEMING ROAD+YUEN LONG (WEST),968,3,kmb,FLEMING ROAD,YUEN LONG (WEST),FLEMING ROAD,YUEN LONG (WEST),,1000715,HK Bus Crawling
968A+1+YUEN LONG (WEST)+CAUSEWAY BAY (TIN HAU),968A,1,kmb,YUEN LONG (WEST),CAUSEWAY BAY (TIN HAU),YUEN LONG (WEST),CAUSEWAY BAY (TIN HAU),,8523,HK Bus Crawling
968X+1+QUARRY BAY (KING'S ROAD)+YUEN LONG (TAK YIP STREET),968X,1,kmb,QUARRY BAY (KING'S ROAD),YUEN LONG (TAK YIP STREET),QUARRY BAY (KING'S ROAD),YUEN LONG (TAK YIP STREET),,8131,HK Bus Crawling
968X+1+YUEN LONG (TAK YIP STREET)+QUARRY BAY (KING'S ROAD),968X,1,kmb,YUEN LONG (TAK YIP STREET),QUARRY BAY (KING'S ROAD),YUEN LONG (TAK YIP STREET),QUARRY BAY (KING'S ROAD),,8131,HK Bus Crawling
96R+1+DIAMOND HILL STATION+WONG SHEK PIER,96R,1,kmb,DIAMOND HILL STATION,WONG SHEK PIER,DIAMOND HILL STATION,WONG SHEK PIER,,1416,HK Bus Crawling
96R+1+WONG SHEK PIER+DIAMOND HILL STATION,96R,1,kmb,WONG SHEK PIER,DIAMOND HILL STATION,WONG SHEK PIER,DIAMOND HILL STATION,,1416,HK Bus Crawling
97+1+HONG SING GARDEN+WU KAI SHA STATION,97,1,kmb,HONG SING GARDEN,WU KAI SHA STATION,HONG SING GARDEN,WU KAI SHA STATION,,1000286,HK Bus Crawling
97+1+WU KAI SHA STATION+HONG SING GARDEN,97,1,kmb,WU KAI SHA STATION,HONG SING GARDEN,WU KAI SHA STATION,HONG SING GARDEN,,1000286,HK Bus Crawling
978+1+EXHIBITION CENTRE STATION+FANLING (WAH MING),978,1,kmb,EXHIBITION CENTRE STATION,FANLING (WAH MING),EXHIBITION CENTRE STATION,FANLING (WAH MING),,1195,HK Bus Crawling
978+1+FANLING (WAH MING)+EXHIBITION CENTRE STATION,978,1,kmb,FANLING (WAH MING),EXHIBITION CENTRE STATION,FANLING (WAH MING),EXHIBITION CENTRE STATION,,1195,HK Bus Crawling
978A+1+EXHIBITION CENTRE STATION+FANLING (LUEN WO HUI),978A,1,kmb,EXHIBITION CENTRE STATION,FANLING (LUEN WO HUI),EXHIBITION CENTRE STATION,FANLING (LUEN WO HUI),,8273,HK Bus Crawling
978A+1+FANLING (LUEN WO HUI)+EXHIBITION CENTRE STATION,978A,1,kmb,FANLING (LUEN WO HUI),EXHIBITION CENTRE STATION,FANLING (LUEN WO HUI),EXHIBITION CENTRE STATION,,8273,HK Bus Crawling
978B+1+CHI FUK CIRCUIT+EXHIBITION CENTRE STATION,978B,1,kmb,CHI FUK CIRCUIT,EXHIBITION CENTRE STATION,CHI FUK CIRCUIT,EXHIBITION CENTRE STATION,,8274,HK Bus Crawling
98+1+TSEUNG KWAN O INDUSTRIAL ESTATE+NGAU TAU KOK STATION (CIRCULAR),98,1,kmb,TSEUNG KWAN O INDUSTRIAL ESTATE,NGAU TAU KOK STATION (CIRCULAR),TSEUNG KWAN O INDUSTRIAL ESTATE,NGAU TAU KOK STATION (CIRCULAR),,8791,HK Bus Crawling
98+3+TSEUNG KWAN O INDUSTRIAL ESTATE+NGAU TAU KOK STATION,98,3,kmb,TSEUNG KWAN O INDUSTRIAL ESTATE,NGAU TAU KOK STATION,TSEUNG KWAN O INDUSTRIAL ESTATE,NGAU TAU KOK STATION,,,HK Bus Crawling
98A+1+HANG HAU (NORTH) (TSEUNG KWAN O HOSPITAL)+NGAU TAU KOK STATION (CIRCULAR),98A,1,kmb,HANG HAU (NORTH) (TSEUNG KWAN O HOSPITAL),NGAU TAU KOK STATION (CIRCULAR),HANG HAU (NORTH) (TSEUNG KWAN O HOSPITAL),NGAU TAU KOK STATION (CIRCULAR),,1417,HK Bus Crawling
98A+2+KWUN TONG BBI - MILLENNIUM CITY (KT640)+HANG HAU (NORTH) (TSEUNG KWAN O HOSPITAL) (TK950),98A,2,kmb,KWUN TONG BBI - MILLENNIUM CITY (KT640),HANG HAU (NORTH) (TSEUNG KWAN O HOSPITAL) (TK950),KWUN TONG BBI - MILLENNIUM CITY (KT640),HANG HAU (NORTH) (TSEUNG KWAN O HOSPITAL) (TK950),,8683,HK Bus Crawling
98A+3+NGAU TAU KOK STATION+HANG HAU (NORTH) (TSEUNG KWAN O HOSPITAL),98A,3,kmb,NGAU TAU KOK STATION,HANG HAU (NORTH) (TSEUNG KWAN O HOSPITAL),NGAU TAU KOK STATION,HANG HAU (NORTH) (TSEUNG KWAN O HOSPITAL),,,HK Bus Crawling
98C+1+HANG HAU (NORTH) (TSEUNG KWAN O HOSPITAL)+MEI FOO,98C,1,kmb,HANG HAU (NORTH) (TSEUNG KWAN O HOSPITAL),MEI FOO,HANG HAU (NORTH) (TSEUNG KWAN O HOSPITAL),MEI FOO,,1418,HK Bus Crawling
98C+1+MEI FOO+HANG HAU (NORTH) (TSEUNG KWAN O HOSPITAL),98C,1,kmb,MEI FOO,HANG HAU (NORTH) (TSEUNG KWAN O HOSPITAL),MEI FOO,HANG HAU (NORTH) (TSEUNG KWAN O HOSPITAL),,1418,HK Bus Crawling
98D+1+HANG HAU (NORTH) (TSEUNG KWAN O HOSPITAL)+TSIM SHA TSUI EAST,98D,1,kmb,HANG HAU (NORTH) (TSEUNG KWAN O HOSPITAL),TSIM SHA TSUI EAST,HANG HAU (NORTH) (TSEUNG KWAN O HOSPITAL),TSIM SHA TSUI EAST,,1419,HK Bus Crawling
98D+1+TSIM SHA TSUI EAST+HANG HAU (NORTH) (TSEUNG KWAN O HOSPITAL),98D,1,kmb,TSIM SHA TSUI EAST,HANG HAU (NORTH) (TSEUNG KWAN O HOSPITAL),TSIM SHA TSUI EAST,HANG HAU (NORTH) (TSEUNG KWAN O HOSPITAL),,1419,HK Bus Crawling
98D+2+HANG HAU (NORTH) (TSEUNG KWAN O HOSPITAL)+TSIM SHA TSUI EAST,98D,2,kmb,HANG HAU (NORTH) (TSEUNG KWAN O HOSPITAL),TSIM SHA TSUI EAST,HANG HAU (NORTH) (TSEUNG KWAN O HOSPITAL),TSIM SHA TSUI EAST,,8248,HK Bus Crawling
98D+3+LOHAS PARK STATION+TSIM SHA TSUI EAST,98D,3,kmb,LOHAS PARK STATION,TSIM SHA TSUI EAST,LOHAS PARK STATION,TSIM SHA TSUI EAST,,1423,HK Bus Crawling
98D+4+HANG HAU (NORTH) (TSEUNG KWAN O HOSPITAL)+TSIM SHA TSUI EAST,98D,4,kmb,HANG HAU (NORTH) (TSEUNG KWAN O HOSPITAL),TSIM SHA TSUI EAST,HANG HAU (NORTH) (TSEUNG KWAN O HOSPITAL),TSIM SHA TSUI EAST,,8247,HK Bus Crawling
98E+1+HANG HAU (NORTH) (TSEUNG KWAN O HOSPITAL)+MEI FOO,98E,1,kmb,HANG HAU (NORTH) (TSEUNG KWAN O HOSPITAL),MEI FOO,HANG HAU (NORTH) (TSEUNG KWAN O HOSPITAL),MEI FOO,,1000386,HK Bus Crawling
98E+1+MEI FOO+HANG HAU (NORTH) (TSEUNG KWAN O HOSPITAL),98E,1,kmb,MEI FOO,HANG HAU (NORTH) (TSEUNG KWAN O HOSPITAL),MEI FOO,HANG HAU (NORTH) (TSEUNG KWAN O HOSPITAL),,1000386,HK Bus Crawling
98P+1+HONG SING GARDEN+TSIM SHA TSUI EAST,98P,1,kmb,HONG SING GARDEN,TSIM SHA TSUI EAST,HONG SING GARDEN,TSIM SHA TSUI EAST,,1420,HK Bus Crawling
98P+1+TSIM SHA TSUI EAST+HANG HAU (NORTH) (TSEUNG KWAN O HOSPITAL),98P,1,kmb,TSIM SHA TSUI EAST,HANG HAU (NORTH) (TSEUNG KWAN O HOSPITAL),TSIM SHA TSUI EAST,HANG HAU (NORTH) (TSEUNG KWAN O HOSPITAL),,8249,HK Bus Crawling
98R+1+HONG KONG COLISEUM+HANG HAU (NORTH) (TSEUNG KWAN O HOSPITAL),98R,1,kmb,HONG KONG COLISEUM,HANG HAU (NORTH) (TSEUNG KWAN O HOSPITAL),HONG KONG COLISEUM,HANG HAU (NORTH) (TSEUNG KWAN O HOSPITAL),,,HK Bus Crawling
98S+1+HANG HAU (NORTH) (TSEUNG KWAN O HOSPITAL)+MEI FOO,98S,1,kmb,HANG HAU (NORTH) (TSEUNG KWAN O HOSPITAL),MEI FOO,HANG HAU (NORTH) (TSEUNG KWAN O HOSPITAL),MEI FOO,,1421,HK Bus Crawling
98S+1+MEI FOO+HANG HAU (NORTH) (TSEUNG KWAN O HOSPITAL),98S,1,kmb,MEI FOO,HANG HAU (NORTH) (TSEUNG KWAN O HOSPITAL),MEI FOO,HANG HAU (NORTH) (TSEUNG KWAN O HOSPITAL),,1421,HK Bus Crawling
99+1+HENG ON+SAI KUNG,99,1,kmb,HENG ON,SAI KUNG,HENG ON,SAI KUNG,,1422,HK Bus Crawling
99+1+SAI KUNG+HENG ON,99,1,kmb,SAI KUNG,HENG ON,SAI KUNG,HENG ON,,1422,HK Bus Crawling
99R+1+SAI KUNG NORTH (SAI KUNG POLICE STATION)+UNIVERSITY STATION,99R,1,kmb,SAI KUNG NORTH (SAI KUNG POLICE STATION),UNIVERSITY STATION,SAI KUNG NORTH (SAI KUNG POLICE STATION),UNIVERSITY STATION,,8189,HK Bus Crawling
99R+1+UNIVERSITY STATION+SAI KUNG NORTH (SAI KUNG POLICE STATION),99R,1,kmb,UNIVERSITY STATION,SAI KUNG NORTH (SAI KUNG POLICE STATION),UNIVERSITY STATION,SAI KUNG NORTH (SAI KUNG POLICE STATION),,8189,HK Bus Crawling
A30+1+AIRPORT (GROUND TRANSPORTATION CENTRE)+LEI MUK SHUE,A30,1,kmb,AIRPORT (GROUND TRANSPORTATION CENTRE),LEI MUK SHUE,AIRPORT (GROUND TRANSPORTATION CENTRE),LEI MUK SHUE,,1000383,HK Bus Crawling
A30+1+LEI MUK SHUE+AIRPORT (GROUND TRANSPORTATION CENTRE),A30,1,kmb,LEI MUK SHUE,AIRPORT (GROUND TRANSPORTATION CENTRE),LEI MUK SHUE,AIRPORT (GROUND TRANSPORTATION CENTRE),,1000383,HK Bus Crawling
A30+2+AIRPORT (GROUND TRANSPORTATION CENTRE)+LEI MUK SHUE,A30,2,kmb,AIRPORT (GROUND TRANSPORTATION CENTRE),LEI MUK SHUE,AIRPORT (GROUND TRANSPORTATION CENTRE),LEI MUK SHUE,,1000384,HK Bus Crawling
A30+2+LEI MUK SHUE+AIRPORT (GROUND TRANSPORTATION CENTRE),A30,2,kmb,LEI MUK SHUE,AIRPORT (GROUND TRANSPORTATION CENTRE),LEI MUK SHUE,AIRPORT (GROUND TRANSPORTATION CENTRE),,1000384,HK Bus Crawling
A31+1+AIRPORT (GROUND TRANSPORTATION CENTRE)+TSUEN WAN (NINA TOWER),A31,1,kmb,AIRPORT (GROUND TRANSPORTATION CENTRE),TSUEN WAN (NINA TOWER),AIRPORT (GROUND TRANSPORTATION CENTRE),TSUEN WAN (NINA TOWER),,1473,HK Bus Crawling
A31+1+TSUEN WAN (NINA TOWER)+AIRPORT (GROUND TRANSPORTATION CENTRE),A31,1,kmb,TSUEN WAN (NINA TOWER),AIRPORT (GROUND TRANSPORTATION CENTRE),TSUEN WAN (NINA TOWER),AIRPORT (GROUND TRANSPORTATION CENTRE),,1473,HK Bus Crawling
A31+2+AIRPORT (GROUND TRANSPORTATION CENTRE)+TSUEN WAN (NINA TOWER),A31,2,kmb,AIRPORT (GROUND TRANSPORTATION CENTRE),TSUEN WAN (NINA TOWER),AIRPORT (GROUND TRANSPORTATION CENTRE),TSUEN WAN (NINA TOWER),,1000088,HK Bus Crawling
A31+3+TSUEN WAN (NINA TOWER)+AIRPORT (GROUND TRANSPORTATION CENTRE),A31,3,kmb,TSUEN WAN (NINA TOWER),AIRPORT (GROUND TRANSPORTATION CENTRE),TSUEN WAN (NINA TOWER),AIRPORT (GROUND TRANSPORTATION CENTRE),,1000088,HK Bus Crawling
A32+1+AIRPORT (GROUND TRANSPORTATION CENTRE)+KWAI CHUNG ESTATE,A32,1,kmb,AIRPORT (GROUND TRANSPORTATION CENTRE),KWAI CHUNG ESTATE,AIRPORT (GROUND TRANSPORTATION CENTRE),KWAI CHUNG ESTATE,,8381,HK Bus Crawling
A32+1+KWAI CHUNG ESTATE+AIRPORT (GROUND TRANSPORTATION CENTRE),A32,1,kmb,KWAI CHUNG ESTATE,AIRPORT (GROUND TRANSPORTATION CENTRE),KWAI CHUNG ESTATE,AIRPORT (GROUND TRANSPORTATION CENTRE),,8381,HK Bus Crawling
A32+2+AIRPORT (GROUND TRANSPORTATION CENTRE)+KWAI CHUNG ESTATE,A32,2,kmb,AIRPORT (GROUND TRANSPORTATION CENTRE),KWAI CHUNG ESTATE,AIRPORT (GROUND TRANSPORTATION CENTRE),KWAI CHUNG ESTATE,,1000697,HK Bus Crawling
A33+1+AIRPORT (GROUND TRANSPORTATION CENTRE)+Tuen Mun Road BBI,A33,1,kmb,AIRPORT (GROUND TRANSPORTATION CENTRE),Tuen Mun Road BBI,AIRPORT (GROUND TRANSPORTATION CENTRE),Tuen Mun Road BBI,,8805,HK Bus Crawling
A33+1+TUEN MUN ROAD BBI+AIRPORT (GROUND TRANSPORTATION CENTRE),A33,1,kmb,TUEN MUN ROAD BBI,AIRPORT (GROUND TRANSPORTATION CENTRE),TUEN MUN ROAD BBI,AIRPORT (GROUND TRANSPORTATION CENTRE),,8805,HK Bus Crawling
A33+2+TUEN MUN ROAD BBI+AIRPORT (GROUND TRANSPORTATION CENTRE),A33,2,kmb,TUEN MUN ROAD BBI,AIRPORT (GROUND TRANSPORTATION CENTRE),TUEN MUN ROAD BBI,AIRPORT (GROUND TRANSPORTATION CENTRE),,8778,HK Bus Crawling
A33+3+AIRPORT (GROUND TRANSPORTATION CENTRE)+Tuen Mun Road BBI,A33,3,kmb,AIRPORT (GROUND TRANSPORTATION CENTRE),Tuen Mun Road BBI,AIRPORT (GROUND TRANSPORTATION CENTRE),Tuen Mun Road BBI,,8778,HK Bus Crawling
A33X+1+AIRPORT (GROUND TRANSPORTATION CENTRE)+TUEN MUN (FU TAI ESTATE),A33X,1,kmb,AIRPORT (GROUND TRANSPORTATION CENTRE),TUEN MUN (FU TAI ESTATE),AIRPORT (GROUND TRANSPORTATION CENTRE),TUEN MUN (FU TAI ESTATE),,8372,HK Bus Crawling
A33X+1+TUEN MUN (FU TAI ESTATE)+AIRPORT (GROUND TRANSPORTATION CENTRE),A33X,1,kmb,TUEN MUN (FU TAI ESTATE),AIRPORT (GROUND TRANSPORTATION CENTRE),TUEN MUN (FU TAI ESTATE),AIRPORT (GROUND TRANSPORTATION CENTRE),,8372,HK Bus Crawling
A33X+2+Cathay City+TUEN MUN (FU TAI ESTATE),A33X,2,kmb,Cathay City,TUEN MUN (FU TAI ESTATE),Cathay City,TUEN MUN (FU TAI ESTATE),,1000452,HK Bus Crawling
A33X+2+TUEN MUN (FU TAI ESTATE)+AIRPORT (GROUND TRANSPORTATION CENTRE),A33X,2,kmb,TUEN MUN (FU TAI ESTATE),AIRPORT (GROUND TRANSPORTATION CENTRE),TUEN MUN (FU TAI ESTATE),AIRPORT (GROUND TRANSPORTATION CENTRE),,8373,HK Bus Crawling
A34+1+AIRPORT (GROUND TRANSPORTATION CENTRE)+HUNG SHUI KIU (HUNG YUEN ROAD),A34,1,kmb,AIRPORT (GROUND TRANSPORTATION CENTRE),HUNG SHUI KIU (HUNG YUEN ROAD),AIRPORT (GROUND TRANSPORTATION CENTRE),HUNG SHUI KIU (HUNG YUEN ROAD),,8803,HK Bus Crawling
A34+1+HUNG SHUI KIU (HUNG YUEN ROAD)+AIRPORT (GROUND TRANSPORTATION CENTRE),A34,1,kmb,HUNG SHUI KIU (HUNG YUEN ROAD),AIRPORT (GROUND TRANSPORTATION CENTRE),HUNG SHUI KIU (HUNG YUEN ROAD),AIRPORT (GROUND TRANSPORTATION CENTRE),,8803,HK Bus Crawling
A34+2+AIRPORT (GROUND TRANSPORTATION CENTRE)+HUNG SHUI KIU (HUNG YUEN ROAD),A34,2,kmb,AIRPORT (GROUND TRANSPORTATION CENTRE),HUNG SHUI KIU (HUNG YUEN ROAD),AIRPORT (GROUND TRANSPORTATION CENTRE),HUNG SHUI KIU (HUNG YUEN ROAD),,1000047,HK Bus Crawling
A34+2+Siu Hong Road+AIRPORT (GROUND TRANSPORTATION CENTRE),A34,2,kmb,Siu Hong Road,AIRPORT (GROUND TRANSPORTATION CENTRE),Siu Hong Road,AIRPORT (GROUND TRANSPORTATION CENTRE),,8804,HK Bus Crawling
A34+3+HUNG SHUI KIU (HUNG YUEN ROAD)+AIRPORT (GROUND TRANSPORTATION CENTRE),A34,3,kmb,HUNG SHUI KIU (HUNG YUEN ROAD),AIRPORT (GROUND TRANSPORTATION CENTRE),HUNG SHUI KIU (HUNG YUEN ROAD),AIRPORT (GROUND TRANSPORTATION CENTRE),,1000047,HK Bus Crawling
A34+4+Siu Hong Road+AIRPORT (GROUND TRANSPORTATION CENTRE),A34,4,kmb,Siu Hong Road,AIRPORT (GROUND TRANSPORTATION CENTRE),Siu Hong Road,AIRPORT (GROUND TRANSPORTATION CENTRE),,1000049,HK Bus Crawling
A36+1+AIRPORT (GROUND TRANSPORTATION CENTRE)+KAM SHEUNG ROAD STATION,A36,1,kmb,AIRPORT (GROUND TRANSPORTATION CENTRE),KAM SHEUNG ROAD STATION,AIRPORT (GROUND TRANSPORTATION CENTRE),KAM SHEUNG ROAD STATION,,8295,HK Bus Crawling
A36+1+KAM SHEUNG ROAD STATION+AIRPORT (GROUND TRANSPORTATION CENTRE),A36,1,kmb,KAM SHEUNG ROAD STATION,AIRPORT (GROUND TRANSPORTATION CENTRE),KAM SHEUNG ROAD STATION,AIRPORT (GROUND TRANSPORTATION CENTRE),,8295,HK Bus Crawling
A36+2+KAM SHEUNG ROAD STATION+AIRPORT (GROUND TRANSPORTATION CENTRE),A36,2,kmb,KAM SHEUNG ROAD STATION,AIRPORT (GROUND TRANSPORTATION CENTRE),KAM SHEUNG ROAD STATION,AIRPORT (GROUND TRANSPORTATION CENTRE),,8369,HK Bus Crawling
A36+3+AIRPORT (GROUND TRANSPORTATION CENTRE)+KAM SHEUNG ROAD STATION,A36,3,kmb,AIRPORT (GROUND TRANSPORTATION CENTRE),KAM SHEUNG ROAD STATION,AIRPORT (GROUND TRANSPORTATION CENTRE),KAM SHEUNG ROAD STATION,,1000221,HK Bus Crawling
A36+3+KAM SHEUNG ROAD STATION+AIRPORT (GROUND TRANSPORTATION CENTRE),A36,3,kmb,KAM SHEUNG ROAD STATION,AIRPORT (GROUND TRANSPORTATION CENTRE),KAM SHEUNG ROAD STATION,AIRPORT (GROUND TRANSPORTATION CENTRE),,8640,HK Bus Crawling
A37+1+AIRPORT (GROUND TRANSPORTATION CENTRE)+LONG PING STATION,A37,1,kmb,AIRPORT (GROUND TRANSPORTATION CENTRE),LONG PING STATION,AIRPORT (GROUND TRANSPORTATION CENTRE),LONG PING STATION,,8349,HK Bus Crawling
A37+1+LONG PING STATION+AIRPORT (GROUND TRANSPORTATION CENTRE),A37,1,kmb,LONG PING STATION,AIRPORT (GROUND TRANSPORTATION CENTRE),LONG PING STATION,AIRPORT (GROUND TRANSPORTATION CENTRE),,8349,HK Bus Crawling
A37+2+AIRPORT (GROUND TRANSPORTATION CENTRE)+LONG PING STATION,A37,2,kmb,AIRPORT (GROUND TRANSPORTATION CENTRE),LONG PING STATION,AIRPORT (GROUND TRANSPORTATION CENTRE),LONG PING STATION,,8779,HK Bus Crawling
A37+2+LONG PING STATION+AIRPORT (GROUND TRANSPORTATION CENTRE),A37,2,kmb,LONG PING STATION,AIRPORT (GROUND TRANSPORTATION CENTRE),LONG PING STATION,AIRPORT (GROUND TRANSPORTATION CENTRE),,8779,HK Bus Crawling
A38+1+AIRPORT (GROUND TRANSPORTATION CENTRE)+TSUEN WAN (ALLWAY GARDENS),A38,1,kmb,AIRPORT (GROUND TRANSPORTATION CENTRE),TSUEN WAN (ALLWAY GARDENS),AIRPORT (GROUND TRANSPORTATION CENTRE),TSUEN WAN (ALLWAY GARDENS),,8394,HK Bus Crawling
A38+1+TSUEN WAN (ALLWAY GARDENS)+AIRPORT (GROUND TRANSPORTATION CENTRE),A38,1,kmb,TSUEN WAN (ALLWAY GARDENS),AIRPORT (GROUND TRANSPORTATION CENTRE),TSUEN WAN (ALLWAY GARDENS),AIRPORT (GROUND TRANSPORTATION CENTRE),,8394,HK Bus Crawling
A41+1+AIRPORT (GROUND TRANSPORTATION CENTRE)+SHEK MUN ESTATE,A41,1,kmb,AIRPORT (GROUND TRANSPORTATION CENTRE),SHEK MUN ESTATE,AIRPORT (GROUND TRANSPORTATION CENTRE),SHEK MUN ESTATE,,1000444,HK Bus Crawling
A41+1+SHEK MUN ESTATE+AIRPORT (GROUND TRANSPORTATION CENTRE),A41,1,kmb,SHEK MUN ESTATE,AIRPORT (GROUND TRANSPORTATION CENTRE),SHEK MUN ESTATE,AIRPORT (GROUND TRANSPORTATION CENTRE),,1000444,HK Bus Crawling
A41+3+AIRPORT (GROUND TRANSPORTATION CENTRE)+SHEK MUN ESTATE,A41,3,kmb,AIRPORT (GROUND TRANSPORTATION CENTRE),SHEK MUN ESTATE,AIRPORT (GROUND TRANSPORTATION CENTRE),SHEK MUN ESTATE,,1000446,HK Bus Crawling
A41+3+SHEK MUN ESTATE+AIRPORT (GROUND TRANSPORTATION CENTRE),A41,3,kmb,SHEK MUN ESTATE,AIRPORT (GROUND TRANSPORTATION CENTRE),SHEK MUN ESTATE,AIRPORT (GROUND TRANSPORTATION CENTRE),,1000445,HK Bus Crawling
A41P+1+AIRPORT (GROUND TRANSPORTATION CENTRE)+WU KAI SHA STATION,A41P,1,kmb,AIRPORT (GROUND TRANSPORTATION CENTRE),WU KAI SHA STATION,AIRPORT (GROUND TRANSPORTATION CENTRE),WU KAI SHA STATION,,1470,HK Bus Crawling
A41P+1+WU KAI SHA STATION+AIRPORT (GROUND TRANSPORTATION CENTRE),A41P,1,kmb,WU KAI SHA STATION,AIRPORT (GROUND TRANSPORTATION CENTRE),WU KAI SHA STATION,AIRPORT (GROUND TRANSPORTATION CENTRE),,1470,HK Bus Crawling
A41P+2+AIRPORT (GROUND TRANSPORTATION CENTRE)+WU KAI SHA STATION,A41P,2,kmb,AIRPORT (GROUND TRANSPORTATION CENTRE),WU KAI SHA STATION,AIRPORT (GROUND TRANSPORTATION CENTRE),WU KAI SHA STATION,,1000703,HK Bus Crawling
A41P+3+AIRPORT (GROUND TRANSPORTATION CENTRE)+Sai Sha Residences Transport Interchange,A41P,3,kmb,AIRPORT (GROUND TRANSPORTATION CENTRE),Sai Sha Residences Transport Interchange,AIRPORT (GROUND TRANSPORTATION CENTRE),Sai Sha Residences Transport Interchange,,1000653,HK Bus Crawling
A41P+3+Sai Sha Residences Transport Interchange+AIRPORT (GROUND TRANSPORTATION CENTRE),A41P,3,kmb,Sai Sha Residences Transport Interchange,AIRPORT (GROUND TRANSPORTATION CENTRE),Sai Sha Residences Transport Interchange,AIRPORT (GROUND TRANSPORTATION CENTRE),,1000653,HK Bus Crawling
A42+1+AIRPORT (GROUND TRANSPORTATION CENTRE)+WONG NAI TAU,A42,1,kmb,AIRPORT (GROUND TRANSPORTATION CENTRE),WONG NAI TAU,AIRPORT (GROUND TRANSPORTATION CENTRE),WONG NAI TAU,,1000447,HK Bus Crawling
A42+1+WONG NAI TAU+AIRPORT (GROUND TRANSPORTATION CENTRE),A42,1,kmb,WONG NAI TAU,AIRPORT (GROUND TRANSPORTATION CENTRE),WONG NAI TAU,AIRPORT (GROUND TRANSPORTATION CENTRE),,1000447,HK Bus Crawling
A43+1+AIRPORT (GROUND TRANSPORTATION CENTRE)+FANLING (LUEN WO HUI),A43,1,kmb,AIRPORT (GROUND TRANSPORTATION CENTRE),FANLING (LUEN WO HUI),AIRPORT (GROUND TRANSPORTATION CENTRE),FANLING (LUEN WO HUI),,1469,HK Bus Crawling
A43+1+FANLING (LUEN WO HUI)+AIRPORT (GROUND TRANSPORTATION CENTRE),A43,1,kmb,FANLING (LUEN WO HUI),AIRPORT (GROUND TRANSPORTATION CENTRE),FANLING (LUEN WO HUI),AIRPORT (GROUND TRANSPORTATION CENTRE),,1469,HK Bus Crawling
A43+2+FANLING (LUEN WO HUI)+AIRPORT (GROUND TRANSPORTATION CENTRE),A43,2,kmb,FANLING (LUEN WO HUI),AIRPORT (GROUND TRANSPORTATION CENTRE),FANLING (LUEN WO HUI),AIRPORT (GROUND TRANSPORTATION CENTRE),,1817,HK Bus Crawling
A43P+1+AIRPORT (GROUND TRANSPORTATION CENTRE)+FANLING (LUEN WO HUI),A43P,1,kmb,AIRPORT (GROUND TRANSPORTATION CENTRE),FANLING (LUEN WO HUI),AIRPORT (GROUND TRANSPORTATION CENTRE),FANLING (LUEN WO HUI),,8293,HK Bus Crawling
A43P+1+FANLING (LUEN WO HUI)+AIRPORT (GROUND TRANSPORTATION CENTRE),A43P,1,kmb,FANLING (LUEN WO HUI),AIRPORT (GROUND TRANSPORTATION CENTRE),FANLING (LUEN WO HUI),AIRPORT (GROUND TRANSPORTATION CENTRE),,8293,HK Bus Crawling
A43P+2+AIRPORT (GROUND TRANSPORTATION CENTRE)+FANLING (LUEN WO HUI),A43P,2,kmb,AIRPORT (GROUND TRANSPORTATION CENTRE),FANLING (LUEN WO HUI),AIRPORT (GROUND TRANSPORTATION CENTRE),FANLING (LUEN WO HUI),,1000011,HK Bus Crawling
A43P+3+AIRPORT (GROUND TRANSPORTATION CENTRE)+QUEEN'S HILL,A43P,3,kmb,AIRPORT (GROUND TRANSPORTATION CENTRE),QUEEN'S HILL,AIRPORT (GROUND TRANSPORTATION CENTRE),QUEEN'S HILL,,1000636,HK Bus Crawling
A43P+3+QUEEN'S HILL+AIRPORT (GROUND TRANSPORTATION CENTRE),A43P,3,kmb,QUEEN'S HILL,AIRPORT (GROUND TRANSPORTATION CENTRE),QUEEN'S HILL,AIRPORT (GROUND TRANSPORTATION CENTRE),,1000635,HK Bus Crawling
A46+1+AIRPORT (GROUND TRANSPORTATION CENTRE)+Fo Tan (Royal Ascot),A46,1,kmb,AIRPORT (GROUND TRANSPORTATION CENTRE),Fo Tan (Royal Ascot),AIRPORT (GROUND TRANSPORTATION CENTRE),Fo Tan (Royal Ascot),,1000448,HK Bus Crawling
A46+1+Fo Tan (Royal Ascot)+AIRPORT (GROUND TRANSPORTATION CENTRE),A46,1,kmb,Fo Tan (Royal Ascot),AIRPORT (GROUND TRANSPORTATION CENTRE),Fo Tan (Royal Ascot),AIRPORT (GROUND TRANSPORTATION CENTRE),,1000448,HK Bus Crawling
A47X+1+AIRPORT (GROUND TRANSPORTATION CENTRE)+TAI PO (TAI WO),A47X,1,kmb,AIRPORT (GROUND TRANSPORTATION CENTRE),TAI PO (TAI WO),AIRPORT (GROUND TRANSPORTATION CENTRE),TAI PO (TAI WO),,8361,HK Bus Crawling
A47X+1+TAI PO (TAI WO)+AIRPORT (GROUND TRANSPORTATION CENTRE),A47X,1,kmb,TAI PO (TAI WO),AIRPORT (GROUND TRANSPORTATION CENTRE),TAI PO (TAI WO),AIRPORT (GROUND TRANSPORTATION CENTRE),,8361,HK Bus Crawling
A47X+2+AIRPORT (GROUND TRANSPORTATION CENTRE)+TAI PO (TAI WO),A47X,2,kmb,AIRPORT (GROUND TRANSPORTATION CENTRE),TAI PO (TAI WO),AIRPORT (GROUND TRANSPORTATION CENTRE),TAI PO (TAI WO),,1000554,HK Bus Crawling
A47X+2+TAI PO (TAI WO)+AIRPORT (GROUND TRANSPORTATION CENTRE),A47X,2,kmb,TAI PO (TAI WO),AIRPORT (GROUND TRANSPORTATION CENTRE),TAI PO (TAI WO),AIRPORT (GROUND TRANSPORTATION CENTRE),,1000554,HK Bus Crawling
A47X+3+AIRPORT (GROUND TRANSPORTATION CENTRE)+TAI PO (TAI WO),A47X,3,kmb,AIRPORT (GROUND TRANSPORTATION CENTRE),TAI PO (TAI WO),AIRPORT (GROUND TRANSPORTATION CENTRE),TAI PO (TAI WO),,1000555,HK Bus Crawling
A47X+3+TAI PO (TAI WO)+AIRPORT (GROUND TRANSPORTATION CENTRE),A47X,3,kmb,TAI PO (TAI WO),AIRPORT (GROUND TRANSPORTATION CENTRE),TAI PO (TAI WO),AIRPORT (GROUND TRANSPORTATION CENTRE),,8396,HK Bus Crawling
A47X+4+AIRPORT (GROUND TRANSPORTATION CENTRE)+TAI PO (TAI WO),A47X,4,kmb,AIRPORT (GROUND TRANSPORTATION CENTRE),TAI PO (TAI WO),AIRPORT (GROUND TRANSPORTATION CENTRE),TAI PO (TAI WO),,1000698,HK Bus Crawling
B1+1+LOK MA CHAU STATION ‧ FUTIAN PORT+TIN TSZ,B1,1,kmb,LOK MA CHAU STATION ‧ FUTIAN PORT,TIN TSZ,LOK MA CHAU STATION ‧ FUTIAN PORT,TIN TSZ,,1855,HK Bus Crawling
B1+1+TIN TSZ+LOK MA CHAU STATION ‧ FUTIAN PORT,B1,1,kmb,TIN TSZ,LOK MA CHAU STATION ‧ FUTIAN PORT,TIN TSZ,LOK MA CHAU STATION ‧ FUTIAN PORT,,1855,HK Bus Crawling
B1+2+LOK MA CHAU STATION ‧ FUTIAN PORT+MA WANG ROAD (SAN SHUI HOUSE),B1,2,kmb,LOK MA CHAU STATION ‧ FUTIAN PORT,MA WANG ROAD (SAN SHUI HOUSE),LOK MA CHAU STATION ‧ FUTIAN PORT,MA WANG ROAD (SAN SHUI HOUSE),,8469,HK Bus Crawling
B1+2+MA WANG ROAD (SAN SHUI HOUSE)+LOK MA CHAU STATION ‧ FUTIAN PORT,B1,2,kmb,MA WANG ROAD (SAN SHUI HOUSE),LOK MA CHAU STATION ‧ FUTIAN PORT,MA WANG ROAD (SAN SHUI HOUSE),LOK MA CHAU STATION ‧ FUTIAN PORT,,8469,HK Bus Crawling
B1+6+TIN TSZ+LOK MA CHAU STATION ‧ FUTIAN PORT,B1,6,kmb,TIN TSZ,LOK MA CHAU STATION ‧ FUTIAN PORT,TIN TSZ,LOK MA CHAU STATION ‧ FUTIAN PORT,,1000667,HK Bus Crawling
B9+1+HEUNG YUEN WAI ‧ LIANTANG PORT+TUEN MUN STATION,B9,1,kmb,HEUNG YUEN WAI ‧ LIANTANG PORT,TUEN MUN STATION,HEUNG YUEN WAI ‧ LIANTANG PORT,TUEN MUN STATION,,,HK Bus Crawling
B9+1+TUEN MUN STATION+HEUNG YUEN WAI ‧ LIANTANG PORT,B9,1,kmb,TUEN MUN STATION,HEUNG YUEN WAI ‧ LIANTANG PORT,TUEN MUN STATION,HEUNG YUEN WAI ‧ LIANTANG PORT,,1000341,HK Bus Crawling
B9+2+HEUNG YUEN WAI ‧ LIANTANG PORT+YUEN LONG (YOHO MALL),B9,2,kmb,HEUNG YUEN WAI ‧ LIANTANG PORT,YUEN LONG (YOHO MALL),HEUNG YUEN WAI ‧ LIANTANG PORT,YUEN LONG (YOHO MALL),,1000341,HK Bus Crawling
B9+2+YUEN LONG (LONG YAT ROAD)+HEUNG YUEN WAI ‧ LIANTANG PORT,B9,2,kmb,YUEN LONG (LONG YAT ROAD),HEUNG YUEN WAI ‧ LIANTANG PORT,YUEN LONG (LONG YAT ROAD),HEUNG YUEN WAI ‧ LIANTANG PORT,,,HK Bus Crawling
B9+3+TUEN MUN STATION+HEUNG YUEN WAI ‧ LIANTANG PORT,B9,3,kmb,TUEN MUN STATION,HEUNG YUEN WAI ‧ LIANTANG PORT,TUEN MUN STATION,HEUNG YUEN WAI ‧ LIANTANG PORT,,,HK Bus Crawling
B9A+1+HEUNG YUEN WAI ‧ LIANTANG PORT+YUEN LONG (WEST),B9A,1,kmb,HEUNG YUEN WAI ‧ LIANTANG PORT,YUEN LONG (WEST),HEUNG YUEN WAI ‧ LIANTANG PORT,YUEN LONG (WEST),,1000505,HK Bus Crawling
B9A+1+YUEN LONG (WEST)+HEUNG YUEN WAI ‧ LIANTANG PORT,B9A,1,kmb,YUEN LONG (WEST),HEUNG YUEN WAI ‧ LIANTANG PORT,YUEN LONG (WEST),HEUNG YUEN WAI ‧ LIANTANG PORT,,1000505,HK Bus Crawling
E31+1+TSUEN WAN (DISCOVERY PARK)+TUNG CHUNG (YAT TUNG),E31,1,kmb,TSUEN WAN (DISCOVERY PARK),TUNG CHUNG (YAT TUNG),TSUEN WAN (DISCOVERY PARK),TUNG CHUNG (YAT TUNG),,1468,HK Bus Crawling
E31+1+TUNG CHUNG (YAT TUNG)+TSUEN WAN (DISCOVERY PARK),E31,1,kmb,TUNG CHUNG (YAT TUNG),TSUEN WAN (DISCOVERY PARK),TUNG CHUNG (YAT TUNG),TSUEN WAN (DISCOVERY PARK),,1468,HK Bus Crawling
E32+1+KWAI FONG (SOUTH)+SKYCITY,E32,1,kmb,KWAI FONG (SOUTH),SKYCITY,KWAI FONG (SOUTH),SKYCITY,,1467,HK Bus Crawling
E32+1+SKYCITY+KWAI FONG (SOUTH),E32,1,kmb,SKYCITY,KWAI FONG (SOUTH),SKYCITY,KWAI FONG (SOUTH),,1467,HK Bus Crawling
E32+2+KWAI FONG (SOUTH)+SKYCITY,E32,2,kmb,KWAI FONG (SOUTH),SKYCITY,KWAI FONG (SOUTH),SKYCITY,,8368,HK Bus Crawling
E32+2+SKYCITY+KWAI FONG (SOUTH),E32,2,kmb,SKYCITY,KWAI FONG (SOUTH),SKYCITY,KWAI FONG (SOUTH),,8368,HK Bus Crawling
E32A+1+KWAI FONG (SOUTH)+Tung Chung Pier,E32A,1,kmb,KWAI FONG (SOUTH),Tung Chung Pier,KWAI FONG (SOUTH),Tung Chung Pier,,8431,HK Bus Crawling
E32A+1+Tung Chung Pier+KWAI FONG (SOUTH),E32A,1,kmb,Tung Chung Pier,KWAI FONG (SOUTH),Tung Chung Pier,KWAI FONG (SOUTH),,8431,HK Bus Crawling
E33+1+AIRPORT (GROUND TRANSPORTATION CENTRE)+TUEN MUN CENTRAL,E33,1,kmb,AIRPORT (GROUND TRANSPORTATION CENTRE),TUEN MUN CENTRAL,AIRPORT (GROUND TRANSPORTATION CENTRE),TUEN MUN CENTRAL,,1466,HK Bus Crawling
E33+1+TUEN MUN CENTRAL+AIRPORT (GROUND TRANSPORTATION CENTRE),E33,1,kmb,TUEN MUN CENTRAL,AIRPORT (GROUND TRANSPORTATION CENTRE),TUEN MUN CENTRAL,AIRPORT (GROUND TRANSPORTATION CENTRE),,1466,HK Bus Crawling
E33P+1+AIRPORT (GROUND TRANSPORTATION CENTRE)+SIU HONG STATION (SOUTH),E33P,1,kmb,AIRPORT (GROUND TRANSPORTATION CENTRE),SIU HONG STATION (SOUTH),AIRPORT (GROUND TRANSPORTATION CENTRE),SIU HONG STATION (SOUTH),,1474,HK Bus Crawling
E33P+1+SIU HONG STATION (SOUTH)+AIRPORT (GROUND TRANSPORTATION CENTRE),E33P,1,kmb,SIU HONG STATION (SOUTH),AIRPORT (GROUND TRANSPORTATION CENTRE),SIU HONG STATION (SOUTH),AIRPORT (GROUND TRANSPORTATION CENTRE),,1474,HK Bus Crawling
E33P+2+BLOSSOM GARDEN+AIRPORT (GROUND TRANSPORTATION CENTRE),E33P,2,kmb,BLOSSOM GARDEN,AIRPORT (GROUND TRANSPORTATION CENTRE),BLOSSOM GARDEN,AIRPORT (GROUND TRANSPORTATION CENTRE),,8649,HK Bus Crawling
E36+1+AIRPORT (GROUND TRANSPORTATION CENTRE)+PAT HEUNG ROAD,E36,1,kmb,AIRPORT (GROUND TRANSPORTATION CENTRE),PAT HEUNG ROAD,AIRPORT (GROUND TRANSPORTATION CENTRE),PAT HEUNG ROAD,,1000025,HK Bus Crawling
E36+1+PAT HEUNG ROAD+AIRPORT (GROUND TRANSPORTATION CENTRE),E36,1,kmb,PAT HEUNG ROAD,AIRPORT (GROUND TRANSPORTATION CENTRE),PAT HEUNG ROAD,AIRPORT (GROUND TRANSPORTATION CENTRE),,1000025,HK Bus Crawling
E36A+1+Tung Chung (Yat Tung)+YUEN LONG (TAK YIP STREET),E36A,1,kmb,Tung Chung (Yat Tung),YUEN LONG (TAK YIP STREET),Tung Chung (Yat Tung),YUEN LONG (TAK YIP STREET),,1000026,HK Bus Crawling
E36A+1+YUEN LONG (TAK YIP STREET)+Tung Chung (Yat Tung),E36A,1,kmb,YUEN LONG (TAK YIP STREET),Tung Chung (Yat Tung),YUEN LONG (TAK YIP STREET),Tung Chung (Yat Tung),,1000026,HK Bus Crawling
E36C+1+AIRCRAFT MAINTENANCE AREA+YUEN LONG (TAK YIP STREET),E36C,1,kmb,AIRCRAFT MAINTENANCE AREA,YUEN LONG (TAK YIP STREET),AIRCRAFT MAINTENANCE AREA,YUEN LONG (TAK YIP STREET),,1000574,HK Bus Crawling
E36C+1+YUEN LONG (TAK YIP STREET)+AIRCRAFT MAINTENANCE AREA,E36C,1,kmb,YUEN LONG (TAK YIP STREET),AIRCRAFT MAINTENANCE AREA,YUEN LONG (TAK YIP STREET),AIRCRAFT MAINTENANCE AREA,,1000574,HK Bus Crawling
E36P+1+SHEUNG TSUEN+SKYCITY,E36P,1,kmb,SHEUNG TSUEN,SKYCITY,SHEUNG TSUEN,SKYCITY,,1000027,HK Bus Crawling
E36P+1+SKYCITY+Sheung Tsuen,E36P,1,kmb,SKYCITY,Sheung Tsuen,SKYCITY,Sheung Tsuen,,1000027,HK Bus Crawling
E36S+1+AIRPORT (GROUND TRANSPORTATION CENTRE)+Yuen Long (Ma Wang Road),E36S,1,kmb,AIRPORT (GROUND TRANSPORTATION CENTRE),Yuen Long (Ma Wang Road),AIRPORT (GROUND TRANSPORTATION CENTRE),Yuen Long (Ma Wang Road),,1000065,HK Bus Crawling
E36S+1+Yuen Long (Ma Wang Road)+AIRPORT (GROUND TRANSPORTATION CENTRE),E36S,1,kmb,Yuen Long (Ma Wang Road),AIRPORT (GROUND TRANSPORTATION CENTRE),Yuen Long (Ma Wang Road),AIRPORT (GROUND TRANSPORTATION CENTRE),,1000065,HK Bus Crawling
E37+1+AIRPORT (GROUND TRANSPORTATION CENTRE)+TIN SHUI WAI TOWN CENTRE,E37,1,kmb,AIRPORT (GROUND TRANSPORTATION CENTRE),TIN SHUI WAI TOWN CENTRE,AIRPORT (GROUND TRANSPORTATION CENTRE),TIN SHUI WAI TOWN CENTRE,,1000028,HK Bus Crawling
E37+1+TIN SHUI WAI TOWN CENTRE+AIRPORT (GROUND TRANSPORTATION CENTRE),E37,1,kmb,TIN SHUI WAI TOWN CENTRE,AIRPORT (GROUND TRANSPORTATION CENTRE),TIN SHUI WAI TOWN CENTRE,AIRPORT (GROUND TRANSPORTATION CENTRE),,1000028,HK Bus Crawling
E37+2+TIN SHUI WAI TOWN CENTRE+AIRPORT (GROUND TRANSPORTATION CENTRE),E37,2,kmb,TIN SHUI WAI TOWN CENTRE,AIRPORT (GROUND TRANSPORTATION CENTRE),TIN SHUI WAI TOWN CENTRE,AIRPORT (GROUND TRANSPORTATION CENTRE),,1000031,HK Bus Crawling
"E37+3+Chung Ki House, Tin Chung Court+AIRPORT (GROUND TRANSPORTATION CENTRE)",E37,3,kmb,"Chung Ki House, Tin Chung Court",AIRPORT (GROUND TRANSPORTATION CENTRE),"Chung Ki House, Tin Chung Court",AIRPORT (GROUND TRANSPORTATION CENTRE),,1000033,HK Bus Crawling
E37C+1+AIRCRAFT MAINTENANCE AREA+TIN SHUI WAI TOWN CENTRE,E37C,1,kmb,AIRCRAFT MAINTENANCE AREA,TIN SHUI WAI TOWN CENTRE,AIRCRAFT MAINTENANCE AREA,TIN SHUI WAI TOWN CENTRE,,1000209,HK Bus Crawling
E37C+1+TIN SHUI WAI TOWN CENTRE+AIRCRAFT MAINTENANCE AREA,E37C,1,kmb,TIN SHUI WAI TOWN CENTRE,AIRCRAFT MAINTENANCE AREA,TIN SHUI WAI TOWN CENTRE,AIRCRAFT MAINTENANCE AREA,,1000209,HK Bus Crawling
E37C+2+Tuen Mun (Hung Kiu)+AIRCRAFT MAINTENANCE AREA,E37C,2,kmb,Tuen Mun (Hung Kiu),AIRCRAFT MAINTENANCE AREA,Tuen Mun (Hung Kiu),AIRCRAFT MAINTENANCE AREA,,1000615,HK Bus Crawling
E41+1+SKYCITY+TAI PO TAU,E41,1,kmb,SKYCITY,TAI PO TAU,SKYCITY,TAI PO TAU,,1462,HK Bus Crawling
E41+1+TAI PO TAU+SKYCITY,E41,1,kmb,TAI PO TAU,SKYCITY,TAI PO TAU,SKYCITY,,1462,HK Bus Crawling
E42+1+AIRPORT (GROUND TRANSPORTATION CENTRE)+POK HONG,E42,1,kmb,AIRPORT (GROUND TRANSPORTATION CENTRE),POK HONG,AIRPORT (GROUND TRANSPORTATION CENTRE),POK HONG,,1461,HK Bus Crawling
E42+1+POK HONG+AIRPORT (GROUND TRANSPORTATION CENTRE),E42,1,kmb,POK HONG,AIRPORT (GROUND TRANSPORTATION CENTRE),POK HONG,AIRPORT (GROUND TRANSPORTATION CENTRE),,1461,HK Bus Crawling
E42C+1+AIRCRAFT MAINTENANCE AREA+POK HONG,E42C,1,kmb,AIRCRAFT MAINTENANCE AREA,POK HONG,AIRCRAFT MAINTENANCE AREA,POK HONG,,1000210,HK Bus Crawling
E42C+1+POK HONG+AIRCRAFT MAINTENANCE AREA,E42C,1,kmb,POK HONG,AIRCRAFT MAINTENANCE AREA,POK HONG,AIRCRAFT MAINTENANCE AREA,,1000210,HK Bus Crawling
E42P+1+FO TAN   (SHAN MEI ST)+TUNG CHUNG (YAT TUNG),E42P,1,kmb,FO TAN   (SHAN MEI ST),TUNG CHUNG (YAT TUNG),FO TAN   (SHAN MEI ST),TUNG CHUNG (YAT TUNG),,1815,HK Bus Crawling
E42P+1+TUNG CHUNG (YAT TUNG)+FO TAN   (SHAN MEI ST),E42P,1,kmb,TUNG CHUNG (YAT TUNG),FO TAN   (SHAN MEI ST),TUNG CHUNG (YAT TUNG),FO TAN   (SHAN MEI ST),,1815,HK Bus Crawling
E43+1+FANLING (WAH MING)+Tung Chung Pier,E43,1,kmb,FANLING (WAH MING),Tung Chung Pier,FANLING (WAH MING),Tung Chung Pier,,1000022,HK Bus Crawling
E43+1+Tung Chung Pier+FANLING (WAH MING),E43,1,kmb,Tung Chung Pier,FANLING (WAH MING),Tung Chung Pier,FANLING (WAH MING),,1000022,HK Bus Crawling
"HK1+1+STAR FERRY+[KMB Tour HK] TSIM SHA TSUI, MONG KOK and WONG TAI",HK1,1,kmb,STAR FERRY,"[KMB Tour HK] TSIM SHA TSUI, MONG KOK and WONG TAI",STAR FERRY,"[KMB Tour HK] TSIM SHA TSUI, MONG KOK and WONG TAI",,1000542,HK Bus Crawling
HK1+2+STAR FERRY+[KMB Tour HK] TSIM SHA TSUI and MONG KOK,HK1,2,kmb,STAR FERRY,[KMB Tour HK] TSIM SHA TSUI and MONG KOK,STAR FERRY,[KMB Tour HK] TSIM SHA TSUI and MONG KOK,,1000626,HK Bus Crawling
N116+1+NORTH POINT+TSZ WAN SHAN (CENTRAL),N116,1,kmb,NORTH POINT,TSZ WAN SHAN (CENTRAL),NORTH POINT,TSZ WAN SHAN (CENTRAL),,,HK Bus Crawling
N213+1+TSIM SHA TSUI EAST (MODY ROAD)+ON TAI (WEST),N213,1,kmb,TSIM SHA TSUI EAST (MODY ROAD),ON TAI (WEST),TSIM SHA TSUI EAST (MODY ROAD),ON TAI (WEST),,8736,HK Bus Crawling
N214+1+YAU TONG+MEI FOO,N214,1,kmb,YAU TONG,MEI FOO,YAU TONG,MEI FOO,,1000037,HK Bus Crawling
N216+1+HUNG HOM STATION+YAU TONG,N216,1,kmb,HUNG HOM STATION,YAU TONG,HUNG HOM STATION,YAU TONG,,1435,HK Bus Crawling
N216+1+YAU TONG+HUNG HOM STATION,N216,1,kmb,YAU TONG,HUNG HOM STATION,YAU TONG,HUNG HOM STATION,,1435,HK Bus Crawling
N237+1+MEI FOO+KWAI SHING (CIRCULAR),N237,1,kmb,MEI FOO,KWAI SHING (CIRCULAR),MEI FOO,KWAI SHING (CIRCULAR),,1436,HK Bus Crawling
N241+1+HUNG HOM STATION+TSING YI (CHEUNG WANG ESTATE),N241,1,kmb,HUNG HOM STATION,TSING YI (CHEUNG WANG ESTATE),HUNG HOM STATION,TSING YI (CHEUNG WANG ESTATE),,1437,HK Bus Crawling
N241+1+TSING YI (CHEUNG WANG ESTATE)+HUNG HOM STATION,N241,1,kmb,TSING YI (CHEUNG WANG ESTATE),HUNG HOM STATION,TSING YI (CHEUNG WANG ESTATE),HUNG HOM STATION,,1437,HK Bus Crawling
N243+1+TSING YI STATION+CHEUNG CHING (CIRCULAR),N243,1,kmb,TSING YI STATION,CHEUNG CHING (CIRCULAR),TSING YI STATION,CHEUNG CHING (CIRCULAR),,,HK Bus Crawling
N252+1+MEI FOO+TUEN MUN (SAM SHING ESTATE),N252,1,kmb,MEI FOO,TUEN MUN (SAM SHING ESTATE),MEI FOO,TUEN MUN (SAM SHING ESTATE),,8699,HK Bus Crawling
N260+1+MEI FOO+TUEN MUN PIER HEAD,N260,1,kmb,MEI FOO,TUEN MUN PIER HEAD,MEI FOO,TUEN MUN PIER HEAD,,1438,HK Bus Crawling
N260+1+TUEN MUN PIER HEAD+MEI FOO,N260,1,kmb,TUEN MUN PIER HEAD,MEI FOO,TUEN MUN PIER HEAD,MEI FOO,,1438,HK Bus Crawling
N269+1+MEI FOO+TIN TSZ,N269,1,kmb,MEI FOO,TIN TSZ,MEI FOO,TIN TSZ,,1439,HK Bus Crawling
N269+1+TIN TSZ+MEI FOO,N269,1,kmb,TIN TSZ,MEI FOO,TIN TSZ,MEI FOO,,1439,HK Bus Crawling
N271+1+HUNG HOM STATION+TAI PO (FU HENG),N271,1,kmb,HUNG HOM STATION,TAI PO (FU HENG),HUNG HOM STATION,TAI PO (FU HENG),,1441,HK Bus Crawling
N271+1+TAI PO (FU HENG)+HUNG HOM STATION,N271,1,kmb,TAI PO (FU HENG),HUNG HOM STATION,TAI PO (FU HENG),HUNG HOM STATION,,1441,HK Bus Crawling
N272+1+UNIVERSITY STATION+PAK SHEK KOK (CIRCULAR),N272,1,kmb,UNIVERSITY STATION,PAK SHEK KOK (CIRCULAR),UNIVERSITY STATION,PAK SHEK KOK (CIRCULAR),,,HK Bus Crawling
N276+1+SAN TIN PUBLIC TRANSPORT INTERCHANGE+TIN TSZ,N276,1,kmb,SAN TIN PUBLIC TRANSPORT INTERCHANGE,TIN TSZ,SAN TIN PUBLIC TRANSPORT INTERCHANGE,TIN TSZ,,,HK Bus Crawling
N276+1+TIN TSZ+SAN TIN PUBLIC TRANSPORT INTERCHANGE,N276,1,kmb,TIN TSZ,SAN TIN PUBLIC TRANSPORT INTERCHANGE,TIN TSZ,SAN TIN PUBLIC TRANSPORT INTERCHANGE,,,HK Bus Crawling
N281+1+HUNG HOM STATION+KAM YING COURT,N281,1,kmb,HUNG HOM STATION,KAM YING COURT,HUNG HOM STATION,KAM YING COURT,,1443,HK Bus Crawling
N281+1+KAM YING COURT+HUNG HOM STATION,N281,1,kmb,KAM YING COURT,HUNG HOM STATION,KAM YING COURT,HUNG HOM STATION,,1443,HK Bus Crawling
N283+1+TSIM SHA TSUI EAST (MODY ROAD)+WONG NAI TAU,N283,1,kmb,TSIM SHA TSUI EAST (MODY ROAD),WONG NAI TAU,TSIM SHA TSUI EAST (MODY ROAD),WONG NAI TAU,,8400,HK Bus Crawling
N287+1+TSIM SHA TSUI EAST (MODY ROAD)+WU KAI SHA STATION,N287,1,kmb,TSIM SHA TSUI EAST (MODY ROAD),WU KAI SHA STATION,TSIM SHA TSUI EAST (MODY ROAD),WU KAI SHA STATION,,8513,HK Bus Crawling
N290+1+LOHAS PARK STATION+TSUEN WAN WEST STATION,N290,1,kmb,LOHAS PARK STATION,TSUEN WAN WEST STATION,LOHAS PARK STATION,TSUEN WAN WEST STATION,,8607,HK Bus Crawling
N290+1+TSUEN WAN WEST STATION+LOHAS PARK STATION,N290,1,kmb,TSUEN WAN WEST STATION,LOHAS PARK STATION,TSUEN WAN WEST STATION,LOHAS PARK STATION,,8607,HK Bus Crawling
N293+1+MONG KOK (PARK AVENUE)+SHEUNG TAK,N293,1,kmb,MONG KOK (PARK AVENUE),SHEUNG TAK,MONG KOK (PARK AVENUE),SHEUNG TAK,,1444,HK Bus Crawling
N293+1+SHEUNG TAK+MONG KOK (PARK AVENUE),N293,1,kmb,SHEUNG TAK,MONG KOK (PARK AVENUE),SHEUNG TAK,MONG KOK (PARK AVENUE),,1444,HK Bus Crawling
N30+1+AIRPORT (CHEONG TAT ROAD)+YUEN LONG STATION,N30,1,kmb,AIRPORT (CHEONG TAT ROAD),YUEN LONG STATION,AIRPORT (CHEONG TAT ROAD),YUEN LONG STATION,,1460,HK Bus Crawling
N30+1+YUEN LONG STATION+AIRPORT (CHEONG TAT ROAD),N30,1,kmb,YUEN LONG STATION,AIRPORT (CHEONG TAT ROAD),YUEN LONG STATION,AIRPORT (CHEONG TAT ROAD),,1460,HK Bus Crawling
N31+1+AIRPORT (GROUND TRANSPORTATION CENTRE)+TSUEN WAN (DISCOVERY PARK),N31,1,kmb,AIRPORT (GROUND TRANSPORTATION CENTRE),TSUEN WAN (DISCOVERY PARK),AIRPORT (GROUND TRANSPORTATION CENTRE),TSUEN WAN (DISCOVERY PARK),,1459,HK Bus Crawling
N31+1+TSUEN WAN (DISCOVERY PARK)+AIRPORT (GROUND TRANSPORTATION CENTRE),N31,1,kmb,TSUEN WAN (DISCOVERY PARK),AIRPORT (GROUND TRANSPORTATION CENTRE),TSUEN WAN (DISCOVERY PARK),AIRPORT (GROUND TRANSPORTATION CENTRE),,1459,HK Bus Crawling
N36+1+TSUEN WAN STATION+LEI MUK SHUE (CIRCULAR),N36,1,kmb,TSUEN WAN STATION,LEI MUK SHUE (CIRCULAR),TSUEN WAN STATION,LEI MUK SHUE (CIRCULAR),,8313,HK Bus Crawling
N368+1+CENTRAL (MACAU FERRY)+YUEN LONG (WEST),N368,1,kmb,CENTRAL (MACAU FERRY),YUEN LONG (WEST),CENTRAL (MACAU FERRY),YUEN LONG (WEST),,1892,HK Bus Crawling
N368+1+YUEN LONG (WEST)+CENTRAL (MACAO FERRY),N368,1,kmb,YUEN LONG (WEST),CENTRAL (MACAO FERRY),YUEN LONG (WEST),CENTRAL (MACAO FERRY),,1892,HK Bus Crawling
N368+2+CENTRAL (MACAU FERRY)+YUEN LONG (WEST),N368,2,kmb,CENTRAL (MACAU FERRY),YUEN LONG (WEST),CENTRAL (MACAU FERRY),YUEN LONG (WEST),,,HK Bus Crawling
N373+1+CENTRAL (MACAU FERRY)+FANLING (LUEN WO HUI),N373,1,kmb,CENTRAL (MACAU FERRY),FANLING (LUEN WO HUI),CENTRAL (MACAU FERRY),FANLING (LUEN WO HUI),,8626,HK Bus Crawling
N373+1+FANLING (LUEN WO HUI)+CENTRAL (MACAO FERRY),N373,1,kmb,FANLING (LUEN WO HUI),CENTRAL (MACAO FERRY),FANLING (LUEN WO HUI),CENTRAL (MACAO FERRY),,8626,HK Bus Crawling
N39+1+TSUEN WAN STATION+ALLWAY GARDENS (CIRCULAR),N39,1,kmb,TSUEN WAN STATION,ALLWAY GARDENS (CIRCULAR),TSUEN WAN STATION,ALLWAY GARDENS (CIRCULAR),,8314,HK Bus Crawling
N3D+1+KWUN TONG (YUE MAN SQUARE)+TSZ WAN SHAN (CENTRAL),N3D,1,kmb,KWUN TONG (YUE MAN SQUARE),TSZ WAN SHAN (CENTRAL),KWUN TONG (YUE MAN SQUARE),TSZ WAN SHAN (CENTRAL),,8627,HK Bus Crawling
N3D+1+TSZ WAN SHAN (CENTRAL)+KWUN TONG (YUE MAN SQUARE),N3D,1,kmb,TSZ WAN SHAN (CENTRAL),KWUN TONG (YUE MAN SQUARE),TSZ WAN SHAN (CENTRAL),KWUN TONG (YUE MAN SQUARE),,8627,HK Bus Crawling
N41X+1+HUNG HOM STATION+TSING YI (CHEUNG WANG ESTATE),N41X,1,kmb,HUNG HOM STATION,TSING YI (CHEUNG WANG ESTATE),HUNG HOM STATION,TSING YI (CHEUNG WANG ESTATE),,8511,HK Bus Crawling
N42+1+TUNG CHUNG STATION+YIU ON,N42,1,kmb,TUNG CHUNG STATION,YIU ON,TUNG CHUNG STATION,YIU ON,,1458,HK Bus Crawling
N42+1+YIU ON+TUNG CHUNG STATION,N42,1,kmb,YIU ON,TUNG CHUNG STATION,YIU ON,TUNG CHUNG STATION,,1458,HK Bus Crawling
N42A+1+FANLING (LUEN WO HUI)+TUNG CHUNG STATION,N42A,1,kmb,FANLING (LUEN WO HUI),TUNG CHUNG STATION,FANLING (LUEN WO HUI),TUNG CHUNG STATION,,1457,HK Bus Crawling
N42A+1+TUNG CHUNG STATION+FANLING (LUEN WO HUI),N42A,1,kmb,TUNG CHUNG STATION,FANLING (LUEN WO HUI),TUNG CHUNG STATION,FANLING (LUEN WO HUI),,1457,HK Bus Crawling
N43+1+TSUEN WAN STATION+TSING YI (CHEUNG WANG ESTATE),N43,1,kmb,TSUEN WAN STATION,TSING YI (CHEUNG WANG ESTATE),TSUEN WAN STATION,TSING YI (CHEUNG WANG ESTATE),,,HK Bus Crawling
N48+1+TSUEN WAN (BAYVIEW GARDEN)+YU CHUI COURT,N48,1,kmb,TSUEN WAN (BAYVIEW GARDEN),YU CHUI COURT,TSUEN WAN (BAYVIEW GARDEN),YU CHUI COURT,,,HK Bus Crawling
N48+1+YU CHUI COURT+TSUEN WAN (BAYVIEW GARDEN),N48,1,kmb,YU CHUI COURT,TSUEN WAN (BAYVIEW GARDEN),YU CHUI COURT,TSUEN WAN (BAYVIEW GARDEN),,,HK Bus Crawling
N64+1+AIRPORT (GROUND TRANSPORTATION CENTRE)+TUNG CHUNG (YAT TUNG),N64,1,kmb,AIRPORT (GROUND TRANSPORTATION CENTRE),TUNG CHUNG (YAT TUNG),AIRPORT (GROUND TRANSPORTATION CENTRE),TUNG CHUNG (YAT TUNG),,1816,HK Bus Crawling
N64P+1+TAI PO MARKET STATION+NG TUNG CHAI (PAK NGAU SHEK),N64P,1,kmb,TAI PO MARKET STATION,NG TUNG CHAI (PAK NGAU SHEK),TAI PO MARKET STATION,NG TUNG CHAI (PAK NGAU SHEK),,,HK Bus Crawling
N73+1+LOK MA CHAU+SHATIN CENTRAL,N73,1,kmb,LOK MA CHAU,SHATIN CENTRAL,LOK MA CHAU,SHATIN CENTRAL,,8183,HK Bus Crawling
N73+1+SHATIN CENTRAL+LOK MA CHAU,N73,1,kmb,SHATIN CENTRAL,LOK MA CHAU,SHATIN CENTRAL,LOK MA CHAU,,8183,HK Bus Crawling
N78+1+SHA TAU KOK+SHEUNG SHUI,N78,1,kmb,SHA TAU KOK,SHEUNG SHUI,SHA TAU KOK,SHEUNG SHUI,,1000200,HK Bus Crawling
N78+1+SHEUNG SHUI+SHA TAU KOK,N78,1,kmb,SHEUNG SHUI,SHA TAU KOK,SHEUNG SHUI,SHA TAU KOK,,1000200,HK Bus Crawling
N960+1+EXHIBITION CENTRE STATION+TUEN MUN (KIN SANG ESTATE),N960,1,kmb,EXHIBITION CENTRE STATION,TUEN MUN (KIN SANG ESTATE),EXHIBITION CENTRE STATION,TUEN MUN (KIN SANG ESTATE),,1000372,HK Bus Crawling
N960+1+TUEN MUN (KIN SANG ESTATE)+EXHIBITION CENTRE STATION,N960,1,kmb,TUEN MUN (KIN SANG ESTATE),EXHIBITION CENTRE STATION,TUEN MUN (KIN SANG ESTATE),EXHIBITION CENTRE STATION,,1000372,HK Bus Crawling
NA30+1+HZMB Hong Kong Port+LEI MUK SHUE,NA30,1,kmb,HZMB Hong Kong Port,LEI MUK SHUE,HZMB Hong Kong Port,LEI MUK SHUE,,1000567,HK Bus Crawling
NA30+1+LEI MUK SHUE+HZMB Hong Kong Port,NA30,1,kmb,LEI MUK SHUE,HZMB Hong Kong Port,LEI MUK SHUE,HZMB Hong Kong Port,,1000567,HK Bus Crawling
NA31+1+HZMB Hong Kong Port+TSUEN WAN (NINA TOWER),NA31,1,kmb,HZMB Hong Kong Port,TSUEN WAN (NINA TOWER),HZMB Hong Kong Port,TSUEN WAN (NINA TOWER),,8638,HK Bus Crawling
NA31+1+TSUEN WAN (NINA TOWER)+HZMB Hong Kong Port,NA31,1,kmb,TSUEN WAN (NINA TOWER),HZMB Hong Kong Port,TSUEN WAN (NINA TOWER),HZMB Hong Kong Port,,8638,HK Bus Crawling
NA32+1+HZMB Hong Kong Port+KWAI CHUNG ESTATE,NA32,1,kmb,HZMB Hong Kong Port,KWAI CHUNG ESTATE,HZMB Hong Kong Port,KWAI CHUNG ESTATE,,8639,HK Bus Crawling
NA32+1+KWAI CHUNG ESTATE+HZMB Hong Kong Port,NA32,1,kmb,KWAI CHUNG ESTATE,HZMB Hong Kong Port,KWAI CHUNG ESTATE,HZMB Hong Kong Port,,8639,HK Bus Crawling
NA33+1+Cathay City+TUEN MUN (FU TAI ESTATE),NA33,1,kmb,Cathay City,TUEN MUN (FU TAI ESTATE),Cathay City,TUEN MUN (FU TAI ESTATE),,8302,HK Bus Crawling
NA33+1+TUEN MUN (FU TAI ESTATE)+Cathay City,NA33,1,kmb,TUEN MUN (FU TAI ESTATE),Cathay City,TUEN MUN (FU TAI ESTATE),Cathay City,,8302,HK Bus Crawling
NA36+1+Cathay City+KAM SHEUNG ROAD STATION,NA36,1,kmb,Cathay City,KAM SHEUNG ROAD STATION,Cathay City,KAM SHEUNG ROAD STATION,,1000029,HK Bus Crawling
NA36+1+KAM SHEUNG ROAD STATION+Cathay City,NA36,1,kmb,KAM SHEUNG ROAD STATION,Cathay City,KAM SHEUNG ROAD STATION,Cathay City,,1000029,HK Bus Crawling
NA37+1+Cathay City+TIN SHUI WAI TOWN CENTRE,NA37,1,kmb,Cathay City,TIN SHUI WAI TOWN CENTRE,Cathay City,TIN SHUI WAI TOWN CENTRE,,8764,HK Bus Crawling
NA37+1+TIN SHUI WAI TOWN CENTRE+Cathay City,NA37,1,kmb,TIN SHUI WAI TOWN CENTRE,Cathay City,TIN SHUI WAI TOWN CENTRE,Cathay City,,8764,HK Bus Crawling
NA40+1+HZMB Hong Kong Port+WU KAI SHA STATION,NA40,1,kmb,HZMB Hong Kong Port,WU KAI SHA STATION,HZMB Hong Kong Port,WU KAI SHA STATION,,8399,HK Bus Crawling
NA40+1+WU KAI SHA STATION+HZMB Hong Kong Port,NA40,1,kmb,WU KAI SHA STATION,HZMB Hong Kong Port,WU KAI SHA STATION,HZMB Hong Kong Port,,8399,HK Bus Crawling
NA41+1+HZMB Hong Kong Port+SHUI CHUEN O,NA41,1,kmb,HZMB Hong Kong Port,SHUI CHUEN O,HZMB Hong Kong Port,SHUI CHUEN O,,8398,HK Bus Crawling
NA41+1+SHUI CHUEN O+HZMB Hong Kong Port,NA41,1,kmb,SHUI CHUEN O,HZMB Hong Kong Port,SHUI CHUEN O,HZMB Hong Kong Port,,8398,HK Bus Crawling
NA43+1+FANLING (LUEN WO HUI)+HZMB Hong Kong Port,NA43,1,kmb,FANLING (LUEN WO HUI),HZMB Hong Kong Port,FANLING (LUEN WO HUI),HZMB Hong Kong Port,,8397,HK Bus Crawling
NA43+1+HZMB Hong Kong Port+FANLING (LUEN WO HUI),NA43,1,kmb,HZMB Hong Kong Port,FANLING (LUEN WO HUI),HZMB Hong Kong Port,FANLING (LUEN WO HUI),,8397,HK Bus Crawling
NA47+1+HZMB Hong Kong Port+TAI PO (TAI WO),NA47,1,kmb,HZMB Hong Kong Port,TAI PO (TAI WO),HZMB Hong Kong Port,TAI PO (TAI WO),,8527,HK Bus Crawling
NA47+1+TAI PO (TAI WO)+HZMB Hong Kong Port,NA47,1,kmb,TAI PO (TAI WO),HZMB Hong Kong Port,TAI PO (TAI WO),HZMB Hong Kong Port,,8527,HK Bus Crawling
NA52+1+Cathay City+Tuen Mun Road BBI (Kowloon Bound),NA52,1,kmb,Cathay City,Tuen Mun Road BBI (Kowloon Bound),Cathay City,Tuen Mun Road BBI (Kowloon Bound),,1000643,HK Bus Crawling
NA52+1+Tuen Mun Road BBI (Kowloon Bound)+Cathay City,NA52,1,kmb,Tuen Mun Road BBI (Kowloon Bound),Cathay City,Tuen Mun Road BBI (Kowloon Bound),Cathay City,,1000643,HK Bus Crawling
P960+1+EXHIBITION CENTRE STATION+SIU HONG STATION (NORTH),P960,1,kmb,EXHIBITION CENTRE STATION,SIU HONG STATION (NORTH),EXHIBITION CENTRE STATION,SIU HONG STATION (NORTH),,1000044,HK Bus Crawling
P960+1+SIU HONG STATION (NORTH)+EXHIBITION CENTRE STATION,P960,1,kmb,SIU HONG STATION (NORTH),EXHIBITION CENTRE STATION,SIU HONG STATION (NORTH),EXHIBITION CENTRE STATION,,1000044,HK Bus Crawling
P968+1+CAUSEWAY BAY (TIN HAU)+YUEN LONG (WEST),P968,1,kmb,CAUSEWAY BAY (TIN HAU),YUEN LONG (WEST),CAUSEWAY BAY (TIN HAU),YUEN LONG (WEST),,1000045,HK Bus Crawling
P968+1+YUEN LONG (WEST)+CAUSEWAY BAY (TIN HAU),P968,1,kmb,YUEN LONG (WEST),CAUSEWAY BAY (TIN HAU),YUEN LONG (WEST),CAUSEWAY BAY (TIN HAU),,1000045,HK Bus Crawling
P968+2+LONG PING STATION+CAUSEWAY BAY (TIN HAU),P968,2,kmb,LONG PING STATION,CAUSEWAY BAY (TIN HAU),LONG PING STATION,CAUSEWAY BAY (TIN HAU),,1000046,HK Bus Crawling
PB1+1+GO PARK+Sheung Shui,PB1,1,kmb,GO PARK,Sheung Shui,GO PARK,Sheung Shui,,,HK Bus Crawling
PB1+1+Sheung Shui+GO PARK,PB1,1,kmb,Sheung Shui,GO PARK,Sheung Shui,GO PARK,,,HK Bus Crawling
PB2+1+GO PARK+Hong Kong Palace Museum,PB2,1,kmb,GO PARK,Hong Kong Palace Museum,GO PARK,Hong Kong Palace Museum,,,HK Bus Crawling
PB2+1+Hong Kong Palace Museum+GO PARK,PB2,1,kmb,Hong Kong Palace Museum,GO PARK,Hong Kong Palace Museum,GO PARK,,,HK Bus Crawling
PB3+1+Hong Kong Palace Museum+Kornhill Plaza,PB3,1,kmb,Hong Kong Palace Museum,Kornhill Plaza,Hong Kong Palace Museum,Kornhill Plaza,,,HK Bus Crawling
PB3+1+Kornhill Plaza+Hong Kong Palace Museum,PB3,1,kmb,Kornhill Plaza,Hong Kong Palace Museum,Kornhill Plaza,Hong Kong Palace Museum,,,HK Bus Crawling
PB4+1+HONG KONG PALACE MUSEUM+YOHO MALL (YUEN LONG),PB4,1,kmb,HONG KONG PALACE MUSEUM,YOHO MALL (YUEN LONG),HONG KONG PALACE MUSEUM,YOHO MALL (YUEN LONG),,,HK Bus Crawling
PB4+1+YOHO MALL (YUEN LONG)+HONG KONG PALACE MUSEUM,PB4,1,kmb,YOHO MALL (YUEN LONG),HONG KONG PALACE MUSEUM,YOHO MALL (YUEN LONG),HONG KONG PALACE MUSEUM,,,HK Bus Crawling
PB5+1+DISCOVERY BAY PLAZA+HONG KONG PALACE MUSEUM,PB5,1,kmb,DISCOVERY BAY PLAZA,HONG KONG PALACE MUSEUM,DISCOVERY BAY PLAZA,HONG KONG PALACE MUSEUM,,,HK Bus Crawling
PB5+1+HONG KONG PALACE MUSEUM+DISCOVERY BAY PLAZA,PB5,1,kmb,HONG KONG PALACE MUSEUM,DISCOVERY BAY PLAZA,HONG KONG PALACE MUSEUM,DISCOVERY BAY PLAZA,,,HK Bus Crawling
R108+1+KAI YIP+CAUSEWAY BAY (VICTORIA PARK),R108,1,kmb,KAI YIP,CAUSEWAY BAY (VICTORIA PARK),KAI YIP,CAUSEWAY BAY (VICTORIA PARK),,,HK Bus Crawling
R215+1+LAM TIN (KWONG TIN ESTATE)+TSIM SHA TSUI EAST (MODY ROAD),R215,1,kmb,LAM TIN (KWONG TIN ESTATE),TSIM SHA TSUI EAST (MODY ROAD),LAM TIN (KWONG TIN ESTATE),TSIM SHA TSUI EAST (MODY ROAD),,,HK Bus Crawling
R230+1+TSUEN WAN (ALLWAY GARDENS)+TSIM SHA TSUI EAST (MODY ROAD),R230,1,kmb,TSUEN WAN (ALLWAY GARDENS),TSIM SHA TSUI EAST (MODY ROAD),TSUEN WAN (ALLWAY GARDENS),TSIM SHA TSUI EAST (MODY ROAD),,,HK Bus Crawling
R241+1+TSING YI (CHEUNG WANG ESTATE)+TSIM SHA TSUI EAST (MODY ROAD),R241,1,kmb,TSING YI (CHEUNG WANG ESTATE),TSIM SHA TSUI EAST (MODY ROAD),TSING YI (CHEUNG WANG ESTATE),TSIM SHA TSUI EAST (MODY ROAD),,,HK Bus Crawling
R298+1+HONG SING GARDEN+TSIM SHA TSUI EAST (MODY ROAD),R298,1,kmb,HONG SING GARDEN,TSIM SHA TSUI EAST (MODY ROAD),HONG SING GARDEN,TSIM SHA TSUI EAST (MODY ROAD),,,HK Bus Crawling
R33+1+DISNEYLAND+TUEN MUN STATION,R33,1,kmb,DISNEYLAND,TUEN MUN STATION,DISNEYLAND,TUEN MUN STATION,,1000309,HK Bus Crawling
R33+1+TUEN MUN STATION+DISNEYLAND,R33,1,kmb,TUEN MUN STATION,DISNEYLAND,TUEN MUN STATION,DISNEYLAND,,1000309,HK Bus Crawling
R33+2+DISNEYLAND+TUEN MUN STATION,R33,2,kmb,DISNEYLAND,TUEN MUN STATION,DISNEYLAND,TUEN MUN STATION,,1000310,HK Bus Crawling
R33+2+TUEN MUN STATION+DISNEYLAND,R33,2,kmb,TUEN MUN STATION,DISNEYLAND,TUEN MUN STATION,DISNEYLAND,,1000310,HK Bus Crawling
R42+1+DISNEYLAND+TAI WAI STATION,R42,1,kmb,DISNEYLAND,TAI WAI STATION,DISNEYLAND,TAI WAI STATION,,1000311,HK Bus Crawling
R42+1+TAI WAI STATION+DISNEYLAND,R42,1,kmb,TAI WAI STATION,DISNEYLAND,TAI WAI STATION,DISNEYLAND,,1000311,HK Bus Crawling
R603+1+ON TAI (WEST)+CAUSEWAY BAY (VICTORIA PARK),R603,1,kmb,ON TAI (WEST),CAUSEWAY BAY (VICTORIA PARK),ON TAI (WEST),CAUSEWAY BAY (VICTORIA PARK),,,HK Bus Crawling
R8+3+DISNEYLAND+Lantau Link BBI (Circular),R8,3,kmb,DISNEYLAND,Lantau Link BBI (Circular),DISNEYLAND,Lantau Link BBI (Circular),,,HK Bus Crawling
R934+1+TSUEN WAN (BAYVIEW GARDEN)+CAUSEWAY BAY (VICTORIA PARK),R934,1,kmb,TSUEN WAN (BAYVIEW GARDEN),CAUSEWAY BAY (VICTORIA PARK),TSUEN WAN (BAYVIEW GARDEN),CAUSEWAY BAY (VICTORIA PARK),,,HK Bus Crawling
R936+1+TSUEN WAN (SHEK WAI KOK)+CAUSEWAY BAY (VICTORIA PARK),R936,1,kmb,TSUEN WAN (SHEK WAI KOK),CAUSEWAY BAY (VICTORIA PARK),TSUEN WAN (SHEK WAI KOK),CAUSEWAY BAY (VICTORIA PARK),,,HK Bus Crawling
R948+1+TSING YI (CHEUNG WANG ESTATE)+CAUSEWAY BAY (VICTORIA PARK),R948,1,kmb,TSING YI (CHEUNG WANG ESTATE),CAUSEWAY BAY (VICTORIA PARK),TSING YI (CHEUNG WANG ESTATE),CAUSEWAY BAY (VICTORIA PARK),,,HK Bus Crawling
S64+1+TUNG CHUNG (YAT TUNG)+Airport (Circular),S64,1,kmb,TUNG CHUNG (YAT TUNG),Airport (Circular),TUNG CHUNG (YAT TUNG),Airport (Circular),,1451,HK Bus Crawling
S64C+1+TUNG CHUNG (YAT TUNG)+Catering Road East(Circular),S64C,1,kmb,TUNG CHUNG (YAT TUNG),Catering Road East(Circular),TUNG CHUNG (YAT TUNG),Catering Road East(Circular),,8320,HK Bus Crawling
S64C+3+Super Terminal One+TUNG CHUNG (YAT TUNG),S64C,3,kmb,Super Terminal One,TUNG CHUNG (YAT TUNG),Super Terminal One,TUNG CHUNG (YAT TUNG),,8650,HK Bus Crawling
S64P+1+Cheung Tung Estate+AIRPORT (CARGO AND CATERING AREA),S64P,1,kmb,Cheung Tung Estate,AIRPORT (CARGO AND CATERING AREA),Cheung Tung Estate,AIRPORT (CARGO AND CATERING AREA),,8347,HK Bus Crawling
S64P+2+Cheung Tung Estate+AIRPORT (CARGO AND CATERING AREA),S64P,2,kmb,Cheung Tung Estate,AIRPORT (CARGO AND CATERING AREA),Cheung Tung Estate,AIRPORT (CARGO AND CATERING AREA),,1450,HK Bus Crawling
S64X+1+Tung Chung (Mun Tung)+Airport(Circular),S64X,1,kmb,Tung Chung (Mun Tung),Airport(Circular),Tung Chung (Mun Tung),Airport(Circular),,8321,HK Bus Crawling
S64X+3+Tung Chung (Mun Tung)+Airport(Circular),S64X,3,kmb,Tung Chung (Mun Tung),Airport(Circular),Tung Chung (Mun Tung),Airport(Circular),,8322,HK Bus Crawling
SP1+1+KAI TAK SPORTS PARK+HANG HAU (NORTH) (TSEUNG KWAN O HOSPITAL),SP1,1,kmb,KAI TAK SPORTS PARK,HANG HAU (NORTH) (TSEUNG KWAN O HOSPITAL),KAI TAK SPORTS PARK,HANG HAU (NORTH) (TSEUNG KWAN O HOSPITAL),,1000576,HK Bus Crawling
SP12+1+KAI TAK SPORTS PARK+LOK MA CHAU,SP12,1,kmb,KAI TAK SPORTS PARK,LOK MA CHAU,KAI TAK SPORTS PARK,LOK MA CHAU,,,HK Bus Crawling
SP3+1+KAI TAK SPORTS PARK+CHING FU COURT,SP3,1,kmb,KAI TAK SPORTS PARK,CHING FU COURT,KAI TAK SPORTS PARK,CHING FU COURT,,1000583,HK Bus Crawling
SP5A+1+KAI TAK SPORTS PARK+TUEN MUN PIER HEAD,SP5A,1,kmb,KAI TAK SPORTS PARK,TUEN MUN PIER HEAD,KAI TAK SPORTS PARK,TUEN MUN PIER HEAD,,1000580,HK Bus Crawling
SP6+1+KAI TAK SPORTS PARK+TIN HENG ESTATE,SP6,1,kmb,KAI TAK SPORTS PARK,TIN HENG ESTATE,KAI TAK SPORTS PARK,TIN HENG ESTATE,,1000581,HK Bus Crawling
SP7+1+KAI TAK SPORTS PARK+SHEUNG SHUI,SP7,1,kmb,KAI TAK SPORTS PARK,SHEUNG SHUI,KAI TAK SPORTS PARK,SHEUNG SHUI,,1000582,HK Bus Crawling
T270+1+FANLING (CHEUNG WAH)+TSIM SHA TSUI EAST (MODY ROAD),T270,1,kmb,FANLING (CHEUNG WAH),TSIM SHA TSUI EAST (MODY ROAD),FANLING (CHEUNG WAH),TSIM SHA TSUI EAST (MODY ROAD),,8199,HK Bus Crawling
T270+1+TSIM SHA TSUI EAST (MODY ROAD)+FANLING (CHEUNG WAH),T270,1,kmb,TSIM SHA TSUI EAST (MODY ROAD),FANLING (CHEUNG WAH),TSIM SHA TSUI EAST (MODY ROAD),FANLING (CHEUNG WAH),,8199,HK Bus Crawling
T277+1+LAM TIN STATION+SHEUNG SHUI,T277,1,kmb,LAM TIN STATION,SHEUNG SHUI,LAM TIN STATION,SHEUNG SHUI,,8200,HK Bus Crawling
T277+1+SHEUNG SHUI+LAM TIN STATION,T277,1,kmb,SHEUNG SHUI,LAM TIN STATION,SHEUNG SHUI,LAM TIN STATION,,8200,HK Bus Crawling
T74+1+KWUN TONG FERRY+NG TUNG CHAI (PAK NGAU SHEK),T74,1,kmb,KWUN TONG FERRY,NG TUNG CHAI (PAK NGAU SHEK),KWUN TONG FERRY,NG TUNG CHAI (PAK NGAU SHEK),,1000598,HK Bus Crawling
T74+1+NG TUNG CHAI (PAK NGAU SHEK)+KWUN TONG FERRY,T74,1,kmb,NG TUNG CHAI (PAK NGAU SHEK),KWUN TONG FERRY,NG TUNG CHAI (PAK NGAU SHEK),KWUN TONG FERRY,,8728,HK Bus Crawling
T80+1+MEI TIN+KOWLOON BAY,T80,1,kmb,MEI TIN,KOWLOON BAY,MEI TIN,KOWLOON BAY,,1000588,HK Bus Crawling
T80+2+HIN KENG+KOWLOON BAY,T80,2,kmb,HIN KENG,KOWLOON BAY,HIN KENG,KOWLOON BAY,,1000589,HK Bus Crawling
W2+1+HIGH SPEED RAIL WEST KOWLOON STATION+KWUN TONG (CIRCULAR),W2,1,kmb,HIGH SPEED RAIL WEST KOWLOON STATION,KWUN TONG (CIRCULAR),HIGH SPEED RAIL WEST KOWLOON STATION,KWUN TONG (CIRCULAR),,1000329,HK Bus Crawling
W2+2+HIGH SPEED RAIL WEST KOWLOON STATION BUS TERMINUS+LAGUNA PARK (LT421),W2,2,kmb,HIGH SPEED RAIL WEST KOWLOON STATION BUS TERMINUS,LAGUNA PARK (LT421),HIGH SPEED RAIL WEST KOWLOON STATION BUS TERMINUS,LAGUNA PARK (LT421),,1000330,HK Bus Crawling
W2+3+MILLENNIUM CITY+HIGH SPEED RAIL WEST KOWLOON STATION,W2,3,kmb,MILLENNIUM CITY,HIGH SPEED RAIL WEST KOWLOON STATION,MILLENNIUM CITY,HIGH SPEED RAIL WEST KOWLOON STATION,,1000331,HK Bus Crawling
W3+1+HIGH SPEED RAIL WEST KOWLOON STATION+SHEUNG SHUI,W3,1,kmb,HIGH SPEED RAIL WEST KOWLOON STATION,SHEUNG SHUI,HIGH SPEED RAIL WEST KOWLOON STATION,SHEUNG SHUI,,8756,HK Bus Crawling
W3+1+SHEUNG SHUI+HIGH SPEED RAIL WEST KOWLOON STATION,W3,1,kmb,SHEUNG SHUI,HIGH SPEED RAIL WEST KOWLOON STATION,SHEUNG SHUI,HIGH SPEED RAIL WEST KOWLOON STATION,,8756,HK Bus Crawling
W4+1+HIGH SPEED RAIL (WEST KOWLOON STATION)+WKCD ‧ TSIM SHA TSUI ‧ HIGH SPEED RAIL,W4,1,kmb,HIGH SPEED RAIL (WEST KOWLOON STATION),WKCD ‧ TSIM SHA TSUI ‧ HIGH SPEED RAIL,HIGH SPEED RAIL (WEST KOWLOON STATION),WKCD ‧ TSIM SHA TSUI ‧ HIGH SPEED RAIL,,1000641,HK Bus Crawling
X1+1+AsiaWorld-Expo+TUNG CHUNG STATION,X1,1,kmb,AsiaWorld-Expo,TUNG CHUNG STATION,AsiaWorld-Expo,TUNG CHUNG STATION,,,HK Bus Crawling
X1+1+TUNG CHUNG STATION+AsiaWorld-Expo,X1,1,kmb,TUNG CHUNG STATION,AsiaWorld-Expo,TUNG CHUNG STATION,AsiaWorld-Expo,,,HK Bus Crawling
"X33+1+AsiaWorld-Expo+HUNG FUK ESTATE, HUNG YUEN ROAD",X33,1,kmb,AsiaWorld-Expo,"HUNG FUK ESTATE, HUNG YUEN ROAD",AsiaWorld-Expo,"HUNG FUK ESTATE, HUNG YUEN ROAD",,,HK Bus Crawling
X36+1+AsiaWorld-Expo+KAM SHEUNG ROAD STATION,X36,1,kmb,AsiaWorld-Expo,KAM SHEUNG ROAD STATION,AsiaWorld-Expo,KAM SHEUNG ROAD STATION,,,HK Bus Crawling
X40+1+AsiaWorld-Expo+WU KAI SHA STATION,X40,1,kmb,AsiaWorld-Expo,WU KAI SHA STATION,AsiaWorld-Expo,WU KAI SHA STATION,,,HK Bus Crawling
X42C+1+TSING YI (CHEUNG HANG ESTATE)+YAU TONG,X42C,1,kmb,TSING YI (CHEUNG HANG ESTATE),YAU TONG,TSING YI (CHEUNG HANG ESTATE),YAU TONG,,8230,HK Bus Crawling
X42C+1+YAU TONG+TSING YI (CHEUNG HANG ESTATE),X42C,1,kmb,YAU TONG,TSING YI (CHEUNG HANG ESTATE),YAU TONG,TSING YI (CHEUNG HANG ESTATE),,8230,HK Bus Crawling
"X42C+2+HONG CHEUNG HOUSE, CHEUNG HONG ESTATE+YAU TONG",X42C,2,kmb,"HONG CHEUNG HOUSE, CHEUNG HONG ESTATE",YAU TONG,"HONG CHEUNG HOUSE, CHEUNG HONG ESTATE",YAU TONG,,8540,HK Bus Crawling
X42C+5+TSING YI (CHEUNG HANG ESTATE)+YAU TONG,X42C,5,kmb,TSING YI (CHEUNG HANG ESTATE),YAU TONG,TSING YI (CHEUNG HANG ESTATE),YAU TONG,,1000645,HK Bus Crawling
X42P+1+TSING YI STATION+LAM TIN STATION,X42P,1,kmb,TSING YI STATION,LAM TIN STATION,TSING YI STATION,LAM TIN STATION,,8532,HK Bus Crawling
X43+1+AsiaWorld-Expo+FANLING (LUEN WO HUI),X43,1,kmb,AsiaWorld-Expo,FANLING (LUEN WO HUI),AsiaWorld-Expo,FANLING (LUEN WO HUI),,,HK Bus Crawling
X47+1+AsiaWorld-Expo+TAI PO (FU HENG),X47,1,kmb,AsiaWorld-Expo,TAI PO (FU HENG),AsiaWorld-Expo,TAI PO (FU HENG),,,HK Bus Crawling
X6C+1+KAI TAK HOSPITAL+MEI FOO,X6C,1,kmb,KAI TAK HOSPITAL,MEI FOO,KAI TAK HOSPITAL,MEI FOO,,1000059,HK Bus Crawling
X6C+1+MEI FOO+KAI TAK HOSPITAL,X6C,1,kmb,MEI FOO,KAI TAK HOSPITAL,MEI FOO,KAI TAK HOSPITAL,,1000059,HK Bus Crawling
X89D+1+KWUN TONG FERRY+NAI CHUNG,X89D,1,kmb,KWUN TONG FERRY,NAI CHUNG,KWUN TONG FERRY,NAI CHUNG,,8539,HK Bus Crawling
X89D+1+NAI CHUNG+KWUN TONG FERRY,X89D,1,kmb,NAI CHUNG,KWUN TONG FERRY,NAI CHUNG,KWUN TONG FERRY,,8539,HK Bus Crawling
X89D+2+NAI CHUNG+KWUN TONG FERRY,X89D,2,kmb,NAI CHUNG,KWUN TONG FERRY,NAI CHUNG,KWUN TONG FERRY,,1000195,HK Bus Crawling
X90+1+FIRE AND AMBULANCE SERVICES ACADEMY+HUNG NGOK HOUSE,X90,1,kmb,FIRE AND AMBULANCE SERVICES ACADEMY,HUNG NGOK HOUSE,FIRE AND AMBULANCE SERVICES ACADEMY,HUNG NGOK HOUSE,,,HK Bus Crawling
X90+1+WONG TAI SIN STATION+FIRE AND AMBULANCE SERVICES ACADEMY,X90,1,kmb,WONG TAI SIN STATION,FIRE AND AMBULANCE SERVICES ACADEMY,WONG TAI SIN STATION,FIRE AND AMBULANCE SERVICES ACADEMY,,,HK Bus Crawling
101+1+KENNEDY TOWN+KWUN TONG (YUE MAN SQUARE),101,1,kmb|ctb,KENNEDY TOWN,KWUN TONG (YUE MAN SQUARE),KENNEDY TOWN,KWUN TONG (YUE MAN SQUARE),,1482,HK Bus Crawling
101+1+KWUN TONG (YUE MAN SQUARE)+KENNEDY TOWN,101,1,kmb|ctb,KWUN TONG (YUE MAN SQUARE),KENNEDY TOWN,KWUN TONG (YUE MAN SQUARE),KENNEDY TOWN,,1482,HK Bus Crawling
"101+1+Kwun Tong (Yue Man Square)+Luen Bong Apartment, Belcher's Street",101,1,kmb|ctb,Kwun Tong (Yue Man Square),"Luen Bong Apartment, Belcher's Street",Kwun Tong (Yue Man Square),"Luen Bong Apartment, Belcher's Street",,8341,HK Bus Crawling
101+2+DES VOEUX RD CENTRAL+KWUN TONG (YUE MAN SQUARE),101,2,kmb|ctb,DES VOEUX RD CENTRAL,KWUN TONG (YUE MAN SQUARE),DES VOEUX RD CENTRAL,KWUN TONG (YUE MAN SQUARE),,8663,HK Bus Crawling
"101+2+Kwun Tong (Yue Man Square)+The Landmark, Des Voeux Road Central",101,2,kmb|ctb,Kwun Tong (Yue Man Square),"The Landmark, Des Voeux Road Central",Kwun Tong (Yue Man Square),"The Landmark, Des Voeux Road Central",,8340,HK Bus Crawling
101+9+MOK CHEONG STREET+KENNEDY TOWN,101,9,kmb|ctb,MOK CHEONG STREET,KENNEDY TOWN,MOK CHEONG STREET,KENNEDY TOWN,,8661,HK Bus Crawling
101X+1+KENNEDY TOWN+KWUN TONG (YUE MAN SQUARE),101X,1,kmb|ctb,KENNEDY TOWN,KWUN TONG (YUE MAN SQUARE),KENNEDY TOWN,KWUN TONG (YUE MAN SQUARE),,8194,HK Bus Crawling
101X+1+KWUN TONG (YUE MAN SQUARE)+KENNEDY TOWN,101X,1,kmb|ctb,KWUN TONG (YUE MAN SQUARE),KENNEDY TOWN,KWUN TONG (YUE MAN SQUARE),KENNEDY TOWN,,8194,HK Bus Crawling
101X+2+KWUN TONG (YUE MAN SQUARE)+KENNEDY TOWN,101X,2,kmb|ctb,KWUN TONG (YUE MAN SQUARE),KENNEDY TOWN,KWUN TONG (YUE MAN SQUARE),KENNEDY TOWN,,8228,HK Bus Crawling
102+1+MEI FOO+SHAU KEI WAN,102,1,kmb|ctb,MEI FOO,SHAU KEI WAN,MEI FOO,SHAU KEI WAN,,1484,HK Bus Crawling
102+1+SHAU KEI WAN+MEI FOO,102,1,kmb|ctb,SHAU KEI WAN,MEI FOO,SHAU KEI WAN,MEI FOO,,1484,HK Bus Crawling
102+2+CROSS HARBOUR TUNNEL BBI (HH502)+SHAU KEI WAN BUS TERMINUS,102,2,kmb|ctb,CROSS HARBOUR TUNNEL BBI (HH502),SHAU KEI WAN BUS TERMINUS,CROSS HARBOUR TUNNEL BBI (HH502),SHAU KEI WAN BUS TERMINUS,,8774,HK Bus Crawling
102P+1+MEI FOO+SHAU KEI WAN,102P,1,kmb|ctb,MEI FOO,SHAU KEI WAN,MEI FOO,SHAU KEI WAN,,1006,HK Bus Crawling
102P+1+SHAU KEI WAN+MEI FOO,102P,1,kmb|ctb,SHAU KEI WAN,MEI FOO,SHAU KEI WAN,MEI FOO,,1006,HK Bus Crawling
102P+3+HUNG HOM CROSS HARBOUR TUNNEL+SHAU KEI WAN,102P,3,kmb|ctb,HUNG HOM CROSS HARBOUR TUNNEL,SHAU KEI WAN,HUNG HOM CROSS HARBOUR TUNNEL,SHAU KEI WAN,,8631,HK Bus Crawling
103+1+CHUK YUEN ESTATE+POKFIELD RD,103,1,kmb|ctb,CHUK YUEN ESTATE,POKFIELD RD,CHUK YUEN ESTATE,POKFIELD RD,,1008,HK Bus Crawling
103+1+POKFIELD RD+CHUK YUEN ESTATE,103,1,kmb|ctb,POKFIELD RD,CHUK YUEN ESTATE,POKFIELD RD,CHUK YUEN ESTATE,,1008,HK Bus Crawling
104+1+KENNEDY TOWN+Sham Shui Po (Pak Tin Estate),104,1,kmb|ctb,KENNEDY TOWN,Sham Shui Po (Pak Tin Estate),KENNEDY TOWN,Sham Shui Po (Pak Tin Estate),,1745,HK Bus Crawling
104+1+Sham Shui Po (Pak Tin Estate)+KENNEDY TOWN,104,1,kmb|ctb,Sham Shui Po (Pak Tin Estate),KENNEDY TOWN,Sham Shui Po (Pak Tin Estate),KENNEDY TOWN,,1745,HK Bus Crawling
106+1+SIU SAI WAN (ISLAND RESORT)+WONG TAI SIN,106,1,kmb|ctb,SIU SAI WAN (ISLAND RESORT),WONG TAI SIN,SIU SAI WAN (ISLAND RESORT),WONG TAI SIN,,1010,HK Bus Crawling
106+1+WONG TAI SIN+SIU SAI WAN (ISLAND RESORT),106,1,kmb|ctb,WONG TAI SIN,SIU SAI WAN (ISLAND RESORT),WONG TAI SIN,SIU SAI WAN (ISLAND RESORT),,1010,HK Bus Crawling
106A+1+WONG TAI SIN+TAI KOO (KORNHILL PLAZA),106A,1,kmb|ctb,WONG TAI SIN,TAI KOO (KORNHILL PLAZA),WONG TAI SIN,TAI KOO (KORNHILL PLAZA),,1493,HK Bus Crawling
106P+1+SIU SAI WAN (ISLAND RESORT)+WONG TAI SIN,106P,1,kmb|ctb,SIU SAI WAN (ISLAND RESORT),WONG TAI SIN,SIU SAI WAN (ISLAND RESORT),WONG TAI SIN,,1490,HK Bus Crawling
106P+1+WONG TAI SIN+SIU SAI WAN (ISLAND RESORT),106P,1,kmb|ctb,WONG TAI SIN,SIU SAI WAN (ISLAND RESORT),WONG TAI SIN,SIU SAI WAN (ISLAND RESORT),,1490,HK Bus Crawling
106P+2+SIU SAI WAN (ISLAND RESORT)+WONG TAI SIN,106P,2,kmb|ctb,SIU SAI WAN (ISLAND RESORT),WONG TAI SIN,SIU SAI WAN (ISLAND RESORT),WONG TAI SIN,,1000124,HK Bus Crawling
107+1+KOWLOON BAY+WAH KWAI,107,1,kmb|ctb,KOWLOON BAY,WAH KWAI,KOWLOON BAY,WAH KWAI,,1491,HK Bus Crawling
107+1+WAH KWAI+KOWLOON BAY,107,1,kmb|ctb,WAH KWAI,KOWLOON BAY,WAH KWAI,KOWLOON BAY,,1491,HK Bus Crawling
107+2+KOWLOON BAY+WAH KWAI,107,2,kmb|ctb,KOWLOON BAY,WAH KWAI,KOWLOON BAY,WAH KWAI,,8468,HK Bus Crawling
107+2+WAH KWAI+KOWLOON BAY,107,2,kmb|ctb,WAH KWAI,KOWLOON BAY,WAH KWAI,KOWLOON BAY,,8468,HK Bus Crawling
107P+1+CYBERPORT+LAGUNA VERDE,107P,1,kmb|ctb,CYBERPORT,LAGUNA VERDE,CYBERPORT,LAGUNA VERDE,,1492,HK Bus Crawling
107P+1+LAGUNA VERDE+CYBERPORT,107P,1,kmb|ctb,LAGUNA VERDE,CYBERPORT,LAGUNA VERDE,CYBERPORT,,1492,HK Bus Crawling
109+1+CENTRAL (MACAO FERRY)+HO MAN TIN,109,1,kmb|ctb,CENTRAL (MACAO FERRY),HO MAN TIN,CENTRAL (MACAO FERRY),HO MAN TIN,,1015,HK Bus Crawling
109+1+HO MAN TIN+CENTRAL (MACAO FERRY),109,1,kmb|ctb,HO MAN TIN,CENTRAL (MACAO FERRY),HO MAN TIN,CENTRAL (MACAO FERRY),,1015,HK Bus Crawling
110+1+SHAU KEI WAN+TSIM SHA TSUI (CIRCULAR),110,1,kmb|ctb,SHAU KEI WAN,TSIM SHA TSUI (CIRCULAR),SHAU KEI WAN,TSIM SHA TSUI (CIRCULAR),,1017,HK Bus Crawling
110+1+Shau Kei Wan+Tsim Sha Tsui (Mody Road),110,1,kmb|ctb,Shau Kei Wan,Tsim Sha Tsui (Mody Road),Shau Kei Wan,Tsim Sha Tsui (Mody Road),,1000622,HK Bus Crawling
110+2+SHAU KEI WAN+TSIM SHA TSUI EAST (MODY ROAD),110,2,kmb|ctb,SHAU KEI WAN,TSIM SHA TSUI EAST (MODY ROAD),SHAU KEI WAN,TSIM SHA TSUI EAST (MODY ROAD),,8177,HK Bus Crawling
110+2+Shau Kei Wan+Tsim Sha Tsui (Mody Road),110,2,kmb|ctb,Shau Kei Wan,Tsim Sha Tsui (Mody Road),Shau Kei Wan,Tsim Sha Tsui (Mody Road),,8177,HK Bus Crawling
110+5+SHAU KEI WAN+TSIM SHA TSUI (CIRCULAR),110,5,kmb|ctb,SHAU KEI WAN,TSIM SHA TSUI (CIRCULAR),SHAU KEI WAN,TSIM SHA TSUI (CIRCULAR),,1000621,HK Bus Crawling
110+6+SHAU KEI WAN+TSIM SHA TSUI EAST (MODY ROAD),110,6,kmb|ctb,SHAU KEI WAN,TSIM SHA TSUI EAST (MODY ROAD),SHAU KEI WAN,TSIM SHA TSUI EAST (MODY ROAD),,1000622,HK Bus Crawling
111+1+CENTRAL (MACAO FERRY)+PING SHEK ／ CHOI HUNG STATION,111,1,kmb|ctb,CENTRAL (MACAO FERRY),PING SHEK ／ CHOI HUNG STATION,CENTRAL (MACAO FERRY),PING SHEK ／ CHOI HUNG STATION,,1497,HK Bus Crawling
111+1+PING SHEK ／ CHOI HUNG STATION+CENTRAL (MACAO FERRY),111,1,kmb|ctb,PING SHEK ／ CHOI HUNG STATION,CENTRAL (MACAO FERRY),PING SHEK ／ CHOI HUNG STATION,CENTRAL (MACAO FERRY),,1497,HK Bus Crawling
111P+1+CENTRAL (MACAO FERRY)+CHOI FOOK,111P,1,kmb|ctb,CENTRAL (MACAO FERRY),CHOI FOOK,CENTRAL (MACAO FERRY),CHOI FOOK,,1498,HK Bus Crawling
111P+1+CHOI FOOK+CENTRAL (MACAO FERRY),111P,1,kmb|ctb,CHOI FOOK,CENTRAL (MACAO FERRY),CHOI FOOK,CENTRAL (MACAO FERRY),,1498,HK Bus Crawling
112+1+CHEUNG SHA WAN (SO UK ESTATE)+NORTH POINT (PAK FUK ROAD),112,1,kmb|ctb,CHEUNG SHA WAN (SO UK ESTATE),NORTH POINT (PAK FUK ROAD),CHEUNG SHA WAN (SO UK ESTATE),NORTH POINT (PAK FUK ROAD),,1019,HK Bus Crawling
112+1+NORTH POINT (PAK FUK ROAD)+CHEUNG SHA WAN (SO UK ESTATE),112,1,kmb|ctb,NORTH POINT (PAK FUK ROAD),CHEUNG SHA WAN (SO UK ESTATE),NORTH POINT (PAK FUK ROAD),CHEUNG SHA WAN (SO UK ESTATE),,1019,HK Bus Crawling
113+1+CHOI HUNG+KENNEDY TOWN (BELCHER BAY),113,1,kmb|ctb,CHOI HUNG,KENNEDY TOWN (BELCHER BAY),CHOI HUNG,KENNEDY TOWN (BELCHER BAY),,1499,HK Bus Crawling
113+1+KENNEDY TOWN (BELCHER BAY)+CHOI HUNG,113,1,kmb|ctb,KENNEDY TOWN (BELCHER BAY),CHOI HUNG,KENNEDY TOWN (BELCHER BAY),CHOI HUNG,,1499,HK Bus Crawling
115+1+CENTRAL (MACAO FERRY)+KOWLOON CITY FERRY,115,1,kmb|ctb,CENTRAL (MACAO FERRY),KOWLOON CITY FERRY,CENTRAL (MACAO FERRY),KOWLOON CITY FERRY,,1021,HK Bus Crawling
115+1+KOWLOON CITY FERRY+CENTRAL (MACAO FERRY),115,1,kmb|ctb,KOWLOON CITY FERRY,CENTRAL (MACAO FERRY),KOWLOON CITY FERRY,CENTRAL (MACAO FERRY),,1021,HK Bus Crawling
115P+1+LAGUNA VERDE+CENTRAL (MACAO FERRY),115P,1,kmb|ctb,LAGUNA VERDE,CENTRAL (MACAO FERRY),LAGUNA VERDE,CENTRAL (MACAO FERRY),,1022,HK Bus Crawling
116+1+QUARRY BAY (YAU MAN STREET)+TSZ WAN SHAN (CENTRAL),116,1,kmb|ctb,QUARRY BAY (YAU MAN STREET),TSZ WAN SHAN (CENTRAL),QUARRY BAY (YAU MAN STREET),TSZ WAN SHAN (CENTRAL),,1023,HK Bus Crawling
116+1+TSZ WAN SHAN (CENTRAL)+QUARRY BAY (YAU MAN STREET),116,1,kmb|ctb,TSZ WAN SHAN (CENTRAL),QUARRY BAY (YAU MAN STREET),TSZ WAN SHAN (CENTRAL),QUARRY BAY (YAU MAN STREET),,1023,HK Bus Crawling
116+2+FORTRESS HILL STATION+TSZ WAN SHAN (CENTRAL),116,2,kmb|ctb,FORTRESS HILL STATION,TSZ WAN SHAN (CENTRAL),FORTRESS HILL STATION,TSZ WAN SHAN (CENTRAL),,1000132,HK Bus Crawling
117+1+HAPPY VALLEY (LOWER)+SHAM SHUI PO (YEN CHOW ST),117,1,kmb|ctb,HAPPY VALLEY (LOWER),SHAM SHUI PO (YEN CHOW ST),HAPPY VALLEY (LOWER),SHAM SHUI PO (YEN CHOW ST),,1024,HK Bus Crawling
117+1+SHAM SHUI PO (YEN CHOW ST)+HAPPY VALLEY (LOWER),117,1,kmb|ctb,SHAM SHUI PO (YEN CHOW ST),HAPPY VALLEY (LOWER),SHAM SHUI PO (YEN CHOW ST),HAPPY VALLEY (LOWER),,1024,HK Bus Crawling
118+1+CHEUNG SHA WAN (SHAM MONG ROAD)+SIU SAI WAN (ISLAND RESORT),118,1,kmb|ctb,CHEUNG SHA WAN (SHAM MONG ROAD),SIU SAI WAN (ISLAND RESORT),CHEUNG SHA WAN (SHAM MONG ROAD),SIU SAI WAN (ISLAND RESORT),,1747,HK Bus Crawling
118+1+SIU SAI WAN (ISLAND RESORT)+CHEUNG SHA WAN (SHAM MONG ROAD),118,1,kmb|ctb,SIU SAI WAN (ISLAND RESORT),CHEUNG SHA WAN (SHAM MONG ROAD),SIU SAI WAN (ISLAND RESORT),CHEUNG SHA WAN (SHAM MONG ROAD),,1747,HK Bus Crawling
118+2+MONG KOK (NELSON ST)+SIU SAI WAN (ISLAND RESORT),118,2,kmb|ctb,MONG KOK (NELSON ST),SIU SAI WAN (ISLAND RESORT),MONG KOK (NELSON ST),SIU SAI WAN (ISLAND RESORT),,8591,HK Bus Crawling
118+3+CHAI WAN (GREENWOOD TERRACE)+CHEUNG SHA WAN (SHAM MONG ROAD),118,3,kmb|ctb,CHAI WAN (GREENWOOD TERRACE),CHEUNG SHA WAN (SHAM MONG ROAD),CHAI WAN (GREENWOOD TERRACE),CHEUNG SHA WAN (SHAM MONG ROAD),,1569,HK Bus Crawling
118+3+CROSS HARBOUR TUNNEL+SIU SAI WAN (ISLAND RESORT),118,3,kmb|ctb,CROSS HARBOUR TUNNEL,SIU SAI WAN (ISLAND RESORT),CROSS HARBOUR TUNNEL,SIU SAI WAN (ISLAND RESORT),,8066,HK Bus Crawling
118P+1+CHEUNG SHA WAN (SHAM MONG ROAD)+SIU SAI WAN (ISLAND RESORT),118P,1,kmb|ctb,CHEUNG SHA WAN (SHAM MONG ROAD),SIU SAI WAN (ISLAND RESORT),CHEUNG SHA WAN (SHAM MONG ROAD),SIU SAI WAN (ISLAND RESORT),,1505,HK Bus Crawling
118P+1+SIU SAI WAN (ISLAND RESORT)+CHEUNG SHA WAN (SHAM MONG ROAD),118P,1,kmb|ctb,SIU SAI WAN (ISLAND RESORT),CHEUNG SHA WAN (SHAM MONG ROAD),SIU SAI WAN (ISLAND RESORT),CHEUNG SHA WAN (SHAM MONG ROAD),,1505,HK Bus Crawling
"118P+1+Siu Sai Wan (Island Resort)+Kei Wing Primary School, Lai Chi Kok Road",118P,1,kmb|ctb,Siu Sai Wan (Island Resort),"Kei Wing Primary School, Lai Chi Kok Road",Siu Sai Wan (Island Resort),"Kei Wing Primary School, Lai Chi Kok Road",,1506,HK Bus Crawling
170+1+SHATIN STATION+WAH FU (CENTRAL),170,1,kmb|ctb,SHATIN STATION,WAH FU (CENTRAL),SHATIN STATION,WAH FU (CENTRAL),,1047,HK Bus Crawling
170+1+WAH FU (CENTRAL)+SHATIN STATION,170,1,kmb|ctb,WAH FU (CENTRAL),SHATIN STATION,WAH FU (CENTRAL),SHATIN STATION,,1047,HK Bus Crawling
170+2+SHATIN STATION+WAH FU (CENTRAL),170,2,kmb|ctb,SHATIN STATION,WAH FU (CENTRAL),SHATIN STATION,WAH FU (CENTRAL),,8470,HK Bus Crawling
170+2+WAH FU (CENTRAL)+SHATIN STATION,170,2,kmb|ctb,WAH FU (CENTRAL),SHATIN STATION,WAH FU (CENTRAL),SHATIN STATION,,8470,HK Bus Crawling
171+1+LAI CHI KOK+SOUTH HORIZONS,171,1,kmb|ctb,LAI CHI KOK,SOUTH HORIZONS,LAI CHI KOK,SOUTH HORIZONS,,1513,HK Bus Crawling
171+1+SOUTH HORIZONS+LAI CHI KOK,171,1,kmb|ctb,SOUTH HORIZONS,LAI CHI KOK,SOUTH HORIZONS,LAI CHI KOK,,1513,HK Bus Crawling
171+2+LAI CHI KOK+SOUTH HORIZONS,171,2,kmb|ctb,LAI CHI KOK,SOUTH HORIZONS,LAI CHI KOK,SOUTH HORIZONS,,8449,HK Bus Crawling
171+2+SOUTH HORIZONS+LAI CHI KOK,171,2,kmb|ctb,SOUTH HORIZONS,LAI CHI KOK,SOUTH HORIZONS,LAI CHI KOK,,8449,HK Bus Crawling
171+7+LAI CHI KOK+SOUTH HORIZONS,171,7,kmb|ctb,LAI CHI KOK,SOUTH HORIZONS,LAI CHI KOK,SOUTH HORIZONS,,8448,HK Bus Crawling
171+9+SOUTH HORIZONS+LAI CHI KOK,171,9,kmb|ctb,SOUTH HORIZONS,LAI CHI KOK,SOUTH HORIZONS,LAI CHI KOK,,8448,HK Bus Crawling
171A+1+LEI TUNG ESTATE+LAI CHI KOK,171A,1,kmb|ctb,LEI TUNG ESTATE,LAI CHI KOK,LEI TUNG ESTATE,LAI CHI KOK,,1515,HK Bus Crawling
171P+1+SOUTH HORIZONS+LAI CHI KOK,171P,1,kmb|ctb,SOUTH HORIZONS,LAI CHI KOK,SOUTH HORIZONS,LAI CHI KOK,,1514,HK Bus Crawling
182+1+CENTRAL (MACAO FERRY)+YU CHUI COURT,182,1,kmb|ctb,CENTRAL (MACAO FERRY),YU CHUI COURT,CENTRAL (MACAO FERRY),YU CHUI COURT,,1051,HK Bus Crawling
182+1+YU CHUI COURT+CENTRAL (MACAO FERRY),182,1,kmb|ctb,YU CHUI COURT,CENTRAL (MACAO FERRY),YU CHUI COURT,CENTRAL (MACAO FERRY),,1051,HK Bus Crawling
182X+1+CENTRAL (MACAO FERRY)+YU CHUI COURT,182X,1,kmb|ctb,CENTRAL (MACAO FERRY),YU CHUI COURT,CENTRAL (MACAO FERRY),YU CHUI COURT,,8307,HK Bus Crawling
302+1+TSZ WAN SHAN (NORTH)+SHEUNG WAN,302,1,kmb|ctb,TSZ WAN SHAN (NORTH),SHEUNG WAN,TSZ WAN SHAN (NORTH),SHEUNG WAN,,1531,HK Bus Crawling
302A+1+TSZ WAN SHAN (NORTH)+NORTH POINT (HEALTHY VILLAGE),302A,1,kmb|ctb,TSZ WAN SHAN (NORTH),NORTH POINT (HEALTHY VILLAGE),TSZ WAN SHAN (NORTH),NORTH POINT (HEALTHY VILLAGE),,8165,HK Bus Crawling
307+1+CENTRAL (CENTRAL FERRY PIERS)+TAI PO CENTRAL,307,1,kmb|ctb,CENTRAL (CENTRAL FERRY PIERS),TAI PO CENTRAL,CENTRAL (CENTRAL FERRY PIERS),TAI PO CENTRAL,,1757,HK Bus Crawling
307+1+TAI PO CENTRAL+CENTRAL (CENTRAL FERRY PIERS),307,1,kmb|ctb,TAI PO CENTRAL,CENTRAL (CENTRAL FERRY PIERS),TAI PO CENTRAL,CENTRAL (CENTRAL FERRY PIERS),,1757,HK Bus Crawling
"307+1+Tai Po Centre+Wing Kut Street, Des Voeux Road Central",307,1,kmb|ctb,Tai Po Centre,"Wing Kut Street, Des Voeux Road Central",Tai Po Centre,"Wing Kut Street, Des Voeux Road Central",,8656,HK Bus Crawling
307A+1+TAI PO TAU+SHEUNG WAN,307A,1,kmb|ctb,TAI PO TAU,SHEUNG WAN,TAI PO TAU,SHEUNG WAN,,1758,HK Bus Crawling
307D+1+SIU SAI WAN+TAI PO (TING TAI ROAD),307D,1,kmb|ctb,SIU SAI WAN,TAI PO (TING TAI ROAD),SIU SAI WAN,TAI PO (TING TAI ROAD),,1000562,HK Bus Crawling
307D+1+TAI PO (TING TAI ROAD)+SIU SAI WAN,307D,1,kmb|ctb,TAI PO (TING TAI ROAD),SIU SAI WAN,TAI PO (TING TAI ROAD),SIU SAI WAN,,1000562,HK Bus Crawling
307P+1+CAUSEWAY BAY (TIN HAU)+TAI PO (TING TAI ROAD),307P,1,kmb|ctb,CAUSEWAY BAY (TIN HAU),TAI PO (TING TAI ROAD),CAUSEWAY BAY (TIN HAU),TAI PO (TING TAI ROAD),,1760,HK Bus Crawling
307P+1+TAI PO (TING TAI ROAD)+CAUSEWAY BAY (TIN HAU),307P,1,kmb|ctb,TAI PO (TING TAI ROAD),CAUSEWAY BAY (TIN HAU),TAI PO (TING TAI ROAD),CAUSEWAY BAY (TIN HAU),,1760,HK Bus Crawling
307P+2+CAUSEWAY BAY (TIN HAU)+FU TIP BUS TERMINUS,307P,2,kmb|ctb,CAUSEWAY BAY (TIN HAU),FU TIP BUS TERMINUS,CAUSEWAY BAY (TIN HAU),FU TIP BUS TERMINUS,,1000538,HK Bus Crawling
307P+2+FU TIP BUS TERMINUS+CAUSEWAY BAY (TIN HAU),307P,2,kmb|ctb,FU TIP BUS TERMINUS,CAUSEWAY BAY (TIN HAU),FU TIP BUS TERMINUS,CAUSEWAY BAY (TIN HAU),,1000538,HK Bus Crawling
601+1+ADMIRALTY STATION (EAST)+PO TAT,601,1,kmb|ctb,ADMIRALTY STATION (EAST),PO TAT,ADMIRALTY STATION (EAST),PO TAT,,1769,HK Bus Crawling
601+1+PO TAT+ADMIRALTY STATION (EAST),601,1,kmb|ctb,PO TAT,ADMIRALTY STATION (EAST),PO TAT,ADMIRALTY STATION (EAST),,1769,HK Bus Crawling
601P+1+PO TAT+SHEUNG WAN,601P,1,kmb|ctb,PO TAT,SHEUNG WAN,PO TAT,SHEUNG WAN,,1565,HK Bus Crawling
601P+1+SHEUNG WAN+PO TAT,601P,1,kmb|ctb,SHEUNG WAN,PO TAT,SHEUNG WAN,PO TAT,,1566,HK Bus Crawling
601P+2+HIU KWONG STREET (HIU LAI COURT)+SHEUNG WAN,601P,2,kmb|ctb,HIU KWONG STREET (HIU LAI COURT),SHEUNG WAN,HIU KWONG STREET (HIU LAI COURT),SHEUNG WAN,,1000154,HK Bus Crawling
606+1+CHOI WAN (FUNG SHING STREET)+SIU SAI WAN (ISLAND RESORT),606,1,kmb|ctb,CHOI WAN (FUNG SHING STREET),SIU SAI WAN (ISLAND RESORT),CHOI WAN (FUNG SHING STREET),SIU SAI WAN (ISLAND RESORT),,1259,HK Bus Crawling
606+1+SIU SAI WAN (ISLAND RESORT)+CHOI WAN (FUNG SHING STREET),606,1,kmb|ctb,SIU SAI WAN (ISLAND RESORT),CHOI WAN (FUNG SHING STREET),SIU SAI WAN (ISLAND RESORT),CHOI WAN (FUNG SHING STREET),,1259,HK Bus Crawling
606+4+CHOI WAN (FUNG SHING STREET)+SIU SAI WAN (ISLAND RESORT),606,4,kmb|ctb,CHOI WAN (FUNG SHING STREET),SIU SAI WAN (ISLAND RESORT),CHOI WAN (FUNG SHING STREET),SIU SAI WAN (ISLAND RESORT),,1563,HK Bus Crawling
606A+1+CHOI WAN (FUNG SHING STREET)+SHAU KEI WAN (YIU TUNG ESTATE),606A,1,kmb|ctb,CHOI WAN (FUNG SHING STREET),SHAU KEI WAN (YIU TUNG ESTATE),CHOI WAN (FUNG SHING STREET),SHAU KEI WAN (YIU TUNG ESTATE),,8174,HK Bus Crawling
606A+1+SHAU KEI WAN (YIU TUNG ESTATE)+CHOI WAN (FUNG SHING STREET),606A,1,kmb|ctb,SHAU KEI WAN (YIU TUNG ESTATE),CHOI WAN (FUNG SHING STREET),SHAU KEI WAN (YIU TUNG ESTATE),CHOI WAN (FUNG SHING STREET),,8174,HK Bus Crawling
606X+1+KOWLOON BAY+SIU SAI WAN (ISLAND RESORT),606X,1,kmb|ctb,KOWLOON BAY,SIU SAI WAN (ISLAND RESORT),KOWLOON BAY,SIU SAI WAN (ISLAND RESORT),,8175,HK Bus Crawling
606X+1+SIU SAI WAN (ISLAND RESORT)+KOWLOON BAY,606X,1,kmb|ctb,SIU SAI WAN (ISLAND RESORT),KOWLOON BAY,SIU SAI WAN (ISLAND RESORT),KOWLOON BAY,,8175,HK Bus Crawling
606X+2+KAI YIP+SIU SAI WAN (ISLAND RESORT),606X,2,kmb|ctb,KAI YIP,SIU SAI WAN (ISLAND RESORT),KAI YIP,SIU SAI WAN (ISLAND RESORT),,8173,HK Bus Crawling
606X+3+KAI YIP+SIU SAI WAN (ISLAND RESORT),606X,3,kmb|ctb,KAI YIP,SIU SAI WAN (ISLAND RESORT),KAI YIP,SIU SAI WAN (ISLAND RESORT),,8603,HK Bus Crawling
619+1+CENTRAL (MACAO FERRY)+SHUN LEE,619,1,kmb|ctb,CENTRAL (MACAO FERRY),SHUN LEE,CENTRAL (MACAO FERRY),SHUN LEE,,1263,HK Bus Crawling
619+1+SHUN LEE+CENTRAL (MACAO FERRY),619,1,kmb|ctb,SHUN LEE,CENTRAL (MACAO FERRY),SHUN LEE,CENTRAL (MACAO FERRY),,1263,HK Bus Crawling
619P+1+SHUN LEE+CENTRAL (MACAO FERRY),619P,1,kmb|ctb,SHUN LEE,CENTRAL (MACAO FERRY),SHUN LEE,CENTRAL (MACAO FERRY),,1264,HK Bus Crawling
619X+1+CENTRAL (MACAO FERRY)+SHUN LEE,619X,1,kmb|ctb,CENTRAL (MACAO FERRY),SHUN LEE,CENTRAL (MACAO FERRY),SHUN LEE,,1271,HK Bus Crawling
619X+1+SHUN LEE+CENTRAL (MACAO FERRY),619X,1,kmb|ctb,SHUN LEE,CENTRAL (MACAO FERRY),SHUN LEE,CENTRAL (MACAO FERRY),,1271,HK Bus Crawling
621+1+CENTRAL (HONG KONG STATION)+LAGUNA CITY,621,1,kmb|ctb,CENTRAL (HONG KONG STATION),LAGUNA CITY,CENTRAL (HONG KONG STATION),LAGUNA CITY,,1267,HK Bus Crawling
621+1+LAGUNA CITY+CENTRAL (HONG KONG STATION),621,1,kmb|ctb,LAGUNA CITY,CENTRAL (HONG KONG STATION),LAGUNA CITY,CENTRAL (HONG KONG STATION),,1267,HK Bus Crawling
641+1+CENTRAL (MACAO FERRY)+KAI TAK (KAI CHING ESTATE),641,1,kmb|ctb,CENTRAL (MACAO FERRY),KAI TAK (KAI CHING ESTATE),CENTRAL (MACAO FERRY),KAI TAK (KAI CHING ESTATE),,1270,HK Bus Crawling
641+1+KAI TAK (KAI CHING ESTATE)+CENTRAL (MACAO FERRY),641,1,kmb|ctb,KAI TAK (KAI CHING ESTATE),CENTRAL (MACAO FERRY),KAI TAK (KAI CHING ESTATE),CENTRAL (MACAO FERRY),,1270,HK Bus Crawling
671+1+AP LEI CHAU LEE LOK ST+DIAMOND HILL STATION,671,1,kmb|ctb,AP LEI CHAU LEE LOK ST,DIAMOND HILL STATION,AP LEI CHAU LEE LOK ST,DIAMOND HILL STATION,,1278,HK Bus Crawling
671+1+DIAMOND HILL STATION+AP LEI CHAU LEE LOK ST,671,1,kmb|ctb,DIAMOND HILL STATION,AP LEI CHAU LEE LOK ST,DIAMOND HILL STATION,AP LEI CHAU LEE LOK ST,,1278,HK Bus Crawling
671X+1+AP LEI CHAU LEE LOK ST+DIAMOND HILL STATION,671X,1,kmb|ctb,AP LEI CHAU LEE LOK ST,DIAMOND HILL STATION,AP LEI CHAU LEE LOK ST,DIAMOND HILL STATION,,8790,HK Bus Crawling
678+1+CAUSEWAY BAY (EASTERN HOSPITAL ROAD)+SHEUNG SHUI,678,1,kmb|ctb,CAUSEWAY BAY (EASTERN HOSPITAL ROAD),SHEUNG SHUI,CAUSEWAY BAY (EASTERN HOSPITAL ROAD),SHEUNG SHUI,,8172,HK Bus Crawling
678+1+SHEUNG SHUI+CAUSEWAY BAY (EASTERN HOSPITAL ROAD),678,1,kmb|ctb,SHEUNG SHUI,CAUSEWAY BAY (EASTERN HOSPITAL ROAD),SHEUNG SHUI,CAUSEWAY BAY (EASTERN HOSPITAL ROAD),,8172,HK Bus Crawling
680+1+ADMIRALTY STATION (EAST)+LEE ON,680,1,kmb|ctb,ADMIRALTY STATION (EAST),LEE ON,ADMIRALTY STATION (EAST),LEE ON,,1773,HK Bus Crawling
680+1+LEE ON+ADMIRALTY STATION (EAST),680,1,kmb|ctb,LEE ON,ADMIRALTY STATION (EAST),LEE ON,ADMIRALTY STATION (EAST),,1773,HK Bus Crawling
680+3+LEE ON+ADMIRALTY STATION (EAST),680,3,kmb|ctb,LEE ON,ADMIRALTY STATION (EAST),LEE ON,ADMIRALTY STATION (EAST),,1564,HK Bus Crawling
680B+1+CHEVALIER GARDEN+ADMIRALTY STATION (EAST),680B,1,kmb|ctb,CHEVALIER GARDEN,ADMIRALTY STATION (EAST),CHEVALIER GARDEN,ADMIRALTY STATION (EAST),,8170,HK Bus Crawling
680P+1+WU KAI SHA STATION+ADMIRALTY STATION (EAST),680P,1,kmb|ctb,WU KAI SHA STATION,ADMIRALTY STATION (EAST),WU KAI SHA STATION,ADMIRALTY STATION (EAST),,1579,HK Bus Crawling
680X+1+CENTRAL (MACAO FERRY)+WU KAI SHA STATION,680X,1,kmb|ctb,CENTRAL (MACAO FERRY),WU KAI SHA STATION,CENTRAL (MACAO FERRY),WU KAI SHA STATION,,1580,HK Bus Crawling
680X+1+WU KAI SHA STATION+CENTRAL (MACAO FERRY),680X,1,kmb|ctb,WU KAI SHA STATION,CENTRAL (MACAO FERRY),WU KAI SHA STATION,CENTRAL (MACAO FERRY),,1580,HK Bus Crawling
681+1+CENTRAL (HONG KONG STATION)+MA ON SHAN TOWN CENTRE,681,1,kmb|ctb,CENTRAL (HONG KONG STATION),MA ON SHAN TOWN CENTRE,CENTRAL (HONG KONG STATION),MA ON SHAN TOWN CENTRE,,1284,HK Bus Crawling
681+1+MA ON SHAN TOWN CENTRE+CENTRAL (HONG KONG STATION),681,1,kmb|ctb,MA ON SHAN TOWN CENTRE,CENTRAL (HONG KONG STATION),MA ON SHAN TOWN CENTRE,CENTRAL (HONG KONG STATION),,1284,HK Bus Crawling
681P+1+SHEUNG WAN+YIU ON,681P,1,kmb|ctb,SHEUNG WAN,YIU ON,SHEUNG WAN,YIU ON,,1285,HK Bus Crawling
681P+1+YIU ON+SHEUNG WAN,681P,1,kmb|ctb,YIU ON,SHEUNG WAN,YIU ON,SHEUNG WAN,,1285,HK Bus Crawling
690+1+CENTRAL (EXCHANGE SQUARE)+HONG SING GARDEN,690,1,kmb|ctb,CENTRAL (EXCHANGE SQUARE),HONG SING GARDEN,CENTRAL (EXCHANGE SQUARE),HONG SING GARDEN,,1289,HK Bus Crawling
690+1+HONG SING GARDEN+CENTRAL (EXCHANGE SQUARE),690,1,kmb|ctb,HONG SING GARDEN,CENTRAL (EXCHANGE SQUARE),HONG SING GARDEN,CENTRAL (EXCHANGE SQUARE),,1289,HK Bus Crawling
690+2+HONG SING GARDEN+CENTRAL (EXCHANGE SQUARE),690,2,kmb|ctb,HONG SING GARDEN,CENTRAL (EXCHANGE SQUARE),HONG SING GARDEN,CENTRAL (EXCHANGE SQUARE),,8180,HK Bus Crawling
690P+1+HONG SING GARDEN+CENTRAL (EXCHANGE SQUARE),690P,1,kmb|ctb,HONG SING GARDEN,CENTRAL (EXCHANGE SQUARE),HONG SING GARDEN,CENTRAL (EXCHANGE SQUARE),,1290,HK Bus Crawling
690S+1+CENTRAL (EXCHANGE SQUARE)+HANG HAU,690S,1,kmb|ctb,CENTRAL (EXCHANGE SQUARE),HANG HAU,CENTRAL (EXCHANGE SQUARE),HANG HAU,,1000355,HK Bus Crawling
690S+1+HANG HAU (MING TAK ESTATE)+CENTRAL (EXCHANGE SQUARE),690S,1,kmb|ctb,HANG HAU (MING TAK ESTATE),CENTRAL (EXCHANGE SQUARE),HANG HAU (MING TAK ESTATE),CENTRAL (EXCHANGE SQUARE),,1000355,HK Bus Crawling
904+1+KENNEDY TOWN (BELCHER BAY)+LAI CHI KOK,904,1,kmb|ctb,KENNEDY TOWN (BELCHER BAY),LAI CHI KOK,KENNEDY TOWN (BELCHER BAY),LAI CHI KOK,,1393,HK Bus Crawling
904+1+LAI CHI KOK+KENNEDY TOWN (BELCHER BAY),904,1,kmb|ctb,LAI CHI KOK,KENNEDY TOWN (BELCHER BAY),LAI CHI KOK,KENNEDY TOWN (BELCHER BAY),,1393,HK Bus Crawling
905+1+EXHIBITION CENTRE STATION+LAI CHI KOK,905,1,kmb|ctb,EXHIBITION CENTRE STATION,LAI CHI KOK,EXHIBITION CENTRE STATION,LAI CHI KOK,,1394,HK Bus Crawling
905+1+LAI CHI KOK+EXHIBITION CENTRE STATION,905,1,kmb|ctb,LAI CHI KOK,EXHIBITION CENTRE STATION,LAI CHI KOK,EXHIBITION CENTRE STATION,,1394,HK Bus Crawling
905A+1+EXHIBITION CENTRE STATION+LAI CHI KOK,905A,1,kmb|ctb,EXHIBITION CENTRE STATION,LAI CHI KOK,EXHIBITION CENTRE STATION,LAI CHI KOK,,8745,HK Bus Crawling
905P+1+LAI CHI KOK+WAN CHAI (HARBOUR ROAD),905P,1,kmb|ctb,LAI CHI KOK,WAN CHAI (HARBOUR ROAD),LAI CHI KOK,WAN CHAI (HARBOUR ROAD),,8364,HK Bus Crawling
907C+1+ADMIRALTY STATION+FU TIP BUS TERMINUS,907C,1,kmb|ctb,ADMIRALTY STATION,FU TIP BUS TERMINUS,ADMIRALTY STATION,FU TIP BUS TERMINUS,,8763,HK Bus Crawling
907C+1+FU TIP BUS TERMINUS+WAN CHAI (CONVENTION CENTRE),907C,1,kmb|ctb,FU TIP BUS TERMINUS,WAN CHAI (CONVENTION CENTRE),FU TIP BUS TERMINUS,WAN CHAI (CONVENTION CENTRE),,8762,HK Bus Crawling
914+1+CAUSEWAY BAY (TIN HAU)+HOI LAI ESTATE,914,1,kmb|ctb,CAUSEWAY BAY (TIN HAU),HOI LAI ESTATE,CAUSEWAY BAY (TIN HAU),HOI LAI ESTATE,,1396,HK Bus Crawling
914+1+HOI LAI ESTATE+CAUSEWAY BAY (TIN HAU),914,1,kmb|ctb,HOI LAI ESTATE,CAUSEWAY BAY (TIN HAU),HOI LAI ESTATE,CAUSEWAY BAY (TIN HAU),,1396,HK Bus Crawling
914P+1+HOI LAI ESTATE+CAUSEWAY BAY (TIN HAU),914P,1,kmb|ctb,HOI LAI ESTATE,CAUSEWAY BAY (TIN HAU),HOI LAI ESTATE,CAUSEWAY BAY (TIN HAU),,8124,HK Bus Crawling
914X+1+HOI LAI ESTATE+CAUSEWAY BAY (TIN HAU),914X,1,kmb|ctb,HOI LAI ESTATE,CAUSEWAY BAY (TIN HAU),HOI LAI ESTATE,CAUSEWAY BAY (TIN HAU),,1397,HK Bus Crawling
948+1+CAUSEWAY BAY (TIN HAU)+TSING YI (CHEUNG ON ESTATE),948,1,kmb|ctb,CAUSEWAY BAY (TIN HAU),TSING YI (CHEUNG ON ESTATE),CAUSEWAY BAY (TIN HAU),TSING YI (CHEUNG ON ESTATE),,1790,HK Bus Crawling
948+1+TSING YI (CHEUNG ON ESTATE)+CAUSEWAY BAY (TIN HAU),948,1,kmb|ctb,TSING YI (CHEUNG ON ESTATE),CAUSEWAY BAY (TIN HAU),TSING YI (CHEUNG ON ESTATE),CAUSEWAY BAY (TIN HAU),,1790,HK Bus Crawling
948A+1+TSING YI (CHEUNG ON ESTATE)+CAUSEWAY BAY (TIN HAU),948A,1,kmb|ctb,TSING YI (CHEUNG ON ESTATE),CAUSEWAY BAY (TIN HAU),TSING YI (CHEUNG ON ESTATE),CAUSEWAY BAY (TIN HAU),,8367,HK Bus Crawling
948B+1+GREENFIELD GARDEN+CAUSEWAY BAY (TIN HAU),948B,1,kmb|ctb,GREENFIELD GARDEN,CAUSEWAY BAY (TIN HAU),GREENFIELD GARDEN,CAUSEWAY BAY (TIN HAU),,8685,HK Bus Crawling
948E+1+TAIKOO(KORNHILL PLAZA)+TSING YI STATION,948E,1,kmb|ctb,TAIKOO(KORNHILL PLAZA),TSING YI STATION,TAIKOO(KORNHILL PLAZA),TSING YI STATION,,1000010,HK Bus Crawling
948E+1+TSING YI STATION+TAIKOO(KORNHILL PLAZA),948E,1,kmb|ctb,TSING YI STATION,TAIKOO(KORNHILL PLAZA),TSING YI STATION,TAIKOO(KORNHILL PLAZA),,1000010,HK Bus Crawling
948P+1+TSING YI (CHEUNG ON ESTATE)+CAUSEWAY BAY (TIN HAU),948P,1,kmb|ctb,TSING YI (CHEUNG ON ESTATE),CAUSEWAY BAY (TIN HAU),TSING YI (CHEUNG ON ESTATE),CAUSEWAY BAY (TIN HAU),,1407,HK Bus Crawling
948X+1+TSING YI (CHEUNG WANG ESTATE)+CAUSEWAY BAY (TIN HAU),948X,1,kmb|ctb,TSING YI (CHEUNG WANG ESTATE),CAUSEWAY BAY (TIN HAU),TSING YI (CHEUNG WANG ESTATE),CAUSEWAY BAY (TIN HAU),,1791,HK Bus Crawling
980A+1+SHEK MUN ESTATE+WAN CHAI (FLEMING ROAD),980A,1,kmb|ctb,SHEK MUN ESTATE,WAN CHAI (FLEMING ROAD),SHEK MUN ESTATE,WAN CHAI (FLEMING ROAD),,8535,HK Bus Crawling
980X+1+ADMIRALTY STATION (EAST)+WU KAI SHA STATION,980X,1,kmb|ctb,ADMIRALTY STATION (EAST),WU KAI SHA STATION,ADMIRALTY STATION (EAST),WU KAI SHA STATION,,8403,HK Bus Crawling
980X+1+WU KAI SHA STATION+WAN CHAI (FLEMING ROAD),980X,1,kmb|ctb,WU KAI SHA STATION,WAN CHAI (FLEMING ROAD),WU KAI SHA STATION,WAN CHAI (FLEMING ROAD),,8402,HK Bus Crawling
980X+2+ADMIRALTY STATION (EAST)+Sai Sha Residences Transport Interchange,980X,2,kmb|ctb,ADMIRALTY STATION (EAST),Sai Sha Residences Transport Interchange,ADMIRALTY STATION (EAST),Sai Sha Residences Transport Interchange,,1000669,HK Bus Crawling
980X+2+Sai Sha Residences Transport Interchange+WAN CHAI (FLEMING ROAD),980X,2,kmb|ctb,Sai Sha Residences Transport Interchange,WAN CHAI (FLEMING ROAD),Sai Sha Residences Transport Interchange,WAN CHAI (FLEMING ROAD),,1000668,HK Bus Crawling
981P+1+ADMIRALTY STATION (EAST)+YIU ON,981P,1,kmb|ctb,ADMIRALTY STATION (EAST),YIU ON,ADMIRALTY STATION (EAST),YIU ON,,8405,HK Bus Crawling
981P+1+YIU ON+WAN CHAI (FLEMING ROAD),981P,1,kmb|ctb,YIU ON,WAN CHAI (FLEMING ROAD),YIU ON,WAN CHAI (FLEMING ROAD),,8404,HK Bus Crawling
982X+1+ADMIRALTY STATION (EAST)+YU CHUI COURT,982X,1,kmb|ctb,ADMIRALTY STATION (EAST),YU CHUI COURT,ADMIRALTY STATION (EAST),YU CHUI COURT,,8644,HK Bus Crawling
982X+1+YU CHUI COURT+WAN CHAI(FLEMING ROAD),982X,1,kmb|ctb,YU CHUI COURT,WAN CHAI(FLEMING ROAD),YU CHUI COURT,WAN CHAI(FLEMING ROAD),,8104,HK Bus Crawling
982X+2+SHUI CHUEN O+WAN CHAI(FLEMING ROAD),982X,2,kmb|ctb,SHUI CHUEN O,WAN CHAI(FLEMING ROAD),SHUI CHUEN O,WAN CHAI(FLEMING ROAD),,8308,HK Bus Crawling
985+1+ADMIRALTY STATION (EAST)+MEI TIN,985,1,kmb|ctb,ADMIRALTY STATION (EAST),MEI TIN,ADMIRALTY STATION (EAST),MEI TIN,,8697,HK Bus Crawling
985+1+MEI TIN (MEI CHI HOUSE)+WAN CHAI,985,1,kmb|ctb,MEI TIN (MEI CHI HOUSE),WAN CHAI,MEI TIN (MEI CHI HOUSE),WAN CHAI,,1174,HK Bus Crawling
985A+1+MEI TIN ESTATE (MEI CHI HOUSE)+WAN CHAI,985A,1,kmb|ctb,MEI TIN ESTATE (MEI CHI HOUSE),WAN CHAI,MEI TIN ESTATE (MEI CHI HOUSE),WAN CHAI,,8704,HK Bus Crawling
985B+1+TIN SAM VILLAGE+WAN CHAI,985B,1,kmb|ctb,TIN SAM VILLAGE,WAN CHAI,TIN SAM VILLAGE,WAN CHAI,,8705,HK Bus Crawling
N118+1+CHEUNG SHA WAN (SHAM MONG ROAD)+SIU SAI WAN (ISLAND RESORT),N118,1,kmb|ctb,CHEUNG SHA WAN (SHAM MONG ROAD),SIU SAI WAN (ISLAND RESORT),CHEUNG SHA WAN (SHAM MONG ROAD),SIU SAI WAN (ISLAND RESORT),,1689,HK Bus Crawling
N118+1+SIU SAI WAN (ISLAND RESORT)+CHEUNG SHA WAN (SHAM MONG ROAD),N118,1,kmb|ctb,SIU SAI WAN (ISLAND RESORT),CHEUNG SHA WAN (SHAM MONG ROAD),SIU SAI WAN (ISLAND RESORT),CHEUNG SHA WAN (SHAM MONG ROAD),,1689,HK Bus Crawling
N121+1+CENTRAL (MACAO FERRY)+NGAU TAU KOK,N121,1,kmb|ctb,CENTRAL (MACAO FERRY),NGAU TAU KOK,CENTRAL (MACAO FERRY),NGAU TAU KOK,,1430,HK Bus Crawling
N121+1+NGAU TAU KOK+CENTRAL (MACAO FERRY),N121,1,kmb|ctb,NGAU TAU KOK,CENTRAL (MACAO FERRY),NGAU TAU KOK,CENTRAL (MACAO FERRY),,1430,HK Bus Crawling
N122+1+MEI FOO+SHAU KEI WAN,N122,1,kmb|ctb,MEI FOO,SHAU KEI WAN,MEI FOO,SHAU KEI WAN,,1431,HK Bus Crawling
N122+1+SHAU KEI WAN+MEI FOO,N122,1,kmb|ctb,SHAU KEI WAN,MEI FOO,SHAU KEI WAN,MEI FOO,,1431,HK Bus Crawling
N170+1+SHATIN CENTRAL+WAH FU (CENTRAL),N170,1,kmb|ctb,SHATIN CENTRAL,WAH FU (CENTRAL),SHATIN CENTRAL,WAH FU (CENTRAL),,1432,HK Bus Crawling
N170+1+WAH FU (CENTRAL)+SHATIN CENTRAL,N170,1,kmb|ctb,WAH FU (CENTRAL),SHATIN CENTRAL,WAH FU (CENTRAL),SHATIN CENTRAL,,1432,HK Bus Crawling
N171+1+AP LEI CHAU ESTATE+LAI CHI KOK,N171,1,kmb|ctb,AP LEI CHAU ESTATE,LAI CHI KOK,AP LEI CHAU ESTATE,LAI CHI KOK,,1433,HK Bus Crawling
N171+1+LAI CHI KOK+AP LEI CHAU ESTATE,N171,1,kmb|ctb,LAI CHI KOK,AP LEI CHAU ESTATE,LAI CHI KOK,AP LEI CHAU ESTATE,,1433,HK Bus Crawling
N182+1+CENTRAL (MACAO FERRY)+KWONG YUEN,N182,1,kmb|ctb,CENTRAL (MACAO FERRY),KWONG YUEN,CENTRAL (MACAO FERRY),KWONG YUEN,,1434,HK Bus Crawling
N182+1+KWONG YUEN+CENTRAL (MACAO FERRY),N182,1,kmb|ctb,KWONG YUEN,CENTRAL (MACAO FERRY),KWONG YUEN,CENTRAL (MACAO FERRY),,1434,HK Bus Crawling
N307+1+CENTRAL (MACAU FERRY)+TAI WO,N307,1,kmb|ctb,CENTRAL (MACAU FERRY),TAI WO,CENTRAL (MACAU FERRY),TAI WO,,1000338,HK Bus Crawling
N307+1+TAI WO+SHEUNG WAN,N307,1,kmb|ctb,TAI WO,SHEUNG WAN,TAI WO,SHEUNG WAN,,8759,HK Bus Crawling
N619+1+CENTRAL (MACAO FERRY)+SHUN LEE,N619,1,kmb|ctb,CENTRAL (MACAO FERRY),SHUN LEE,CENTRAL (MACAO FERRY),SHUN LEE,,1445,HK Bus Crawling
N619+1+SHUN LEE+CENTRAL (MACAO FERRY),N619,1,kmb|ctb,SHUN LEE,CENTRAL (MACAO FERRY),SHUN LEE,CENTRAL (MACAO FERRY),,1445,HK Bus Crawling
N680+1+CENTRAL (MACAO FERRY)+KAM YING COURT,N680,1,kmb|ctb,CENTRAL (MACAO FERRY),KAM YING COURT,CENTRAL (MACAO FERRY),KAM YING COURT,,1701,HK Bus Crawling
N680+1+KAM YING COURT+CENTRAL (MACAO FERRY),N680,1,kmb|ctb,KAM YING COURT,CENTRAL (MACAO FERRY),KAM YING COURT,CENTRAL (MACAO FERRY),,1701,HK Bus Crawling
N691+1+CENTRAL (MACAO FERRY)+TIU KENG LENG,N691,1,kmb|ctb,CENTRAL (MACAO FERRY),TIU KENG LENG,CENTRAL (MACAO FERRY),TIU KENG LENG,,1702,HK Bus Crawling
N691+1+Central (Macao Ferry)+Tiu Keng Leng (King Ling Road),N691,1,kmb|ctb,Central (Macao Ferry),Tiu Keng Leng (King Ling Road),Central (Macao Ferry),Tiu Keng Leng (King Ling Road),,1702,HK Bus Crawling
N691+1+TIU KENG LENG+CENTRAL (MACAO FERRY),N691,1,kmb|ctb,TIU KENG LENG,CENTRAL (MACAO FERRY),TIU KENG LENG,CENTRAL (MACAO FERRY),,1702,HK Bus Crawling
R8+1+DISNEYLAND+Lantau Link BBI (Circular),R8,1,kmb|ctb,DISNEYLAND,Lantau Link BBI (Circular),DISNEYLAND,Lantau Link BBI (Circular),,1453,HK Bus Crawling
R8+2+DISNEYLAND+Lantau Link BBI (Circular),R8,2,kmb|ctb,DISNEYLAND,Lantau Link BBI (Circular),DISNEYLAND,Lantau Link BBI (Circular),,8769,HK Bus Crawling
S1+1+TUNG CHUNG STATION+Airport (Circular),S1,1,kmb|ctb,TUNG CHUNG STATION,Airport (Circular),TUNG CHUNG STATION,Airport (Circular),,1452,HK Bus Crawling
SP10+1+KAI TAK SPORTS PARK+CENTRAL (MACAO FERRY),SP10,1,kmb|ctb,KAI TAK SPORTS PARK,CENTRAL (MACAO FERRY),KAI TAK SPORTS PARK,CENTRAL (MACAO FERRY),,1000578,HK Bus Crawling
505+1+Sam Shing+Siu Hong,505,1,lightRail,Sam Shing,Siu Hong,Sam Shing,Siu Hong,,,HK Bus Crawling
505+1+Siu Hong+Sam Shing,505,1,lightRail,Siu Hong,Sam Shing,Siu Hong,Sam Shing,,,HK Bus Crawling
506P*+1+Tuen Mun Ferry Pier+Siu Hong,506P*,1,lightRail,Tuen Mun Ferry Pier,Siu Hong,Tuen Mun Ferry Pier,Siu Hong,,,HK Bus Crawling
507+1+Tin King+Tuen Mun Ferry Pier,507,1,lightRail,Tin King,Tuen Mun Ferry Pier,Tin King,Tuen Mun Ferry Pier,,,HK Bus Crawling
507+1+Tuen Mun Ferry Pier+Tin King,507,1,lightRail,Tuen Mun Ferry Pier,Tin King,Tuen Mun Ferry Pier,Tin King,,,HK Bus Crawling
507P*+1+Siu Hong+Tuen Mun Ferry Pier,507P*,1,lightRail,Siu Hong,Tuen Mun Ferry Pier,Siu Hong,Tuen Mun Ferry Pier,,,HK Bus Crawling
610+1+Tuen Mun Ferry Pier+Yuen Long,610,1,lightRail,Tuen Mun Ferry Pier,Yuen Long,Tuen Mun Ferry Pier,Yuen Long,,,HK Bus Crawling
610+1+Yuen Long+Tuen Mun Ferry Pier,610,1,lightRail,Yuen Long,Tuen Mun Ferry Pier,Yuen Long,Tuen Mun Ferry Pier,,,HK Bus Crawling
610P*+1+Siu Hong+Siu Hong (Circular),610P*,1,lightRail,Siu Hong,Siu Hong (Circular),Siu Hong,Siu Hong (Circular),,,HK Bus Crawling
614+1+Tuen Mun Ferry Pier+Yuen Long,614,1,lightRail,Tuen Mun Ferry Pier,Yuen Long,Tuen Mun Ferry Pier,Yuen Long,,,HK Bus Crawling
614+1+Yuen Long+Tuen Mun Ferry Pier,614,1,lightRail,Yuen Long,Tuen Mun Ferry Pier,Yuen Long,Tuen Mun Ferry Pier,,,HK Bus Crawling
614P+1+Siu Hong+Tuen Mun Ferry Pier,614P,1,lightRail,Siu Hong,Tuen Mun Ferry Pier,Siu Hong,Tuen Mun Ferry Pier,,,HK Bus Crawling
614P+1+Tuen Mun Ferry Pier+Siu Hong,614P,1,lightRail,Tuen Mun Ferry Pier,Siu Hong,Tuen Mun Ferry Pier,Siu Hong,,,HK Bus Crawling
615+1+Tuen Mun Ferry Pier+Yuen Long,615,1,lightRail,Tuen Mun Ferry Pier,Yuen Long,Tuen Mun Ferry Pier,Yuen Long,,,HK Bus Crawling
615+1+Yuen Long+Tuen Mun Ferry Pier,615,1,lightRail,Yuen Long,Tuen Mun Ferry Pier,Yuen Long,Tuen Mun Ferry Pier,,,HK Bus Crawling
615P+1+Siu Hong+Tuen Mun Ferry Pier,615P,1,lightRail,Siu Hong,Tuen Mun Ferry Pier,Siu Hong,Tuen Mun Ferry Pier,,,HK Bus Crawling
615P+1+Tuen Mun Ferry Pier+Siu Hong,615P,1,lightRail,Tuen Mun Ferry Pier,Siu Hong,Tuen Mun Ferry Pier,Siu Hong,,,HK Bus Crawling
705+1+Tin Shui Wai+Tin Shui Wai (Circular),705,1,lightRail,Tin Shui Wai,Tin Shui Wai (Circular),Tin Shui Wai,Tin Shui Wai (Circular),,,HK Bus Crawling
706+1+Tin Shui Wai+Tin Shui Wai (Circular),706,1,lightRail,Tin Shui Wai,Tin Shui Wai (Circular),Tin Shui Wai,Tin Shui Wai (Circular),,,HK Bus Crawling
720*+1+Siu Hong+Tin Wing,720*,1,lightRail,Siu Hong,Tin Wing,Siu Hong,Tin Wing,,,HK Bus Crawling
751+1+Tin Yat+Yau Oi,751,1,lightRail,Tin Yat,Yau Oi,Tin Yat,Yau Oi,,,HK Bus Crawling
751+1+Yau Oi+Tin Yat,751,1,lightRail,Yau Oi,Tin Yat,Yau Oi,Tin Yat,,,HK Bus Crawling
751*+1+Tin Yat+Tuen Mun Ferry Pier,751*,1,lightRail,Tin Yat,Tuen Mun Ferry Pier,Tin Yat,Tuen Mun Ferry Pier,,,HK Bus Crawling
751P+1+Tin Shui Wai+Tin Yat,751P,1,lightRail,Tin Shui Wai,Tin Yat,Tin Shui Wai,Tin Yat,,,HK Bus Crawling
751P+1+Tin Yat+Tin Shui Wai,751P,1,lightRail,Tin Yat,Tin Shui Wai,Tin Yat,Tin Shui Wai,,,HK Bus Crawling
761P+1+Tin Yat+Yuen Long,761P,1,lightRail,Tin Yat,Yuen Long,Tin Yat,Yuen Long,,,HK Bus Crawling
761P+1+Yuen Long+Tin Yat,761P,1,lightRail,Yuen Long,Tin Yat,Yuen Long,Tin Yat,,,HK Bus Crawling
SPR+1+Tin Yat+Siu Hong,SPR,1,lightRail,Tin Yat,Siu Hong,Tin Yat,Siu Hong,,,HK Bus Crawling
506+1+Siu Lun+Tuen Mun Ferry Pier,506,1,lrtfeeder,Siu Lun,Tuen Mun Ferry Pier,Siu Lun,Tuen Mun Ferry Pier,,1862,HK Bus Crawling
506+1+Tuen Mun Ferry Pier+Siu Lun,506,1,lrtfeeder,Tuen Mun Ferry Pier,Siu Lun,Tuen Mun Ferry Pier,Siu Lun,,1862,HK Bus Crawling
506+2+Glorious Garden+Tuen Mun Station,506,2,lrtfeeder,Glorious Garden,Tuen Mun Station,Glorious Garden,Tuen Mun Station,,8422,HK Bus Crawling
K12+1+Eightland Garden+Tai Po Market Station,K12,1,lrtfeeder,Eightland Garden,Tai Po Market Station,Eightland Garden,Tai Po Market Station,,,HK Bus Crawling
K12+1+Tai Po Market Station+Eightland Garden,K12,1,lrtfeeder,Tai Po Market Station,Eightland Garden,Tai Po Market Station,Eightland Garden,,,HK Bus Crawling
K14+1+Tai Po Mega Mall+Tai Po Market Station,K14,1,lrtfeeder,Tai Po Mega Mall,Tai Po Market Station,Tai Po Mega Mall,Tai Po Market Station,,,HK Bus Crawling
K17+1+Fu Shin+Tai Po Market Station,K17,1,lrtfeeder,Fu Shin,Tai Po Market Station,Fu Shin,Tai Po Market Station,,,HK Bus Crawling
K17+1+Tai Po Market Station+Fu Shin,K17,1,lrtfeeder,Tai Po Market Station,Fu Shin,Tai Po Market Station,Fu Shin,,,HK Bus Crawling
K18+1+Tai Po Market Station+Kwong Fuk (Circular),K18,1,lrtfeeder,Tai Po Market Station,Kwong Fuk (Circular),Tai Po Market Station,Kwong Fuk (Circular),,,HK Bus Crawling
K51+1+Fu Tai+Tai Lam,K51,1,lrtfeeder,Fu Tai,Tai Lam,Fu Tai,Tai Lam,,1871,HK Bus Crawling
K51+1+Tai Lam+Fu Tai,K51,1,lrtfeeder,Tai Lam,Fu Tai,Tai Lam,Fu Tai,,1871,HK Bus Crawling
K51+2+Fu Tai+MTR Siu Hong Station (South),K51,2,lrtfeeder,Fu Tai,MTR Siu Hong Station (South),Fu Tai,MTR Siu Hong Station (South),,1000657,HK Bus Crawling
K51+3+Siu Hong Station+Fu Tai,K51,3,lrtfeeder,Siu Hong Station,Fu Tai,Siu Hong Station,Fu Tai,,,HK Bus Crawling
K51A+1+Fu Tai+So Kwun Wat,K51A,1,lrtfeeder,Fu Tai,So Kwun Wat,Fu Tai,So Kwun Wat,,1000268,HK Bus Crawling
K51A+1+So Kwun Wat+Fu Tai,K51A,1,lrtfeeder,So Kwun Wat,Fu Tai,So Kwun Wat,Fu Tai,,1000268,HK Bus Crawling
K52+1+Lung Kwu Tan+Yuet Wu Villa,K52,1,lrtfeeder,Lung Kwu Tan,Yuet Wu Villa,Lung Kwu Tan,Yuet Wu Villa,,1000472,HK Bus Crawling
K52+1+Yuet Wu Villa+Lung Kwu Tan,K52,1,lrtfeeder,Yuet Wu Villa,Lung Kwu Tan,Yuet Wu Villa,Lung Kwu Tan,,1000472,HK Bus Crawling
K52+2+LR Tuen Mun Stop+Lung Kwu Tan,K52,2,lrtfeeder,LR Tuen Mun Stop,Lung Kwu Tan,LR Tuen Mun Stop,Lung Kwu Tan,,,HK Bus Crawling
K52A+1+Tsang Tsui+Tuen Mun Station,K52A,1,lrtfeeder,Tsang Tsui,Tuen Mun Station,Tsang Tsui,Tuen Mun Station,,1000076,HK Bus Crawling
K52A+1+Tuen Mun Station+Tsang Tsui,K52A,1,lrtfeeder,Tuen Mun Station,Tsang Tsui,Tuen Mun Station,Tsang Tsui,,1000076,HK Bus Crawling
K52P+1+Lung Kwu Tan+Tuen Mun Station,K52P,1,lrtfeeder,Lung Kwu Tan,Tuen Mun Station,Lung Kwu Tan,Tuen Mun Station,,1000471,HK Bus Crawling
K53+1+Tuen Mun Station+So Kwun Wat (Circular),K53,1,lrtfeeder,Tuen Mun Station,So Kwun Wat (Circular),Tuen Mun Station,So Kwun Wat (Circular),,1874,HK Bus Crawling
K53+2+So Kwun Wat Tsuen+Tuen Mun Station (LR Tuen Mun Stop),K53,2,lrtfeeder,So Kwun Wat Tsuen,Tuen Mun Station (LR Tuen Mun Stop),So Kwun Wat Tsuen,Tuen Mun Station (LR Tuen Mun Stop),,1000572,HK Bus Crawling
K53S+1+Tuen Mun Station+Yip Wong Estate (Circular),K53S,1,lrtfeeder,Tuen Mun Station,Yip Wong Estate (Circular),Tuen Mun Station,Yip Wong Estate (Circular),,1000540,HK Bus Crawling
K54+1+Wo Tin Estate+Tuen Mun Town Centre (Circular),K54,1,lrtfeeder,Wo Tin Estate,Tuen Mun Town Centre (Circular),Wo Tin Estate,Tuen Mun Town Centre (Circular),,1000250,HK Bus Crawling
K54A+1+Siu Hong Station+Wo Tin Estate,K54A,1,lrtfeeder,Siu Hong Station,Wo Tin Estate,Siu Hong Station,Wo Tin Estate,,1000573,HK Bus Crawling
K54A+1+Wo Tin Estate+Siu Hong Station,K54A,1,lrtfeeder,Wo Tin Estate,Siu Hong Station,Wo Tin Estate,Siu Hong Station,,1000573,HK Bus Crawling
K58+1+Fu Tai+So Kwun Wat,K58,1,lrtfeeder,Fu Tai,So Kwun Wat,Fu Tai,So Kwun Wat,,1875,HK Bus Crawling
K58+1+So Kwun Wat+Fu Tai,K58,1,lrtfeeder,So Kwun Wat,Fu Tai,So Kwun Wat,Fu Tai,,1875,HK Bus Crawling
K65+1+Lau Fau Shan+Yuen Long Station,K65,1,lrtfeeder,Lau Fau Shan,Yuen Long Station,Lau Fau Shan,Yuen Long Station,,1876,HK Bus Crawling
K65+1+Yuen Long Station+Lau Fau Shan,K65,1,lrtfeeder,Yuen Long Station,Lau Fau Shan,Yuen Long Station,Lau Fau Shan,,1876,HK Bus Crawling
K65A+1+Lau Fau Shan+Tin Shui Wai Station,K65A,1,lrtfeeder,Lau Fau Shan,Tin Shui Wai Station,Lau Fau Shan,Tin Shui Wai Station,,1000235,HK Bus Crawling
K65A+1+Tin Shui Wai Station+Lau Fau Shan,K65A,1,lrtfeeder,Tin Shui Wai Station,Lau Fau Shan,Tin Shui Wai Station,Lau Fau Shan,,1000235,HK Bus Crawling
K66+1+Long Ping+Tai Tong Wong Nai Tun Tsuen,K66,1,lrtfeeder,Long Ping,Tai Tong Wong Nai Tun Tsuen,Long Ping,Tai Tong Wong Nai Tun Tsuen,,1877,HK Bus Crawling
K66+1+Tai Tong Wong Nai Tun Tsuen+Long Ping,K66,1,lrtfeeder,Tai Tong Wong Nai Tun Tsuen,Long Ping,Tai Tong Wong Nai Tun Tsuen,Long Ping,,1877,HK Bus Crawling
K66+2+Tai Tong Wong Nai Tun Tsuen+Long Ping,K66,2,lrtfeeder,Tai Tong Wong Nai Tun Tsuen,Long Ping,Tai Tong Wong Nai Tun Tsuen,Long Ping,,1000658,HK Bus Crawling
K66+2+Tai Tong Wong Nai Tun Tsuen+On Hong Road,K66,2,lrtfeeder,Tai Tong Wong Nai Tun Tsuen,On Hong Road,Tai Tong Wong Nai Tun Tsuen,On Hong Road,,1000659,HK Bus Crawling
"K66+2+Tai Tong Wong Nai Tun Tsuen+Yuet Ping House, Long Ping Estate ",K66,2,lrtfeeder,Tai Tong Wong Nai Tun Tsuen,"Yuet Ping House, Long Ping Estate ",Tai Tong Wong Nai Tun Tsuen,"Yuet Ping House, Long Ping Estate ",,,HK Bus Crawling
K66+4+Nam Hang Pai+Long Ping,K66,4,lrtfeeder,Nam Hang Pai,Long Ping,Nam Hang Pai,Long Ping,,,HK Bus Crawling
K68+1+Yuen Long Industrial Estate+Yuen Long Park (Circular),K68,1,lrtfeeder,Yuen Long Industrial Estate,Yuen Long Park (Circular),Yuen Long Industrial Estate,Yuen Long Park (Circular),,1878,HK Bus Crawling
K68+2+Silver Field Garden+Yuen Long Industrial Estate,K68,2,lrtfeeder,Silver Field Garden,Yuen Long Industrial Estate,Silver Field Garden,Yuen Long Industrial Estate,,1000660,HK Bus Crawling
K68+3+Yuen Long Plaza+Yuen Long Industrial Estate,K68,3,lrtfeeder,Yuen Long Plaza,Yuen Long Industrial Estate,Yuen Long Plaza,Yuen Long Industrial Estate,,,HK Bus Crawling
K68+4+Tai Kiu Tsuen+Yuen Long Industrial Estate,K68,4,lrtfeeder,Tai Kiu Tsuen,Yuen Long Industrial Estate,Tai Kiu Tsuen,Yuen Long Industrial Estate,,,HK Bus Crawling
K68+5+Yuen Long Industrial Estate+Tai Kiu Tsuen,K68,5,lrtfeeder,Yuen Long Industrial Estate,Tai Kiu Tsuen,Yuen Long Industrial Estate,Tai Kiu Tsuen,,1000661,HK Bus Crawling
K73+1+Tin Heng+Yuen Long West,K73,1,lrtfeeder,Tin Heng,Yuen Long West,Tin Heng,Yuen Long West,,1879,HK Bus Crawling
K73+1+Yuen Long West+Tin Heng,K73,1,lrtfeeder,Yuen Long West,Tin Heng,Yuen Long West,Tin Heng,,1879,HK Bus Crawling
K73+2+Tin Yan+Yuen Long West,K73,2,lrtfeeder,Tin Yan,Yuen Long West,Tin Yan,Yuen Long West,,8421,HK Bus Crawling
K73+3+HKFYG Lee Shau Kee College+Yuen Long West,K73,3,lrtfeeder,HKFYG Lee Shau Kee College,Yuen Long West,HKFYG Lee Shau Kee College,Yuen Long West,,1880,HK Bus Crawling
K74+1+Tin Shui Wai Town Centre+Au Tau (Circular),K74,1,lrtfeeder,Tin Shui Wai Town Centre,Au Tau (Circular),Tin Shui Wai Town Centre,Au Tau (Circular),,1881,HK Bus Crawling
K75A+1+Tin Shui Wai Station+Hung Shui Kiu (Circular),K75A,1,lrtfeeder,Tin Shui Wai Station,Hung Shui Kiu (Circular),Tin Shui Wai Station,Hung Shui Kiu (Circular),,8329,HK Bus Crawling
K75P+1+Hung Shui Kiu Bus Depot+Tin Shui,K75P,1,lrtfeeder,Hung Shui Kiu Bus Depot,Tin Shui,Hung Shui Kiu Bus Depot,Tin Shui,,,HK Bus Crawling
K75P+1+Tin Shui+Hung Shui Kiu (Circular),K75P,1,lrtfeeder,Tin Shui,Hung Shui Kiu (Circular),Tin Shui,Hung Shui Kiu (Circular),,1883,HK Bus Crawling
K75P+2+Shek Po Road+Tin Shui,K75P,2,lrtfeeder,Shek Po Road,Tin Shui,Shek Po Road,Tin Shui,,1000067,HK Bus Crawling
K75S+1+Hung Shui Kiu Bus Depot+Tin Shui Wai Station,K75S,1,lrtfeeder,Hung Shui Kiu Bus Depot,Tin Shui Wai Station,Hung Shui Kiu Bus Depot,Tin Shui Wai Station,,,HK Bus Crawling
K75S+1+Tin Shui Wai Station+Hung Fuk Estate (Circular),K75S,1,lrtfeeder,Tin Shui Wai Station,Hung Fuk Estate (Circular),Tin Shui Wai Station,Hung Fuk Estate (Circular),,1870,HK Bus Crawling
K76+1+Tin Heng+Tin Shui Wai Station,K76,1,lrtfeeder,Tin Heng,Tin Shui Wai Station,Tin Heng,Tin Shui Wai Station,,1884,HK Bus Crawling
K76+1+Tin Shui Wai Station+Tin Heng,K76,1,lrtfeeder,Tin Shui Wai Station,Tin Heng,Tin Shui Wai Station,Tin Heng,,1884,HK Bus Crawling
K76S+1+Tin Shing Court ／MTR Tin Shui Wai Station+Wetland Park Road (near Tin Kwai Road),K76S,1,lrtfeeder,Tin Shing Court ／MTR Tin Shui Wai Station,Wetland Park Road (near Tin Kwai Road),Tin Shing Court ／MTR Tin Shui Wai Station,Wetland Park Road (near Tin Kwai Road),,1000066,HK Bus Crawling
K76S+1+Wetland Park Road (near Tin Kwai Road)+Tin Shing Court ／MTR Tin Shui Wai Station,K76S,1,lrtfeeder,Wetland Park Road (near Tin Kwai Road),Tin Shing Court ／MTR Tin Shui Wai Station,Wetland Park Road (near Tin Kwai Road),Tin Shing Court ／MTR Tin Shui Wai Station,,1000066,HK Bus Crawling
AEL+1+AsiaWorld-Expo+Hong Kong,AEL,1,mtr,AsiaWorld-Expo,Hong Kong,AsiaWorld-Expo,Hong Kong,,,HK Bus Crawling
AEL+1+Hong Kong+AsiaWorld-Expo,AEL,1,mtr,Hong Kong,AsiaWorld-Expo,Hong Kong,AsiaWorld-Expo,,,HK Bus Crawling
DRL+1+Disneyland Resort+Sunny Bay,DRL,1,mtr,Disneyland Resort,Sunny Bay,Disneyland Resort,Sunny Bay,,,HK Bus Crawling
DRL+1+Sunny Bay+Disneyland Resort,DRL,1,mtr,Sunny Bay,Disneyland Resort,Sunny Bay,Disneyland Resort,,,HK Bus Crawling
EAL+1+Admiralty+Lo Wu,EAL,1,mtr,Admiralty,Lo Wu,Admiralty,Lo Wu,,,HK Bus Crawling
EAL+1+Admiralty+Lok Ma Chau,EAL,1,mtr,Admiralty,Lok Ma Chau,Admiralty,Lok Ma Chau,,,HK Bus Crawling
EAL+1+Lo Wu+Admiralty,EAL,1,mtr,Lo Wu,Admiralty,Lo Wu,Admiralty,,,HK Bus Crawling
EAL+1+Lok Ma Chau+Admiralty,EAL,1,mtr,Lok Ma Chau,Admiralty,Lok Ma Chau,Admiralty,,,HK Bus Crawling
ISL+1+Chai Wan+Kennedy Town,ISL,1,mtr,Chai Wan,Kennedy Town,Chai Wan,Kennedy Town,,,HK Bus Crawling
ISL+1+Kennedy Town+Chai Wan,ISL,1,mtr,Kennedy Town,Chai Wan,Kennedy Town,Chai Wan,,,HK Bus Crawling
KTL+1+Tiu Keng Leng+Whampoa,KTL,1,mtr,Tiu Keng Leng,Whampoa,Tiu Keng Leng,Whampoa,,,HK Bus Crawling
KTL+1+Whampoa+Tiu Keng Leng,KTL,1,mtr,Whampoa,Tiu Keng Leng,Whampoa,Tiu Keng Leng,,,HK Bus Crawling
SIL+1+Admiralty+South Horizons,SIL,1,mtr,Admiralty,South Horizons,Admiralty,South Horizons,,,HK Bus Crawling
SIL+1+South Horizons+Admiralty,SIL,1,mtr,South Horizons,Admiralty,South Horizons,Admiralty,,,HK Bus Crawling
TCL+1+Hong Kong+Tung Chung,TCL,1,mtr,Hong Kong,Tung Chung,Hong Kong,Tung Chung,,,HK Bus Crawling
TCL+1+Tung Chung+Hong Kong,TCL,1,mtr,Tung Chung,Hong Kong,Tung Chung,Hong Kong,,,HK Bus Crawling
TKL+1+LOHAS Park+Tiu Keng Leng,TKL,1,mtr,LOHAS Park,Tiu Keng Leng,LOHAS Park,Tiu Keng Leng,,,HK Bus Crawling
TKL+1+North Point+Po Lam,TKL,1,mtr,North Point,Po Lam,North Point,Po Lam,,,HK Bus Crawling
TKL+1+Po Lam+North Point,TKL,1,mtr,Po Lam,North Point,Po Lam,North Point,,,HK Bus Crawling
TKL+1+Tiu Keng Leng+LOHAS Park,TKL,1,mtr,Tiu Keng Leng,LOHAS Park,Tiu Keng Leng,LOHAS Park,,,HK Bus Crawling
TML+1+Tuen Mun+Wu Kai Sha,TML,1,mtr,Tuen Mun,Wu Kai Sha,Tuen Mun,Wu Kai Sha,,,HK Bus Crawling
TML+1+Wu Kai Sha+Tuen Mun,TML,1,mtr,Wu Kai Sha,Tuen Mun,Wu Kai Sha,Tuen Mun,,,HK Bus Crawling
TWL+1+Central+Tsuen Wan,TWL,1,mtr,Central,Tsuen Wan,Central,Tsuen Wan,,,HK Bus Crawling
TWL+1+Tsuen Wan+Central,TWL,1,mtr,Tsuen Wan,Central,Tsuen Wan,Central,,,HK Bus Crawling
1+1+Mui Wo Ferry Pier+Tai O,1,1,nlb,Mui Wo Ferry Pier,Tai O,Mui Wo Ferry Pier,Tai O,,,HK Bus Crawling
1+1+Tai O+Mui Wo Ferry Pier,1,1,nlb,Tai O,Mui Wo Ferry Pier,Tai O,Mui Wo Ferry Pier,,,HK Bus Crawling
1+2+Mui Wo Ferry Pier+Tai O,1,2,nlb,Mui Wo Ferry Pier,Tai O,Mui Wo Ferry Pier,Tai O,,1723,HK Bus Crawling
1+2+Tai O+Mui Wo Ferry Pier,1,2,nlb,Tai O,Mui Wo Ferry Pier,Tai O,Mui Wo Ferry Pier,,1723,HK Bus Crawling
1+3+Mui Wo Ferry Pier+Tai O,1,3,nlb,Mui Wo Ferry Pier,Tai O,Mui Wo Ferry Pier,Tai O,,8567,HK Bus Crawling
1+3+Tai O+Mui Wo Ferry Pier,1,3,nlb,Tai O,Mui Wo Ferry Pier,Tai O,Mui Wo Ferry Pier,,8567,HK Bus Crawling
1+4+Mui Wo Ferry Pier+Tai O,1,4,nlb,Mui Wo Ferry Pier,Tai O,Mui Wo Ferry Pier,Tai O,,8568,HK Bus Crawling
1+4+Tai O+Mui Wo Ferry Pier,1,4,nlb,Tai O,Mui Wo Ferry Pier,Tai O,Mui Wo Ferry Pier,,8568,HK Bus Crawling
1+5+Mui Wo Ferry Pier+Tai O,1,5,nlb,Mui Wo Ferry Pier,Tai O,Mui Wo Ferry Pier,Tai O,,8569,HK Bus Crawling
1+5+Tai O+Mui Wo Ferry Pier,1,5,nlb,Tai O,Mui Wo Ferry Pier,Tai O,Mui Wo Ferry Pier,,8569,HK Bus Crawling
1+6+Mui Wo Ferry Pier+Tai O,1,6,nlb,Mui Wo Ferry Pier,Tai O,Mui Wo Ferry Pier,Tai O,,8570,HK Bus Crawling
11+1+Sha Tsui Detention Centre+Tung Chung Station Bus Terminus,11,1,nlb,Sha Tsui Detention Centre,Tung Chung Station Bus Terminus,Sha Tsui Detention Centre,Tung Chung Station Bus Terminus,,1000069,HK Bus Crawling
11+1+Tai O (from Sha Tsui)+Tung Chung Station Bus Terminus,11,1,nlb,Tai O (from Sha Tsui),Tung Chung Station Bus Terminus,Tai O (from Sha Tsui),Tung Chung Station Bus Terminus,,,HK Bus Crawling
11+1+Tai O (from Shui Hau)+Tung Chung Station Bus Terminus,11,1,nlb,Tai O (from Shui Hau),Tung Chung Station Bus Terminus,Tai O (from Shui Hau),Tung Chung Station Bus Terminus,,,HK Bus Crawling
11+1+Tai O+Tung Chung Station Bus Terminus,11,1,nlb,Tai O,Tung Chung Station Bus Terminus,Tai O,Tung Chung Station Bus Terminus,,,HK Bus Crawling
11+1+Tung Chung Station Bus Terminus+Tai O,11,1,nlb,Tung Chung Station Bus Terminus,Tai O,Tung Chung Station Bus Terminus,Tai O,,,HK Bus Crawling
11+2+Tai O+Tung Chung Station Bus Terminus,11,2,nlb,Tai O,Tung Chung Station Bus Terminus,Tai O,Tung Chung Station Bus Terminus,,1724,HK Bus Crawling
11+2+Tung Chung Station Bus Terminus+Tai O,11,2,nlb,Tung Chung Station Bus Terminus,Tai O,Tung Chung Station Bus Terminus,Tai O,,1724,HK Bus Crawling
11+3+Tai O+Tung Chung Station Bus Terminus,11,3,nlb,Tai O,Tung Chung Station Bus Terminus,Tai O,Tung Chung Station Bus Terminus,,8560,HK Bus Crawling
11+3+Tung Chung Station Bus Terminus+Tai O,11,3,nlb,Tung Chung Station Bus Terminus,Tai O,Tung Chung Station Bus Terminus,Tai O,,8560,HK Bus Crawling
11+4+Tai O+Tung Chung Station Bus Terminus,11,4,nlb,Tai O,Tung Chung Station Bus Terminus,Tai O,Tung Chung Station Bus Terminus,,8561,HK Bus Crawling
11+4+Tung Chung Station Bus Terminus+Tai O,11,4,nlb,Tung Chung Station Bus Terminus,Tai O,Tung Chung Station Bus Terminus,Tai O,,8561,HK Bus Crawling
11+5+Tai O+Tung Chung Station Bus Terminus,11,5,nlb,Tai O,Tung Chung Station Bus Terminus,Tai O,Tung Chung Station Bus Terminus,,8562,HK Bus Crawling
11+5+Tung Chung Station Bus Terminus+Tai O,11,5,nlb,Tung Chung Station Bus Terminus,Tai O,Tung Chung Station Bus Terminus,Tai O,,8562,HK Bus Crawling
11+6+Tai O+Tung Chung Station Bus Terminus,11,6,nlb,Tai O,Tung Chung Station Bus Terminus,Tai O,Tung Chung Station Bus Terminus,,8566,HK Bus Crawling
11+6+Tung Chung Station Bus Terminus+Tai O,11,6,nlb,Tung Chung Station Bus Terminus,Tai O,Tung Chung Station Bus Terminus,Tai O,,8566,HK Bus Crawling
11A+1+Sha Tsui Detention Centre+Tung Chung Station Bus Terminus,11A,1,nlb,Sha Tsui Detention Centre,Tung Chung Station Bus Terminus,Sha Tsui Detention Centre,Tung Chung Station Bus Terminus,,8232,HK Bus Crawling
11A+1+Shek Pik+Tung Chung Station Bus Terminus,11A,1,nlb,Shek Pik,Tung Chung Station Bus Terminus,Shek Pik,Tung Chung Station Bus Terminus,,8565,HK Bus Crawling
11A+1+Tung Chung Station Bus Terminus+Sha Tsui Detention Centre,11A,1,nlb,Tung Chung Station Bus Terminus,Sha Tsui Detention Centre,Tung Chung Station Bus Terminus,Sha Tsui Detention Centre,,8232,HK Bus Crawling
11A+1+Tung Chung Station Bus Terminus+Shek Pik,11A,1,nlb,Tung Chung Station Bus Terminus,Shek Pik,Tung Chung Station Bus Terminus,Shek Pik,,8565,HK Bus Crawling
1R+1+Hung Hom (Hung Luen Road) +Ngong Ping,1R,1,nlb,Hung Hom (Hung Luen Road) ,Ngong Ping,Hung Hom (Hung Luen Road) ,Ngong Ping,,8071,HK Bus Crawling
2+1+Mui Wo Ferry Pier+Ngong Ping,2,1,nlb,Mui Wo Ferry Pier,Ngong Ping,Mui Wo Ferry Pier,Ngong Ping,,1725,HK Bus Crawling
2+1+Ngong Ping+Mui Wo Ferry Pier,2,1,nlb,Ngong Ping,Mui Wo Ferry Pier,Ngong Ping,Mui Wo Ferry Pier,,1725,HK Bus Crawling
21+1+Ngong Ping+Tai O,21,1,nlb,Ngong Ping,Tai O,Ngong Ping,Tai O,,1726,HK Bus Crawling
21+1+Tai O+Ngong Ping,21,1,nlb,Tai O,Ngong Ping,Tai O,Ngong Ping,,1726,HK Bus Crawling
23+1+Ngong Ping+Tung Chung Tat Tung Road Bus Terminus,23,1,nlb,Ngong Ping,Tung Chung Tat Tung Road Bus Terminus,Ngong Ping,Tung Chung Tat Tung Road Bus Terminus,,1727,HK Bus Crawling
23+1+Tung Chung Tat Tung Road Bus Terminus+Ngong Ping,23,1,nlb,Tung Chung Tat Tung Road Bus Terminus,Ngong Ping,Tung Chung Tat Tung Road Bus Terminus,Ngong Ping,,1727,HK Bus Crawling
34+1+Shek Mun Kap+Tung Chung Tat Tung Road Bus Terminus,34,1,nlb,Shek Mun Kap,Tung Chung Tat Tung Road Bus Terminus,Shek Mun Kap,Tung Chung Tat Tung Road Bus Terminus,,1728,HK Bus Crawling
34+1+Tung Chung Tat Tung Road Bus Terminus+Shek Mun Kap,34,1,nlb,Tung Chung Tat Tung Road Bus Terminus,Shek Mun Kap,Tung Chung Tat Tung Road Bus Terminus,Shek Mun Kap,,1728,HK Bus Crawling
34+2+Shek Mun Kap+Tung Chung Tat Tung Road Bus Terminus,34,2,nlb,Shek Mun Kap,Tung Chung Tat Tung Road Bus Terminus,Shek Mun Kap,Tung Chung Tat Tung Road Bus Terminus,,8327,HK Bus Crawling
34+2+Tung Chung Tat Tung Road Bus Terminus+Shek Mun Kap,34,2,nlb,Tung Chung Tat Tung Road Bus Terminus,Shek Mun Kap,Tung Chung Tat Tung Road Bus Terminus,Shek Mun Kap,,8327,HK Bus Crawling
34S+5+Tung Chung Tat Tung Road Bus Terminus+Cemetery Area No. 18 (Circular),34S,5,nlb,Tung Chung Tat Tung Road Bus Terminus,Cemetery Area No. 18 (Circular),Tung Chung Tat Tung Road Bus Terminus,Cemetery Area No. 18 (Circular),,,HK Bus Crawling
36+1+Disneyland+Tung Chung Tat Tung Road Bus Terminus,36,1,nlb,Disneyland,Tung Chung Tat Tung Road Bus Terminus,Disneyland,Tung Chung Tat Tung Road Bus Terminus,,1729,HK Bus Crawling
36+1+Tung Chung Tat Tung Road Bus Terminus+Disneyland,36,1,nlb,Tung Chung Tat Tung Road Bus Terminus,Disneyland,Tung Chung Tat Tung Road Bus Terminus,Disneyland,,1729,HK Bus Crawling
36+2+Disneyland+Tung Chung Tat Tung Road Bus Terminus,36,2,nlb,Disneyland,Tung Chung Tat Tung Road Bus Terminus,Disneyland,Tung Chung Tat Tung Road Bus Terminus,,1000207,HK Bus Crawling
36M+5+Cheung Tung Estate+Sunny Bay Station,36M,5,nlb,Cheung Tung Estate,Sunny Bay Station,Cheung Tung Estate,Sunny Bay Station,,1000591,HK Bus Crawling
36X+1+Mun Tung Estate+Disneyland,36X,1,nlb,Mun Tung Estate,Disneyland,Mun Tung Estate,Disneyland,,1000208,HK Bus Crawling
37+1+Yat Tung Estate+Ying Tung Estate,37,1,nlb,Yat Tung Estate,Ying Tung Estate,Yat Tung Estate,Ying Tung Estate,,8205,HK Bus Crawling
37+1+Ying Tung Estate+Yat Tung Estate,37,1,nlb,Ying Tung Estate,Yat Tung Estate,Ying Tung Estate,Yat Tung Estate,,8205,HK Bus Crawling
37+2+Yat Tung Estate+Ying Tung Estate,37,2,nlb,Yat Tung Estate,Ying Tung Estate,Yat Tung Estate,Ying Tung Estate,,1000267,HK Bus Crawling
37A+1+Cheung Tung Estate+Tung Chung Station Bus Terminus (Circular),37A,1,nlb,Cheung Tung Estate,Tung Chung Station Bus Terminus (Circular),Cheung Tung Estate,Tung Chung Station Bus Terminus (Circular),,1000359,HK Bus Crawling
37H+1+Ying Tung Estate+North Lantau Hospital (Circular),37H,1,nlb,Ying Tung Estate,North Lantau Hospital (Circular),Ying Tung Estate,North Lantau Hospital (Circular),,8290,HK Bus Crawling
37H+2+Mun Tung Estate+Ying Tung Estate,37H,2,nlb,Mun Tung Estate,Ying Tung Estate,Mun Tung Estate,Ying Tung Estate,,1000291,HK Bus Crawling
37M+1+Ying Tung Estate+Tung Chung Station Bus Terminus (Circular),37M,1,nlb,Ying Tung Estate,Tung Chung Station Bus Terminus (Circular),Ying Tung Estate,Tung Chung Station Bus Terminus (Circular),,1000358,HK Bus Crawling
37M+1+Ying Tung Estate+Ying Tung Estate,37M,1,nlb,Ying Tung Estate,Ying Tung Estate,Ying Tung Estate,Ying Tung Estate,,8331,HK Bus Crawling
37P+1+Yung Yat House (Yu Tung Road)+Caribbean Coast,37P,1,nlb,Yung Yat House (Yu Tung Road),Caribbean Coast,Yung Yat House (Yu Tung Road),Caribbean Coast,,1959,HK Bus Crawling
37S+1+Tung Chung Development Ferry Pier+Tung Chung Station Bus Terminus,37S,1,nlb,Tung Chung Development Ferry Pier,Tung Chung Station Bus Terminus,Tung Chung Development Ferry Pier,Tung Chung Station Bus Terminus,,8424,HK Bus Crawling
38+1+Yat Tung Estate+Tung Chung Station Bus Terminus (Circular),38,1,nlb,Yat Tung Estate,Tung Chung Station Bus Terminus (Circular),Yat Tung Estate,Tung Chung Station Bus Terminus (Circular),,1731,HK Bus Crawling
38X+1+Yat Tung Estate (Yu Tung Road)+Tung Chung Station Bus Terminus (Circular),38X,1,nlb,Yat Tung Estate (Yu Tung Road),Tung Chung Station Bus Terminus (Circular),Yat Tung Estate (Yu Tung Road),Tung Chung Station Bus Terminus (Circular),,1961,HK Bus Crawling
39M+1+Tung Chung Station Bus Terminus+Mun Tung Estate  (Circular Route),39M,1,nlb,Tung Chung Station Bus Terminus,Mun Tung Estate  (Circular Route),Tung Chung Station Bus Terminus,Mun Tung Estate  (Circular Route),,8645,HK Bus Crawling
39M+2+Mun Tung Estate+Tung Chung Station Bus Terminus,39M,2,nlb,Mun Tung Estate,Tung Chung Station Bus Terminus,Mun Tung Estate,Tung Chung Station Bus Terminus,,1000451,HK Bus Crawling
3M+1+Mui Wo (from Pui O)+Tung Chung Station Bus Terminus,3M,1,nlb,Mui Wo (from Pui O),Tung Chung Station Bus Terminus,Mui Wo (from Pui O),Tung Chung Station Bus Terminus,,8572,HK Bus Crawling
3M+1+Mui Wo Ferry Pier+Tung Chung Station Bus Terminus,3M,1,nlb,Mui Wo Ferry Pier,Tung Chung Station Bus Terminus,Mui Wo Ferry Pier,Tung Chung Station Bus Terminus,,,HK Bus Crawling
3M+1+Tung Chung Station Bus Terminus+Mui Wo Ferry Pier,3M,1,nlb,Tung Chung Station Bus Terminus,Mui Wo Ferry Pier,Tung Chung Station Bus Terminus,Mui Wo Ferry Pier,,,HK Bus Crawling
3M+2+Mui Wo Ferry Pier+Tung Chung Station Bus Terminus,3M,2,nlb,Mui Wo Ferry Pier,Tung Chung Station Bus Terminus,Mui Wo Ferry Pier,Tung Chung Station Bus Terminus,,1732,HK Bus Crawling
3M+2+Tung Chung Station Bus Terminus+Mui Wo Ferry Pier,3M,2,nlb,Tung Chung Station Bus Terminus,Mui Wo Ferry Pier,Tung Chung Station Bus Terminus,Mui Wo Ferry Pier,,1732,HK Bus Crawling
3M+3+Tung Chung Station Bus Terminus+Mui Wo Ferry Pier,3M,3,nlb,Tung Chung Station Bus Terminus,Mui Wo Ferry Pier,Tung Chung Station Bus Terminus,Mui Wo Ferry Pier,,8571,HK Bus Crawling
4+1+Mui Wo Ferry Pier+Tong Fuk,4,1,nlb,Mui Wo Ferry Pier,Tong Fuk,Mui Wo Ferry Pier,Tong Fuk,,8533,HK Bus Crawling
4+1+Mui Wo Ferry Pier+Tong Fuk (to Shui Hau),4,1,nlb,Mui Wo Ferry Pier,Tong Fuk (to Shui Hau),Mui Wo Ferry Pier,Tong Fuk (to Shui Hau),,,HK Bus Crawling
4+1+Tong Fuk (from Shui Hau)+Mui Wo Ferry Pier,4,1,nlb,Tong Fuk (from Shui Hau),Mui Wo Ferry Pier,Tong Fuk (from Shui Hau),Mui Wo Ferry Pier,,,HK Bus Crawling
4+1+Tong Fuk+Mui Wo Ferry Pier,4,1,nlb,Tong Fuk,Mui Wo Ferry Pier,Tong Fuk,Mui Wo Ferry Pier,,,HK Bus Crawling
4+2+Tong Fuk (from Shui Hau)+Mui Wo Ferry Pier,4,2,nlb,Tong Fuk (from Shui Hau),Mui Wo Ferry Pier,Tong Fuk (from Shui Hau),Mui Wo Ferry Pier,,1733,HK Bus Crawling
4+2+Tong Fuk+Mui Wo Ferry Pier,4,2,nlb,Tong Fuk,Mui Wo Ferry Pier,Tong Fuk,Mui Wo Ferry Pier,,8533,HK Bus Crawling
7S+5+Lai Chi Yuen Cemetery+Mui Wo Ferry Pier,7S,5,nlb,Lai Chi Yuen Cemetery,Mui Wo Ferry Pier,Lai Chi Yuen Cemetery,Mui Wo Ferry Pier,,,HK Bus Crawling
7S+5+Mui Wo Ferry Pier+Lai Chi Yuen Cemetery,7S,5,nlb,Mui Wo Ferry Pier,Lai Chi Yuen Cemetery,Mui Wo Ferry Pier,Lai Chi Yuen Cemetery,,,HK Bus Crawling
A35+1+HZMB Hong Kong Port+Mui Wo Ferry Pier,A35,1,nlb,HZMB Hong Kong Port,Mui Wo Ferry Pier,HZMB Hong Kong Port,Mui Wo Ferry Pier,,,HK Bus Crawling
A35+1+Mui Wo Ferry Pier+HZMB Hong Kong Port,A35,1,nlb,Mui Wo Ferry Pier,HZMB Hong Kong Port,Mui Wo Ferry Pier,HZMB Hong Kong Port,,,HK Bus Crawling
A35+2+HZMB Hong Kong Port+Mui Wo Ferry Pier,A35,2,nlb,HZMB Hong Kong Port,Mui Wo Ferry Pier,HZMB Hong Kong Port,Mui Wo Ferry Pier,,1734,HK Bus Crawling
A35+2+Mui Wo Ferry Pier+HZMB Hong Kong Port,A35,2,nlb,Mui Wo Ferry Pier,HZMB Hong Kong Port,Mui Wo Ferry Pier,HZMB Hong Kong Port,,1734,HK Bus Crawling
A35+3+HZMB Hong Kong Port+Mui Wo Ferry Pier,A35,3,nlb,HZMB Hong Kong Port,Mui Wo Ferry Pier,HZMB Hong Kong Port,Mui Wo Ferry Pier,,8574,HK Bus Crawling
A35+3+Mui Wo Ferry Pier+HZMB Hong Kong Port,A35,3,nlb,Mui Wo Ferry Pier,HZMB Hong Kong Port,Mui Wo Ferry Pier,HZMB Hong Kong Port,,8574,HK Bus Crawling
A35+4+Mui Wo Ferry Pier+HZMB Hong Kong Port,A35,4,nlb,Mui Wo Ferry Pier,HZMB Hong Kong Port,Mui Wo Ferry Pier,HZMB Hong Kong Port,,8575,HK Bus Crawling
B2+1+Shenzhen Bay Port+Yuen Long MTR Station,B2,1,nlb,Shenzhen Bay Port,Yuen Long MTR Station,Shenzhen Bay Port,Yuen Long MTR Station,,1735,HK Bus Crawling
B2+1+Yuen Long MTR Station+Shenzhen Bay Port,B2,1,nlb,Yuen Long MTR Station,Shenzhen Bay Port,Yuen Long MTR Station,Shenzhen Bay Port,,1735,HK Bus Crawling
B2P+1+Shenzhen Bay Port+Tin Shui Wai (Tin Tsz Estate),B2P,1,nlb,Shenzhen Bay Port,Tin Shui Wai (Tin Tsz Estate),Shenzhen Bay Port,Tin Shui Wai (Tin Tsz Estate),,8068,HK Bus Crawling
B2P+1+Tin Shui Wai (Tin Tsz Estate)+Shenzhen Bay Port,B2P,1,nlb,Tin Shui Wai (Tin Tsz Estate),Shenzhen Bay Port,Tin Shui Wai (Tin Tsz Estate),Shenzhen Bay Port,,8068,HK Bus Crawling
B2X+1+Shenzhen Bay Port+Tin Shui Wai (Tin Yiu Estate),B2X,1,nlb,Shenzhen Bay Port,Tin Shui Wai (Tin Yiu Estate),Shenzhen Bay Port,Tin Shui Wai (Tin Yiu Estate),,8186,HK Bus Crawling
B2X+1+Tin Shui Wai (Tin Yiu Estate)+Shenzhen Bay Port,B2X,1,nlb,Tin Shui Wai (Tin Yiu Estate),Shenzhen Bay Port,Tin Shui Wai (Tin Yiu Estate),Shenzhen Bay Port,,8186,HK Bus Crawling
B4+1+HZMB Hong Kong Port+Airport (Passenger Terminal Building) (Circular),B4,1,nlb,HZMB Hong Kong Port,Airport (Passenger Terminal Building) (Circular),HZMB Hong Kong Port,Airport (Passenger Terminal Building) (Circular),,8633,HK Bus Crawling
B6+1+HZMB Hong Kong Port+Mun Tung Estate,B6,1,nlb,HZMB Hong Kong Port,Mun Tung Estate,HZMB Hong Kong Port,Mun Tung Estate,,8635,HK Bus Crawling
B6+1+Mun Tung Estate+HZMB Hong Kong Port,B6,1,nlb,Mun Tung Estate,HZMB Hong Kong Port,Mun Tung Estate,HZMB Hong Kong Port,,8635,HK Bus Crawling
B6S+5+Mun Tung Estate+HZMB Hong Kong Port,B6S,5,nlb,Mun Tung Estate,HZMB Hong Kong Port,Mun Tung Estate,HZMB Hong Kong Port,,1000568,HK Bus Crawling
N1+3+Mui Wo Ferry Pier+Tai O,N1,3,nlb,Mui Wo Ferry Pier,Tai O,Mui Wo Ferry Pier,Tai O,,1736,HK Bus Crawling
N35+3+HZMB Hong Kong Port+Mui Wo Ferry Pier,N35,3,nlb,HZMB Hong Kong Port,Mui Wo Ferry Pier,HZMB Hong Kong Port,Mui Wo Ferry Pier,,1737,HK Bus Crawling
N35+3+Mui Wo Ferry Pier+HZMB Hong Kong Port,N35,3,nlb,Mui Wo Ferry Pier,HZMB Hong Kong Port,Mui Wo Ferry Pier,HZMB Hong Kong Port,,1737,HK Bus Crawling
N37+3+Ying Tung Estate+Tung Chung Station Bus Terminus (Circular),N37,3,nlb,Ying Tung Estate,Tung Chung Station Bus Terminus (Circular),Ying Tung Estate,Tung Chung Station Bus Terminus (Circular),,8707,HK Bus Crawling
N38+3+Tung Chung Station Bus Terminus +Yat Tung Estate,N38,3,nlb,Tung Chung Station Bus Terminus ,Yat Tung Estate,Tung Chung Station Bus Terminus ,Yat Tung Estate,,1738,HK Bus Crawling
N38+3+Yat Tung Estate+Tung Chung Station Bus Terminus,N38,3,nlb,Yat Tung Estate,Tung Chung Station Bus Terminus,Yat Tung Estate,Tung Chung Station Bus Terminus,,1738,HK Bus Crawling
NB2+7+Shenzhen Bay Port+Yuen Long MTR Station (Circular),NB2,7,nlb,Shenzhen Bay Port,Yuen Long MTR Station (Circular),Shenzhen Bay Port,Yuen Long MTR Station (Circular),,,HK Bus Crawling
X11R+5+Sheraton Hong Kong Tung Chung Hotel+Tai O,X11R,5,nlb,Sheraton Hong Kong Tung Chung Hotel,Tai O,Sheraton Hong Kong Tung Chung Hotel,Tai O,,1000442,HK Bus Crawling
X11R+5+Tai O+Sheraton Hong Kong Tung Chung Hotel,X11R,5,nlb,Tai O,Sheraton Hong Kong Tung Chung Hotel,Tai O,Sheraton Hong Kong Tung Chung Hotel,,1000442,HK Bus Crawling
XB2+1+Shenzhen Bay Port+Yuen Long MTR Station(Express),XB2,1,nlb,Shenzhen Bay Port,Yuen Long MTR Station(Express),Shenzhen Bay Port,Yuen Long MTR Station(Express),,1000620,HK Bus Crawling
XB2+1+Yuen Long MTR Station+Shenzhen Bay Port(Express),XB2,1,nlb,Yuen Long MTR Station,Shenzhen Bay Port(Express),Yuen Long MTR Station,Shenzhen Bay Port(Express),,1000620,HK Bus Crawling
CCCE+1+CHEUNG CHAU+CENTRAL,CCCE,1,sunferry,CHEUNG CHAU,CENTRAL,CHEUNG CHAU,CENTRAL,,7005,HK Bus Crawling
CECC+1+CENTRAL+CHEUNG CHAU,CECC,1,sunferry,CENTRAL,CHEUNG CHAU,CENTRAL,CHEUNG CHAU,,7005,HK Bus Crawling
CEMW+1+CENTRAL+MUI WO,CEMW,1,sunferry,CENTRAL,MUI WO,CENTRAL,MUI WO,,7006,HK Bus Crawling
HHNP+1+HUNG HOM+NORTH POINT,HHNP,1,sunferry,HUNG HOM,NORTH POINT,HUNG HOM,NORTH POINT,,7019,HK Bus Crawling
IICHCMUW+1+CHEUNG CHAU+MUI WO,IICHCMUW,1,sunferry,CHEUNG CHAU,MUI WO,CHEUNG CHAU,MUI WO,,7000009,HK Bus Crawling
IIMUWPEC+1+MUI WO+PENG CHAU,IIMUWPEC,1,sunferry,MUI WO,PENG CHAU,MUI WO,PENG CHAU,,7000010,HK Bus Crawling
IIPECMUW+1+PENG CHAU+MUI WO,IIPECMUW,1,sunferry,PENG CHAU,MUI WO,PENG CHAU,MUI WO,,7000010,HK Bus Crawling
KCNP+1+KOWLOON CITY+NORTH POINT,KCNP,1,sunferry,KOWLOON CITY,NORTH POINT,KOWLOON CITY,NORTH POINT,,7020,HK Bus Crawling
MWCE+1+MUI WO+CENTRAL,MWCE,1,sunferry,MUI WO,CENTRAL,MUI WO,CENTRAL,,7006,HK Bus Crawling
NPHH+1+NORTH POINT+HUNG HOM,NPHH,1,sunferry,NORTH POINT,HUNG HOM,NORTH POINT,HUNG HOM,,7019,HK Bus Crawling
NPKC+1+NORTH POINT+KOWLOON CITY,NPKC,1,sunferry,NORTH POINT,KOWLOON CITY,NORTH POINT,KOWLOON CITY,,7020,HK Bus Crawling
