"id","highway","name","oneway","nodes","coordinates"
"26490090","tertiary","博覽道東 Expo Drive East","yes","3569722814 5444446948 5444446951 5542724703","114.1741185,22.2828539 114.1741063,22.2830599 114.1740859,22.2834058 114.174071,22.2836584"
"27058790","unclassified","運盛街 Wan Shing Street","yes","9365010739 6084364511 3491393290 6084364514 296891000 13727770124","114.1792584,22.2815299 114.1792275,22.281539 114.1792099,22.2815506 114.1791932,22.2815658 114.1791721,22.28159 114.1791059,22.2817568"
"27058792","unclassified","運盈街 Wan Ying Street","no","10618461296 10618461295 10618461294 296891002 9365005305 9365010735","114.1790269,22.281963 114.1789878,22.2819502 114.1789233,22.2819304 114.1789083,22.2819259 114.1788932,22.2819216 114.1786835,22.2818581"
"27059099","secondary","菲林明道 Fleming Road","yes","243845374 4539759201 4475207931","114.1743027,22.2806787 114.1742497,22.2812348 114.1742419,22.2813202"
"27059146","secondary","鴻興道 Hung Hing Road","yes","595726762 5184745467 6357791762 296891004 3226540308","114.1783743,22.2825567 114.1784578,22.2825864 114.1785284,22.2826044 114.1786004,22.2826188 114.1788043,22.2826476"
"32551394","trunk","告士打道 Gloucester Road","yes","988059862 11088745807 587759082 11088736404 11088736403 11088736402 11088736401 988059573","114.1777588,22.2801419 114.1780006,22.2802313 114.1782146,22.2803105 114.1785184,22.2804337 114.1785729,22.2804558 114.1787129,22.2805125 114.1787522,22.2805284 114.1787946,22.2805476"
"40490821","tertiary","分域街 Fenwick Street","yes","7808553576 490730775 4509777358 274241784","114.1707226,22.2805376 114.170693,22.2805 114.17064,22.28042 114.1706098,22.2803543"
"40490899","tertiary","分域街 Fenwick Street","yes","274241784 4509777357 490731504 7808553579","114.1706098,22.2803543 114.170589,22.28042 114.1705575,22.2805066 114.1705436,22.2805847"
"40490930","tertiary","分域街 Fenwick Street",,"274241784 9289536487 274241785 11077814385 1618530684","114.1706098,22.2803543 114.1705995,22.280279 114.17059,22.28021 114.1705739,22.2801202 114.1705122,22.2797762"
"40491005","secondary","會議道 Convention Avenue","yes","1319003420 9332036474 9332036481 13390911149 13390911148 5086900412 7808553566","114.1708465,22.2811588 114.1708082,22.2810876 114.1707822,22.2810229 114.1707695,22.2809562 114.1707643,22.2808818 114.1707719,22.2808215 114.1707882,22.2807595"
"40491175","footway",,,"11869167675 3672911909","114.1758487,22.2812781 114.1758204,22.2812755"
"40491206","footway",,,"490737514 6986305298 490737235 12254183035 9221275747","114.1737848,22.2804792 114.1737533,22.2805166 114.1737373,22.2806985 114.1737296,22.2807396 114.1737293,22.2807411"
"40662644","footway","博覽道東 Expo Drive East",,"1025308464 5444446942 5300400787 1025308502 9339975893","114.1740412,22.2823433 114.1740768,22.2823854 114.1740805,22.2824592 114.1740712,22.2826113 114.1740617,22.2826486"
"46108730","trunk_link",,"yes","4581200296 587758989 587758999 587759007","114.1804736,22.2807949 114.18042,22.2808 114.18035,22.280793 114.17993,22.280639999999998"
"46108735","trunk_link","告士打道 Gloucester Road","yes","7199810945 11088584228 587759016","114.178819,22.2802229 114.1787169,22.2802209 114.178655,22.2802179"
"46108736","trunk_link","灣仔交匯處 Wan Chai Interchange","yes","587759077 1599975505 587759019 9813587113 9813623433 4579673305 6233602198","114.1791949,22.2813012 114.1792992,22.2813649 114.1793663,22.2814091 114.1794146,22.2814435 114.1794637,22.2814818 114.1795119,22.2815223 114.1795564,22.2815629"
"46108741","trunk_link","灣仔交匯處 Wan Chai Interchange","yes","1705682810 4576848554 4576848561 1705682830 1705682822 4576848548 2414714358 4579673310 4579673309 2099874129 9813587112 4579673308 9813623422 587759063 9813623431 4579673307 9813623417 587759069 9813623438 9813623423 9813623439 4579673306 587759066 1599975517 1599975400 587759065 587759077","114.1800591,22.2807584 114.1795875,22.2805867 114.1795416,22.2805741 114.1795005,22.2805667 114.1794535,22.2805639 114.1794023,22.280565 114.1793526,22.2805713 114.1793041,22.2805826 114.1792614,22.2805975 114.1792196,22.2806179 114.1791769,22.280645 114.1791387,22.2806757 114.1791068,22.2807074 114.1790727,22.2807507 114.1790474,22.2807926 114.1790297,22.2808334 114.1790154,22.2808786 114.1790063,22.2809259 114.1790042,22.2809685 114.1790077,22.28102 114.1790188,22.2810719 114.1790327,22.2811124 114.1790535,22.281158 114.1790811,22.2811996 114.1791066,22.2812311 114.1791435,22.2812648 114.1791949,22.2813012"
"46616552","trunk_link","鴻興道天橋 Hung Hing Road Flyover","yes","5129304668 12546708094 12546708100 12546708098 12546708091 3781050457 1044679957 1822894669 12546708097 587640069 587640071 587640073 12546708096 12546708088 12546720001 12546708093 1014923289 1822894617 587640076 10836705917 12546720002 12546708092 10836705915 10836705916 10836705918 10836705914","114.1797673,22.2827404 114.1797848,22.2827163 114.1798006,22.2826909 114.1798145,22.2826624 114.1799272,22.2823808 114.1799429,22.2823487 114.1799608,22.2823198 114.1799792,22.282295 114.1799985,22.2822739 114.1800206,22.2822549 114.1800481,22.2822375 114.1800807,22.2822226 114.1801169,22.2822121 114.1801506,22.2822067 114.1801882,22.2822051 114.1802345,22.2822085 114.1807162,22.2822684 114.1807849,22.2822743 114.1808591,22.2822768 114.1809528,22.2822753 114.1810356,22.2822692 114.181112,22.2822574 114.1811791,22.2822437 114.1812398,22.2822284 114.1813098,22.2822083 114.1815359,22.2821329"
"79444514","footway",,,"927570106 11850784512 5530457283 3672911905 5584411543 5584411544 1017194402","114.1772791,22.2801554 114.1772918,22.2801048 114.177295,22.2800918 114.1776059,22.279706 114.1776459,22.2796162 114.1777122,22.2794204 114.1775895,22.2793838"
"85200939","service",,"yes","6837819167 988059781 6837819176 5010367139 6837819175 988059796 6837819177 5010367137 6837819178 988059529 6837819179 988059829 6837819180 988059581 988059852","114.1721707,22.2833831 114.172132,22.2833408 114.1720175,22.2831992 114.1719983,22.283169 114.1719847,22.2831386 114.1719534,22.283037 114.1719428,22.2829677 114.17194309999999,22.2829366 114.1719521,22.2829011 114.1719736,22.2828596 114.1720552,22.2827325 114.1720849,22.2827035 114.1721167,22.2826809 114.1721879,22.2826394 114.1722612,22.2825882"
"85200961","service",,"yes","988059796 1770220764 988059581","114.1719534,22.283037 114.1720578,22.2828625 114.1721879,22.2826394"
"85201033","tertiary","馬師道 Marsh Road","yes","296891216 9121936420 1599960164 988059870 2206265243 1266044484 1014923303","114.1788629,22.2807072 114.1788673,22.2807358 114.1788663,22.2807608 114.1788603,22.2807857 114.1788475,22.2808242 114.178818,22.2808973 114.1785334,22.2816158"
"85201039","service",,"yes","5010367145 6837819167","114.1723204,22.2835416 114.1721707,22.2833831"
"85243297","unclassified","博覽道中 Expo Drive Central","yes","290330622 5444446945 5300400788 5010367147 5300400780 4321307710 3569722811 3569722814","114.17382,22.28271 114.174025,22.2827243 114.1740506,22.2827361 114.1740715,22.2827526 114.1740905,22.2827729 114.1741026,22.2827959 114.1741114,22.282822 114.1741185,22.2828539"
"85243302","unclassified","博覽道中 Expo Drive Central","yes","988470357 6853998889 7044325112 290330622","114.172313,22.2825945 114.1728994,22.2826429 114.1736413,22.282697 114.17382,22.28271"
"86222877","secondary","鴻興道 Hung Hing Road","yes","11083586868 11083586901 4321307711","114.1782184,22.2823911 114.1773335,22.2821401 114.1771365,22.2820867"
"86325201","tertiary","馬師道 Marsh Road","yes","288361286 1002550719 2987722046 4715312988 1002550703","114.1792955,22.2797924 114.1791499,22.2801085 114.1791297,22.2801496 114.1791075,22.2801752 114.1790689,22.2802"
"86325207","tertiary","馬師道 Marsh Road","yes","1002550813 1002550773 2987722060 1002550815 1002550791","114.1792395,22.2802636 114.1792369,22.2802241 114.1792413,22.2801912 114.1792548,22.2801481 114.1794043,22.2798375"
"86325228","tertiary","告士打道 Gloucester Road","yes","1002550813 1002550703","114.1792395,22.2802636 114.1790689,22.2802"
"86325230","secondary","馬師道 Marsh Road",,"2987722198 293111671 293111672","114.1792212,22.2800833 114.17913,22.28031 114.1787324,22.2812839"
"86325234","tertiary_link","馬師道 Marsh Road","yes","1002550719 1002550745 1002550762 1002550793 1002550706 1002550815","114.1791499,22.2801085 114.1791595,22.2801363 114.1791794,22.280156 114.1792059,22.2801653 114.179231,22.2801612 114.1792548,22.2801481"
"87081198","secondary","鴻興道 Hung Hing Road","yes","4321307712 5495858132 4447795750","114.1774299,22.2822657 114.1775871,22.2823059 114.1777869,22.2823663"
"87081208","footway",,,"3719756025 3491393291","114.1780203,22.2824993 114.1779807,22.2825946"
"87081212","trunk","告士打道 Gloucester Road","yes","11088584224 11088736397 11088584225","114.179036,22.2804744 114.17896,22.2804233 114.1789234,22.2803987"
"87470689","trunk_link","杜老誌道 Tonnochy Road","yes","587759017 7199810947","114.1788241,22.2803503 114.1787719,22.2803467"
"88260990","tertiary","港灣道 Harbour Road",,"274241647 1619220675","114.17098,22.28059 114.1712,22.2805263"
"88260995","tertiary","港灣道 Harbour Road",,"1619220675 4479764680 7044272474 1014923294","114.1712,22.2805263 114.1713671,22.2804969 114.1715306,22.2804894 114.17166,22.2805"
"88260997","secondary","菲林明道 Fleming Road","yes","297187780 6620405008","114.1745301,22.2805749 114.1745045,22.28054"
"88261010","secondary","分域碼頭街 Fenwick Pier Street","no","490730220 490730452","114.1701665,22.2808634 114.1700906,22.2808673"
"88261022","unclassified","會議道 Convention Avenue","yes","3089139701 2345781781 5382735634 7044272472","114.1720962,22.2815394 114.1718989,22.2815246 114.1717908,22.2815171 114.1716167,22.2815096"
"88261027","tertiary","港灣道 Harbour Road","no","243845374 3920060241","114.1743027,22.2806787 114.1745152,22.2806933"
"88261034","secondary","博覽道東 Expo Drive East","yes","5098657623 1025308436","114.1741572,22.2836804 114.1742354,22.2826709"
"88261039","secondary","杜老誌道 Tonnochy Road","no","7699030386 1618530733","114.1772473,22.2809122 114.1771786,22.2810552"
"107497687","footway",,,"297187972 4404407597 490737514","114.1736207,22.280229 114.1736607,22.2802812 114.1737848,22.2804792"
"124353607","secondary","菲林明道 Fleming Road","yes","3920060241 297187780","114.1745152,22.2806933 114.1745301,22.2805749"
"148784049","tertiary","告士打道 Gloucester Road","yes","587759102 12856789936 2987722196 1618530720 289666937 587759103 3681629825 1002550813","114.1815139,22.2811227 114.1812701,22.2810278 114.1811797,22.2809926 114.1807837,22.2808415 114.1805236,22.2807406 114.1804448,22.2807124 114.179429,22.280333 114.1792395,22.2802636"
"148784051","tertiary","港灣道 Harbour Road","no","11869115866 9748981206 3920060245 4449253096","114.1758886,22.2807947 114.175944,22.2807988 114.1765072,22.2808405 114.17656,22.2808444"
"148784053","trunk_link","港灣道 Harbour Road","yes","4687212199 7699030387 5070416201 7699030388 7699030392 7699030393 1618530725","114.1772681,22.280712 114.1772378,22.2807843 114.1772137,22.2808264 114.1771872,22.2808481 114.1771573,22.2808531 114.1771286,22.2808528 114.1770699,22.2808527"
"148784070","secondary","馬師道 Marsh Road",,"293111672 988059440","114.1787324,22.2812839 114.1785942,22.2816421"
"148784087","secondary","杜老誌道 Tonnochy Road","no","1618530733 2572367674 4358975985 4358975987 4358976089 5070416205 4358976090 4358976092 4358976094","114.1771786,22.2810552 114.1771323,22.2811633 114.1770837,22.2812796 114.1770408,22.2814019 114.1769977,22.2815331 114.1769571,22.2816487 114.1769406,22.2816957 114.1769185,22.2817585 114.1768858,22.2818398"
"148784088","tertiary","杜老誌道 Tonnochy Road","yes","2206265241 2206265246 2206265240 2206265242 1618530699 1618530708 7699030389 7699030390 7699030391 1618530725","114.1773736,22.280066 114.1773795,22.280088 114.1773824,22.2801203 114.177373,22.2801622 114.1773622,22.2802033 114.1773292,22.2803104 114.1771897,22.2807737 114.1771695,22.2807981 114.1771389,22.2808266 114.1770699,22.2808527"
"148784103","footway",,,"5382735622 4481970474 4481970473 12255023646 1618530706","114.17098,22.28087 114.170983,22.28079 114.170969,22.2807 114.1709628,22.2806604 114.1709119,22.2804927"
"148858992","service",,,"12254183029 12254183027 12254183028","114.1727299,22.2805584 114.1727357,22.2804878 114.1727582,22.2802131"
"148858996","service",,,"1619220668 9779150946 10239790318 1619220661","114.172032,22.28051 114.1720414,22.2804116 114.1720456,22.2803683 114.1720797,22.2800122"
"184761787","footway",,,"5444446956 11412781264 11412781263 9221275719 1952740933 11412781262 11412781261 1952740943 1952740945 1952740946 1952740947 9221275718 1952740944 1952740942 1952740936 1952740929 1952740924 1952740920 1952740912 1952740906 6875531825","114.174087,22.2846064 114.1740041,22.2846515 114.1738528,22.2846507 114.1738527,22.2846755 114.1735867,22.2846742 114.1734586,22.2847348 114.1733246,22.2847847 114.1732154,22.2848128 114.1731046,22.2848328 114.1730077,22.2848401 114.1729102,22.2848416 114.1727781,22.2848291 114.1726972,22.2848159 114.1725607,22.2847721 114.17242,22.2847137 114.1722869,22.2846351 114.172116,22.2844963 114.1720457,22.2844235 114.1720439,22.2843596 114.1720613,22.2843378 114.1720903,22.2843347"
"210545789","trunk_link","杜老誌道 Tonnochy Road","yes","4581635402 4687212199","114.1773331,22.2805043 114.1772681,22.280712"
"225802447","unclassified","博覽道 Expo Drive","yes","9681836905 9681836912 5010367146","114.172209,22.2836578 114.17227,22.2836557 114.1723072,22.283651"
"225802448","service",,"yes","2345781796 7044272471 4481970472 7044272478","114.17194,22.280507 114.1719706,22.2805902 114.1719758,22.2806248 114.1719723,22.2806763"
"225802453","secondary","龍和道 Lung Wo Road","yes","6973440342 11355665915 5390065236 11355665916 2345781761","114.1711836,22.2821935 114.1716092,22.2821992 114.1718382,22.2822068 114.1720385,22.2822165 114.1723613,22.2822359"
"225802454","unclassified","博覽道中 Expo Drive Central","yes","2345781777 6973440343 988059852 988470357","114.1720343,22.2825761 114.17217049999999,22.28258 114.1722612,22.2825882 114.172313,22.2825945"
"225802455","tertiary","博覽道 Expo Drive","yes","2345781759 2345781836 5542724701","114.1739285,22.2837633 114.1739706,22.2837662 114.1740377,22.2837695"
"233035247","tertiary","博覽道東 Expo Drive East","yes","3569722795 5444446943 3569722814","114.1741546,22.2822364 114.1741461,22.2823631 114.1741185,22.2828539"
"233035253","secondary","菲林明道 Fleming Road","yes","4183883946 9221275836 6357791763 6357791767 5010367150 490735609 6449999225 5010367149","114.1743535,22.2820666 114.1743636,22.2819333 114.1743745,22.2817632 114.1743804,22.2817191 114.174389,22.2816686 114.1744023,22.2816175 114.1744188,22.2815647 114.1744301,22.281528"
"241999009","footway",,,"10787183657 1619220661 5321767515 5382734297 12254183053 12254183054 5321767520","114.1719924,22.2800068 114.1720797,22.2800122 114.1720942,22.2799767 114.1721092,22.2797943 114.172112,22.2797608 114.1721248,22.2796054 114.172135,22.2794815"
"244383689","trunk","灣仔交匯處 Wan Chai Interchange","yes","5070411584 5070411583 11088736388","114.1793004,22.2810087 114.1793723,22.2811164 114.1795613,22.281388"
"244847826","secondary","馬師道 Marsh Road","no","1012751963 10618461300","114.1785103,22.2817971 114.1783237,22.2822565"
"250886424","footway",,,"2572367662 2572367663","114.1764718,22.2800886 114.1766822,22.2801051"
"250886427","footway",,,"11083615708 2572367672","114.1770528,22.2807806 114.1770206,22.2809915"
"250886428","footway",,,"5070416204 2572367673 11083615709","114.1772752,22.2811217 114.1772921,22.2810805 114.1773,22.2810606"
"250886430","footway",,,"11869167675 490735463 2572367671 11152894578 3683649294 2572367664 2572367665","114.1758487,22.2812781 114.17587,22.28128 114.1759013,22.2809422 114.175919,22.2806621 114.1759195,22.2806554 114.1759232,22.2805949 114.1759948,22.2806006"
"254035149","trunk","告士打道 Gloucester Road","yes","587759017 11088584227","114.1788241,22.2803503 114.1787846,22.2803204"
"295102873","steps",,,"2987722206 2987722205","114.1795905,22.2818259 114.1794593,22.2817293"
"295102876","steps",,,"1266044639 2987722193","114.178937,22.2809229 114.1789897,22.2807909"
"295102878","steps",,,"2987722117 2987722097","114.17939,22.280375 114.1792346,22.2803181"
"295102883","footway",,,"2987722205 13728113201 2987722200 2987722201","114.1794593,22.2817293 114.1794496,22.2817204 114.180053,22.281145 114.18007,22.28116"
"295102886","footway",,,"2987722097 2987722090 2987722193","114.1792346,22.2803181 114.179185,22.2803 114.1789897,22.2807909"
"295102888","steps",,,"2987722204 2987722203 2987722202 9364893691","114.179977,22.28134 114.180003,22.28127 114.180034,22.281211 114.1800667,22.2811678"
"300819283","footway",,,"2495743963 1618530712 9779150956 3049050688","114.171653,22.2803367 114.1716263,22.2806307 114.1716204,22.2806748 114.1716409,22.2806732"
"300819291","service",,,"1619220675 5382734318 3049050681","114.1712,22.2805263 114.1711676,22.2803841 114.17116,22.28035"
"300819293","footway",,,"3049050686 3049050687","114.1764353,22.2805355 114.1766358,22.280554"
"300819300","steps",,,"3049050691 3049050690 3049050689 3049050688","114.1717207,22.280712 114.171676,22.2807101 114.1716823,22.2806769 114.1716409,22.2806732"
"300819302","steps",,,"1618530706 1618530705 3049050682 3049050684","114.1709119,22.2804927 114.1710265,22.280463 114.1710159,22.2804279 114.1709403,22.2804475"
"300819304","footway",,,"2102320886 8887672692 8688117819 8308187034 2102320891","114.1763815,22.2823348 114.176371,22.2824065 114.1763293,22.2827008 114.1763081,22.2828562 114.1762942,22.2829577"
"342109870","pedestrian",,"no","3719734525 3719758425 3719758426 6329262956 5184745468","114.1781796,22.2825968 114.1781895,22.2825816 114.178201,22.2825613 114.1782103,22.282544 114.1782272,22.282509"
"351222936","unclassified","博覽道東 Expo Drive East","yes","3569722798 3569722806 3569722813 1025308455 1025308538 1025308504 1025308386 1025308422 5542724689","114.1741074,22.2844106 114.1741466,22.2843779 114.1741723,22.2843395 114.1741824,22.2843089 114.1741887,22.2842597 114.1742007,22.2840228 114.1741952,22.2839678 114.1741721,22.2838754 114.1741366,22.2837862"
"351222937","secondary","菲林明道 Fleming Road","yes","3569722801 4183883946","114.1743328,22.2821945 114.1743535,22.2820666"
"363083968","footway",,,"2572367660 2572367662 3049050686","114.1764836,22.2799443 114.1764718,22.2800886 114.1764353,22.2805355"
"363083969","footway",,,"3049050687 3683649291 1235363512 927570113 2572367666 1235363400 927570106 3672911904 11001338538 2572367663 3049050687","114.1766358,22.280554 114.1766291,22.2806496 114.1766257,22.2806977 114.1767982,22.2807141 114.1770591,22.280739 114.1771193,22.2807447 114.1772791,22.2801554 114.176693,22.2800011 114.1766875,22.2800541 114.1766822,22.2801051 114.1766358,22.280554"
"363083972","footway",,,"2572367665 1235363312 1235363391 3049050686","114.1759948,22.2806006 114.175988,22.2806733 114.1764204,22.2807056 114.1764353,22.2805355"
"363083973","footway",,,"2572367665 6970765457 7686326372 3672911908 1235363500 2572367660","114.1759948,22.2806006 114.176028,22.280207 114.1760399,22.2800658 114.1760527,22.2799144 114.1764633,22.2799426 114.1764836,22.2799443"
"363083974","footway",,,"11869167669 490736062 9748981202 7808553565 3672911909 11869167672 3672911910 6970765439","114.1745816,22.2811869 114.174603,22.281189 114.1749187,22.2812114 114.1754191,22.281247 114.1758204,22.2812755 114.1758475,22.2809362 114.1758499,22.2809061 114.1747348,22.2808179"
"364059621","footway",,,"3049050691 6986305311 5382735630 3681495712 7044272463 12254183026","114.1717207,22.280712 114.1717827,22.2807155 114.1717792,22.2807924 114.1717704,22.2810246 114.1718842,22.2810231 114.1719131,22.2810253"
"364059682","footway",,,"2987722117 13716300923 3681629825 12121650361","114.17939,22.280375 114.1794072,22.2803832 114.179429,22.280333 114.1794568,22.2802745"
"364151673","steps",,,"3682244420 3682244419 3682244418 3682244417 3682244416 3682244415","114.1741311,22.2809029 114.1741272,22.2809581 114.1741537,22.2809602 114.1741569,22.2808882 114.1741177,22.2808865 114.1741097,22.2809917"
"364152288","footway",,,"490737514 9221275751","114.1737848,22.2804792 114.1738162,22.2804563"
"364152289","footway",,,"3682252073 9221275781","114.1739507,22.2803636 114.1739536,22.2805923"
"364321937","steps",,,"3672911904 12128128185","114.176693,22.2800011 114.1766224,22.2799451"
"364321939","steps",,,"2572367664 4108932840 3683649295","114.1759232,22.2805949 114.1758954,22.2805922 114.1758923,22.2806438"
"386427059","footway",,,"10228308224 7045790822 3897533533 7045790823 10228308223","114.1761021,22.2836471 114.1760955,22.2836951 114.1761585,22.2837019 114.1762841,22.2837158 114.1762908,22.2836621"
"386427060","footway",,,"2102320891 10228308256 10228308255 10228308257","114.1762942,22.2829577 114.1762916,22.2829792 114.1762681,22.2830924 114.1762663,22.2831024"
"410319743","secondary","鴻興道 Hung Hing Road","yes","3569722801 9737609046 2345781767 9737609047 9737609048 9737609049 9737609050 4845954353 2345781849 271053041 9737609041 9737609042 9737609043 9743189439","114.1743328,22.2821945 114.1746306,22.2821299 114.1749257,22.2820729 114.1750872,22.2820475 114.1752217,22.2820352 114.1752812,22.2820315 114.1754112,22.2820228 114.1755437,22.2820191 114.175604,22.2820193 114.175658,22.2820221 114.1758775,22.282031 114.1759812,22.2820356 114.1760698,22.2820401 114.1761644,22.2820472"
"417918049","secondary","鴻興道 Hung Hing Road","yes","9711005593 4183883941 9737609051 9737609052 8308187097","114.1764647,22.2819682 114.1759707,22.2819209 114.1758293,22.281913 114.1756544,22.2819073 114.1754353,22.2819099"
"417918050","secondary","博覽道東 Expo Drive East","yes","1025308436 8308187107 4475207936 5300400783 2345781757 3569722810 3569722808 3569722801","114.1742354,22.2826709 114.1742674,22.2825985 114.1742935,22.282529 114.1743141,22.2824699 114.1743242,22.2824155 114.1743289,22.282372 114.1743284,22.2823222 114.1743328,22.2821945"
"417918051","secondary","龍和道 Lung Wo Road","yes","4183883946 9741533490","114.1743535,22.2820666 114.1742537,22.2820831"
"433294241","footway",,,"11869167674 11869167672","114.1758779,22.2809398 114.1758475,22.2809362"
"433294243","secondary","鴻興道 Hung Hing Road","yes","11083586859 3491397431 5184745468","114.1781006,22.28247 114.1781378,22.2824816 114.1782272,22.282509"
"447712277","secondary","鴻興道 Hung Hing Road","yes","4447795750 11083586867 4321307714","114.1777869,22.2823663 114.1779675,22.2824206 114.1780283,22.2824391"
"447860612","tertiary","港灣道 Harbour Road","yes","3920060243 11152926267 11152926268 2572367670 5070416202 1618530733","114.1769872,22.2808702 114.1770638,22.2809 114.1771015,22.2809217 114.1771351,22.2809484 114.1771616,22.2809846 114.1771786,22.2810552"
"450602296","secondary","龍和道 Lung Wo Road","yes","4475207934 2345781834 2345781794","114.1741663,22.2820971 114.1739733,22.2821215 114.1738941,22.282132"
"450602297","secondary","龍和道 Lung Wo Road","yes","7129114414 5391775427","114.1709535,22.2820731 114.1705191,22.2820842"
"450602300","secondary","龍和道 Lung Wo Road","yes","3569722795 6966066150","114.1741546,22.2822364 114.1742492,22.2822156"
"450602301","secondary","龍和道 Lung Wo Road","yes","4475207947 4475207946 290330515 4183883944 11074365850 9339975889 3569722795","114.1736802,22.2822849 114.1737838,22.2822772 114.1738973,22.2822693 114.173945,22.2822647 114.1739924,22.2822598 114.1740255,22.2822564 114.1741546,22.2822364"
"450602302","secondary","龍和道 Lung Wo Road","yes","2345781761 9737609040 2345781785 4475207943 4475207945 4475207947","114.1723613,22.2822359 114.1732187,22.2822856 114.1734222,22.2822893 114.1735648,22.2822899 114.1736521,22.2822863 114.1736802,22.2822849"
"450602303","secondary","龍和道 Lung Wo Road","yes","2345781806 11069332694 11069332703 4475207938","114.1732227,22.2821702 114.1730239,22.2821677 114.1728246,22.2821548 114.1723883,22.2821079"
"450602304","secondary","菲林明道 Fleming Road","yes","4475207934 3569722795","114.1741663,22.2820971 114.1741546,22.2822364"
"451898551","secondary","菲林明道 Fleming Road","yes","3034002227 6620405004 9221275834","114.1743586,22.2798252 114.1742849,22.2805206 114.1743148,22.2805596"
"451898553","tertiary","馬師道 Marsh Road","yes","1014923303 13716300922 1012751963","114.1785334,22.2816158 114.1785191,22.2817276 114.1785103,22.2817971"
"451898554","secondary","杜老誌道 Tonnochy Road","yes","7699030386 4687212200 1618530701 8163335290 4581635403 4581635404 1618530695","114.1772473,22.2809122 114.177334,22.2807162 114.1774777,22.2803515 114.1775033,22.2803015 114.1775246,22.2802597 114.1775601,22.2802224 114.1776105,22.280184"
"454449768","secondary","菲林明道 Fleming Road","yes","4510115820 6620405005","114.1743995,22.2801881 114.1743562,22.2805269"
"454449769","secondary","菲林明道 Fleming Road","yes","4510115821 6620417977","114.1745364,22.2802035 114.174595,22.2797516"
"457913427","service","博覽道東 Expo Drive East","yes","4539759200 290330312","114.1741332,22.283996 114.1741207,22.2837927"
"462780867","secondary","馬師道 Marsh Road",,"1002550756 2987722198","114.1793439,22.2798261 114.1792212,22.2800833"
"474857689","secondary","杜老誌道 Tonnochy Road","yes","4183883936 1618530750 9743189442 1618530751","114.1767903,22.2820068 114.1767841,22.2820393 114.1767796,22.2820677 114.1767707,22.2821169"
"486608992","trunk","告士打道 Gloucester Road","yes","4576848549 5070043197 587759141","114.1798701,22.280907 114.1794235,22.2807119 114.1793067,22.2806535"
"486608993","trunk","告士打道 Gloucester Road","yes","4791936457 5086900402 4576848549","114.1801835,22.2810076 114.1800056,22.2809559 114.1798701,22.280907"
"489236587","trunk","灣仔交匯處 Wan Chai Interchange","yes","988059573 11088736399 11088745809 11088736395","114.1787946,22.2805476 114.1788342,22.2805678 114.1788742,22.2805883 114.1789143,22.280612"
"492616986","tertiary","港灣道 Harbour Road","no","4449253096 11001338526 7699030394 3920060243","114.17656,22.2808444 114.1766218,22.280848 114.176914,22.2808649 114.1769872,22.2808702"
"512408166","tertiary","博覽道 Expo Drive","yes","9681896733 6853998893 9681896727 9681896742","114.172813,22.2836854 114.1729655,22.283696 114.1730137,22.2836993 114.1732085,22.2837126"
"519414519","footway",,,"2987722206 9366594748 9366594749","114.1795905,22.2818259 114.1796,22.2818311 114.1796091,22.2818193"
"520146539","footway",,,"5070416204 8916768762","114.1772752,22.2811217 114.1772433,22.2811562"
"520146540","footway",,,"5070416203 5070416200 8916768764","114.1773591,22.2809116 114.1773965,22.2808535 114.1773623,22.2808423"
"534666976","secondary","鴻興道 Hung Hing Road","yes","5184745468 11074427966 595726762","114.1782272,22.282509 114.1783379,22.2825454 114.1783743,22.2825567"
"534666977","secondary","馬師道 Marsh Road","yes","10618461297 10618461298 10618461299","114.1783087,22.2824329 114.178336,22.2823433 114.1783422,22.2823217"
"534666978","secondary","馬師道 Marsh Road","yes","5184745469 11083586864","114.1782639,22.2824115 114.1782417,22.2824731"
"539181194","trunk_link","中環灣仔繞道 Central–Wan Chai Bypass","yes","2766165930 6972811408 6972811406 6972811407 5217659320","114.1690807,22.2823635 114.1697505,22.2823625 114.1700245,22.2823731 114.1702525,22.2823873 114.1704376,22.2824075"
"558229517","footway",,,"5321767519 5321767511 12254183055 5382734301 5321767510","114.1724207,22.2799997 114.1726901,22.2800186 114.1727078,22.2798027 114.1727099,22.2797772 114.1727309,22.2795217"
"558229528","footway",,,"8916768797 10787183635 10787183634 6875531829 6875531830 13390911142 13390911141 6875531831 6875531832 6875531833 10787183630 8185896580 8185896578 12420075473 5382734313 12420075472 8185896577 12420075471 8185896576 12420075470 5382734314 12420075469 8185896575 12420075468 5382735621 12420075467 8185896581 8185896574 5382734316","114.1698899,22.2809748 114.1698931,22.2809504 114.1699855,22.2809537 114.170161,22.2809483 114.1702516,22.2809399 114.1703574,22.2809224 114.1704102,22.2809268 114.170503,22.28096 114.1704864,22.2809901 114.1704758,22.2810398 114.1704777,22.2810849 114.1704875,22.281147 114.1704971,22.2811949 114.1705006,22.2812051 114.1705059,22.2812146 114.1705132,22.2812233 114.1705221,22.2812307 114.1705325,22.2812365 114.1705438,22.2812404 114.1705563,22.2812424 114.1705689,22.2812421 114.1705812,22.2812396 114.1705928,22.2812349 114.1706026,22.2812287 114.1706109,22.2812212 114.1706174,22.2812126 114.1706222,22.2812033 114.1706261,22.281188 114.1706253,22.2811708"
"558229531","footway",,,"3049050684 9779150944 5382734317","114.1709403,22.2804475 114.170927,22.280451 114.1709249,22.2804394"
"558229532","footway",,,"1618530706 5382734319","114.1709119,22.2804927 114.1708644,22.2803356"
"558229533","footway",,,"9289536488 9289536487 9289536486","114.1706757,22.2802663 114.1705995,22.280279 114.1705389,22.2802895"
"558229534","footway",,,"5382734316 12420075466 5382734315 12420075465 1618530735 12420075464 6989218932 12420075463 1618530737 12420075462 6989218925 12420075461 1618530740 12420075460 6989218929 12420075459 6989218926 12420075458 6989218933 12420075457 1618530741 1618530742 1618530729 1618530723 5382735622","114.1706253,22.2811708 114.1706205,22.2811569 114.1706122,22.2811443 114.1706037,22.2811362 114.1705934,22.2811295 114.1705804,22.2811289 114.1705684,22.2811281 114.1705537,22.2811304 114.1705401,22.2811359 114.1705299,22.2811432 114.1705216,22.2811524 114.1705155,22.2811635 114.1705123,22.2811756 114.1705122,22.2811881 114.1705152,22.2812004 114.1705215,22.281212 114.1705305,22.281222 114.1705398,22.2812285 114.1705504,22.2812332 114.1705612,22.2812358 114.1705723,22.2812365 114.1706152,22.2812163 114.1709384,22.2809619 114.170962,22.280922 114.17098,22.28087"
"558229535","footway",,,"5382735622 5382735623 5382735624","114.17098,22.28087 114.1711118,22.2807663 114.1713464,22.2807563"
"558229536","footway",,,"3681495712 5382735633 5382735625 5382735632 5382735626 5382735627 5382735628 5382735631 5382735629 5382735630","114.1717704,22.2810246 114.1717166,22.2811104 114.1715944,22.2811963 114.1714745,22.2811919 114.1713719,22.2811484 114.1712231,22.2810665 114.1712244,22.2808891 114.1713,22.2808248 114.1713632,22.2807934 114.1717792,22.2807924"
"558229537","footway",,,"5382735624 5382735629","114.1713464,22.2807563 114.1713632,22.2807934"
"558229538","footway",,,"7044272453 5382735635 9779150951","114.1717949,22.2814678 114.1717968,22.2814378 114.1717991,22.2814284"
"558229539","steps",,,"9779150951 5382735636","114.1717991,22.2814284 114.1716885,22.2814271"
"558229540","footway",,,"5382735636 9779150952 7044272454 6853998888 5433421875 5382735625","114.1716885,22.2814271 114.1716667,22.2814271 114.1716649,22.2814134 114.1716595,22.2813639 114.1716466,22.2813256 114.1715944,22.2811963"
"558229541","footway",,,"10787183638 7044272467 9779150953 5382735637","114.1710238,22.2812712 114.1710603,22.281253 114.1710702,22.2812416 114.1710848,22.2812496"
"558229542","steps",,,"5382735637 5382735638","114.1710848,22.2812496 114.1711677,22.281295"
"558229543","footway",,,"5382735638 9779150954 7044272455 5382735627","114.1711677,22.281295 114.1711892,22.2813021 114.1711907,22.2812711 114.1712231,22.2810665"
"558229545","steps",,,"5321767519 5382735656","114.1724207,22.2799997 114.172418,22.2800322"
"558229546","footway",,,"5382735657 9779150927","114.1723902,22.280331 114.1723886,22.2803614"
"558985076","motorway_link","中環灣仔繞道 Central–Wan Chai Bypass","yes","2531008276 6973440345 6973440344 6973440346 2026537673","114.1768446,22.2825328 114.1766616,22.2824953 114.1760581,22.2823427 114.1758281,22.2822924 114.1755771,22.2822501"
"558985084","unclassified","博覽道 Expo Drive","yes","5391775424 5010367140 2345781790 2345781829 5217659922 5464743235 5444446921","114.171686,22.28333 114.171757,22.283415 114.17183,22.283487 114.171905,22.28355 114.172003,22.283605 114.172101,22.28364 114.1721611,22.2836575"
"558985090","trunk_link","中環及灣仔繞道 Central-Wan Chai Bypass","yes","5391775432 5464743230 12124730630 5444442313 12124730632 12124730631 12124730633 12124730634 6238179219 5391775433 5444446922 5495858141 6238179230 6837819163 6345181935","114.17143,22.282813 114.17155,22.28293 114.1715905,22.2829746 114.171643,22.283038 114.1716874,22.2830984 114.1717956,22.2832667 114.171829,22.2833131 114.1718631,22.2833547 114.1719067,22.2834008 114.1719444,22.2834361 114.171983,22.2834681 114.1720335,22.2835032 114.1720829,22.2835338 114.1721303,22.2835594 114.1721828,22.2835843"
"563873348","service",,"yes","5433421851 5433421852","114.1737117,22.2804872 114.1733425,22.2804523"
"563873349","service",,"yes","5433421851 5433421846 5433421847 6986305300 9748981196 5433421855 6986305301 5433421854 5433421857 5433421848 6986305302 6986305305 6986305304 6986305303 9779150922","114.1737117,22.2804872 114.1736943,22.2804522 114.1736363,22.2803621 114.1736258,22.280356 114.1736015,22.2803536 114.1735959,22.280353 114.1735757,22.2803518 114.1735549,22.280358 114.1735376,22.2803757 114.1735208,22.2803996 114.1734946,22.2804123 114.1734643,22.2804139 114.1734123,22.2804143 114.1733911,22.2804124 114.1733475,22.2804121"
"563873350","service",,"yes","4475207932 9339975885 5444446932 5433421859","114.1742382,22.2813811 114.1741929,22.2814637 114.1741364,22.2815002 114.1739299,22.2815129"
"563873351","motorway_link","中環及灣仔繞道 Central–Wan Chai Bypass","yes","6738547929 6738547930 5391761319","114.1719937,22.2823411 114.1722003,22.2823592 114.1723496,22.2823682"
"563873353","unclassified","會議道 Convention Avenue","yes","11355665917 10618842086 10618842092","114.1736195,22.2816548 114.1735459,22.2816492 114.1734787,22.2816441"
"563873355","steps",,,"6986305310 7044272456 7044272461","114.1718758,22.2806809 114.1718772,22.2806297 114.1718791,22.2806147"
"563873365","footway",,,"9779139591 5382734306 5382734307 9221275805 5382734308 9779139594 9779139593 3682252073","114.1733991,22.2796233 114.1739541,22.2796587 114.1741357,22.2799101 114.1741366,22.2799786 114.1741371,22.2800547 114.1740485,22.2801257 114.1739036,22.2802746 114.1739507,22.2803636"
"563873366","footway",,,"1599951160 6853998896 271053048 1599951240 271053049 1599951149","114.1731176,22.2846109 114.1731846,22.2845981 114.1733226,22.2845607 114.1735184,22.2844769 114.1736209,22.284428 114.1738974,22.2844469"
"565236695","unclassified","博覽道 Expo Drive","yes","290329792 6837819165 6837819164 6238179218 6837819166 6238179214 5444442316 5444442315","114.1721921,22.2835112 114.1721433,22.2834848 114.1721085,22.2834596 114.172075,22.2834254 114.1720321,22.2833774 114.1719964,22.283332 114.17193,22.28323 114.171782,22.2829403"
"565236700","motorway_link","中環灣仔繞道 Central–Wan Chai Bypass","yes","5391761319 6225355431 5444442318","114.1723496,22.2823682 114.1728205,22.2823858 114.1733637,22.2824135"
"565236706","motorway_link","中環灣仔繞道 Central–Wan Chai Bypass","yes","5444442318 5444442320 2766165937","114.1733637,22.2824135 114.1747604,22.2825234 114.1768632,22.2827101"
"565236716","unclassified","博覽道 Expo Drive","yes","5444442315 13390859274 13390859273 5444442314 6238179222 13390859275 13390859276 6238179221","114.171782,22.2829403 114.1717757,22.2829026 114.1717748,22.2828538 114.1717803,22.2828073 114.1717935,22.2827597 114.1718111,22.2827155 114.1718389,22.282674 114.1718706,22.2826418"
"565236725","footway",,,"3682244420 9221275745 5444446930","114.1741311,22.2809029 114.1741313,22.2808923 114.1742024,22.280895"
"565236733","footway","博覽道東 Expo Drive East",,"9339975879 5444446946 9339975880 9339975881 5444446947 9339975883","114.1740136,22.2828378 114.1740121,22.2829419 114.1739921,22.2830506 114.1739908,22.2832517 114.1740078,22.2833279 114.1739797,22.2835896"
"565236737","service",,"yes","5444446948 13423668405 13423668404 5444446949 5444446950 13423668407 13423668406 5444446951","114.1741063,22.2830599 114.1740453,22.283096 114.1740307,22.2831159 114.174024,22.2831392 114.174014,22.2833175 114.1740183,22.2833345 114.1740277,22.2833498 114.1740859,22.2834058"
"565236741","footway","博覽道東 Expo Drive East",,"5444446956 5444446957 5444446958 5444446959 5444446960 5444446961 5444446962 5444446963 5444446964 5444446975 5444446965","114.174087,22.2846064 114.1741455,22.2846078 114.1742056,22.2846021 114.1742626,22.2845537 114.1742857,22.2844582 114.1742873,22.2843456 114.1742534,22.2842116 114.1742642,22.284002 114.174218,22.2838672 114.1742513,22.2838426 114.1742788,22.2838259"
"565236748","service",,,"5444446975 6641207739","114.1742513,22.2838426 114.1743229,22.2839615"
"565236754","service",,,"1014923294 9779150945 5444446985","114.17166,22.2805 114.1716628,22.2803898 114.1716641,22.2803387"
"565236756","service",,"yes","5444446985 5444446978 5444446979 5444446980 5444446981 5444446982","114.1716641,22.2803387 114.1716791,22.2803338 114.1718766,22.2803446 114.1718888,22.2803374 114.1718924,22.2802974 114.171882,22.2802873"
"565236760","service",,"yes","5444446982 5444446983 5444446984 5444446985","114.171882,22.2802873 114.1716809,22.2802773 114.1716676,22.280283 114.1716641,22.2803387"
"565236764","tertiary","港灣道 Harbour Road",,"5433421845 3682252074 274241648 5478192365 9221275774 243845374","114.173721,22.2806338 114.1739496,22.2806515 114.1741078,22.2806632 114.1741375,22.2806659 114.1741604,22.2806677 114.1743027,22.2806787"
"566693965","footway",,,"5456710837 5456710829 11083615705","114.1753666,22.2821331 114.1754154,22.2821344 114.1754375,22.2821339"
"566693966","footway",,,"5456710835 11083586904","114.1755918,22.2821308 114.1756055,22.2821292"
"566693968","footway",,,"5456710837 11083586902","114.1753666,22.2821331 114.175345,22.2821338"
"567856152","unclassified","博覽道 Expo Drive","yes","988059530 9339975869 6853998892 5010367145 290329792","114.1739371,22.2836796 114.1736509,22.2836543 114.1729732,22.2835973 114.1723204,22.2835416 114.1721921,22.2835112"
"567856154","service",,"yes","988059781 6837819168 6837819169 6837819170 5010367138 6837819171 6837819172 6837819173 988059564 6837819174 988059599 9681896780 988059852","114.172132,22.2833408 114.1721128,22.2832768 114.1720868,22.2831492 114.17208,22.2830932 114.1720818,22.2830466 114.1720924,22.2829969 114.1721168,22.2829449 114.1722304,22.2827706 114.172245,22.2827438 114.1722576,22.2827068 114.1722608,22.2826763 114.1722617,22.2826469 114.1722612,22.2825882"
"569675850","secondary_link","龍達徑 Lung Tat Path","yes","10618842100 10618842082 10618842087 10618842099 10618842083 10618842084 10618842085 4475207933","114.1736088,22.2817848 114.1736685,22.2817375 114.1736911,22.2817266 114.173722,22.2817219 114.1737531,22.2817201 114.1741247,22.2817281 114.1741742,22.2817395 114.1742128,22.2817693"
"571968562","footway","菲林明道 Fleming Road",,"9221275778 9221275779 5444446930 5444446931 6853998904 5444446932 10787183661 5495858159 10618842084 12121600938 5495858160","114.1741993,22.2807977 114.1742087,22.2808181 114.1742024,22.280895 114.1741826,22.2811717 114.1741704,22.2812852 114.1741364,22.2815002 114.1741294,22.2816264 114.1741274,22.2816662 114.1741247,22.2817281 114.1741255,22.2818015 114.1741275,22.2819947"
"576679088","steps",,,"5530457286 5530457285 5530457284 11088745821","114.1772697,22.2801111 114.1772148,22.2800989 114.1772215,22.2800754 114.1772693,22.2800868"
"576679089","steps",,,"5530457287 5530457288 11088745822 5530457286","114.1772648,22.2800742 114.1773126,22.2800892 114.1773016,22.2801179 114.1772697,22.2801111"
"576679090","footway",,,"12128128186 5530457289 11850784517 5530457287","114.1766236,22.2799051 114.1767048,22.2799087 114.1772143,22.2800593 114.1772648,22.2800742"
"578482610","unclassified","龍景街 Lung King Street","yes","5542724678 9591482555 9591482554 9591482551 9591482546 5542724679 5542724684 9332036485 5542724683 5542724682 5542724681 5542724680 5086900418 10787183628 271053039","114.1699429,22.2816173 114.1706816,22.2816713 114.1707434,22.2816728 114.1707909,22.2816717 114.1708298,22.2816659 114.1708648,22.2816515 114.1708973,22.281631 114.1709215,22.2816067 114.1709395,22.2815836 114.1709519,22.2815569 114.1709591,22.2815315 114.1709602,22.2815037 114.1709577,22.2814661 114.1709489,22.2813967 114.1709294,22.2812734"
"578482611","tertiary","博覽道東 Expo Drive East","yes","290330312 5542724689","114.1741207,22.2837927 114.1741366,22.2837862"
"578482612","unclassified","博覽道 Expo Drive","yes","5542724702 988059708 988059530","114.174033,22.2836867 114.1739837,22.2836845 114.1739371,22.2836796"
"578482613","tertiary","博覽道東 Expo Drive East","yes","5542724703 5542724685 5542724686 5542724702","114.174071,22.2836584 114.1740574,22.2836645 114.1740431,22.283675 114.174033,22.2836867"
"578482614","tertiary","博覽道東 Expo Drive East","yes","5098657623 6837819183 6837819182 5542724699 5542724700 5542724703","114.1741572,22.2836804 114.1741444,22.2836689 114.17413,22.2836607 114.1741132,22.2836555 114.1740932,22.2836542 114.174071,22.2836584"
"578482615","service",,,"5542724704 5444446974 5444446975","114.1741629,22.2837623 114.1742269,22.2838051 114.1742513,22.2838426"
"578482616","unclassified","博覽道東 Expo Drive East","yes","3569722807 3569722800 3569722812 3569722797 3569722799 3569722794 3569722802 3569722804 1025308410 3569722805 1770220774 3569722798","114.1740669,22.2837902 114.1740448,22.2842156 114.1740381,22.2842437 114.1740278,22.2842725 114.1740026,22.2843258 114.1739949,22.2843542 114.1739995,22.2843801 114.1740133,22.2843995 114.1740326,22.2844114 114.1740541,22.2844177 114.1740824,22.2844184 114.1741074,22.2844106"
"578482617","tertiary","博覽道東 Expo Drive East","yes","3569722807 5542724695 5542724696 290330312","114.1740669,22.2837902 114.1740843,22.283795 114.1741022,22.2837959 114.1741207,22.2837927"
"580123060","secondary","龍和道 Lung Wo Road","yes","5391775427 11355665906 11355665904 5464825950 5542724674 5464825948","114.1705191,22.2820842 114.1703777,22.2820887 114.1693291,22.2821222 114.1690974,22.2821296 114.1687744,22.2821481 114.1686202,22.2821585"
"597675654","motorway_link","中環及灣仔繞道 Central–Wan Chai Bypass","yes","8424464824 11355665909 5433421868","114.1708472,22.2823061 114.1709935,22.2822998 114.1711749,22.2822919"
"661231105","trunk_link","中環灣仔繞道 Central–Wan Chai Bypass","yes","5217659320 6972811409 6972811415 6972811414 6972811410 5217659921 6972811413 6972811412 5464743229 6972811411 5391775432","114.1704376,22.2824075 114.1705549,22.2824246 114.1706739,22.2824485 114.1708104,22.2824758 114.1708841,22.2824965 114.1709573,22.2825216 114.1710645,22.2825694 114.1711654,22.2826209 114.1712496,22.2826724 114.1713388,22.2827391 114.17143,22.282813"
"661231106","motorway","中環灣仔繞道 Central Wan Chai Bypass","yes","2766165930 2026537694 2026537701 2026537721 2026537714 6225393546 2766165917 6238179223 2766165928 2766165937","114.1690807,22.2823635 114.1704263,22.2822965 114.1711438,22.2822771 114.1723812,22.2822788 114.1733182,22.2823147 114.1742834,22.2823779 114.1747655,22.2824224 114.1751805,22.2824689 114.1755769,22.2825228 114.1768632,22.2827101"
"661231107","motorway","中環灣仔繞道 Central–Wan Chai Bypass","yes","2766165937 11822402004 2026537696 2026537725 11822402026 595726758 11822402025 2766165925 11822402024 2026537699 11822402027 11822402029 11822402028 2026537709 11822402023 2026537720 11822402021 11822402022 2026537723 11822402020 2026537683 11822402016 2766165957 11822402017 2917458841 11822402018 2766165965 11822402019 2917458843 2026537678 2026537711 2917458864","114.1768632,22.2827101 114.181376,22.283318 114.1816067,22.283352 114.1818279,22.2833889 114.1820373,22.283428 114.1822468,22.2834711 114.182505,22.2835298 114.1827622,22.2835938 114.1830004,22.2836588 114.1832378,22.2837292 114.1835327,22.2838238 114.1838264,22.2839272 114.1841158,22.2840371 114.1844023,22.284155 114.1846238,22.2842527 114.1848438,22.2843548 114.1849803,22.2844212 114.185116,22.2844893 114.1853844,22.284631 114.1856416,22.2847752 114.1858941,22.2849258 114.1860857,22.2850461 114.1862752,22.2851706 114.186446,22.2852874 114.1866217,22.2854126 114.1868281,22.2855676 114.1870323,22.2857259 114.1872383,22.2858949 114.1874426,22.2860708 114.1879157,22.2865155 114.1885906,22.2872125 114.188891,22.2875402"
"666002154","motorway_link","中環灣仔繞道 Central–Wan Chai Bypass","yes","6235155786 6225393547","114.1731725,22.2820423 114.1724099,22.2819719"
"666313748","trunk_link","中環及灣仔繞道 Central-Wan Chai Bypass","yes","6345181935 6345181934 6345181933 5010367146","114.1721828,22.2835843 114.1722167,22.2836013 114.1722759,22.2836323 114.1723072,22.283651"
"666461628","unclassified","博覽道中 Expo Drive Central","yes","6238179221 6238179217 13390859272 2345781777","114.1718706,22.2826418 114.1719149,22.282608 114.171973,22.282585 114.1720343,22.2825761"
"667911888","trunk","灣仔交匯處 Wan Chai Interchange","yes","1013426332 11088736386 6233602195","114.1796883,22.2815675 114.1797101,22.2815953 114.1798353,22.2817544"
"668766249","secondary","分域碼頭街 Fenwick Pier Street","no","490730452 293398231","114.1700906,22.2808673 114.1699975,22.2808677"
"668766253","trunk","中環灣仔繞道 Central–Wan Chai Bypass","yes","2531008276 2026537667 6972811393 2026537665 6972811392 6972811391 2026537688 2026537691 2026537671 5390065239 6972811403 2026537669 1726097035 1726097033 1726097037 1726097039 1726097041 1726097073 1726097043 2917458838 8041962973","114.1768446,22.2825328 114.1755485,22.2823781 114.1749953,22.2823147 114.1743797,22.2822581 114.1728911,22.2821649 114.1715986,22.282136 114.1711638,22.2821468 114.1704021,22.2821533 114.1698052,22.2821846 114.1683209,22.2822583 114.1678143,22.2822961 114.1672624,22.2823605 114.1666008,22.2824651 114.1661112,22.2825704 114.1655819,22.2826991 114.1650589,22.2828522 114.1644683,22.2830592 114.1640644,22.2832163 114.1636712,22.2833826 114.1630593,22.2836825 114.1612516,22.2847052"
"669382318","unclassified","博覽道 Expo Drive","yes","6238179212 5391775424","114.1713075,22.2828353 114.171686,22.28333"
"672578324","trunk_link","鴻興道 Hung Hing Road","yes","7609214629 2766165941 3781050657 3781067459 3226540359 3781052857 3780939758 12546708090 12546708089 12546708099 12546708095 5129304668","114.1791987,22.2827143 114.1794603,22.2828001 114.1795046,22.2828121 114.1795409,22.2828194 114.1795767,22.282823 114.1796081,22.2828232 114.179636,22.2828194 114.1796634,22.2828115 114.1796895,22.2828011 114.1797139,22.2827875 114.1797397,22.2827685 114.1797673,22.2827404"
"672578326","unclassified","鴻興道 Hung Hing Road","yes","8883905399 6298356594 6298356586 8313550574 6298356589 6298356591 8313550575","114.1791473,22.2827579 114.1794801,22.2828731 114.1795694,22.2828924 114.1796292,22.2828908 114.1796749,22.2828864 114.179753,22.2828531 114.1797951,22.2828228"
"673412536","tertiary","告士打道 Gloucester Road","yes","1002550703 252188875 3672911906 293111739","114.1790689,22.2802 114.1790041,22.2801782 114.1776559,22.2797775 114.17755,22.279743"
"675845489","secondary","杜老誌道 Tonnochy Road","yes","11083615720 6458065097 4183883936","114.1768244,22.281894 114.1768105,22.2819366 114.1767903,22.2820068"
"675845490","secondary","鴻興道 Hung Hing Road","yes","4321307711 6458065099 9737609036","114.1771365,22.2820867 114.177,22.2820526 114.1768868,22.2820265"
"676837969","footway",,,"8916755110 2987722060 2987722046 8916755109","114.1792902,22.2802094 114.1792413,22.2801912 114.1791297,22.2801496 114.1790809,22.2801281"
"677480013","service",,,"6973440343 6738547930","114.17217049999999,22.28258 114.1722003,22.2823592"
"677629277","footway",,,"5456710829 11869115868","114.1754154,22.2821344 114.175419,22.2812793"
"679009388","secondary_link",,"yes","4475207931 6357791774 6357791749 6357791761 6357791750 6357791751 6357791773 6357791755 6357791760 6357791752 6357791758 6357791753 6357791757 5010367148","114.1742419,22.2813202 114.1742682,22.2813554 114.1742842,22.2813756 114.1742938,22.2813867 114.1743099,22.2813981 114.1743269,22.2814072 114.1743457,22.2814136 114.1743653,22.2814171 114.1743885,22.2814151 114.1744088,22.2814075 114.174427,22.2813942 114.1744382,22.2813813 114.174447,22.2813693 114.1744581,22.2813455"
"679009389","service",,"yes","4475207932 6357791772 6357791764 6357791766 6357791769 6357791765 5010367149","114.1742382,22.2813811 114.1742754,22.2814368 114.1742952,22.2814609 114.1743215,22.2814801 114.1743776,22.281511 114.1744025,22.2815213 114.1744301,22.281528"
"679009390","secondary","菲林明道 Fleming Road","yes","11155905458 6329262946 3920060241","114.1744792,22.2810228 114.1744959,22.2808171 114.1745152,22.2806933"
"679009391","secondary","菲林明道 Fleming Road","yes","4475207932 9339975884","114.1742382,22.2813811 114.1742203,22.2816086"
"681882509","trunk","中環灣仔繞道 Central Wan Chai Bypass","yes","2766165915 2531008276","114.1805167,22.2830323 114.1768446,22.2825328"
"704882560","secondary","菲林明道 Fleming Road","yes","6620405005 9221275834","114.1743562,22.2805269 114.1743148,22.2805596"
"704882561","secondary","菲林明道 Fleming Road","yes","6620405008 4510115821","114.1745045,22.28054 114.1745364,22.2802035"
"704882562","secondary","菲林明道 Fleming Road","yes","6620405009 4510115820","114.1744519,22.2797592 114.1743995,22.2801881"
"706734005","service",,,"6641207739 5444446976 6641207740 6641207738","114.1743229,22.2839615 114.1743444,22.2840093 114.1743568,22.2840517 114.1743977,22.2841914"
"706734007","service",,,"5444446977 6641207745","114.1744387,22.2843453 114.1744471,22.2844113"
"706734008","service",,,"6641207745 6641207746","114.1744471,22.2844113 114.174592,22.2844481"
"706734011","footway","博覽道東 Expo Drive East",,"5444446965 12122262273 12122262272 12122262271 5444446966 10018628970 8308161811 10018628986 10018628988 9216170243 9216170241 10018628981 10018628965 5444446967 5444446973","114.1742788,22.2838259 114.1742547,22.2837673 114.1742459,22.28371 114.1742441,22.283638 114.1742672,22.2834559 114.1742856,22.2833521 114.1742936,22.2833048 114.174303,22.2832462 114.1743062,22.2831738 114.1743057,22.2831596 114.17431,22.2830968 114.1743182,22.2829805 114.1743293,22.2827372 114.174385,22.2824904 114.1743955,22.2823196"
"706734012","footway",,,"5444446965 6641207756 6641207752 6641207754 6641207753","114.1742788,22.2838259 114.1743303,22.2838118 114.1743566,22.283845 114.1743922,22.2839632 114.1744477,22.28415"
"706734013","service",,,"6641207738 5444446977","114.1743977,22.2841914 114.1744387,22.2843453"
"706734014","footway",,,"6641207754 6641207759","114.1743922,22.2839632 114.1744853,22.2839376"
"706734015","footway",,,"6641207756 6641207758","114.1743303,22.2838118 114.17444,22.2837802"
"706734016","steps",,,"6641207758 6641207757","114.17444,22.2837802 114.1745029,22.2837621"
"706734017","steps",,,"6641207759 6641207755","114.1744853,22.2839376 114.1745497,22.2839199"
"722645927","trunk","告士打道 Gloucester Road","yes","11088584223 7199810946 11088745805","114.1783191,22.2801 114.1781078,22.2800258 114.1777968,22.2799376"
"731940895","footway",,,"9221275829 9779139595 9221275830","114.1736219,22.2802126 114.1735797,22.2801313 114.1734184,22.2798209"
"731940896","footway",,,"9633998141 9221275829","114.1738886,22.2798548 114.1736219,22.2802126"
"731940897","footway",,,"6970776010 6970776009 6970776013 2572367659 6970776014","114.1747512,22.2805805 114.1746671,22.2805734 114.1747224,22.2798832 114.1747338,22.2798208 114.1747377,22.2798033"
"731940898","footway",,,"6853997583 9221275828 6875531809 6875531802 6875531808 6875531801 6853997584 6875521364","114.1737232,22.2807739 114.173591,22.2807757 114.1731989,22.2812005 114.1731528,22.2812485 114.1730919,22.2812692 114.1730284,22.2812749 114.1729351,22.2812729 114.1729185,22.2814633"
"731940900","footway",,,"6875521354 9681896719 6875521352 6875521353 9756108785 6875521351 9756108787 4309256 6875521350 9681896718 6875521349 271053049","114.1725887,22.2839901 114.1726012,22.2840199 114.1726457,22.2841077 114.1727269,22.2841096 114.1727974,22.2841132 114.1729821,22.2841227 114.1731578,22.284129 114.173177,22.2841297 114.1733363,22.2841401 114.1734796,22.2842143 114.1735046,22.2842365 114.1736209,22.284428"
"731940901","footway",,,"6853998897 6875521361 9681896771","114.1725165,22.2830393 114.1721596,22.2830438 114.172109,22.2830456"
"731940902","steps",,,"6853998898 6875521368","114.1726622,22.2810799 114.1726691,22.2809084"
"731940903","footway",,,"9221275748 6853998899 6853998900 6853998901 6853998902","114.1738986,22.2809766 114.1738621,22.2812102 114.1738507,22.2813352 114.1736976,22.2814795 114.1737427,22.2815111"
"731940904","footway",,,"6853998903 12254183037 6853998904","114.1739364,22.2812746 114.1740712,22.2812807 114.1741704,22.2812852"
"731940905","footway",,,"6853998902 5433421860","114.1737427,22.2815111 114.1737728,22.2815119"
"731940906","footway",,,"11869167674 2572367671 11869167673","114.1758779,22.2809398 114.1759013,22.2809422 114.1759488,22.2809444"
"731940908","footway",,,"5070416200 8916768757 6853998906","114.1773965,22.2808535 114.1774074,22.2808577 114.1774246,22.2808628"
"734177967","pedestrian",,"no","2147403162 9221220202 6875521323 6875521324 6875521325 6875521326 6875521327 6875521328 6904753866 6875521329 6875521330 6875521331 6966174161 9221220204 6875521332 7139511632","114.1672996,22.2831913 114.1673652,22.2831851 114.1675097,22.2831737 114.1676005,22.2831479 114.1678519,22.2829911 114.1680297,22.2829073 114.1681862,22.2828554 114.1684124,22.2827994 114.1687061,22.2827636 114.1688614,22.2827557 114.1690869,22.2827375 114.1696557,22.2826889 114.1699094,22.2826167 114.1700665,22.2825813 114.1701133,22.2825708 114.1701532,22.2825685"
"734177970","steps",,,"6875521357 6875521358","114.1725166,22.2828429 114.1725179,22.2829721"
"734177971","steps",,,"6875521359 6875521360","114.1725185,22.2831333 114.1725236,22.2832549"
"734177972","footway",,,"6875521360 6853998887 6875521355","114.1725236,22.2832549 114.1725863,22.2834295 114.1725896,22.2838778"
"734177973","steps",,,"6875521355 6875521354","114.1725896,22.2838778 114.1725887,22.2839901"
"734177974","footway",,,"6875521358 6853998897 6875521359","114.1725179,22.2829721 114.1725165,22.2830393 114.1725185,22.2831333"
"734177975","footway",,,"6875521368 6875521367 6875521366 6875521365 1235363505 12254183025 12254183026","114.1726691,22.2809084 114.1722683,22.2808859 114.1721542,22.2809268 114.1721398,22.2810525 114.1720945,22.2810388 114.1719421,22.2810275 114.1719131,22.2810253"
"734177976","service",,"yes","6875521369 6875521370 9779150941 7044272476","114.1728541,22.2805683 114.1729106,22.2806168 114.1729229,22.2806699 114.1729263,22.2806846"
"734177977","footway",,,"6853997584 6875531804 6875531805 6875531806 6875531807 6853998898","114.1729351,22.2812729 114.1728031,22.2812656 114.1727387,22.2812433 114.1726904,22.2812011 114.1726636,22.281149 114.1726622,22.2810799"
"734177978","steps",,,"6875521364 6875531803","114.1729185,22.2814633 114.1726607,22.2814586"
"734177979","footway",,,"6875531803 6875521362 6853998886 9756108791 6875521356 6875521357","114.1726607,22.2814586 114.1726558,22.2815397 114.1726119,22.2821777 114.1725909,22.282463 114.1725722,22.2827174 114.1725166,22.2828429"
"734177980","footway",,,"6853998887 9756108789 9756108793 6875521356","114.1725863,22.2834295 114.1725844,22.283335 114.172578,22.2830089 114.1725722,22.2827174"
"734177981","footway",,,"5444446954 6875531810 6875531811 6875531812 6875531813 6875531814 6875531815 6875531816 6875531817 9221220215 6875531818 6875531819 6875531820 6875531821 6875531822 6875531823 6875531824 6875531825","114.1739653,22.2845665 114.1736433,22.2845618 114.1734877,22.2845804 114.1733697,22.2846449 114.1732866,22.2846821 114.1731739,22.2847144 114.1730398,22.2847392 114.1729271,22.2847442 114.1728024,22.2847436 114.172781,22.2847451 114.1727488,22.2847405 114.1726174,22.28472 114.1725114,22.2846853 114.1723692,22.2845935 114.1722164,22.2844719 114.1721494,22.2844085 114.1721158,22.2843663 114.1720903,22.2843347"
"737197457","footway",,,"2572367673 6901684838 2572367672 6901684837 6901684832","114.1772921,22.2810805 114.1770418,22.2809932 114.1770206,22.2809915 114.1769891,22.2809896 114.1769613,22.2809884"
"737197458","footway",,,"6901684837 11083615715 6901684831","114.1769891,22.2809896 114.1769915,22.2809647 114.1769769,22.2809625"
"737197459","steps",,,"6901684840 6901684834 6901684839 6901684831","114.176837,22.2809796 114.1769294,22.2809856 114.176931,22.2809586 114.1769769,22.2809625"
"737488560","pedestrian",,"no","7139511631 9216165429 660414981 7139511632","114.1701528,22.2823258 114.1701482,22.282399 114.1701484,22.2824069 114.1701532,22.2825685"
"744292643","secondary_link","博覽道東 Expo Drive East","yes","1025308436 6966066143 6966066144 6966066145 6966066146 6966066150","114.1742354,22.2826709 114.1742418,22.2824707 114.1742488,22.2823687 114.1742513,22.2823257 114.1742507,22.2822799 114.1742492,22.2822156"
"744292644","secondary_link","博覽道東 Expo Drive East","yes","6966066150 6966066147 4475207934","114.1742492,22.2822156 114.174227,22.2821782 114.1741663,22.2820971"
"744292645","secondary","龍和道 Lung Wo Road","yes","6966066150 3569722801","114.1742492,22.2822156 114.1743328,22.2821945"
"744292648","secondary","龍和道 Lung Wo Road","yes","2345781794 2345781798 2345781846 11355665918 4475207941","114.1738941,22.282132 114.1737963,22.282143 114.1737422,22.2821486 114.1736454,22.2821558 114.1736239,22.2821573"
"744815176","footway",,,"6970765439 490736536","114.1747348,22.2808179 114.1747367,22.2808002"
"744815177","footway",,,"6970765438 490736063 6970765439","114.1746141,22.2810315 114.1746349,22.2808111 114.1747348,22.2808179"
"744815178","footway",,,"490736536 6970765440 3682244414","114.1747367,22.2808002 114.1747374,22.280788 114.1747496,22.280602"
"744815179","footway",,,"6970765440 6970765441 11152926271 11152926270 6970765442 6970765443 11869167669","114.1747374,22.280788 114.1746019,22.2807803 114.1745977,22.2808299 114.1745975,22.2808317 114.1745757,22.2810308 114.1745634,22.2811852 114.1745816,22.2811869"
"744815183","footway",,,"6853997583 6970765454 9221275748","114.1737232,22.2807739 114.1738054,22.2807922 114.1738986,22.2809766"
"744815184","footway",,,"490737301 12254183034 3682244415 6970765442 490736534","114.173961,22.2809754 114.1740859,22.2809891 114.1741097,22.2809917 114.1745757,22.2810308 114.1745941,22.2810311"
"744815185","footway",,,"3682244414 6970776010 6970765455 8308187119 8308187122 6970765456 8308187116 8308187118 6970765458 6970765457","114.1747496,22.280602 114.1747512,22.2805805 114.1749391,22.2805918 114.1749481,22.280476 114.1749677,22.2802242 114.1749753,22.2801267 114.1751835,22.2801429 114.1757371,22.280185 114.1759565,22.2802015 114.176028,22.280207"
"744815186","footway",,,"2572367664 6970765458","114.1759232,22.2805949 114.1759565,22.2802015"
"744815187","footway",,,"11152894578 11152894579 6970765459","114.175919,22.2806621 114.1758911,22.2806599 114.1758893,22.2806831"
"744905203","motorway_link","中環灣仔繞道 Central–Wan Chai Bypass","yes","6225393547 6972811390","114.1724099,22.2819719 114.172147,22.2819637"
"746542029","footway",,,"6986305311 9779150955 6986305310","114.1717827,22.2807155 114.1718739,22.2807033 114.1718758,22.2806809"
"754002043","footway","港灣道 Harbour Road",,"7044272470 7044272471 9779150940 9779150924 9779150941 9779150942 9221275776 9221275762 9221275775 9221275777","114.1718837,22.2805905 114.1719706,22.2805902 114.172275,22.2806042 114.172639,22.2806411 114.1729229,22.2806699 114.1730676,22.2806822 114.1740351,22.280748 114.1740976,22.2807674 114.174149,22.2807747 114.1741779,22.2807821"
"754002044","footway",,,"7044272461 7044272470","114.1718791,22.2806147 114.1718837,22.2805905"
"754002045","service",,,"7044272472 12122262260 7044272473","114.1716167,22.2815096 114.1716175,22.2814607 114.1716179,22.2814392"
"754002046","service",,,"1014923294 9779150939 7044272475","114.17166,22.2805 114.1716511,22.2805881 114.1716497,22.2806066"
"754002047","service",,"yes","7044272477 12254183025 12254183036","114.1719624,22.280794 114.1719421,22.2810275 114.1719053,22.2814514"
"754002048","service",,"yes","12254183036 10787183658 2345781781","114.1719053,22.2814514 114.171903,22.2814779 114.1718989,22.2815246"
"754002049","service",,"yes","7044272478 7044272479","114.1719723,22.2806763 114.1720371,22.2806732"
"754002050","service",,"yes","7044272480 9779150940 7044272481","114.1722686,22.2806236 114.172275,22.2806042 114.1722873,22.2805247"
"754002051","service",,"yes","7044272479 7044272480","114.1720371,22.2806732 114.1722686,22.2806236"
"754002054","service",,"yes","7044272476 6875521371 6875521372","114.1729263,22.2806846 114.1729347,22.280726 114.1729192,22.2809369"
"754002055","service",,"yes","7044325108 9779150942 6875531785 6875531786","114.173063,22.2806943 114.1730676,22.2806822 114.1730903,22.2806267 114.1731385,22.2805899"
"754002056","service",,"yes","6875521383 6875521384 7044325108","114.1730259,22.2809439 114.17305,22.280726 114.173063,22.2806943"
"754002057","service",,"yes","6875521372 6875521373 6875531792 6875521374 6875531794 6875531793 6875521375 6875531791 6875521376 6875531788 6875531795 6875521377 6875531796 6875521378 6875531797 6875531789 6875531798 6875521379 6875521380 6875531790 6875531799 6875521381 6875531800 6875531787 6875521382 6875521383","114.1729192,22.2809369 114.1728891,22.2810064 114.172868,22.2810478 114.1728118,22.2810714 114.1727896,22.2810824 114.1727723,22.2810992 114.1727615,22.2811202 114.1727585,22.2811433 114.1727633,22.2811661 114.1727757,22.2811863 114.1727943,22.2812019 114.1728173,22.2812114 114.172844,22.2812135 114.1730581,22.2812248 114.1730847,22.2812222 114.1731107,22.281216 114.173133,22.2812021 114.1731489,22.2811821 114.1731567,22.2811583 114.1731554,22.2811335 114.1731453,22.2811105 114.1731274,22.281092 114.1731038,22.2810801 114.1730783,22.2810572 114.1730366,22.2810039 114.1730259,22.2809439"
"754002058","unclassified","會議道 Convention Avenue","yes","7044325109 5478192370 3089139701","114.1724586,22.2815669 114.1721576,22.2815441 114.1720962,22.2815394"
"754002059","service",,,"7044325112 7044325114 7044325113","114.1736413,22.282697 114.1736404,22.2827125 114.1736382,22.2827535"
"754166817","service","博覽道東 Expo Drive East","yes","3569722798 4539759200","114.1741074,22.2844106 114.1741332,22.283996"
"762930450","secondary","龍和道 Lung Wo Road","yes","5433421867 11355665908 6973440342","114.1707199,22.2821974 114.170984,22.2821947 114.1711836,22.2821935"
"762936332","motorway_link","中環及灣仔繞道 Central–Wan Chai Bypass","yes","11069332695 9332036484 9332036483","114.1717715,22.2819677 114.1716472,22.2819715 114.1715234,22.2819744"
"762940891","motorway_link","中環灣仔繞道 Central–Wan Chai Bypass","yes","11069332687 11069332690 11069332696 9591482553 9332014505 7129121769 10084095610 10084095609 7129121768 7129121770 9332036475 271053039","114.1717813,22.2818883 114.1717191,22.2818698 114.1716731,22.2818492 114.1716407,22.2818344 114.1715856,22.2818089 114.1715097,22.2817663 114.1713899,22.2816932 114.1713012,22.2816337 114.1712347,22.281585 114.1711597,22.2815242 114.1710978,22.281469 114.1709294,22.2812734"
"762940893","motorway_link","中環灣仔繞道 Central–Wan Chai Bypass","yes","2026537673 6499873322 2026537661 6235155786","114.1755771,22.2822501 114.1750544,22.2821909 114.1744447,22.2821324 114.1731725,22.2820423"
"771244185","secondary","菲林明道 Fleming Road","yes","4475207931 4475207932","114.1742419,22.2813202 114.1742382,22.2813811"
"836644604","secondary",,"yes","12420075446 7808553577 12420075447 11077814391 12420075448","114.1708174,22.2807032 114.1708213,22.2806666 114.1708148,22.2806296 114.1707981,22.2805956 114.1707796,22.2805732"
"836644605","secondary",,"yes","7808553572 12420075456 7808553571 12420075443 7808553570 12420075444 13390911150 7808553566","114.1705882,22.280794 114.1706137,22.2808052 114.170641,22.2808119 114.1706742,22.2808138 114.170707,22.280809 114.1707398,22.280797 114.1707679,22.2807818 114.1707882,22.2807595"
"836644606","secondary",,"yes","7808553576 12420075449 7808553568 12420075450 7808553567 12420075451 7808553579","114.1707226,22.2805376 114.170693,22.28053 114.1706623,22.280528 114.1706278,22.2805326 114.1705953,22.2805442 114.170567,22.2805618 114.1705436,22.2805847"
"866755188","trunk_link","杜老誌道 Tonnochy Road","yes","1014923353 9832176805 6914769326 9832176804 9832176806 9832176807 9832176802 9832176803 4576848541 4466295994 12690809318 4581635400 988059879 988059765 4581635401 1618530700 4581635402","114.1779232,22.2800727 114.1778753,22.280059 114.1778277,22.2800501 114.1777825,22.2800458 114.1777332,22.2800468 114.1776836,22.2800543 114.1776351,22.2800674 114.1775903,22.2800869 114.1775506,22.2801087 114.1775209,22.2801293 114.1774939,22.2801528 114.1774674,22.2801821 114.1774434,22.2802164 114.177419,22.2802585 114.1773983,22.2803023 114.1773816,22.2803491 114.1773331,22.2805043"
"866755189","trunk_link","杜老誌道 Tonnochy Road","yes","2206265244 1014923353","114.178174,22.2801652 114.1779232,22.2800727"
"866755190","trunk_link","杜老誌道 Tonnochy Road","yes","4687212199 7699030386","114.1772681,22.280712 114.1772473,22.2809122"
"866755191","tertiary","港灣道 Harbour Road","yes","1618530725 3920060243","114.1770699,22.2808527 114.1769872,22.2808702"
"877389219","pedestrian",,,"8163335288 8163335289","114.1775653,22.2803233 114.1778221,22.2804253"
"877389220","pedestrian",,,"8163335290 8916768761 8163335288","114.1775033,22.2803015 114.177541,22.2803148 114.1775653,22.2803233"
"879088687","footway",,,"10018688793 8178110520 8688117874","114.1798345,22.282497 114.1798813,22.2825136 114.1799031,22.2825213"
"893892243","footway",,,"8308161812 8308161813 8308161814 8308161815 10018756121 8308161816 8308187017 10018628997","114.1743459,22.2828931 114.1744766,22.2828258 114.1745343,22.2827904 114.1746382,22.2827532 114.1747225,22.2827478 114.1747844,22.2827439 114.174834,22.2827445 114.1749588,22.2827551"
"893892245","footway",,,"8308187034 10026668411 8883895417 8308187035 8308187037 8308187053 8883895418","114.1763081,22.2828562 114.1763391,22.2828626 114.1764469,22.282872 114.1765268,22.2828792 114.1766353,22.2828891 114.1769921,22.2829291 114.1770531,22.2829346"
"893892252","footway",,,"8308187119 8308187120","114.1749481,22.280476 114.1749286,22.2804759"
"893892253","steps",,,"8308187120 8308187121","114.1749286,22.2804759 114.174938,22.2803717"
"893892254","footway",,,"8308187122 8308187123","114.1749677,22.2802242 114.1749514,22.280224"
"893892255","steps",,,"8308187123 8308187124","114.1749514,22.280224 114.174942,22.2803146"
"893892256","footway",,,"8308187121 8308187125 8308187124","114.174938,22.2803717 114.1749398,22.280347 114.174942,22.2803146"
"893892257","footway",,,"8308187125 12270745089 8308187127","114.1749398,22.280347 114.1749702,22.2803493 114.1750059,22.2803521"
"893892261","footway",,,"12270766150 8308187131","114.1754572,22.2802022 114.1754585,22.2801854"
"937774749","footway",,,"8688117819 10026668412 10026668413 8883588819 9402070621","114.1763293,22.2827008 114.1763611,22.2826996 114.1763756,22.2827011 114.1764301,22.2827205 114.1765454,22.2827387"
"937774752","footway",,,"9402070621 8688117820 9402009610 9402009616 8688117822","114.1765454,22.2827387 114.1768212,22.2827846 114.177054,22.2828036 114.177098,22.2827982 114.1771306,22.2828096"
"937774754","footway",,,"8688117874 8688117873 8883838806","114.1799031,22.2825213 114.179952,22.2825376 114.1799756,22.2825462"
"960155306","pedestrian",,,"6911176849 8481460320 8481460321 8481460322","114.1719946,22.2837798 114.172093,22.2841141 114.1721096,22.2841382 114.1721622,22.2842955"
"960155331","footway",,"no","9385906303 8883895419 10196683832","114.1770166,22.2830431 114.1765023,22.2829814 114.176349,22.2829638"
"960191888","footway",,,"8883838806 8688117872","114.1799756,22.2825462 114.1799811,22.2825499"
"960199347","footway","運盛街 Wan Shing Street",,"9366594747 9365005253 9365005252 9365005251 9365005304 11789598173 9365005249 9365005248","114.179252,22.2816027 114.1792247,22.281614 114.1791943,22.2816365 114.1791869,22.281647799999998 114.1790873,22.2819035 114.1789373,22.2823016 114.178856,22.2825171 114.178877,22.2825503"
"960199348","unclassified","鴻興道 Hung Hing Road","yes","10618461301 8327838905 8883905399","114.1788637,22.28268 114.1790618,22.2827338 114.1791473,22.2827579"
"960199349","trunk_link","鴻興道 Hung Hing Road","yes","3226540308 10618461285","114.1788043,22.2826476 114.178863,22.2826398"
"963983452","footway","告士打道 Gloucester Road",,"8916755093 8916755094 8916755109","114.1776794,22.2797238 114.1790058,22.2801269 114.1790809,22.2801281"
"963983453","footway","馬師道 Marsh Road",,"8916755095 8916755110","114.1793223,22.2801269 114.1792902,22.2802094"
"963983454","footway","馬師道 Marsh Road",,"12121650357 8916755096 8916755109","114.179235,22.2798014 114.1792399,22.2798204 114.1790809,22.2801281"
"963983460","trunk_link","灣仔交匯處 Wan Chai Interchange","yes","5070411586 5070411585 12193824755 4576848558 3920060015 4579529195 4579529194","114.1793476,22.2808477 114.1794856,22.2809321 114.1795833,22.2809857 114.179682,22.2810287 114.17983,22.28108 114.17999,22.281124 114.18007,22.281141"
"963983517","residential","港灣徑 Harbour Drive","yes","3683649293 2572367661 5530457282 11001338537 11001338530","114.1765804,22.2799159 114.176591,22.2799758 114.1765877,22.2800107 114.1765843,22.280046 114.1765401,22.2805066"
"963983521","footway","告士打道 Gloucester Road",,"9364935793 9364935794 11083586872 8916768759 8916768758 8916768760","114.1787843,22.280754 114.1784657,22.2805458 114.1783085,22.280461 114.1777244,22.280251 114.1776547,22.2802268 114.1776171,22.2802473"
"963983522","footway","杜老誌道 Tonnochy Road",,"8916768763 8916768762 8916768764 8916768761 8916768760","114.1771667,22.2813179 114.1772433,22.2811562 114.1773623,22.2808423 114.177541,22.2803148 114.1776171,22.2802473"
"963983530","footway","告士打道 Gloucester Road",,"8916755110 12121650361 8916768779 8916768780 8916768778","114.1792902,22.2802094 114.1794568,22.2802745 114.1804358,22.2806627 114.1804646,22.2806776 114.1805055,22.2806872"
"963983538","footway","分域街 Fenwick Street",,"8916768789 9289536486 11077814386 8916768787 8916768786","114.1705207,22.2804924 114.1705389,22.2802895 114.1705226,22.280126 114.170457,22.279826 114.1703879,22.2797323"
"963983544","footway","分域碼頭街 Fenwick Pier Street",,"8916768789 11077814388 8916768788 8916768802 8916768801 8916768800 8916768799 8916768798 8916768821","114.1705207,22.2804924 114.1704368,22.2805886 114.1702886,22.2807374 114.1699944,22.2807573 114.1698368,22.2807474 114.169659,22.2807263 114.1690549,22.2806705 114.1687645,22.2806531 114.1685552,22.2806023"
"983198507","footway",,,"6853998907 8916768756","114.1776075,22.2809239 114.1776348,22.2809331"
"983198508","footway",,,"6853998906 6853998907","114.1774246,22.2808628 114.1776075,22.2809239"
"987665489","footway",,,"6853998894 271053047 1599951206 1599951160","114.1726919,22.2845856 114.1727855,22.2846122 114.1729664,22.2846276 114.1731176,22.2846109"
"987665490","footway",,,"9681896759 6875521338 9681836902 1599951162 9681896717 9681836897 1599951110 6875531827 1599951223 271053046 1599951151 1599951226 6853998894","114.1722299,22.2837268 114.1722293,22.2837392 114.1722288,22.2837691 114.1722297,22.2837969 114.1722668,22.2839464 114.1722944,22.284056 114.1722736,22.2841459 114.1722478,22.284267 114.1722615,22.2842996 114.1723424,22.2844025 114.1724702,22.2844985 114.1726218,22.284564 114.1726919,22.2845856"
"998141665","footway","博覽道 Expo Drive",,"9216165427 9216165426 9629295633 9216143510 9216143509 9216143508 9216143507 9216143506 9216143494 9216143505 12531848943 9216143504 9216143495 9216143496 9216143497 9216165429 9216143498 9216143499 9216143500 9216143501 9216143502 9216143503","114.1669413,22.2823905 114.1670386,22.282379 114.1674445,22.2824014 114.1674843,22.2824036 114.1677659,22.2824386 114.1679499,22.2824938 114.1682548,22.2825147 114.1684758,22.2825192 114.1686935,22.2825128 114.1687856,22.2825087 114.168882,22.2825027 114.1690018,22.2824953 114.1691986,22.2824774 114.169923,22.2824087 114.1700392,22.2824012 114.1701482,22.282399 114.1704119,22.2823938 114.1705474,22.2824012 114.1706926,22.2824281 114.1707991,22.2824639 114.1709524,22.2825535 114.1710524,22.2826281"
"998741826","footway",,,"9221220213 9221220215","114.1727821,22.2847122 114.172781,22.2847451"
"998741827","footway",,,"271053047 9221220214","114.1727855,22.2846122 114.1727834,22.2846749"
"998741828","steps",,,"9221220214 9221220213","114.1727834,22.2846749 114.1727821,22.2847122"
"998741829","footway",,,"9221220216 9221275718","114.1727788,22.2848082 114.1727781,22.2848291"
"998741830","steps",,,"9221275717 9221220216","114.1727798,22.2847799 114.1727788,22.2848082"
"998741831","footway",,,"9221220215 9221275717","114.172781,22.2847451 114.1727798,22.2847799"
"998741832","footway",,,"1952740931 1952740937 1952740939 1952740940 1952740941 1952740938 1952740935","114.1726778,22.2844371 114.1728034,22.2845274 114.1728659,22.284546 114.1729187,22.2845462 114.1729778,22.284547 114.1730357,22.2845239 114.1731081,22.284476"
"998741836","footway","龍和道 Lung Wo Road",,"12122262245 13390838875 12121600935 9221275723 13390838871 9221275731","114.1703982,22.2819568 114.1700741,22.2819753 114.1697764,22.2819906 114.1688731,22.2820225 114.168769,22.2820257 114.1687192,22.2820273"
"998741842","footway",,,"9221275747 6853997583","114.1737293,22.2807411 114.1737232,22.2807739"
"998741843","footway",,,"9221275748 9749442781 490737301","114.1738986,22.2809766 114.1739228,22.2809761 114.173961,22.2809754"
"998741844","footway",,,"9221275750 3682252073","114.1738874,22.2804097 114.1739507,22.2803636"
"998741845","steps",,,"9221275751 9221275750","114.1738162,22.2804563 114.1738874,22.2804097"
"998741846","footway",,,"9221275752 9221275758","114.1732673,22.2804837 114.1732237,22.2805377"
"998741847","footway",,,"9221275782 9221275753","114.1737775,22.2805737 114.1737521,22.28057"
"998741848","footway","港灣道 Harbour Road",,"9221275754 9221275755","114.1736958,22.2805652 114.1732813,22.2805427"
"998741849","footway",,,"9221275755 9221275757 9221275756","114.1732813,22.2805427 114.1732565,22.2805413 114.1732375,22.2805392"
"998741850","footway",,,"9221275756 9221275758","114.1732375,22.2805392 114.1732237,22.2805377"
"998741851","footway",,,"9221275753 6986305299 9221275754","114.1737521,22.28057 114.1737211,22.2805665 114.1736958,22.2805652"
"998741852","service",,"yes","5433421845 6986305299 5433421851","114.173721,22.2806338 114.1737211,22.2805665 114.1737117,22.2804872"
"998741853","service",,"yes","5433421852 9221275757 5433421853","114.1733425,22.2804523 114.1732565,22.2805413 114.1732151,22.2805966"
"998741854","footway","港灣道 Harbour Road",,"9779150947 9779150925 12254183027 9779150949 9221275759 9221275758","114.1723844,22.2804433 114.1726651,22.2804812 114.1727357,22.2804878 114.1730029,22.2805126 114.1731285,22.2805302 114.1732237,22.2805377"
"998741855","footway","菲林明道 Fleming Road",,"9221275835 9711005607","114.1744163,22.281935 114.1745014,22.2818096"
"998741856","footway","港灣道 Harbour Road",,"11083615713 11869115852 11869115851 9221275764 9221275771","114.175806,22.2808712 114.1754909,22.2808489 114.1753968,22.2808266 114.1746498,22.2807804 114.1746072,22.2807779"
"998741857","footway","菲林明道 Fleming Road",,"9221275769 9221275765 9221275768 9221275766","114.1746084,22.280583 114.1746922,22.2798868 114.1746949,22.2798384 114.1746982,22.2797925"
"998741858","footway","港灣徑 Harbour Drive",,"11869115867 12128128180 12128128179 12128128178 12128128177 12128128173 12128128176 9221275767 9221275766","114.1764653,22.2807439 114.1765514,22.2799811 114.17654279999999,22.279942 114.1765276,22.279919 114.1765057,22.2799035 114.1764759,22.2798973 114.175905,22.2798661 114.1749022,22.2797998 114.1746982,22.2797925"
"998741859","footway","港灣道 Harbour Road",,"12128128170 12128128172 12128128181 12128128171 11869115867 11152894584 11869115863 11869115864 11869115865 9221275770 9221275773 9221275769","114.1771422,22.2807971 114.1765659,22.2807518 114.176541,22.2807498 114.1765166,22.2807479 114.1764653,22.2807439 114.1758956,22.2807004 114.175819,22.2806679 114.175121,22.2806126 114.1750336,22.2806281 114.1746868,22.2806029 114.1746271,22.2805985 114.1746084,22.280583"
"998741860","footway",,,"9221275773 9221275772 9221275771","114.1746271,22.2805985 114.1746168,22.280701 114.1746072,22.2807779"
"998741861","footway",,,"9221275775 9221275774 9221275780","114.174149,22.2807747 114.1741604,22.2806677 114.1741645,22.2806096"
"998741863","footway",,,"9221275777 9221275778","114.1741779,22.2807821 114.1741993,22.2807977"
"998741864","footway","港灣道 Harbour Road",,"9221275782 9221275781 9221275780 9221275783","114.1737775,22.2805737 114.1739536,22.2805923 114.1741645,22.2806096 114.174202,22.2805966"
"998741873","footway","菲林明道 Fleming Road",,"9221275783 9221275803 9221275804 9221275802 9221275801 9221275800 9221275799","114.174202,22.2805966 114.1742349,22.2805513 114.1743133,22.2799743 114.1743214,22.2798669 114.1742959,22.2797788 114.1742436,22.2796857 114.1741604,22.2796088"
"998741880","footway","分域街 Fenwick Street",,"9221275807 9221275814 9289536489 9289536488 9221275815 8916768790","114.1706032,22.2796696 114.1706134,22.2798237 114.1706663,22.2801997 114.1706757,22.2802663 114.1706823,22.2803131 114.1707873,22.2803906"
"998741885","footway","鴻興道 Hung Hing Road",,"9730739283 9221275827 9221275739 3682244421 297187501 9221275740 9221275835","114.1745521,22.2819644 114.1745257,22.2819735 114.1745018,22.2819773 114.1744333,22.2819785 114.1744218,22.2819697 114.1744166,22.2819557 114.1744163,22.281935"
"998741886","footway",,,"5444446942 5444446943 9741533493 9741533494 6966066145 3569722808 5444446973","114.1740768,22.2823854 114.1741461,22.2823631 114.1742054,22.2823594 114.1742027,22.282334 114.1742513,22.2823257 114.1743284,22.2823222 114.1743955,22.2823196"
"998741887","footway",,,"9221275829 297187972","114.1736219,22.2802126 114.1736207,22.280229"
"998741890","secondary","菲林明道 Fleming Road","yes","9221275834 243845374","114.1743148,22.2805596 114.1743027,22.2806787"
"998741891","footway",,,"5495858160 9221275837 9741533491 9741533489 9221275743 9221275836 9221275835","114.1741275,22.2819947 114.1741774,22.2819887 114.1742552,22.2819795 114.1743044,22.2819736 114.1743076,22.2819315 114.1743636,22.2819333 114.1744163,22.281935"
"1006910622","secondary",,"yes","12420075448 7808553582 7808553576","114.1707796,22.2805732 114.1707567,22.2805546 114.1707226,22.2805376"
"1006910623","tertiary","港灣道 Harbour Road","yes","11077814387 9332036477 9332036480 12420075448","114.1708984,22.2805729 114.1708725,22.2805744 114.1708357,22.2805764 114.1707796,22.2805732"
"1006910624","secondary","分域碼頭街 Fenwick Pier Street","yes","7808553574 10196681410 9332036476","114.1705156,22.2806417 114.1704189,22.2807212 114.1703024,22.2807953"
"1006910625","secondary",,"yes","7808553579 12420075452 7808553574","114.1705436,22.2805847 114.1705262,22.2806118 114.1705156,22.2806417"
"1006910626","unclassified","會議道 Convention Avenue","yes","7044272472 271053040 3089139704 1319003351 11069332697 9332036482 11069332702 271053039","114.1716167,22.2815096 114.1714779,22.2814996 114.1713825,22.2814887 114.1712699,22.2814649 114.1711765,22.2814336 114.1711042,22.2814007 114.1710158,22.2813439 114.1709294,22.2812734"
"1006910627","tertiary","港灣道 Harbour Road","yes","12420075446 9332036478 9332036479","114.1708174,22.2807032 114.1708584,22.2806719 114.1709172,22.2806358"
"1006910628","secondary",,"yes","7808553566 490733333 12420075446","114.1707882,22.2807595 114.1708035,22.2807377 114.1708174,22.2807032"
"1006910629","secondary","會議道 Convention Avenue","yes","271053039 1319003420","114.1709294,22.2812734 114.1708465,22.2811588"
"1012358084","unclassified","會議道 Convention Avenue","yes","9339975884 10618842080 11069332686 5495858159 11069332693 11069332689 11069332685 11069332688 5433421862","114.1742203,22.2816086 114.1741926,22.2816308 114.1741601,22.2816502 114.1741274,22.2816662 114.1741029,22.2816761 114.1740792,22.281682 114.174051,22.2816847 114.1740196,22.2816851 114.1736741,22.2816589"
"1012390583","footway",,,"9339975870 9339975869 9339975868 9339975867","114.1736543,22.283613 114.1736509,22.2836543 114.1736399,22.283742 114.173626,22.2838424"
"1012390584","footway","博覽道 Expo Drive",,"9339975871 9681896762 9681896763 9681896764 9681896765 9681896761 9339975870 9339975877","114.1721806,22.2833498 114.1722864,22.2834553 114.1723119,22.2834769 114.172336,22.2834926 114.1723662,22.2835018 114.1735893,22.2836094 114.1736543,22.283613 114.1738131,22.2836252"
"1012390585","footway","博覽道 Expo Drive",,"1599951177 9681896756 9681896757 9681896758 9339975872 9681896755 9339975867 9339975873","114.1722583,22.2837299 114.1728086,22.2837762 114.1730068,22.2837918 114.1731944,22.2838096 114.1735403,22.2838379 114.1735583,22.2838394 114.173626,22.2838424 114.1737199,22.2838448"
"1012390586","footway","博覽道 Expo Drive",,"9339975873 9339975875","114.1737199,22.2838448 114.1738674,22.2838548"
"1012390587","footway",,,"9339975875 9339975874 1599951200","114.1738674,22.2838548 114.1739023,22.2839056 114.1739423,22.2839542"
"1012390588","footway","博覽道東 Expo Drive East",,"1599951200 271053050 8478033970 1599951149 5444446952 5444446953 5444446954 5444446955 5444446956","114.1739423,22.2839542 114.1739336,22.2840859 114.1738742,22.2842916 114.1738974,22.2844469 114.1739098,22.2844895 114.173933,22.284528 114.1739653,22.2845665 114.1740146,22.284595 114.174087,22.2846064"
"1012390589","footway","博覽道 Expo Drive",,"9339975882 9339975877","114.1739392,22.2836239 114.1738131,22.2836252"
"1012390590","footway",,,"9339975883 9339975876 9339975882","114.1739797,22.2835896 114.173962,22.2836091 114.1739392,22.2836239"
"1012390591","footway","博覽道中 Expo Drive Central",,"9339975878 9339975879","114.1739465,22.2828173 114.1740136,22.2828378"
"1012390592","footway",,,"5444446944 5444446945 9339975879","114.1740356,22.2826716 114.174025,22.2827243 114.1740136,22.2828378"
"1012390594","secondary","龍和道 Lung Wo Road","yes","4475207938 11069332699 5464212863 5464212864 5390065238","114.1723883,22.2821079 114.1721264,22.282086 114.1719231,22.282072 114.1717483,22.2820634 114.1715408,22.2820599"
"1012390595","secondary","菲林明道 Fleming Road","yes","5010367149 9728765734 5010367148","114.1744301,22.281528 114.1744483,22.2814395 114.1744581,22.2813455"
"1012390596","footway","博覽道中 Expo Drive Central",,"9339975893 5444446944 9339975888","114.1740617,22.2826486 114.1740356,22.2826716 114.1737551,22.2826487"
"1012390597","footway","龍和道 Lung Wo Road",,"9339975892 5300400790 1025308464","114.173933,22.282324 114.1740012,22.282323 114.1740412,22.2823433"
"1012390598","footway","龍和道 Lung Wo Road",,"9339975890 11074365847 12121600946 12121600947 12121600948 12121600949","114.1741192,22.2820454 114.1739673,22.2820638 114.1738641,22.2820694 114.1736516,22.2820986 114.1735782,22.2821051 114.1735463,22.2820953"
"1012390599","footway","菲林明道 Fleming Road",,"5495858160 9339975890","114.1741275,22.2819947 114.1741192,22.2820454"
"1012391718","service",,"yes","5433421861 10787183659 5433421862","114.1736805,22.2815959 114.1736783,22.2816172 114.1736741,22.2816589"
"1012391719","service",,"yes","5433421859 5433421860 5433421861","114.1739299,22.2815129 114.1737728,22.2815119 114.1736805,22.2815959"
"1015194870","footway","鴻興道 Hung Hing Road",,"13197414337 10189021036 9364962585 9364962586 9364962587 9364962588 9364962589 5171400487 9364990919 8887672691 9366914748 9364962590 9364962591 10018745335","114.1796588,22.2829853 114.1796301,22.2829892 114.1795839,22.2829923 114.1795409,22.2829922 114.1794556,22.2829705 114.179206,22.2828855 114.1791219,22.2828377 114.1791028,22.2828298 114.179041,22.2828075 114.1789695,22.2827876 114.1788112,22.2827515 114.1785312,22.2826985 114.1783698,22.2826544 114.1783152,22.282602"
"1015194871","footway",,,"9364962599 9364962600 9364962601 9364962602 9364962604 9364962605 9364962606 9364962607 9364962608 9364962609 9364962610 9364962611 9364962612 9364962613 9364962614 9364962615 10026668387","114.178262,22.2831858 114.1782901,22.2831756 114.1783223,22.2831513 114.1783409,22.2831255 114.1783996,22.2830715 114.1784785,22.2830341 114.1785244,22.2830175 114.1785681,22.2829981 114.1786987,22.282961 114.178783,22.2829546 114.1788735,22.2829543 114.178915,22.282954 114.1789937,22.2829634 114.1790675,22.2829786 114.1791459,22.2830219 114.1792081,22.2830686 114.1794446,22.2832562"
"1015194872","pedestrian",,"no","9364962612 9364990917 9366914744 9364990918 9364990919 8688117854 8327838905","114.1789937,22.2829634 114.1790024,22.2829243 114.1790118,22.2828959 114.1790322,22.2828345 114.179041,22.2828075 114.1790517,22.2827679 114.1790618,22.2827338"
"1015194875","footway",,,"2987722204 9366494283 9364990922 9364990923 9364990924 9364990925 9364990926 9364990927 9364990928 9364990929","114.179977,22.28134 114.1799701,22.2813561 114.1802949,22.281444 114.1803535,22.2813839 114.1804142,22.2813374 114.1804697,22.2813035 114.1805418,22.2813288 114.1805599,22.2813677 114.180537,22.2814145 114.1805558,22.2814612"
"1015196955","footway","運盛街 Wan Shing Street",,"9366594747 9365005254 9647889844 9365005255 9365005256 9366594749 9365005257 9365005258 9365005259","114.179252,22.2816027 114.1792748,22.2815999 114.1793046,22.2816018 114.1793335,22.2816107 114.1793638,22.2816283 114.1796091,22.2818193 114.1799546,22.2820849 114.1799968,22.2821284 114.1800089,22.2821588"
"1015196956","footway","鴻興道 Hung Hing Road",,"9365005248 9365005247 8883838792 8178051607 8178051608 8178051609 8178051610 8178051611 9365005263 10018688794 10018688795 10018688796 10018688797 10018688798 10018688799 10018688793","114.178877,22.2825503 114.1788963,22.2825674 114.1789246,22.2825793 114.1794971,22.2827665 114.1795285,22.2827747 114.1795505,22.2827784 114.1795779,22.2827794 114.1796045,22.282778 114.1796231,22.2827749 114.1796428,22.2827698 114.1796661,22.2827606 114.1796931,22.2827453 114.1797157,22.2827299 114.1797323,22.282713 114.1797483,22.2826918 114.1798345,22.282497"
"1015196957","footway","運盈街 Wan Ying Street",,"9366594750 9365005300 9365005295 9365005294 9365005306 9365005293 9365005292 9366594751","114.1785566,22.2818812 114.1785644,22.2818781 114.1785772,22.2818775 114.1785906,22.28188 114.1788862,22.2819797 114.1789301,22.281994 114.1789381,22.2819975 114.1789425,22.2820029"
"1015196958","footway",,,"9365005249 10618461287 9365005280","114.178856,22.2825171 114.1788278,22.2825078 114.1787639,22.2824866"
"1015196959","footway",,,"9365005304 9365005289 9365005307","114.1790873,22.2819035 114.1790525,22.2818914 114.1790133,22.2818773"
"1015196960","footway",,,"9365005310 296891002 9365005306","114.1789197,22.2818997 114.1789083,22.2819259 114.1788862,22.2819797"
"1015196961","footway","運盛街 Wan Shing Street",,"9365010717 9365005309 9365005307 9365010720 9365010730 9365005308 9365010718 9365010719","114.178977,22.2819073 114.1789954,22.2818956 114.1790133,22.2818773 114.1790208,22.281858 114.1790265,22.2818438 114.1791385,22.2815662 114.1791564,22.2815471 114.1791848,22.281525"
"1015196963","service",,"yes","9365010732 9365010733 9365010734 13727770126 9365010735","114.1787592,22.2817592 114.1787239,22.2817492 114.1786948,22.2818312 114.178692,22.2818379 114.1786835,22.2818581"
"1015196965","service",,,"9365010739 9365010740 9365010741 9365010742 9365010743 9364935806 9364935807 9364935808 9364935809 9364935810","114.1792584,22.2815299 114.1792596,22.2814659 114.1792586,22.2814351 114.1792452,22.2814013 114.1792016,22.2813691 114.1791536,22.2813404 114.179096,22.2813009 114.179055,22.2812585 114.1790159,22.2812106 114.1789321,22.2810954"
"1015198219","footway","鴻興道 Hung Hing Road",,"11074427960 11074427961 11074427962 11074427963 11074427985 11074427986 11074427987","114.178174,22.2823081 114.1781547,22.2823112 114.1781385,22.2823104 114.1775272,22.2821057 114.1773322,22.2820479 114.1770712,22.2819796 114.1770044,22.2819506"
"1015198220","footway",,,"9364935795 1266044484 9364935796","114.1787697,22.280884 114.178818,22.2808973 114.1788597,22.2809101"
"1015198221","footway",,,"9364935796 13716300924 1266044639","114.1788597,22.2809101 114.1789314,22.2809332 114.178937,22.2809229"
"1015382022","footway","鴻興道 Hung Hing Road",,"9365005273 9365005271 9365005272 9365005303 9365005302","114.1787459,22.2825221 114.1787105,22.2825247 114.1783917,22.2824167 114.1783838,22.2824095 114.1783772,22.2824011"
"1015382023","footway","馬師道 Marsh Road",,"9365005302 9365005301 9365005299 11074427964 9365005298 9365005297 9365005296 9366594750","114.1783772,22.2824011 114.1783727,22.2823906 114.1783713,22.2823739 114.1783762,22.2823561 114.178537,22.2819172 114.1785437,22.281898 114.1785504,22.2818849 114.1785566,22.2818812"
"1015382024","footway","運盛街 Wan Shing Street",,"9366594751 9365005291 11789598169 9365005280 9365005274 9365005273","114.1789425,22.2820029 114.1789419,22.282009 114.178803,22.2823801 114.1787639,22.2824866 114.1787567,22.2825063 114.1787459,22.2825221"
"1015382025","footway","運盈街 Wan Ying Street",,"9365005313 9365005312 9365005311 9365010734 9365005310 9365010721 9365010717","114.1786032,22.281786 114.1786193,22.2818027 114.178655,22.2818191 114.1786948,22.2818312 114.1789197,22.2818997 114.1789501,22.2819085 114.178977,22.2819073"
"1015382026","footway","馬師道 Marsh Road",,"9365005316 9365005315 9365005314 9365005313","114.178628,22.2816712 114.1785992,22.2817419 114.1785951,22.2817618 114.1786032,22.281786"
"1015424225","unclassified","鴻興道 Hung Hing Road","yes","8313550575 6298356590 10018688792 6298355183 10270742925 8688117873 6298356585","114.1797951,22.2828228 114.1798214,22.2827969 114.1798425,22.2827709 114.1798625,22.2827399 114.1798801,22.2827038 114.179952,22.2825376 114.1800268,22.2823648"
"1015424229","footway",,,"9366914759 8688117872","114.1800543,22.2825706 114.1799811,22.2825499"
"1015424230","pedestrian",,"no","5171400477 9366914751 9366914759 10026668403 9366914743","114.1801833,22.2823314 114.1800979,22.2824847 114.1800543,22.2825706 114.1799452,22.2828894 114.1799131,22.2829831"
"1017591737","footway",,,"10018688725 10026668394 10018688726 10018745336 10018745337 10018688727 10026668388 10026668390 10026668391 10026668392 9385906298 9385906299 9385906300 9385906301 10018712116 10018745317 9385906302 13197414339 9364962599","114.1764423,22.283024 114.1764932,22.2830262 114.1765992,22.283033 114.176848,22.2830602 114.1770112,22.2830849 114.177132,22.2831035 114.1772751,22.2831262 114.1773871,22.2831418 114.1774042,22.2831487 114.1774133,22.2831338 114.1774283,22.2830947 114.177456,22.2830399 114.177694,22.2831447 114.1777576,22.2831642 114.1779028,22.2831946 114.1779665,22.283203 114.1779967,22.2832076 114.17814,22.2832233 114.178262,22.2831858"
"1017591738","footway",,,"9385906299 10026668389 10026668393 9402070619 8883895418","114.177456,22.2830399 114.1774321,22.283026 114.1773648,22.2830033 114.1771812,22.282963 114.1770531,22.2829346"
"1019384444","pedestrian",,"no","9402070618 9402009615 9402070617 9402009616 10026668400 8883895418 9385906303 10018745337","114.1772973,22.2822404 114.1772896,22.2822671 114.1772793,22.2823016 114.177098,22.2827982 114.1770742,22.2828705 114.1770531,22.2829346 114.1770166,22.2830431 114.1770112,22.2830849"
"1019384445","footway",,,"8883588819 9402070620","114.1764301,22.2827205 114.1764551,22.2824581"
"1051197140","footway",,,"9659967511 9659967512 9730739285 9659973860","114.1746962,22.2815713 114.1745459,22.2815805 114.1745746,22.2812483 114.1745751,22.2812425"
"1051197141","service",,"yes","9659973829 9659973720 9713136438 9659973721 9659973722 9737605444 9659973723","114.1749498,22.2818757 114.174871,22.2818936 114.1748295,22.2819062 114.1747932,22.2819226 114.1747625,22.2819418 114.1747404,22.2819599 114.1747099,22.2820004"
"1051197142","service",,"yes","9659973766 9659973773","114.1754876,22.2813918 114.1755456,22.2813961"
"1051197143","service",,"yes","9728758494 9713090811 9659973735 9711005610 9659973736 9659973737","114.1752181,22.2817414 114.1752127,22.2817703 114.1752048,22.2817989 114.1751941,22.2818219 114.17518,22.2818431 114.175162,22.2818598"
"1051197144","service",,"yes","9659973741 9713090812 9659973742 9711005611 9659973743 9659973744","114.1752774,22.2817322 114.1752713,22.2817652 114.1752626,22.281791 114.1752502,22.2818192 114.1752368,22.2818393 114.1752173,22.2818564"
"1051197145","service",,"yes","9728758495 9713090813 9659973749 9711005612 9659973750 9659973751","114.1753552,22.2817247 114.1753502,22.2817583 114.175343,22.2817862 114.175333,22.2818114 114.1753193,22.2818326 114.1753033,22.28185"
"1051197146","service",,"yes","9728758496 9713090814 9659973756 9713136432 9659973757 9659973758","114.1754335,22.2817228 114.1754277,22.2817515 114.1754219,22.281771 114.175414,22.2817948 114.1754047,22.281819 114.1753902,22.2818439"
"1051197147","service",,"yes","9728758497 9713090815 9659973763 9713136433 9659973764 9659973765","114.175491,22.281723 114.1754867,22.2817464 114.1754815,22.2817663 114.1754734,22.2817889 114.1754628,22.2818128 114.1754466,22.2818397"
"1051197148","service",,"yes","9728758498 9711005614 9659973770 9713136434 9659973771 9659973772","114.1755504,22.2817217 114.1755465,22.2817411 114.1755391,22.2817672 114.1755283,22.2817923 114.1755162,22.2818144 114.1755031,22.2818364"
"1051197149","service",,"yes","9728758499 9711005615 9659973777 9713136435 9659973778 9728758492 9659973779","114.1756084,22.2817178 114.1756042,22.2817361 114.1755957,22.2817642 114.1755851,22.2817919 114.1755724,22.281814 114.1755626,22.2818238 114.1755477,22.2818337"
"1051197150","service",,"yes","9659973783 9711005616 9659973784 9713136436 9659973785 9728758490 9728758457","114.175762,22.2817099 114.1757602,22.2817224 114.1757557,22.2817454 114.1757501,22.281764 114.1757422,22.2817832 114.1757321,22.2818003 114.1757103,22.2818207"
"1051197151","service",,"yes","9728758502 9711024817 9659973791 9713136437 9659973792 9728758489 9659973793","114.1758222,22.2816947 114.1758184,22.2817174 114.175814,22.281736 114.1758065,22.281758 114.1757962,22.2817778 114.1757831,22.2817973 114.1757656,22.2818157"
"1051197152","platform",,,"9659973794 9659973795","114.1751887,22.2817463 114.1752079,22.281511"
"1051197153","platform",,,"9659973796 9659973797","114.1752473,22.2817378 114.1752667,22.2815158"
"1051197154","platform",,,"9659973798 9659973799","114.175306,22.2817335 114.1753247,22.2815195"
"1051197155","platform",,,"9659973800 9659973801","114.1754026,22.2817252 114.1754191,22.2815276"
"1051197156","platform",,,"9659973802 9659973803","114.1754616,22.281725 114.1754787,22.2815309"
"1051197157","platform",,,"9659973804 9659973805","114.1755201,22.2817236 114.1755375,22.2815367"
"1051197158","platform",,,"9659973806 9659973807","114.1755789,22.2817198 114.1755945,22.2815409"
"1051197159","platform",,,"9659973808 9659973809","114.1757318,22.2817203 114.1757457,22.2815533"
"1051197161","platform",,,"9659973812 9659973813","114.1757902,22.2817131 114.1758014,22.2815944"
"1051197163","platform",,,"9659973820 9659973821","114.1751296,22.2817521 114.1751503,22.2815064"
"1051197167","footway",,,"490735463 9659973861 9659973841 9659973842","114.17587,22.28128 114.1758679,22.2813183 114.1758516,22.281567 114.1760746,22.2815526"
"1051197168","service",,"yes","9713136421 9739388503 9713136420","114.1758115,22.2813646 114.1748524,22.2812918 114.174743,22.2812835"
"1051197169","footway",,,"9659973854 9659973855","114.1748884,22.2814782 114.1748895,22.2814999"
"1051197170","steps",,,"9659967511 9659973856","114.1746962,22.2815713 114.1748846,22.281558"
"1051197171","footway",,,"9659973856 9659973858 9659973857","114.1748846,22.281558 114.1748927,22.2815573 114.1750103,22.2815498"
"1051197172","footway",,,"9659973855 9659973858","114.1748895,22.2814999 114.1748927,22.2815573"
"1051197173","footway",,,"9659973858 9659973859","114.1748927,22.2815573 114.1748957,22.2816117"
"1051197174","service",,"yes","9728758493 9713090810 9711005609 9659973718 9659973719","114.1751595,22.2817504 114.1751553,22.2817754 114.1751504,22.2817981 114.1751364,22.2818294 114.1751029,22.281864"
"1051197175","footway",,,"6970765443 11869167670 9659973863 9659973860 9659973862 11869167671","114.1745634,22.2811852 114.174561,22.2812163 114.1745591,22.2812413 114.1745751,22.2812425 114.1745974,22.2812443 114.1745998,22.2812205"
"1053536285","service",,"yes","9681836909 9681836883 9681836884 9681836885 9681836896 9681836886 9681836887 9681836914 9681836888 9681836898 9681836889 9681836900 9681836890 9681836899 9681836891 9681836916 9681836892 9681836901 9681836893 9681836913","114.1720873,22.2837915 114.1720695,22.2838357 114.1720723,22.2838663 114.1721271,22.2840579 114.1721373,22.2840759 114.1721501,22.284089 114.1721731,22.2841005 114.1721885,22.2841019 114.1722121,22.2841005 114.1722271,22.2840968 114.1722422,22.284089 114.1722545,22.28408 114.1722634,22.284071 114.1722691,22.2840573 114.1722722,22.2840366 114.172251,22.2839497 114.1722297,22.2838555 114.172222,22.2838354 114.172213,22.2838137 114.1722003,22.2837999"
"1053536286","service",,"yes","5464743235 9681836895 9681836906 9681836909","114.172101,22.28364 114.1720965,22.2837033 114.172091,22.2837641 114.1720873,22.2837915"
"1053536287","service",,"yes","9681836913 9681836910 9681836903 9681836904 9681836911 9681836905","114.1722003,22.2837999 114.172202,22.2837793 114.1722035,22.2837565 114.1722049,22.2837267 114.1722056,22.2837129 114.172209,22.2836578"
"1053536288","service",,"yes","9681836913 9681836894 9681836907 9681836908 9681836909","114.1722003,22.2837999 114.1721652,22.2837888 114.1721436,22.2837856 114.1721137,22.2837856 114.1720873,22.2837915"
"1053536289","footway",,,"9681836915 9681896717","114.1723338,22.2839324 114.1722668,22.2839464"
"1053536290","footway",,,"9681896719 9681896720","114.1726012,22.2840199 114.1723963,22.2840765"
"1053536291","footway",,,"9681896720 9681836897","114.1723963,22.2840765 114.1722944,22.284056"
"1053536293","footway",,,"6875521351 9681896732","114.1729821,22.2841227 114.1730024,22.2838509"
"1053536294","footway",,,"9681896731 9681896757 9681896727","114.1730059,22.2838036 114.1730068,22.2837918 114.1730137,22.2836993"
"1053536295","service",,"yes","9681896733 9681896734 9681896756 9681896743 9681896735 9681896736 9681896737 9681896744 9681896738 9681896739 9681896740 9681896758 9681896741 9681896742","114.172813,22.2836854 114.1728093,22.2837656 114.1728086,22.2837762 114.1728102,22.2837885 114.1728159,22.2838002 114.1728291,22.283811 114.1728548,22.2838175 114.1730042,22.2838272 114.1731513,22.2838337 114.1731735,22.2838304 114.1731875,22.2838186 114.1731944,22.2838096 114.1731969,22.2838034 114.1732085,22.2837126"
"1053536296","footway",,,"1599951177 9681896759","114.1722583,22.2837299 114.1722299,22.2837268"
"1053536297","footway",,,"9681896732 9681896744 9681896760","114.1730024,22.2838509 114.1730042,22.2838272 114.1730047,22.2838205"
"1053536298","steps",,,"9681896760 9681896731","114.1730047,22.2838205 114.1730059,22.2838036"
"1053536299","footway",,,"9339975871 9681896766 9681896767 9681896768 9681896769 9681896770 9681896771 9681896772 9681896773 9681896774 9681896775 9681896776 9681896779 9681896777","114.1721806,22.2833498 114.1721559,22.2833136 114.1721409,22.283271 114.1721143,22.2831433 114.1721073,22.2831089 114.1721073,22.2830696 114.172109,22.2830456 114.172124,22.2829841 114.1721468,22.2829258 114.1722527,22.2827608 114.1722809,22.2827099 114.1722983,22.2826764 114.1723009,22.2826639 114.1723023,22.2826514"
"1053536300","footway","博覽道中 Expo Drive Central",,"9681896778 9339975878","114.1723131,22.2826526 114.1739465,22.2828173"
"1053536301","footway",,,"988059581 9681896780 9681896777 9681896778","114.1721879,22.2826394 114.1722617,22.2826469 114.1723023,22.2826514 114.1723131,22.2826526"
"1053536302","platform",,,"9681896781 9681896782","114.1758507,22.2816944 114.1758643,22.2815032"
"1053536303","service",,"yes","9659973772 9681896795 8308187097","114.1755031,22.2818364 114.1754773,22.281875 114.1754353,22.2819099"
"1053536304","footway",,,"9681896784 9681896799 9681896801","114.1747559,22.2813987 114.1747702,22.2814417 114.1747754,22.2814857"
"1056840861","footway","鴻興道 Hung Hing Road",,"9728758506 9737609035","114.1757882,22.2818627 114.1756124,22.2818621"
"1056840863","footway",,,"9711005603 9711005604 9711005605 9659973859","114.1749049,22.2817909 114.1748979,22.2816593 114.1748969,22.2816343 114.1748957,22.2816117"
"1056840864","footway",,,"9713090809 9713136431 9739092939","114.1750624,22.2817835 114.175093,22.2817808 114.1751172,22.2817787"
"1057079227","service",,"yes","5010367149 9681896796 9728765736 9748981200 9748981201 9659973780 9760989988 9760989987 9659973822","114.1744301,22.281528 114.1747432,22.2813765 114.174774,22.2813634 114.1748035,22.2813552 114.174834,22.2813506 114.1748649,22.2813485 114.1748994,22.281349 114.174948,22.2813511 114.1750421,22.2813582"
"1057079228","service",,"yes","9659973822 9760989969 9711005608 9760989976 9760989977 9659973823 9659973824 9760989975 9659973825 9659973826 9713136431 9713090808 9713136430 9728758487","114.1750421,22.2813582 114.1750585,22.2813607 114.1750718,22.2813639 114.1750848,22.2813696 114.1750962,22.2813783 114.1751085,22.281391 114.1751178,22.2814079 114.1751232,22.2814262 114.1751248,22.2814466 114.1750989,22.2817488 114.175093,22.2817808 114.1750902,22.2817971 114.1750762,22.2818289 114.1750352,22.2818658"
"1057079229","footway","菲林明道 Fleming Road",,"9711005607 9728765723 9221275761 9659973853 9681896783","114.1745014,22.2818096 114.1745116,22.2816678 114.1745184,22.2816255 114.174545,22.2815276 114.1745615,22.281494"
"1057079230","service",,"yes","9713136420 9681896797 9713090806 9681896790 9713136419 9681896791 297187779","114.174743,22.2812835 114.1747071,22.2812808 114.1745914,22.281272 114.1745614,22.2812664 114.1745383,22.2812587 114.1744881,22.2812226 114.1744653,22.2811945"
"1057079231","service",,"yes","9711005593 5301715761 9221275741 5301715763 9713090802 9713090800 9659973845 9659973846 9659973847 9737519780 9728758507 9659973843 9659973848 5070416206 9659973849 9659973850 9713136459 9760989944 9760989945 9659973851 5301715762 4183883943 3439547093 9713136421","114.1764647,22.2819682 114.1762445,22.2818822 114.1762035,22.2818703 114.1761562,22.28186 114.1761016,22.2818517 114.1760757,22.2818457 114.1760543,22.2818381 114.1760328,22.2818254 114.1760125,22.2818083 114.1759969,22.2817883 114.1759872,22.2817706 114.1759784,22.2817491 114.175976,22.2817351 114.1759748,22.2817118 114.1759828,22.281463 114.1759808,22.2814385 114.1759762,22.2814178 114.1759706,22.2814064 114.1759624,22.2813977 114.1759511,22.2813905 114.1759325,22.2813839 114.1758934,22.2813752 114.175852,22.2813691 114.1758115,22.2813646"
"1057079232","footway",,,"9711024821 9713136429","114.1761195,22.2817252 114.1761267,22.2818274"
"1057079237","footway",,,"9681896783 9737519766 9681896801 9659973854 9713136454","114.1745615,22.281494 114.1746092,22.2814939 114.1747754,22.2814857 114.1748884,22.2814782 114.1750814,22.2814674"
"1058773215","service",,"yes","9728758501 9728758452 9728758453 9728758454 9728758455 9728758491 9728758456","114.1756857,22.2817141 114.1756825,22.2817292 114.1756747,22.2817576 114.1756672,22.2817786 114.1756539,22.2818032 114.1756424,22.2818142 114.1756216,22.2818276"
"1058773216","platform",,,"9728758459 9728758460","114.1756366,22.2817216 114.1756512,22.2815443"
"1058773218","footway",,,"9221275763 9681896787 9748981205 9748981204 9728765730 9728765731 9728765732 9728765733 9728758476 9728758477 9728758478 9728758479 9713136429","114.1745581,22.2812205 114.174707,22.2812337 114.1758976,22.2813234 114.1759365,22.2813251 114.1759942,22.2813354 114.1760254,22.2813505 114.1760443,22.2813681 114.1760495,22.2813954 114.1760608,22.2817267 114.1760636,22.2817881 114.1760713,22.2818007 114.1760899,22.2818141 114.1761267,22.2818274"
"1058773219","footway",,,"11083586848 9728758481 9743189446 11083586850","114.1766568,22.2820214 114.176655,22.2820296 114.1766144,22.2820253 114.1766123,22.2820358"
"1058773220","footway",,,"9711005607 9741553720 9711005603 9713090809","114.1745014,22.2818096 114.1748903,22.2817909 114.1749049,22.2817909 114.1750624,22.2817835"
"1058773221","footway",,,"9728758476 9711024821 9728758468 9660912774","114.1760608,22.2817267 114.1761195,22.2817252 114.1761178,22.2816665 114.1761723,22.281621"
"1058773225","footway",,,"9681896786 9713090799 9681896798 9681896785","114.1747087,22.2813023 114.1747127,22.2813191 114.1747208,22.2813362 114.1747285,22.2813505"
"1058773226","footway",,,"9739092966 9681896797 9681896786","114.1747054,22.2812626 114.1747071,22.2812808 114.1747087,22.2813023"
"1058773227","footway",,,"9681896785 9681896796 9681896784","114.1747285,22.2813505 114.1747432,22.2813765 114.1747559,22.2813987"
"1059026673","footway","鴻興道 Hung Hing Road",,"9728758484 9402070617 9743439150 11083586894 11083586893 11083586877 3491397441 3719756025 3719758426 10018745335","114.1770015,22.2822421 114.1772793,22.2823016 114.1774009,22.2823326 114.1775339,22.2823981 114.1777828,22.282473 114.1778854,22.282463 114.1779335,22.282472 114.1780203,22.2824993 114.178201,22.2825613 114.1783152,22.282602"
"1059768220","service",,"yes","9728758503 9711024818 9728758504 9659973728 9728758505 9711024819 9728758488 9659973729 9728758486 9659973793","114.1758976,22.2816881 114.1758929,22.2817109 114.1758856,22.2817328 114.1758771,22.2817494 114.1758671,22.2817641 114.175856,22.2817763 114.1758411,22.281791 114.1758211,22.281803 114.1757965,22.2818106 114.1757656,22.2818157"
"1059768221","secondary","鴻興道 Hung Hing Road","yes","9659973723 1029866928 4183883946","114.1747099,22.2820004 114.1745491,22.2820277 114.1743535,22.2820666"
"1059853801","footway",,,"9737519767 9681896781","114.1758481,22.2817148 114.1758507,22.2816944"
"1059853802","footway",,,"9737519768 9659973812","114.1757886,22.2817199 114.1757902,22.2817131"
"1059853803","footway",,,"9737519769 9659973808","114.1757308,22.281725 114.1757318,22.2817203"
"1059853804","footway",,,"9737519770 9728758459","114.1756345,22.2817334 114.1756366,22.2817216"
"1059853805","footway",,,"9728758500 9659973806","114.1755757,22.2817386 114.1755789,22.2817198"
"1059853806","footway",,,"9737519771 9659973804","114.1755154,22.2817439 114.1755201,22.2817236"
"1059853807","footway",,,"9737519772 9659973802","114.1754561,22.281749 114.1754616,22.281725"
"1059853808","footway",,,"9737519773 9659973800","114.1753965,22.2817543 114.1754026,22.2817252"
"1059853809","footway",,,"9737519774 9659973798","114.1752987,22.2817628 114.175306,22.2817335"
"1059853810","footway",,,"9737519775 9659973796","114.1752398,22.281768 114.1752473,22.2817378"
"1059853811","footway",,,"9737519776 9659973794","114.1751817,22.281773 114.1751887,22.2817463"
"1059853812","footway",,,"9737519777 9659973820","114.1751236,22.2817781 114.1751296,22.2817521"
"1059853813","footway",,,"9728758473 9713136429","114.1762662,22.2818454 114.1761267,22.2818274"
"1059853815","footway",,,"9741553720 9730739283","114.1748903,22.2817909 114.1745521,22.2819644"
"1059853816","secondary","鴻興道 Hung Hing Road","yes","4183883936 6329262951 9728758482 11083586841 11083615721 9711005593","114.1767903,22.2820068 114.1767066,22.281993 114.1766642,22.2819881 114.1766238,22.2819838 114.1765775,22.2819789 114.1764647,22.2819682"
"1059863499","service",,"yes","9659973793 9728758457","114.1757656,22.2818157 114.1757103,22.2818207"
"1059863500","service",,"yes","9728758456 9659973779","114.1756216,22.2818276 114.1755477,22.2818337"
"1059863501","service",,"yes","9659973779 9659973772","114.1755477,22.2818337 114.1755031,22.2818364"
"1059863502","service",,"yes","9659973772 9659973765","114.1755031,22.2818364 114.1754466,22.2818397"
"1059863503","service",,"yes","9659973765 9659973758","114.1754466,22.2818397 114.1753902,22.2818439"
"1059863504","service",,"yes","9659973758 9659973751","114.1753902,22.2818439 114.1753033,22.28185"
"1059863505","service",,"yes","9659973751 9659973744","114.1753033,22.28185 114.1752173,22.2818564"
"1059863506","service",,"yes","9659973744 9659973737","114.1752173,22.2818564 114.175162,22.2818598"
"1059863507","service",,"yes","9659973737 9659973719","114.175162,22.2818598 114.1751029,22.281864"
"1059863508","service",,"yes","9659973773 9728758448","114.1755456,22.2813961 114.175622,22.2814019"
"1059863509","service",,"yes","9659973759 9659973766","114.1754306,22.2813875 114.1754876,22.2813918"
"1059863510","service",,"yes","9659973752 9659973759","114.1753723,22.2813831 114.1754306,22.2813875"
"1059863511","service",,"yes","9659973745 9659973752","114.1752961,22.2813773 114.1753723,22.2813831"
"1059863512","service",,"yes","9659973738 9659973745","114.1752178,22.2813714 114.1752961,22.2813773"
"1059863513","service",,"yes","9659973731 9659973738","114.1751613,22.2813672 114.1752178,22.2813714"
"1059863514","service",,"yes","9659967514 9659973731","114.1751012,22.2813626 114.1751613,22.2813672"
"1059863516","service",,"yes","9728758448 9728758458","114.175622,22.2814019 114.1757147,22.2814089"
"1059863517","service",,"yes","9728758458 9659973827 9760989980 9760989979 9760989981 9728758467 9659973781 9760989978 9713136425 9659973783","114.1757147,22.2814089 114.1757289,22.2814136 114.1757431,22.2814209 114.1757555,22.2814301 114.1757662,22.281442 114.1757737,22.2814538 114.175779,22.2814667 114.175781,22.2814783 114.1757821,22.2814904 114.175762,22.2817099"
"1059863518","service",,"yes","9728758458 9659973787","114.1757147,22.2814089 114.1757866,22.2814143"
"1059863520","service",,"yes","9659973787 9659973724 9760989982 9713136428 9760989986 9760989983 9760989985 9760989984 9659973725 9659973726 9728758503","114.1757866,22.2814143 114.1758291,22.2814175 114.1758457,22.2814198 114.175859,22.281423 114.175872,22.2814287 114.1758834,22.2814374 114.1758957,22.2814501 114.175905,22.281467 114.1759104,22.2814853 114.175912,22.2815057 114.1758976,22.2816881"
"1059863521","service",,"yes","9659973787 9659973727 9659973790 9713136427 9659973730 9659973788 9741553725 9713136426 9728758502","114.1757866,22.2814143 114.1757994,22.2814188 114.1758106,22.2814248 114.1758192,22.2814323 114.1758268,22.2814418 114.1758334,22.2814542 114.1758372,22.2814664 114.1758388,22.2814823 114.1758222,22.2816947"
"1059863522","service",,"yes","9728758448 9813623443 9813623440 9813623427 8308187096 9681896794 9728758451 9728758466 9728758449 9728758450 9728758501","114.175622,22.2814019 114.1756388,22.2814042 114.1756521,22.2814074 114.1756651,22.2814131 114.1756765,22.2814218 114.1756844,22.28143 114.1756925,22.2814412 114.1756981,22.2814514 114.1757035,22.2814697 114.1757051,22.2814901 114.1756857,22.2817141"
"1059863523","service",,"yes","9659973773 9737519779 9813623420 9813623435 9813623434 9760989946 9760989947 9659973776 9659973774 9659973775 9728758499","114.1755456,22.2813961 114.1755622,22.2813987 114.1755755,22.2814019 114.1755885,22.2814076 114.1755999,22.2814163 114.1756078,22.2814245 114.1756159,22.2814357 114.1756215,22.2814459 114.1756269,22.2814642 114.1756285,22.2814846 114.1756084,22.2817178"
"1059863524","service",,"yes","9659973766 9813623430 9659973769 9813623418 9760989948 9760989951 9760989952 9760989950 9760989949 9659973767 9713136424 9728758498","114.1754876,22.2813918 114.1755036,22.2813939 114.1755144,22.2813964 114.1755228,22.2813993 114.1755302,22.281403 114.1755424,22.2814112 114.1755503,22.2814195 114.1755584,22.2814307 114.175564,22.2814408 114.1755694,22.2814591 114.175571,22.2814795 114.1755504,22.2817217"
"1059863525","service",,"yes","9659973759 9813623428 9813587110 9813623441 9813623419 9813623436 9760989953 9760989954 9760989955 9713136422 9659973761 9770418010 9728758497","114.1754306,22.2813875 114.175446,22.2813894 114.1754595,22.2813927 114.1754696,22.2813967 114.1754776,22.2814013 114.1754849,22.2814069 114.1754928,22.2814151 114.1755009,22.2814263 114.1755065,22.2814365 114.1755119,22.2814548 114.1755135,22.2814752 114.1754934,22.2816967 114.175491,22.281723"
"1059863526","service",,"yes","9659973752 9760989957 9813587114 9760989958 9659973762 9760989956 9760989959 9713136423 9659973753 9659973755 9728758496","114.1753723,22.2813831 114.1753889,22.2813855 114.1754022,22.2813887 114.1754152,22.2813944 114.1754266,22.2814031 114.1754345,22.2814113 114.1754426,22.2814225 114.1754482,22.2814327 114.1754536,22.281451 114.1754552,22.2814714 114.1754335,22.2817228"
"1059863527","service",,"yes","9659967514 9760989968 9760989972 9760989970 9760989974 9760989973 9760989971 9659973717 9659967515 9659967516 9728758493","114.1751012,22.2813626 114.1751179,22.281365 114.1751312,22.2813682 114.1751442,22.2813739 114.1751556,22.2813826 114.1751635,22.2813908 114.1751716,22.281402 114.1751772,22.2814122 114.1751826,22.2814305 114.1751842,22.2814509 114.1751595,22.2817504"
"1059863528","service",,"yes","9659973731 9813623426 9813623442 9813623425 9813587115 9760989966 9760989967 9659973734 9659973732 9659973733 9728758494","114.1751613,22.2813672 114.1751779,22.2813694 114.1751912,22.2813726 114.1752042,22.2813783 114.1752156,22.281387 114.1752235,22.2813952 114.1752316,22.2814064 114.1752372,22.2814166 114.1752426,22.2814349 114.1752442,22.2814553 114.1752181,22.2817414"
"1059863529","service",,"yes","9659973738 9813623421 9813587116 9813623429 9760989964 9760989965 9760989963 9659973748 9659973739 9659973740 9659973741","114.1752178,22.2813714 114.1752345,22.2813737 114.1752478,22.2813769 114.1752608,22.2813826 114.1752722,22.2813913 114.1752801,22.2813995 114.1752882,22.2814107 114.1752938,22.2814209 114.1752992,22.2814392 114.1753008,22.2814596 114.1752774,22.2817322"
"1059863530","service",,"yes","9659973745 9760989960 9760989961 9760989962 9813587111 9813623437 9813623424 9813623432 9659973746 9659973747 9728758495","114.1752961,22.2813773 114.1753127,22.2813797 114.175326,22.2813829 114.175339,22.2813886 114.1753504,22.2813973 114.1753583,22.2814055 114.1753664,22.2814167 114.175372,22.2814269 114.1753774,22.2814452 114.175379,22.2814656 114.1753552,22.2817247"
"1059863531","service",,"yes","9659973822 9659967514","114.1750421,22.2813582 114.1751012,22.2813626"
"1059863540","service",,"yes","9659973719 9728758487","114.1751029,22.281864 114.1750352,22.2818658"
"1059863541","service",,"yes","9728758457 9659973786 9728758456","114.1757103,22.2818207 114.1756956,22.2818216 114.1756216,22.2818276"
"1060021678","footway",,,"9728758506 9659973844 9739092938 9741553723 9741553722 9741553721 9741533510","114.1757882,22.2818627 114.1758286,22.2818265 114.1758939,22.2817837 114.1759344,22.2817731 114.1759498,22.2817842 114.1759793,22.2818519 114.1760246,22.281868"
"1060021679","secondary","菲林明道 Fleming Road","yes","5010367148 297187779","114.1744581,22.2813455 114.1744653,22.2811945"
"1060021680","footway","菲林明道 Fleming Road",,"9221275771 11152926274 9221275763","114.1746072,22.2807779 114.1746035,22.280826 114.1745581,22.2812205"
"1060021681","footway",,,"9739092939 9737519777 9739092940","114.1751172,22.2817787 114.1751236,22.2817781 114.1751299,22.2817776"
"1060021682","footway",,,"9739092940 9713090810 9739092941","114.1751299,22.2817776 114.1751553,22.2817754 114.1751765,22.2817735"
"1060021683","footway",,,"9739092941 9737519776 9739092942","114.1751765,22.2817735 114.1751817,22.281773 114.1751858,22.2817727"
"1060021684","footway",,,"9739092942 9713090811 9739092943","114.1751858,22.2817727 114.1752127,22.2817703 114.1752354,22.2817684"
"1060021685","footway",,,"9739092943 9737519775 9739092944","114.1752354,22.2817684 114.1752398,22.281768 114.1752437,22.2817676"
"1060021686","footway",,,"9739092944 9713090812 9739092945","114.1752437,22.2817676 114.1752713,22.2817652 114.1752945,22.2817632"
"1060021687","footway",,,"9739092945 9737519774 9739092946","114.1752945,22.2817632 114.1752987,22.2817628 114.1753027,22.2817625"
"1060021688","footway",,,"9739092946 9713090813 9739092947","114.1753027,22.2817625 114.1753502,22.2817583 114.1753909,22.2817547"
"1060021689","footway",,,"9739092947 9737519773 9739092948","114.1753909,22.2817547 114.1753965,22.2817543 114.1754011,22.281753899999998"
"1060021690","footway",,,"9739092948 9713090814 9739092949","114.1754011,22.281753899999998 114.1754277,22.2817515 114.1754511,22.2817495"
"1060021691","footway",,,"9739092949 9737519772 9739092950","114.1754511,22.2817495 114.1754561,22.281749 114.1754614,22.2817486"
"1060021692","footway",,,"9739092950 9713090815 9739092951","114.1754614,22.2817486 114.1754867,22.2817464 114.1755096,22.2817444"
"1060021693","footway",,,"9739092951 9737519771 9739092952","114.1755096,22.2817444 114.1755154,22.2817439 114.1755213,22.2817433"
"1060021694","footway",,,"9739092952 9711005614 9739092953","114.1755213,22.2817433 114.1755465,22.2817411 114.1755685,22.2817392"
"1060021695","footway",,,"9739092953 9728758500 9739092954","114.1755685,22.2817392 114.1755757,22.2817386 114.1755821,22.281738"
"1060021696","footway",,,"9739092954 9711005615 9739092955","114.1755821,22.281738 114.1756042,22.2817361 114.1756264,22.2817341"
"1060021697","footway",,,"9739092955 9737519770 9739092956","114.1756264,22.2817341 114.1756345,22.2817334 114.1756424,22.2817327"
"1060021698","footway",,,"9739092956 9728758452 9739092957","114.1756424,22.2817327 114.1756825,22.2817292 114.1757216,22.2817258"
"1060021699","footway",,,"9739092957 9737519769 9739092958","114.1757216,22.2817258 114.1757308,22.281725 114.1757393,22.2817243"
"1060021700","footway",,,"9739092958 9711005616 9739092959","114.1757393,22.2817243 114.1757602,22.2817224 114.1757807,22.2817206"
"1060021701","footway",,,"9739092959 9737519768 9739092960","114.1757807,22.2817206 114.1757886,22.2817199 114.1757954,22.2817194"
"1060021702","footway",,,"9739092960 9711024817 9739092961","114.1757954,22.2817194 114.1758184,22.2817174 114.1758397,22.2817155"
"1060021703","footway",,,"9739092961 9737519767 9739092962","114.1758397,22.2817155 114.1758481,22.2817148 114.1758532,22.2817143"
"1060021704","footway",,,"9739092962 9711024818 9739092963","114.1758532,22.2817143 114.1758929,22.2817109 114.1759331,22.2817074"
"1060021705","footway",,,"9739092963 9739092937 9739092964","114.1759331,22.2817074 114.175933,22.2817382 114.175949,22.2817373"
"1060021706","footway",,,"9739092964 9659973848 9739092965","114.175949,22.2817373 114.175976,22.2817351 114.1760036,22.2817331"
"1060021707","footway",,,"9739092965 9728758476","114.1760036,22.2817331 114.1760608,22.2817267"
"1060021708","footway",,,"9681896787 9739092966","114.174707,22.2812337 114.1747054,22.2812626"
"1060021709","secondary","鴻興道 Hung Hing Road","yes","9739092969 9737609037 9739092967 9402070618 10018745340","114.1768563,22.2821354 114.1769756,22.2821616 114.1771095,22.2821933 114.1772973,22.2822404 114.1773232,22.2822479"
"1060021710","secondary","鴻興道 Hung Hing Road","yes","1618530751 9739092969","114.1767707,22.2821169 114.1768563,22.2821354"
"1060021711","secondary","杜老誌道 Tonnochy Road","yes","9739092969 9743189443 9743189444 9737609036","114.1768563,22.2821354 114.1768669,22.282096 114.1768754,22.2820673 114.1768868,22.2820265"
"1060021712","secondary","鴻興道 Hung Hing Road","yes","9737609036 4183883936","114.1768868,22.2820265 114.1767903,22.2820068"
"1060021713","secondary","杜老誌道 Tonnochy Road","yes","9737609036 9739092968 11083615718","114.1768868,22.2820265 114.1768947,22.2819505 114.1769017,22.2818992"
"1060285723","service",,"yes","9728758487 9659973829","114.1750352,22.2818658 114.1749498,22.2818757"
"1060285724","secondary_link","菲林明道 Fleming Road","yes","9741533490 3569722801","114.1742537,22.2820831 114.1743328,22.2821945"
"1060285725","secondary","龍和道 Lung Wo Road","yes","9741533490 4475207934","114.1742537,22.2820831 114.1741663,22.2820971"
"1060285726","secondary_link","菲林明道 Fleming Road","yes","9221275749 9741533492","114.1742111,22.2818484 114.1742543,22.281942"
"1060285727","secondary","菲林明道 Fleming Road","yes","9221275749 6329262947","114.1742111,22.2818484 114.1741809,22.2819497"
"1060285728","secondary","菲林明道 Fleming Road","yes","4475207933 9221275749","114.1742128,22.2817693 114.1742111,22.2818484"
"1060285730","secondary","菲林明道 Fleming Road","yes","6329262947 9221275837 4475207934","114.1741809,22.2819497 114.1741774,22.2819887 114.1741663,22.2820971"
"1060285731","secondary_link","菲林明道 Fleming Road","yes","9741533492 9741533491 9741533490","114.1742543,22.281942 114.1742552,22.2819795 114.1742537,22.2820831"
"1060285741","footway",,,"9741553723 9741553724 9739092937","114.1759344,22.2817731 114.175934,22.281751 114.175933,22.2817382"
"1060285742","secondary","鴻興道 Hung Hing Road","yes","8308187097 8308187098 8308187095 4183883945 9737609045 9659973723","114.1754353,22.2819099 114.175291,22.2819195 114.1751896,22.2819288 114.1750918,22.2819394 114.1749868,22.2819527 114.1747099,22.2820004"
"1060476108","footway","鴻興道 Hung Hing Road",,"9728758484 9728758485 4932041073 9743189445 11083586896 3049050698 9216170247 10904353472 5456710833 9743439151","114.1770015,22.2822421 114.1768197,22.2822019 114.1766855,22.2821733 114.1765884,22.2821549 114.1764069,22.2821205 114.1762125,22.2821103 114.1761437,22.282128 114.1760539,22.2821229 114.1756799,22.282095 114.175603,22.2820956"
"1060476109","footway","鴻興道 Hung Hing Road",,"5444446973 9741533495 4475207942 3491397434 5444446971 5444446970 5456710830 11074427946 11074427947 11074427948 5456710831 11074427949 9743439151","114.1743955,22.2823196 114.1744021,22.2822956 114.1744156,22.2822747 114.174432,22.2822555 114.1744514,22.2822439 114.1744821,22.2822317 114.1749949,22.2821248 114.1750303,22.2821174 114.1750903,22.2821185 114.1752231,22.2821097 114.1753181,22.2821008 114.1754877,22.2821005 114.175603,22.2820956"
"1060476111","secondary","鴻興道 Hung Hing Road","yes","9743189439 9737609039 11083615722 9739092971 9728758472 6329262948 1618530751","114.1761644,22.2820472 114.1763995,22.2820685 114.1765625,22.2820878 114.1766014,22.2820925 114.1766584,22.2820993 114.1767082,22.2821066 114.1767707,22.2821169"
"1061058700","footway",,,"9779150928 9756163132","114.1734913,22.2803265 114.1735025,22.2803328"
"1061058701","service",,,"9748981197 9779150949 9748981198 9748981199","114.1729974,22.2805792 114.1730029,22.2805126 114.1730062,22.2804718 114.1730106,22.2803978"
"1061058703","footway",,,"9748981202 9748981203","114.1749187,22.2812114 114.1749185,22.2811843"
"1061058704","footway",,,"9711005592 9728765728 9748981204","114.1761385,22.2813684 114.1761365,22.2813349 114.1759365,22.2813251"
"1061058705","footway",,,"9748981205 11083615714","114.1758976,22.2813234 114.175937,22.2808863"
"1061936599","steps",,,"9779150930 9779150929","114.1734241,22.2802848 114.1734576,22.2803061"
"1061936600","footway",,,"9756163135 9221275752","114.1733273,22.2804031 114.1732673,22.2804837"
"1061936601","footway",,,"9221275759 9756163136","114.1731285,22.2805302 114.1731316,22.2804806"
"1061939135","corridor",,,"6875521351 9756108783 9756108784","114.1729821,22.2841227 114.172975,22.2842067 114.172872,22.2844291"
"1061939136","corridor",,,"9756108785 9756108786","114.1727974,22.2841132 114.1728119,22.2843099"
"1061939137","corridor",,,"9756108787 9756108788","114.1731578,22.284129 114.1731209,22.2843119"
"1061939138","corridor",,,"9756108789 9756108790","114.1725844,22.283335 114.1729986,22.2833569"
"1061939139","corridor",,,"9756108791 9756108792","114.1725909,22.282463 114.1730346,22.2824952"
"1061939140","corridor",,,"9756108793 9756108794","114.172578,22.2830089 114.173233,22.2830139"
"1064828742","footway",,,"9779139589 9779139590","114.173572,22.2802674 114.1733504,22.2798179"
"1064828743","footway",,,"9779139592 9779139589","114.1735867,22.2802955 114.173572,22.2802674"
"1064828745","footway",,,"9779150919 9779139593","114.1736622,22.2803 114.1739036,22.2802746"
"1064828746","steps",,,"9779139603 9779139602","114.1734718,22.2802913 114.1734419,22.2802746"
"1064828747","footway",,,"9779139610 9779139609","114.1735154,22.2803193 114.1735032,22.2803113"
"1064828748","steps",,,"9779139601 9779139604","114.1734155,22.2803003 114.1734433,22.2803189"
"1064828749","footway",,,"9779139607 9779139606","114.1734855,22.2803503 114.1734771,22.2803445"
"1064828750","footway",,,"9779139596 9779139602","114.1734155,22.2802594 114.1734419,22.2802746"
"1064828751","footway",,,"9779139597 9779150930","114.1734004,22.2802727 114.1734241,22.2802848"
"1064828752","footway",,,"9779139598 9779139601","114.1733859,22.280287 114.1734155,22.2803003"
"1064828753","footway",,,"9779139600 9779139599 9779139598 9779139597 9779139596 9779139595","114.1733749,22.2803168 114.1733772,22.2802994 114.1733859,22.280287 114.1734004,22.2802727 114.1734155,22.2802594 114.1735797,22.2801313"
"1064828754","footway",,,"9779139606 9779139605 9779139604","114.1734771,22.2803445 114.1734548,22.2803274 114.1734433,22.2803189"
"1064828755","footway",,,"9779139609 9779139608 9779139603","114.1735032,22.2803113 114.173483,22.2802977 114.1734718,22.2802913"
"1064828756","footway",,,"9779139615 9779139614 9779139605 9779139613 9779139608 9779139612 9779139611","114.1733973,22.2803397 114.1734349,22.2803459 114.1734548,22.2803274 114.1734702,22.2803137 114.173483,22.2802977 114.1734959,22.2802764 114.1734959,22.2802504"
"1064828757","footway",,,"9779150929 9779139613 9779150928","114.1734576,22.2803061 114.1734702,22.2803137 114.1734913,22.2803265"
"1064828758","footway",,,"9756163134 9779139616 9779150917","114.1733782,22.2803831 114.1733498,22.2803919 114.173333,22.2803993"
"1064828759","steps",,,"9779150917 9756163135","114.173333,22.2803993 114.1733273,22.2804031"
"1064828760","footway",,,"9779150918 9779150919 9779139592 9779150920 9779139610 9756163132 9779139607 9756163133 9756163134","114.1737541,22.2804468 114.1736622,22.2803 114.1735867,22.2802955 114.1735442,22.2802929 114.1735154,22.2803193 114.1735025,22.2803328 114.1734855,22.2803503 114.1734547,22.2803818 114.1733782,22.2803831"
"1064828761","service",,,"9779150921 9779150923","114.1733522,22.2803708 114.1733548,22.2803509"
"1064828762","service",,,"5433421852 9779150922 9779139616 9779150921","114.1733425,22.2804523 114.1733475,22.2804121 114.1733498,22.2803919 114.1733522,22.2803708"
"1064828763","service",,"yes","7044272478 7044272477","114.1719723,22.2806763 114.1719624,22.280794"
"1064828764","tertiary","港灣道 Harbour Road",,"6875521369 9748981197","114.1728541,22.2805683 114.1729974,22.2805792"
"1064828765","tertiary","港灣道 Harbour Road",,"1619220668 7044272481 3681902662 5478192364 12254183029 6875521369","114.172032,22.28051 114.1722873,22.2805247 114.17238,22.28053 114.1726528,22.2805523 114.1727299,22.2805584 114.1728541,22.2805683"
"1064828766","tertiary","港灣道 Harbour Road",,"2345781796 1619220668","114.17194,22.280507 114.172032,22.28051"
"1064828767","tertiary","港灣道 Harbour Road",,"1014923294 5433421882 2345781796","114.17166,22.2805 114.1718936,22.2805066 114.17194,22.280507"
"1064828768","footway",,,"9779150925 5478192364 9779150924","114.1726651,22.2804812 114.1726528,22.2805523 114.172639,22.2806411"
"1064828769","footway","港灣道 Harbour Road",,"8916768790 5382734317 5382734318 9779150945 9779150946 9779150947","114.1707873,22.2803906 114.1709249,22.2804394 114.1711676,22.2803841 114.1716628,22.2803898 114.1720414,22.2804116 114.1723844,22.2804433"
"1064828770","footway",,,"9779150926 9779150947","114.1723862,22.2804098 114.1723844,22.2804433"
"1064828771","steps",,,"9779150927 9779150926","114.1723886,22.2803614 114.1723862,22.2804098"
"1064829202","footway","港灣道 Harbour Road",,"9743189452 9779150937 9779150938 9779150939 7044272470","114.1708962,22.2807232 114.171041,22.2806568 114.1712999,22.2805898 114.1716511,22.2805881 114.1718837,22.2805905"
"1085404660","pedestrian",,"no","7139511632 6966174162 9221220203 6966174163 6875521333 6875521334 6966174164 660414977 6875521335 6875521336 6875521337 6911176845 6911176849","114.1701532,22.2825685 114.1702011,22.2825657 114.1702365,22.2825642 114.1703756,22.2825584 114.1707197,22.2826211 114.1708532,22.2826798 114.1711455,22.2828529 114.1712913,22.282975 114.1715936,22.2834064 114.1717414,22.2836132 114.1718416,22.2837095 114.1719265,22.2837733 114.1719946,22.2837798"
"1093897806","footway",,,"10018628959 10018628960 10018628961 10018628963 10018628964 10018628962","114.1750337,22.2828491 114.175046,22.2827667 114.1753741,22.2828023 114.1753697,22.2828259 114.1753907,22.2828288 114.1753822,22.28289"
"1093897807","steps",,,"10018628968 10018628969","114.1743254,22.2833527 114.1743247,22.2834197"
"1093897808","footway",,,"10018628968 10018628970","114.1743254,22.2833527 114.1742856,22.2833521"
"1093897809","footway",,,"10018628969 10018628972 10607466494","114.1743247,22.2834197 114.17435,22.2834197 114.1743785,22.2834211"
"1093897810","pedestrian",,"no","11459376536 10026668386 10018688817 9364990917 10018688816 10018688815 10018688814 10018688813 10018688812 10018688811 10018688810 10018688733 10018688732 10018688731 10018745332","114.1804051,22.2839203 114.179486,22.2832386 114.1791207,22.2829687 114.1790024,22.2829243 114.1789383,22.2829141 114.1788136,22.2829116 114.1787063,22.2829178 114.1785561,22.2829514 114.1784957,22.2829737 114.1783603,22.2830544 114.1782959,22.283109 114.1782386,22.2831768 114.1782093,22.2831863 114.1781661,22.2831928 114.1780744,22.2831823"
"1093897811","footway",,,"10018628981 10018628982 10018628983 10018628984 10018628985 10018628989","114.1743182,22.2829805 114.174357,22.2829806 114.1743555,22.2830441 114.1743747,22.2830448 114.1743994,22.2829678 114.1744472,22.2829902"
"1093897812","steps",,,"10018628986 10018628987","114.174303,22.2832462 114.1743659,22.2832566"
"1093897813","steps",,,"10018628988 10018628975","114.1743062,22.2831738 114.1743717,22.2831774"
"1093897814","footway",,,"10018628996 10018628997 10018628960","114.1749474,22.2828388 114.1749588,22.2827551 114.175046,22.2827667"
"1093897821","footway",,,"8308187034 10026668410 10026668415 10026677518 11074427977","114.1763081,22.2828562 114.1762859,22.2827847 114.1763446,22.2824067 114.1763526,22.2823334 114.1763874,22.282301"
"1093897822","footway",,,"10228308269 10018688723 10228308256 10018688724 10228308268 10018688725","114.1760962,22.2829601 114.1761181,22.2829615 114.1762916,22.2829792 114.1763987,22.2829902 114.1764312,22.2830154 114.1764423,22.283024"
"1093897830","footway","鴻興道 Hung Hing Road",,"9365005259 9365005260 9365005261 9365005262 9365005266 10018688793","114.1800089,22.2821588 114.1800096,22.2821861 114.1799988,22.2822128 114.1799358,22.2822773 114.1799144,22.2822971 114.1798345,22.282497"
"1093897834","footway",,,"10018688876 10018688877 10018688878 10018688879 10018688880 10018688883 10018688881 10018688882 10026668407","114.1781798,22.2830632 114.1782288,22.2830384 114.1782529,22.2830124 114.1783025,22.2829236 114.1783414,22.2828827 114.1783737,22.2828536 114.1783957,22.2828337 114.1784447,22.2828021 114.1784773,22.2827932"
"1093897835","footway",,,"10018688883 10018688884","114.1783737,22.2828536 114.1782606,22.2827147"
"1093900382","footway",,,"10018745332 10018745333 10018745334 10018688884 10018745335","114.1780744,22.2831823 114.1781397,22.2829385 114.1782051,22.2827745 114.1782606,22.2827147 114.1783152,22.282602"
"1093901914","footway",,,"10018756120 10018756121","114.1747237,22.2828321 114.1747225,22.2827478"
"1093901915","footway",,,"10018628960 10018756122","114.175046,22.2827667 114.1750513,22.2827335"
"1093901916","footway",,,"10018756123 10026668396 10018756124","114.1758539,22.2829386 114.1758594,22.2829113 114.1758622,22.2828972"
"1093901917","footway",,,"10018756125 10018756126 10018756127 9743189502 10018756128 10018756129","114.1758105,22.2828687 114.1757908,22.2828661 114.1757962,22.2828397 114.1759864,22.2828588 114.1760126,22.2828618 114.1759994,22.2829536"
"1094738420","footway",,,"10026668387 10026668386 10189021035","114.1794446,22.2832562 114.179486,22.2832386 114.1797028,22.2831625"
"1094738421","footway",,,"9402070621 8308187035 8883895419 10026668394","114.1765454,22.2827387 114.1765268,22.2828792 114.1765023,22.2829814 114.1764932,22.2830262"
"1094738422","footway",,,"10018745332 10018688730 13197414336 10018688729 10018688728 9402070619","114.1780744,22.2831823 114.1779709,22.2831673 114.1779121,22.2831582 114.1778988,22.2831561 114.1772006,22.2829163 114.1771812,22.282963"
"1094738423","pedestrian",,"no","9385906303 9385906297 10026668390","114.1770166,22.2830431 114.1773547,22.2830851 114.1773871,22.2831418"
"1094738425","footway",,,"10228308269 10018628995 10018756129 8308187033 10018756123 10018628962 10018628959 10018628996 10018628994 10018628993 10018756120 10018628992 10018628991 10018628980 10018628979 10018628989 10018628978 10018628977 10018628976 9216170242 10018628975 10018628987 10018628973 10018628972 10018628974","114.1760962,22.2829601 114.1760131,22.282955 114.1759994,22.2829536 114.1759747,22.2829511 114.1758539,22.2829386 114.1753822,22.28289 114.1750337,22.2828491 114.1749474,22.2828388 114.1748516,22.2828269 114.1747483,22.2828274 114.1747237,22.2828321 114.1746959,22.2828374 114.1746228,22.2828595 114.1745427,22.2829058 114.174488,22.2829436 114.1744472,22.2829902 114.1744387,22.2829999 114.1743994,22.2830676 114.174384,22.2831139 114.1743737,22.2831656 114.1743717,22.2831774 114.1743659,22.2832566 114.1743539,22.2833819 114.17435,22.2834197 114.1743454,22.2834458"
"1094738426","footway",,,"5444446965 10189021034 10026668401 10018628974","114.1742788,22.2838259 114.1743201,22.283734 114.1743261,22.2836401 114.1743454,22.2834458"
"1094738427","pedestrian",,"no","10026668403 10018688801","114.1799452,22.2828894 114.1798032,22.2829015"
"1094738428","service",,"no","6298356589 10026668405 8688117863 9364962584 10026668404","114.1796749,22.2828864 114.1796832,22.2829218 114.1796964,22.2829574 114.1797003,22.2829742 114.1798139,22.2832095"
"1094738429","pedestrian","鴻興道 Hung Hing Road","no","10018688801 9364962582 9364962584 13197414337","114.1798032,22.2829015 114.1797554,22.2829493 114.1797003,22.2829742 114.1796588,22.2829853"
"1094738430","footway","鴻興道 Hung Hing Road",,"9366914762 5171400477 5171400481 5171400484 5171400476 8883838805 8688117872 9364962580 9364962581 10018688801","114.1802809,22.2823542 114.1801833,22.2823314 114.1801377,22.2823359 114.1800761,22.2823691 114.1800362,22.2824192 114.179998,22.2825083 114.1799811,22.2825499 114.1798826,22.2827862 114.1798484,22.2828431 114.1798032,22.2829015"
"1094738431","footway",,,"11074427977 10026677517 10026668416 10026668412 10026668411","114.1763874,22.282301 114.1764095,22.2823321 114.1763979,22.2824057 114.1763611,22.2826996 114.1763391,22.2828626"
"1113725270","footway",,,"13197414337 13197414338 10189021035","114.1796588,22.2829853 114.179691,22.283121 114.1797028,22.2831625"
"1114853885","tertiary","分域碼頭街 Fenwick Pier Street","yes","13390911163 10196681406 10196681407 7808553572","114.1703417,22.2808538 114.1704214,22.2808227 114.1705089,22.2808019 114.1705882,22.280794"
"1114853886","secondary",,"yes","7808553574 12420075453 11077814390 12420075454 7808553573 12420075455 7808553572","114.1705156,22.2806417 114.1705123,22.2806711 114.1705157,22.2807004 114.1705242,22.2807259 114.1705377,22.2807495 114.1705602,22.2807744 114.1705882,22.280794"
"1114855732","footway",,,"10196683832 2102320891","114.176349,22.2829638 114.1762942,22.2829577"
"1115547718","unclassified","博覽道 Expo Drive","yes","5391775425 5391775421 13390859288 6238179213 13390859287 9216165419 5391775422 5391775436 6238179212","114.1707605,22.2823738 114.1708823,22.2824298 114.1709539,22.2824697 114.1710015,22.282504 114.1710385,22.2825328 114.1710947,22.2825866 114.17111,22.2826 114.17125,22.28276 114.1713075,22.2828353"
"1118341905","footway",,"yes","10228308219 10228308218","114.1761459,22.2833267 114.1761567,22.2832206"
"1118341906","footway",,"yes","10228281016 10228281015","114.1763303,22.2833466 114.1763404,22.283243"
"1118341907","footway",,"yes","10228281015 10228308259","114.1763404,22.283243 114.176352,22.28311"
"1118341908","footway",,"yes","10228308218 10228308258","114.1761567,22.2832206 114.1761719,22.283094"
"1118341909","footway",,"yes","10228308217 7045790824 10228281016","114.1763248,22.2833903 114.1763278,22.2833667 114.1763303,22.2833466"
"1118341916","footway",,"yes","10228308220 7045790821 10228308219","114.1761405,22.2833716 114.1761438,22.2833445 114.1761459,22.2833267"
"1118341917","footway",,,"7045790824 3897533532","114.1763278,22.2833667 114.1763619,22.2833714"
"1118341918","footway",,"yes","10228308222 10228308220","114.1761246,22.283496 114.1761405,22.2833716"
"1118341919","footway",,"yes","10228308223 10228308221","114.1762908,22.2836621 114.1763134,22.2835034"
"1118341920","footway",,"yes","10228308224 10228308222","114.1761021,22.2836471 114.1761246,22.283496"
"1118341921","footway",,"yes","10228308221 10228308217","114.1763134,22.2835034 114.1763248,22.2833903"
"1118341922","footway",,,"3049050712 7045790821","114.176092,22.2833406 114.1761438,22.2833445"
"1118341923","footway",,,"10228308225 3897533533","114.1761861,22.283528 114.1761585,22.2837019"
"1118341926","footway",,,"10228308257 7045790825 7045790826 10228308225","114.1762663,22.2831024 114.1762373,22.2834297 114.1761923,22.2834893 114.1761861,22.283528"
"1118341927","footway",,,"10228308265 10228308254","114.1763015,22.2830757 114.1762992,22.2830953"
"1118341928","footway",,,"10228308255 10228308254","114.1762681,22.2830924 114.1762992,22.2830953"
"1118341929","footway",,,"10018688722 10018688723","114.1761188,22.2829876 114.1761181,22.2829615"
"1118341930","steps",,,"10228308264 10018688722","114.17616,22.2830426 114.1761188,22.2829876"
"1118341931","steps",,,"10228308267 10228308266","114.1764201,22.2830282 114.1763699,22.2830686"
"1118341932","footway",,,"10228308268 10228308267","114.1764312,22.2830154 114.1764201,22.2830282"
"1118341933","footway",,"yes","10228308258 10228308262","114.1761719,22.283094 114.1761765,22.2830627"
"1118341934","footway",,"yes","10228308259 10228308263","114.176352,22.28311 114.1763548,22.2830812"
"1118341935","footway",,"yes","10228308261 10228308260","114.1762265,22.2830679 114.1762231,22.2830985"
"1118341936","footway",,,"10228308266 10228308263 10228308265 10228308261 10228308262 10228308264","114.1763699,22.2830686 114.1763548,22.2830812 114.1763015,22.2830757 114.1762265,22.2830679 114.1761765,22.2830627 114.17616,22.2830426"
"1134395396","footway",,,"11083586899 11074427966 11083586876","114.1783237,22.2825821 114.1783379,22.2825454 114.1783529,22.2825072"
"1139255150","unclassified","運盛街 Wan Shing Street","yes","10618461288 9365005276 9365005277 9365005278 10618461285","114.1788211,22.2825266 114.1788345,22.2825627 114.1788401,22.2825836 114.1788486,22.2826058 114.178863,22.2826398"
"1139255151","unclassified","運盛街 Wan Shing Street","yes","8883905398 10618461287 10618461288","114.1788345,22.2824881 114.1788278,22.2825078 114.1788211,22.2825266"
"1139255152","trunk_link","鴻興道 Hung Hing Road","yes","10618461285 9366914747 7609214629","114.178863,22.2826398 114.1790764,22.2826814 114.1791987,22.2827143"
"1139255153","secondary","馬師道 Marsh Road","no","988059440 10618461293 1012751963","114.1785942,22.2816421 114.178542,22.2817373 114.1785103,22.2817971"
"1139255154","unclassified","鴻興道 Hung Hing Road","yes","10618461288 10618461286 10618461289 10618506103 10618506104 10618506102 11074427965 10618461297","114.1788211,22.2825266 114.1788014,22.282548 114.1787714,22.2825548 114.1787416,22.2825604 114.178677,22.2825536 114.1784101,22.282467 114.1783737,22.2824538 114.1783087,22.2824329"
"1139255155","secondary","馬師道 Marsh Road","yes","11083586871 6329262955 5184745469","114.1783029,22.2823092 114.1782933,22.282331 114.1782639,22.2824115"
"1139308356","secondary_link","龍達徑 Lung Tat Path","yes","5478192369 5689990594 10618842092","114.173464,22.2819451 114.1734764,22.2817267 114.1734787,22.2816441"
"1139308357","secondary_link",,"yes","2345781818 10618842081 10618842088 10618842096 5478192369","114.1735532,22.2821589 114.1735159,22.2821238 114.1734915,22.2820926 114.1734713,22.2820418 114.173464,22.2819451"
"1139308358","secondary_link","龍達徑 Lung Tat Path","yes","10618842090 11069332701 10618842091 10618842095 10618842093 10618842094 11069332698 11069332692 2345781806","114.1733551,22.2816348 114.1733535,22.2817309 114.1733493,22.2818301 114.1733495,22.2818977 114.1733461,22.2819651 114.1733305,22.2820448 114.1733124,22.282094 114.1732769,22.2821285 114.1732227,22.2821702"
"1139308359","unclassified","會議道 Convention Avenue","yes","10618842092 10618842090","114.1734787,22.2816441 114.1733551,22.2816348"
"1139308360","unclassified","會議道 Convention Avenue","yes","10618842090 7044325109","114.1733551,22.2816348 114.1724586,22.2815669"
"1139308361","secondary_link","龍達徑 Lung Tat Path","yes","5478192369 10618842098 10618842097 10618842089 10618842100","114.173464,22.2819451 114.1735082,22.2818855 114.1735296,22.2818607 114.1735675,22.2818231 114.1736088,22.2817848"
"1159916244","footway","會議道 Convention Avenue",,"9743189452 12122262270 12122262269 12122262268 12122262267 12122262266 9743189454 11152894580 10787183639 10787183642 10787183640 10787183641 10787183638","114.1708962,22.2807232 114.1708671,22.2807551 114.1708486,22.2807873 114.1708365,22.2808319 114.1708273,22.2808813 114.1708231,22.2809393 114.1708234,22.2809939 114.1708325,22.2810298 114.1708515,22.2810852 114.170875,22.2811251 114.1709102,22.2811715 114.1709624,22.2812233 114.1710238,22.2812712"
"1159916247","construction",,,"5542724656 5382735660 10787183657","114.171809,22.2800187 114.1718115,22.2799957 114.1719924,22.2800068"
"1159916248","secondary","菲林明道 Fleming Road","yes","9339975884 4475207933","114.1742203,22.2816086 114.1742128,22.2817693"
"1159916249","footway","會議道 Convention Avenue",,"10787183638 12122262265 12122262264 12122262263 12122262262 12122262261 12122262260 7044272453 10787183658 10787183659 10787183660 10787183661","114.1710238,22.2812712 114.1711012,22.2813103 114.1711914,22.2813577 114.1713029,22.2814052 114.1714001,22.2814326 114.1715203,22.281451 114.1716175,22.2814607 114.1717949,22.2814678 114.171903,22.2814779 114.1736783,22.2816172 114.1740835,22.2816265 114.1741294,22.2816264"
"1173572184","footway",,,"10904353471 10904353472","114.176052,22.282135 114.1760539,22.2821229"
"1184418780","service",,"yes","11001338526 11001338527 12128128172 11001338528 11152894585 11152894586 11001338529","114.1766218,22.280848 114.1765669,22.2807659 114.1765659,22.2807518 114.176565,22.2807402 114.1765837,22.2805251 114.1765917,22.2805157 114.1766073,22.2805116"
"1184418781","service",,"yes","11001338539 11001338529 11001338531 11001338532 11001338534","114.1766014,22.2805111 114.1766073,22.2805116 114.1766587,22.2805158 114.1766713,22.2805057 114.1767132,22.2800544"
"1184418782","service",,"yes","11001338530 12128128182 11152894587 11001338539","114.1765401,22.2805066 114.1765634,22.2805081 114.1765851,22.2805095 114.1766014,22.2805111"
"1184418783","service",,"yes","11001338536 12128128183 11001338537","114.1766415,22.2800498 114.176615,22.280048 114.1765843,22.280046"
"1193056442","footway",,,"9364935792 11083586869 6329262955 10618461298 11074427964","114.1781922,22.2823011 114.1782501,22.282318 114.1782933,22.282331 114.178336,22.2823433 114.1783762,22.2823561"
"1193056443","footway",,,"10018745335 11083586899","114.1783152,22.282602 114.1783237,22.2825821"
"1193056444","footway",,,"2102320886 11074427977","114.1763815,22.2823348 114.1763874,22.282301"
"1193056445","footway",,,"11074427977 11083586896","114.1763874,22.282301 114.1764069,22.2821205"
"1193056446","footway","杜老誌道 Tonnochy Road",,"11083615716 11074427992 11074427993 11074427994 11074427995","114.1770767,22.2810185 114.1770644,22.2810816 114.1767695,22.2819051 114.1767608,22.2819206 114.1767353,22.281938"
"1193056534","footway",,,"11074365847 2345781834 11074365848","114.1739673,22.2820638 114.1739733,22.2821215 114.1739815,22.282161"
"1193056535","footway",,,"11074365848 11074365849","114.1739815,22.282161 114.1739857,22.2822137"
"1193056536","footway",,,"11074365849 11074365850 5300400790","114.1739857,22.2822137 114.1739924,22.2822598 114.1740012,22.282323"
"1193439765","service",,"yes","8916768822 11077814366 11077814367 11077814368 11077814369 11077814370 11077814371 11077814372 11077814373 11077814374 11077814375 11077814376 11077814377 11077814378 11077814384 11077814379 11077814380 11077814381 11077814382 11077814383 8916768822","114.1697938,22.2807064 114.1696557,22.2806718 114.1695404,22.2806234 114.1695096,22.2805886 114.1693741,22.2805923 114.1693205,22.2805551 114.1693111,22.2805117 114.1695198,22.2803482 114.1699742,22.2798758 114.1700728,22.279772 114.1701908,22.2797162 114.1702673,22.2797025 114.1703491,22.2797336 114.1704014,22.2798453 114.1704334,22.2801308 114.170451,22.2803516 114.1704564,22.2804918 114.1702827,22.2806674 114.1701392,22.2807059 114.1700024,22.2807108 114.1697938,22.2807064"
"1193439766","service",,"yes","11077814384 11077814386 11077814385","114.1704334,22.2801308 114.1705226,22.280126 114.1705739,22.2801202"
"1194006674","unclassified","運盛街 Wan Shing Street","yes","6298356587 5064882180 3491397421 296890995 6084364513 3491397467 6084364512 296890998 9365010739","114.1800171,22.2820737 114.1796376,22.2817825 114.1794328,22.2816167 114.1793975,22.2815839 114.1793606,22.2815499 114.1793336,22.2815339 114.1793053,22.281528 114.1792846,22.2815262 114.1792584,22.2815299"
"1194006675","footway",,,"10018688887 9743189445","114.176596,22.2821255 114.1765884,22.2821549"
"1194006676","footway",,,"11083586850 9739092971 10018688887","114.1766123,22.2820358 114.1766014,22.2820925 114.176596,22.2821255"
"1194006677","footway",,,"11083586842 9728758482 11083586848","114.1766688,22.2819555 114.1766642,22.2819881 114.1766568,22.2820214"
"1194006678","footway",,,"9728758480 11083586842","114.1766701,22.2819426 114.1766688,22.2819555"
"1194006682","secondary_link",,"yes","10618461300 11083586870","114.1783237,22.2822565 114.1782592,22.2822955"
"1194006683","secondary","馬師道 Marsh Road","yes","10618461299 10618461300","114.1783422,22.2823217 114.1783237,22.2822565"
"1194006684","secondary","馬師道 Marsh Road","yes","10618461300 11083586871","114.1783237,22.2822565 114.1783029,22.2823092"
"1194006685","secondary","鴻興道 Hung Hing Road","yes","5184745469 11083586868","114.1782639,22.2824115 114.1782184,22.2823911"
"1194006686","unclassified","鴻興道 Hung Hing Road","yes","10618461297 5184745469","114.1783087,22.2824329 114.1782639,22.2824115"
"1194006687","secondary","馬師道 Marsh Road","yes","11083586864 5184745468","114.1782417,22.2824731 114.1782272,22.282509"
"1194006688","secondary_link",,"yes","11083586864 10618461297","114.1782417,22.2824731 114.1783087,22.2824329"
"1194006689","secondary_link",,"yes","4321307714 11083586861 11083586862","114.1780283,22.2824391 114.1780753,22.2824384 114.1781154,22.2824382"
"1194006690","secondary_link",,"yes","11083586862 11083586863 11083586864","114.1781154,22.2824382 114.1781496,22.2824481 114.1782417,22.2824731"
"1194006691","secondary","鴻興道 Hung Hing Road","yes","4321307714 11083586860 11083586859","114.1780283,22.2824391 114.1780695,22.2824575 114.1781006,22.28247"
"1194006692","secondary","鴻興道 Hung Hing Road","yes","10018745340 4321307712","114.1773232,22.2822479 114.1774299,22.2822657"
"1194006693","secondary_link",,"yes","11083586870 11083586869 11083586868","114.1782592,22.2822955 114.1782501,22.282318 114.1782184,22.2823911"
"1194006694","footway","杜老誌道 Tonnochy Road",,"11074427987 11074427988 11074427989 11074427990 11074427991 8916768763","114.1770044,22.2819506 114.1769717,22.2819233 114.1769573,22.2818879 114.1769506,22.2818521 114.1769698,22.2817632 114.1771667,22.2813179"
"1194006695","footway","馬師道 Marsh Road",,"9364935793 9364935790 9364935795 9364935791 11083586873 9364935792 11074427960","114.1787843,22.280754 114.1787715,22.2808719 114.1787697,22.280884 114.1787655,22.2808957 114.1782321,22.2822729 114.1781922,22.2823011 114.178174,22.2823081"
"1194006696","footway",,,"11083586874 9365005272","114.1783816,22.2824375 114.1783917,22.2824167"
"1194006697","footway",,,"11083586876 11083586875","114.1783529,22.2825072 114.178361,22.2824863"
"1194006698","footway",,,"11083586875 11074427965 11083586874","114.178361,22.2824863 114.1783737,22.2824538 114.1783816,22.2824375"
"1194006706","footway",,,"11083586902 11083586903","114.175345,22.2821338 114.1753199,22.2821347"
"1194006707","footway",,,"5456710831 11083586903 9743189441 9743189440 11083586904 9743439151","114.1753181,22.2821008 114.1753199,22.2821347 114.1753211,22.2821534 114.1756062,22.2821484 114.1756055,22.2821292 114.175603,22.2820956"
"1194006708","steps",,,"11083615705 5456710835","114.1754375,22.2821339 114.1755918,22.2821308"
"1194006710","footway","鴻興道 Hung Hing Road",,"11074427995 11074427996 9728758480 9728758474 9728758473","114.1767353,22.281938 114.176694,22.2819449 114.1766701,22.2819426 114.1764025,22.2819111 114.1762662,22.2818454"
"1194006711","footway",,,"2572367666 11083615708","114.1770591,22.280739 114.1770528,22.2807806"
"1194006712","steps",,,"11083615709 5070416203","114.1773,22.2810606 114.1773591,22.2809116"
"1194006713","footway",,,"11083615710 6901684840","114.1768241,22.2809885 114.176837,22.2809796"
"1194006714","footway",,,"11083615711 6901684832","114.1769593,22.2810046 114.1769613,22.2809884"
"1194006715","footway","港灣道 Harbour Road",,"11083615713 11152926269 11083615714 11083615712 11083615717 11083615710 11083615711 11083615716","114.175806,22.2808712 114.175885,22.2808774 114.175937,22.2808863 114.1760264,22.2809189 114.1767679,22.2809711 114.1768241,22.2809885 114.1769593,22.2810046 114.1770767,22.2810185"
"1194006716","secondary","杜老誌道 Tonnochy Road","yes","11083615718 4358976094","114.1769017,22.2818992 114.1768858,22.2818398"
"1194006717","secondary","杜老誌道 Tonnochy Road","yes","4358976094 11083615720","114.1768858,22.2818398 114.1768244,22.281894"
"1194667109","trunk_link","杜老誌道 Tonnochy Road","yes","7199810947 10558949609","114.1787719,22.2803467 114.1786459,22.2803334"
"1194667110","trunk","告士打道 Gloucester Road","yes","5086900403 587759016","114.1786998,22.2802542 114.178655,22.2802179"
"1194667111","trunk","告士打道 Gloucester Road","yes","11088584227 5086900403","114.1787846,22.2803204 114.1786998,22.2802542"
"1194667112","trunk","告士打道 Gloucester Road","yes","12319624338 11088584223","114.1784884,22.2801577 114.1783191,22.2801"
"1194667113","trunk_link","杜老誌道 Tonnochy Road","yes","10558949609 5086900404","114.1786459,22.2803334 114.1785823,22.2803105"
"1194667114","trunk_link","告士打道 Gloucester Road","yes","11088584226 7199810945","114.179358,22.2804252 114.178819,22.2802229"
"1194667115","trunk_link","杜老誌道 Tonnochy Road","yes","5086900404 2206265244","114.1785823,22.2803105 114.178174,22.2801652"
"1194667116","trunk","告士打道 Gloucester Road","yes","11088584225 11088736400 587759017","114.1789234,22.2803987 114.1788759,22.2803756 114.1788241,22.2803503"
"1194667117","trunk","告士打道 Gloucester Road","yes","587759141 11088736393 11088736392 11088584224","114.1793067,22.2806535 114.1792179,22.2805947 114.1791475,22.2805482 114.179036,22.2804744"
"1194667118","trunk_link","告士打道 Gloucester Road","yes","587759007 11088584226","114.17993,22.280639999999998 114.179358,22.2804252"
"1194686506","trunk","灣仔交匯處 Wan Chai Interchange","yes","11088736388 11088736390","114.1795613,22.281388 114.1796511,22.2815191"
"1194686509","trunk","灣仔交匯處 Wan Chai Interchange","yes","11088736390 1013426332","114.1796511,22.2815191 114.1796883,22.2815675"
"1194686510","trunk_link","灣仔交匯處 Wan Chai Interchange","yes","9813619414 9813619416 6233602195","114.1796091,22.2816162 114.1796568,22.2816452 114.1798353,22.2817544"
"1194686511","trunk","灣仔交匯處 Wan Chai Interchange","yes","6233602195 11088736391","114.1798353,22.2817544 114.18003589999999,22.2819255"
"1194686512","trunk","灣仔交匯處 Wan Chai Interchange","yes","1013426084 5070411584","114.1792346,22.2809129 114.1793004,22.2810087"
"1194686513","trunk","灣仔交匯處 Wan Chai Interchange","yes","1013426619 9813619415 1013426084","114.1791017,22.2807517 114.1791874,22.2808437 114.1792346,22.2809129"
"1194686514","trunk_link","灣仔交匯處 Wan Chai Interchange","yes","1013426619 3920060034 5070411586","114.1791017,22.2807517 114.1792491,22.2807991 114.1793476,22.2808477"
"1194686515","trunk","灣仔交匯處 Wan Chai Interchange","yes","11088736395 11088745808","114.1789143,22.280612 114.1789478,22.2806318"
"1194686516","trunk","灣仔交匯處 Wan Chai Interchange","yes","11088745808 11088736394 1013426619","114.1789478,22.2806318 114.1790414,22.2807009 114.1791017,22.2807517"
"1194686517","tertiary","馬師道 Marsh Road","yes","988059573 11088736398 8178068582 11088736396 296891216","114.1787946,22.2805476 114.1788141,22.2805944 114.1788355,22.2806456 114.1788446,22.2806659 114.1788629,22.2807072"
"1194686518","secondary","杜老誌道 Tonnochy Road","yes","1618530695 11088745811 988059862","114.1776105,22.280184 114.1776727,22.2801627 114.1777588,22.2801419"
"1194686519","trunk","告士打道 Gloucester Road","yes","11088745812 11088745810 988059862","114.1776463,22.2800848 114.1776945,22.2801065 114.1777588,22.2801419"
"1194686521","tertiary","杜老誌道 Tonnochy Road","yes","927570132 7199928264 2206265241","114.177332,22.2799619 114.1773611,22.2800263 114.1773736,22.280066"
"1194686522","trunk","告士打道 Gloucester Road","yes","1013426411 11088745812","114.1774334,22.2799968 114.1776463,22.2800848"
"1194686523","footway",,,"5530457283 11088745821","114.177295,22.2800918 114.1772693,22.2800868"
"1203088132","footway",,,"3683649295 11152894581 11152894582 11152894583 6970765459","114.1758923,22.2806438 114.1759016,22.2806442 114.175899,22.2806781 114.1758919,22.2806776 114.1758893,22.2806831"
"1203089394","path",,,"6970765444 11152926271","114.1746067,22.2808306 114.1745977,22.2808299"
"1203089395","path",,,"6970765444 11152926272 11152926273 11152926274","114.1746067,22.2808306 114.1746087,22.2808309 114.1746091,22.2808268 114.1746035,22.280826"
"1203478442","secondary","菲林明道 Fleming Road","yes","297187779 11155905458","114.1744653,22.2811945 114.1744792,22.2810228"
"1203478443","tertiary","港灣道 Harbour Road",,"6875531786 5433421853","114.1731385,22.2805899 114.1732151,22.2805966"
"1203478444","tertiary","港灣道 Harbour Road",,"5433421853 5433421845","114.1732151,22.2805966 114.173721,22.2806338"
"1203478445","tertiary","港灣道 Harbour Road",,"9748981197 9779150950 6875531786","114.1729974,22.2805792 114.1730894,22.2805864 114.1731385,22.2805899"
"1204893003","footway",,,"8916755095 10962872874","114.1793223,22.2801269 114.179433,22.2798793"
"1205283526","secondary","菲林明道 Fleming Road","yes","297187780 296893670 11170211548","114.1745301,22.2805749 114.1745571,22.2805408 114.1746175,22.2799799"
"1215855369","trunk_link","灣仔交匯處 Wan Chai Interchange","yes","6233602198 9813619414","114.1795564,22.2815629 114.1796091,22.2816162"
"1222711769","residential","港灣徑 Harbour Drive","yes","11001338530 3683649292 11341043711 12128128171 3920060245","114.1765401,22.2805066 114.1765274,22.280642 114.1765174,22.2807405 114.1765166,22.2807479 114.1765072,22.2808405"
"1222711771","service",,"yes","11001338534 11001338535 11001338536","114.1767132,22.2800544 114.1766624,22.280051 114.1766415,22.2800498"
"1222711772","service",,,"11001338534 11341043712","114.1767132,22.2800544 114.1768105,22.2800599"
"1224451682","motorway_link","中環及灣仔繞道 Central–Wan Chai Bypass","yes","11355665902 8424464824","114.1707838,22.2823075 114.1708472,22.2823061"
"1224451683","unclassified","博覽道 Expo Drive","yes","5391761320 5391775425","114.1705784,22.2823321 114.1707605,22.2823738"
"1224451684","tertiary","博覽道 Expo Drive","yes","11355665900 5542724677 7139511631 11355665901","114.169864,22.2823445 114.169995,22.282332 114.1701528,22.2823258 114.1703565,22.2823288"
"1224451685","tertiary","博覽道 Expo Drive","yes","11355665901 5391761320","114.1703565,22.2823288 114.1705784,22.2823321"
"1224451686","motorway_link","中環及灣仔繞道 Central–Wan Chai Bypass","yes","5391761320 11355665902","114.1705784,22.2823321 114.1707838,22.2823075"
"1224451687","motorway_link","中環及灣仔繞道 Central–Wan Chai Bypass","yes","11355665903 6738547929","114.171505,22.2823118 114.1719937,22.2823411"
"1224451688","motorway_link","中環及灣仔繞道 Central–Wan Chai Bypass","yes","5433421868 11355665903","114.1711749,22.2822919 114.171505,22.2823118"
"1224451689","motorway_link","中環及灣仔繞道 Central–Wan Chai Bypass","yes","5433421867 11355665910 13390838893 5433421868","114.1707199,22.2821974 114.1708806,22.2822413 114.1710225,22.2822722 114.1711749,22.2822919"
"1224451690","secondary","龍和道 Lung Wo Road","yes","11355665905 11355665899 9339682875 11355665907","114.1693251,22.2822577 114.169831,22.2822299 114.1699568,22.2822238 114.1703912,22.2822058"
"1224451691","secondary","龍和道 Lung Wo Road","yes","11355665907 5433421867","114.1703912,22.2822058 114.1707199,22.2821974"
"1224451694","tertiary","博覽道 Expo Drive","yes","5010367146 9681896733","114.1723072,22.283651 114.172813,22.2836854"
"1224451695","tertiary","博覽道 Expo Drive","yes","9681896742 9339975868 2345781759","114.1732085,22.2837126 114.1736399,22.283742 114.1739285,22.2837633"
"1224451697","motorway_link","中環灣仔繞道 Central–Wan Chai Bypass","yes","6972811390 11069332687","114.172147,22.2819637 114.1717813,22.2818883"
"1224451698","motorway_link","中環及灣仔繞道 Central–Wan Chai Bypass","yes","6972811390 11069332695","114.172147,22.2819637 114.1717715,22.2819677"
"1224451699","motorway_link","中環及灣仔繞道 Central–Wan Chai Bypass","yes","9332036483 13390838890 13390838892 13390838891 7129114414","114.1715234,22.2819744 114.1712497,22.2819953 114.1711597,22.2820136 114.1710601,22.2820398 114.1709535,22.2820731"
"1224451700","secondary","龍和道 Lung Wo Road","yes","5390065238 7129114414","114.1715408,22.2820599 114.1709535,22.2820731"
"1224451701","unclassified","會議道 Convention Avenue","yes","5433421862 11355665917","114.1736741,22.2816589 114.1736195,22.2816548"
"1224451702","secondary","龍和道 Lung Wo Road","yes","2345781818 11069332691 2345781806","114.1735532,22.2821589 114.1734152,22.282168 114.1732227,22.2821702"
"1224451703","secondary","龍和道 Lung Wo Road","yes","4475207941 2345781818","114.1736239,22.2821573 114.1735532,22.2821589"
"1227974127","tertiary","博覽道東 Expo Drive East","yes","5542724704 5542724690 5542724691 6837819181 5542724697 5098657623","114.1741629,22.2837623 114.1741701,22.2837481 114.1741739,22.2837316 114.1741734,22.2837142 114.174167,22.283695 114.1741572,22.2836804"
"1227974128","tertiary","博覽道東 Expo Drive East","yes","5542724689 6641207747 5542724704","114.1741366,22.2837862 114.174151,22.283776 114.1741629,22.2837623"
"1227974129","tertiary","博覽道東 Expo Drive East","yes","5542724701 5542724694 3569722807","114.1740377,22.2837695 114.1740504,22.2837811 114.1740669,22.2837902"
"1227974130","tertiary","博覽道東 Expo Drive East","yes","5542724702 5542724687 5542724688 5542724692 5542724693 5542724701","114.174033,22.2836867 114.1740252,22.2837013 114.174021,22.2837195 114.174022,22.2837379 114.174027,22.2837531 114.1740377,22.2837695"
"1230632522","steps",,,"11412781266 11412781265 8916269793","114.1739723,22.2846783 114.1738946,22.2846783 114.1738947,22.2846866"
"1230632523","footway",,,"11412781266 11412781267 11412781264","114.1739723,22.2846783 114.1740037,22.2846689 114.1740041,22.2846515"
"1269302901","service",,,"11789598172 11789598173 11789598174","114.1789048,22.2822912 114.1789373,22.2823016 114.1789844,22.2823166"
"1276493489","path",,,"11850784512 11850784513","114.1772918,22.2801048 114.1773276,22.2801136"
"1276493490","path",,,"11850784514 11850784515 11850784516 11850784517","114.1773249,22.2801157 114.1773202,22.2801307 114.1772012,22.2800986 114.1772143,22.2800593"
"1278517154","tertiary","港灣道 Harbour Road","no","11869115861 11869115866","114.1754166,22.2807597 114.1758886,22.2807947"
"1278517155","tertiary","港灣道 Harbour Road","no","11869115862 11869115853 11869115861","114.1750218,22.2807304 114.175127,22.2807382 114.1754166,22.2807597"
"1278517156","tertiary","港灣道 Harbour Road","no","3920060241 9221275772 4121442690 11869115862","114.1745152,22.2806933 114.1746168,22.280701 114.1746604,22.2807036 114.1750218,22.2807304"
"1278517157","footway",,,"490736534 6970765438 490736062 11869167671","114.1745941,22.2810311 114.1746141,22.2810315 114.174603,22.281189 114.1745998,22.2812205"
"1278517158","footway",,,"11869115868 7808553565","114.175419,22.2812793 114.1754191,22.281247"
"1308952159","footway",,,"12121600936 12121600937","114.1736627,22.2826474 114.1724927,22.2825518"
"1308952160","footway","龍達徑 Lung Tat Path",,"12121600938 12121600939 12121600940 12121600941 12121600942 12121600943 12121600944 12121600945 12121600950 12121600951 12121600952 12121600953 12121600954 12121600955 12121600949","114.1741255,22.2818015 114.1741098,22.2817742 114.1740917,22.2817643 114.1737638,22.2817605 114.1737074,22.2817661 114.1736739,22.2817773 114.173633,22.2818058 114.1735653,22.2818635 114.1735198,22.2819176 114.1735047,22.2819496 114.1734994,22.2819897 114.1734994,22.2820216 114.1735083,22.2820478 114.1735233,22.2820757 114.1735463,22.2820953"
"1309040890","footway","龍景街 Lung King Street",,"8916768795 12122262232 12122262233 12122262234 12122262236 12122262237 12122262238 13390911127 12122262239 12122262243 12122262242 12122262244","114.1697619,22.2810228 114.1698258,22.2810809 114.1698685,22.281142 114.1699025,22.281228 114.1699107,22.2813127 114.1699105,22.2813935 114.1698938,22.281499 114.1698671,22.2815237 114.1698224,22.2815494 114.1698164,22.2816074 114.1698116,22.2816601 114.1703876,22.281701"
"1309040891","footway",,,"12122262245 12122262244","114.1703982,22.2819568 114.1703876,22.281701"
"1309040892","footway","龍景街 Lung King Street",,"12122262246 12122262247 12122262248 12122262249 12122262250 12122262251 12122262252 12122262253 12122262254 12122262255 12122262256","114.1699849,22.2815783 114.1699964,22.2815898 114.1707547,22.2816422 114.1708113,22.2816357 114.1708511,22.2816217 114.1708803,22.2816013 114.1709016,22.2815718 114.1709157,22.2815366 114.170921,22.2814997 114.1708879,22.281372 114.1708594,22.2813232"
"1309040893","footway","會議道 Convention Avenue",,"6875531831 13390911147 13390911146 12122262257 12122262258 12122262259 12122262256","114.170503,22.28096 114.1705616,22.2809857 114.1706245,22.2810221 114.17069,22.2810777 114.1707392,22.2811371 114.1707643,22.2811749 114.1708594,22.2813232"
"1309901649","footway",,,"11152894582 11152894584","114.175899,22.2806781 114.1758956,22.2807004"
"1309901650","footway","港灣徑 Harbour Drive",,"12128128181 12128128182 12128128183 12128128184 12128128185 12128128186","114.176541,22.2807498 114.1765634,22.2805081 114.176615,22.280048 114.1766208,22.2799804 114.1766224,22.2799451 114.1766236,22.2799051"
"1309901654","footway","博覽道中 Expo Drive Central",,"9216165423 9216165424 9216165425 988059581","114.1718968,22.2826641 114.1719453,22.2826368 114.1720248,22.2826246 114.1721879,22.2826394"
"1313727069","unclassified","博覽道 Expo Drive","yes","5444446921 9681836905","114.1721611,22.2836575 114.172209,22.2836578"
"1331491457","trunk","告士打道 Gloucester Road","yes","587759016 12319624338","114.178655,22.2802179 114.1784884,22.2801577"
"1338632001","footway",,,"8688117824 12382495728 12382495729 12382495730 12382495731 12382495732 12382495733 12382495734 12382495735 12382495736 12382495737 12382495738 12382495739 12382495740 12382495741 10189021035","114.1803638,22.2839661 114.1805798,22.2841293 114.180722,22.2842406 114.1807898,22.2842872 114.1808358,22.2842973 114.1808905,22.2842852 114.1809189,22.284269 114.180951,22.2842404 114.1809648,22.2841941 114.1809627,22.2841576 114.1809517,22.284103 114.1809233,22.2840665 114.1799979,22.283354 114.1799563,22.2833175 114.1798404,22.2832366 114.1797028,22.2831625"
"1418316527","construction",,,"13033834196 13390859260 13390859264 13033834197 13033834198 13033836601 13390859266 13390859267 13033834200 13033834199 13033836602","114.1715947,22.2814792 114.1714348,22.2820922 114.1714384,22.2822352 114.1714263,22.2823993 114.1713918,22.2825415 114.1713094,22.2826654 114.1712649,22.2827138 114.171209,22.28274 114.1711521,22.2827462 114.1710634,22.2827237 114.1708407,22.2825896"
"1435853575","footway",,,"8481460322 6875531827","114.1721622,22.2842955 114.1722478,22.284267"
"1435853576","footway",,,"6875531825 6875531826 8478033977 8481460322","114.1720903,22.2843347 114.1721288,22.2843068 114.1721573,22.2842972 114.1721622,22.2842955"
"1435853577","footway",,,"10026668387 9366914746 8688117824","114.1794446,22.2832562 114.1795865,22.2833687 114.1803638,22.2839661"
"1435853578","footway",,,"9385906302 10018745332","114.1779967,22.2832076 114.1780744,22.2831823"
"1435853579","footway",,,"10018688733 9364962599","114.1782386,22.2831768 114.178262,22.2831858"
"1460059166","construction",,,"13390859260 13390859261 13390859265 13390859262","114.1714348,22.2820922 114.1713167,22.2815768 114.1713188,22.2814992 114.1713392,22.2814336"
"1460059168","unclassified","博覽道 Expo Drive","yes","6238179221 13390859277 13390859278 13390859279 13390859280 13390859281 13390859289 13390859282 13390859283 13390859284 13390859285 13390859286 13390859287","114.1718706,22.2826418 114.1717174,22.2825269 114.1716317,22.2824586 114.1715829,22.2824267 114.171537,22.2824046 114.1714844,22.2823909 114.1713289,22.2823838 114.1712712,22.2823864 114.1712103,22.2823993 114.1711567,22.2824233 114.1711113,22.282456 114.1710717,22.2824989 114.1710385,22.2825328"
"1460204990","secondary","分域碼頭街 Fenwick Pier Street","yes","9332036476 10196681409 490730220","114.1703024,22.2807953 114.1702182,22.2808413 114.1701665,22.2808634"
"1460204991","tertiary","分域碼頭街 Fenwick Pier Street","yes","490730220 11077814389 13390911163","114.1701665,22.2808634 114.1702276,22.2808633 114.1703417,22.2808538"
"1460204992","tertiary","港灣道 Harbour Road","yes","274241647 11077814387","114.17098,22.28059 114.1708984,22.2805729"
"1460204993","tertiary","港灣道 Harbour Road","yes","9332036479 274241647","114.1709172,22.2806358 114.17098,22.28059"
"1499066516","service",,"yes","9365010731 9365010732","114.1789418,22.2818164 114.1787592,22.2817592"
"1499066517","service",,"yes","9365010729 13727770125 9365010730 9365010731","114.1790663,22.2818567 114.1790346,22.2818464 114.1790265,22.2818438 114.1789418,22.2818164"
"1499066518","unclassified","鴻興道 Hung Hing Road","yes","3226540308 10618461301","114.1788043,22.2826476 114.1788637,22.28268"
"1499066519","unclassified","運盛街 Wan Shing Street","yes","8178068581 8883905398","114.1788504,22.2824463 114.1788345,22.2824881"
"1499066520","unclassified","運盛街 Wan Shing Street","yes","13727770114 9365010729","114.1790934,22.2817885 114.1790663,22.2818567"
"1499066521","unclassified","運盛街 Wan Shing Street","yes","9365010729 9365005289 10618461296","114.1790663,22.2818567 114.1790525,22.2818914 114.1790269,22.281963"
"1499066522","unclassified","運盛街 Wan Shing Street","yes","13727770124 13727770114","114.1791059,22.2817568 114.1790934,22.2817885"
"1499066523","unclassified","運盛街 Wan Shing Street","yes","10618461296 9365005282","114.1790269,22.281963 114.1789656,22.2821294"
"1499066524","unclassified","運盛街 Wan Shing Street","yes","13727770115 11789598172 8178068581","114.1789521,22.2821654 114.1789048,22.2822912 114.1788504,22.2824463"
"1499066525","unclassified","運盛街 Wan Shing Street","yes","9365005282 13727770115","114.1789656,22.2821294 114.1789521,22.2821654"
"1499066528","unclassified","運盈街 Wan Ying Street","yes","9365010735 10618461290 10618461291 10618461292 1012751963","114.1786835,22.2818581 114.1786088,22.2818321 114.1785877,22.2818252 114.1785648,22.2818174 114.1785103,22.2817971"
"1555136555","footway",,,"2572367672 14148863016","114.1770206,22.2809915 114.1770133,22.2810413"
