"id","latitude","longitude","name"
"4309256","22.2841297","114.173177",
"24355878","22.2842865","114.1755856",
"24355880","22.2853574","114.1753005",
"24355883","22.2868176","114.173877",
"24355886","22.2895002","114.1698966",
"24355890","22.2917","114.1681794",
"24355891","22.2927206","114.1681273",
"32899261","22.2823728","114.1759207",
"32899264","22.2823282","114.1756453",
"32899266","22.2837846","114.1743536",
"32899267","22.2842975","114.1745542",
"32899268","22.2843851","114.1746329",
"32899269","22.2850317","114.1741477",
"32899270","22.2846867","114.1742453",
"32899271","22.2846866","114.1736212",
"32899272","22.2848061","114.1733703",
"32899273","22.2848491","114.1731945",
"32899274","22.2848105","114.172568",
"32899275","22.2846786","114.1722901",
"32899276","22.2843294","114.1720197",
"32899277","22.2843034","114.1720622",
"32899278","22.2838256","114.1719101",
"32946762","22.2851832","114.1742965",
"32946770","22.2851069","114.1744233",
"32946786","22.2832637","114.1799388",
"32946788","22.2825133","114.1802444",
"32946789","22.2848159","114.1825578",
"32946790","22.2846506","114.1820082",
"32946791","22.2838507","114.1818354",
"32946792","22.2832169","114.1818845",
"32946814","22.2853","114.1824121",
"232221507","22.2828493","114.1761878",
"232221509","22.2828415","114.1761195",
"232221512","22.28305","114.1761247",
"243845374","22.2806787","114.1743027",
"252188875","22.2801782","114.1790041",
"262119924","22.2802594","114.1693254",
"262119925","22.281409","114.1701824",
"262119926","22.2822079","114.1705288",
"262119927","22.2845925","114.171405",
"262119929","22.2937911","114.172431",
"262119930","22.2951896","114.1723252",
"271053039","22.2812734","114.1709294",
"271053040","22.2814996","114.1714779",
"271053041","22.2820221","114.175658",
"271053046","22.2844025","114.1723424",
"271053047","22.2846122","114.1727855",
"271053048","22.2845607","114.1733226",
"271053049","22.284428","114.1736209",
"271053050","22.2840859","114.1739336",
"274241647","22.28059","114.17098",
"274241648","22.2806632","114.1741078",
"274241784","22.2803543","114.1706098",
"274241785","22.28021","114.17059",
"288361286","22.2797924","114.1792955",
"289666937","22.2807406","114.1805236",
"290329792","22.2835112","114.1721921",
"290330131","22.2827012","114.1723069",
"290330134","22.2828612","114.172204",
"290330135","22.2834084","114.1721863",
"290330137","22.2842574","114.1725652",
"290330140","22.2842603","114.1733349",
"290330144","22.2831364","114.1738513",
"290330225","22.2847033","114.1728954",
"290330226","22.284177","114.1734635",
"290330229","22.2823022","114.1734171",
"290330267","22.2836312","114.1737909",
"290330270","22.2830029","114.1738306",
"290330271","22.2820596","114.1724037",
"290330312","22.2837927","114.1741207",
"290330442","22.2839572","114.1742375","灣仔 (會展新翼) Wan Chai (HKCEC Extension)"
"290330455","22.281829","114.1745525",
"290330515","22.2822693","114.1738973",
"290330622","22.28271","114.17382",
"290330686","22.2836817","114.1760536",
"290330940","22.281868","114.1762892",
"290330941","22.2812994","114.1760208",
"290330942","22.2813343","114.1764539",
"290330943","22.2819292","114.1767654",
"290331038","22.280908","114.1739665",
"290331039","22.281602","114.1739096",
"293111671","22.28031","114.17913",
"293111672","22.2812839","114.1787324",
"293111739","22.279743","114.17755",
"293398231","22.2808677","114.1699975",
"296890518","22.2802866","114.1775784",
"296890519","22.2802412","114.177656",
"296890523","22.2807553","114.1787695",
"296890524","22.2808828","114.1787581",
"296890525","22.2822696","114.1782162",
"296890528","22.282038","114.1773301",
"296890995","22.2815839","114.1793975",
"296890998","22.2815262","114.1792846",
"296891000","22.28159","114.1791721",
"296891002","22.2819259","114.1789083",
"296891004","22.2826188","114.1786004",
"296891216","22.2807072","114.1788629",
"296891352","22.2818247","114.1787358",
"296893617","22.2826172","114.1790801",
"296893618","22.282757","114.1796421",
"296893619","22.2821431","114.1799612",
"296893621","22.2826618","114.1797537",
"296893670","22.2805408","114.1745571",
"296894100","22.2805839","114.1749877",
"296894101","22.2801692","114.1750221",
"296894102","22.2802402","114.1759591",
"296894103","22.2806549","114.1759247",
"297187501","22.2819697","114.1744218",
"297187779","22.2811945","114.1744653",
"297187780","22.2805749","114.1745301",
"297187972","22.280229","114.1736207",
"297187974","22.2797439","114.1734258",
"297188385","22.2800925","114.1721586",
"297188387","22.2802835","114.1726458",
"297188443","22.2801275","114.1726586",
"297188521","22.2802485","114.1721458",
"297188705","22.28127","114.1759215",
"297188706","22.28093","114.17595",
"297188707","22.2809733","114.176552",
"297188708","22.2813133","114.1765235",
"308229442","22.2831959","114.1721656",
"384397324","22.2806947","114.1759625",
"384399874","22.2802228","114.1760013",
"384399877","22.2801528","114.1749861",
"384399879","22.2798223","114.1750127",
"490730220","22.2808634","114.1701665",
"490730452","22.2808673","114.1700906",
"490730775","22.2805","114.170693",
"490731504","22.2805066","114.1705575",
"490732745","22.2816","114.1704808",
"490732859","22.2814184","114.1718356",
"490732863","22.2806224","114.1719119",
"490732866","22.2806765","114.1710749",
"490732869","22.2808411","114.1708659",
"490732873","22.2810831","114.1709168",
"490732875","22.2814101","114.1715731",
"490733333","22.2807377","114.1708035",
"490735463","22.28128","114.17587",
"490735609","22.2816175","114.1744023",
"490736062","22.281189","114.174603",
"490736063","22.2808111","114.1746349",
"490736076","22.280883","114.175882",
"490736079","22.28131","114.175846",
"490736314","22.281164","114.1746542",
"490736316","22.2808586","114.1746815",
"490736317","22.2808916","114.1751119",
"490736318","22.281197","114.1750846",
"490736470","22.281215","114.1753659",
"490736471","22.2809096","114.1753932",
"490736473","22.2809425","114.1758236",
"490736474","22.281248","114.1757963",
"490736534","22.2810311","114.1745941",
"490736536","22.2808002","114.1747367",
"490737235","22.2806985","114.1737373",
"490737301","22.2809754","114.173961",
"490737514","22.2804792","114.1737848",
"587640069","22.2822549","114.1800206",
"587640071","22.2822375","114.1800481",
"587640073","22.2822226","114.1800807",
"587640076","22.2822768","114.1808591",
"587758989","22.2808","114.18042",
"587758999","22.280793","114.18035",
"587759007","22.28064","114.17993",
"587759016","22.2802179","114.178655",
"587759017","22.2803503","114.1788241",
"587759019","22.2814091","114.1793663",
"587759063","22.2807507","114.1790727",
"587759065","22.2812648","114.1791435",
"587759066","22.281158","114.1790535",
"587759069","22.2809259","114.1790063",
"587759077","22.2813012","114.1791949",
"587759082","22.2803105","114.1782146",
"587759102","22.2811227","114.1815139",
"587759103","22.2807124","114.1804448",
"587759141","22.2806535","114.1793067",
"595726758","22.2834711","114.1822468",
"595726762","22.2825567","114.1783743",
"629118678","22.28004","114.17968","喜記避風塘炒辣蟹 Hee Kee Fried Crab Expert Ltd"
"629118683","22.2801996","114.1798439",
"629118684","22.2801083","114.1796021",
"629118685","22.2799888","114.1796548",
"629118686","22.2800801","114.1798966",
"660414976","22.2832482","114.1715809",
"660414977","22.282975","114.1712913",
"660414981","22.2824069","114.1701484",
"660414985","22.283","114.174481",
"660414986","22.28295","114.17454",
"660414987","22.28292","114.17459",
"660414988","22.2828933","114.1746455",
"660414990","22.2828772","114.1747056",
"660414991","22.2828676","114.1747822",
"660414992","22.2828752","114.1749098",
"660414994","22.28307","114.17443",
"660414995","22.2826796","114.1750069",
"660414996","22.2831673","114.1743958",
"660414998","22.282263","114.1744664",
"927570106","22.2801554","114.1772791",
"927570113","22.2807141","114.1767982",
"927570116","22.2819669","114.1770754",
"927570119","22.2814956","114.1724992",
"927570121","22.2823017","114.1781432",
"927570123","22.2804071","114.1781267",
"927570124","22.2815822","114.1736255",
"927570130","22.28207","114.1735854",
"927570132","22.2799619","114.177332",
"988059440","22.2816421","114.1785942",
"988059529","22.2828596","114.1719736",
"988059530","22.2836796","114.1739371",
"988059564","22.2827438","114.172245",
"988059573","22.2805476","114.1787946",
"988059581","22.2826394","114.1721879",
"988059599","22.2826763","114.1722608",
"988059708","22.2836845","114.1739837",
"988059765","22.2802585","114.177419",
"988059781","22.2833408","114.172132",
"988059796","22.283037","114.1719534",
"988059829","22.2827035","114.1720849",
"988059852","22.2825882","114.1722612",
"988059862","22.2801419","114.1777588",
"988059870","22.2807857","114.1788603",
"988059879","22.2802164","114.1774434",
"988470357","22.2825945","114.172313",
"990625804","22.2844287","114.1720052",
"1002550703","22.2802","114.1790689",
"1002550706","22.2801612","114.179231",
"1002550719","22.2801085","114.1791499",
"1002550745","22.2801363","114.1791595",
"1002550756","22.2798261","114.1793439",
"1002550762","22.280156","114.1791794",
"1002550773","22.2802241","114.1792369",
"1002550791","22.2798375","114.1794043",
"1002550793","22.2801653","114.1792059",
"1002550813","22.2802636","114.1792395",
"1002550815","22.2801481","114.1792548",
"1012751963","22.2817971","114.1785103",
"1013426084","22.2809129","114.1792346",
"1013426332","22.2815675","114.1796883",
"1013426411","22.2799968","114.1774334",
"1013426619","22.2807517","114.1791017",
"1014923289","22.2822684","114.1807162",
"1014923294","22.2805","114.17166",
"1014923303","22.2816158","114.1785334",
"1014923353","22.2800727","114.1779232",
"1017194402","22.2793838","114.1775895",
"1025308386","22.2839678","114.1741952",
"1025308410","22.2844114","114.1740326",
"1025308422","22.2838754","114.1741721",
"1025308436","22.2826709","114.1742354",
"1025308455","22.2843089","114.1741824",
"1025308464","22.2823433","114.1740412",
"1025308502","22.2826113","114.1740712",
"1025308504","22.2840228","114.1742007",
"1025308538","22.2842597","114.1741887",
"1029866839","22.281219","114.174579",
"1029866928","22.2820277","114.1745491",
"1029866978","22.280792","114.174615",
"1044679957","22.2823198","114.1799608",
"1121975086","22.280246","114.1735445",
"1121975111","22.2798555","114.1733425",
"1163406724","22.2840161","114.1818295",
"1163406728","22.2840148","114.1817839",
"1163406731","22.2838507","114.1817803",
"1163406734","22.2840204","114.1818543",
"1163406736","22.2846879","114.1820581",
"1163406740","22.2845125","114.1818798",
"1163406744","22.2845998","114.1819591",
"1235363283","22.2800145","114.172165",
"1235363284","22.2800691","114.1764207",
"1235363285","22.2801993","114.1762279",
"1235363287","22.2811883","114.173784",
"1235363289","22.2803252","114.1762143",
"1235363290","22.2812178","114.173941",
"1235363292","22.2803172","114.1761082",
"1235363295","22.280085","114.1762373",
"1235363299","22.2805315","114.1761954",
"1235363301","22.2804106","114.1761609",
"1235363303","22.2800282","114.1764246",
"1235363305","22.2801958","114.1761803",
"1235363307","22.279952","114.17665",
"1235363309","22.2799753","114.1763478",
"1235363310","22.2806554","114.1762646",
"1235363312","22.2806733","114.175988",
"1235363314","22.2808187","114.1719311",
"1235363316","22.2803141","114.1760668",
"1235363318","22.2805444","114.176376",
"1235363319","22.2804377","114.1766924",
"1235363321","22.2814116","114.1725065",
"1235363324","22.2803693","114.171966",
"1235363325","22.2802356","114.1761066",
"1235363327","22.2799668","114.1714774",
"1235363328","22.280141","114.1763821",
"1235363331","22.2806188","114.176268",
"1235363335","22.280487","114.1762791",
"1235363341","22.2805013","114.17638",
"1235363343","22.280245","114.1720958",
"1235363344","22.2806085","114.1762205",
"1235363346","22.2804143","114.1762101",
"1235363347","22.2807313","114.1735866",
"1235363349","22.280058","114.176278",
"1235363350","22.2796918","114.1706188",
"1235363351","22.28062","114.1763694",
"1235363352","22.2800156","114.1762751",
"1235363354","22.280837","114.1726873",
"1235363356","22.2804507","114.1762825",
"1235363358","22.2800495","114.172665",
"1235363359","22.2801804","114.1763128",
"1235363360","22.2804063","114.1760926",
"1235363363","22.2800256","114.1763923",
"1235363366","22.280288","114.1762173",
"1235363369","22.2800257","114.1716219",
"1235363371","22.2802332","114.1760738",
"1235363372","22.2813044","114.1737724",
"1235363374","22.280287","114.1726958",
"1235363375","22.2805346","114.1762335",
"1235363377","22.2804098","114.1761395",
"1235363381","22.280013","114.1762433",
"1235363382","22.2802332","114.1761771",
"1235363384","22.2815586","114.1732883",
"1235363386","22.2801819","114.1763292",
"1235363388","22.2802906","114.1762524",
"1235363389","22.281366","114.1739289",
"1235363391","22.2807056","114.1764204",
"1235363392","22.2803574","114.1760631",
"1235363394","22.2807531","114.1726946",
"1235363396","22.2805783","114.1763733",
"1235363397","22.2801647","114.1767395",
"1235363400","22.2807447","114.1771193",
"1235363401","22.2800316","114.1719936",
"1235363402","22.2801438","114.1763327",
"1235363404","22.2802316","114.1761553",
"1235363408","22.2800964","114.1763814",
"1235363409","22.2806205","114.1762902",
"1235363412","22.2800881","114.1762753",
"1235363417","22.2803599","114.1760966",
"1235363420","22.2804986","114.1763466",
"1235363422","22.2798124","114.1734042",
"1235363423","22.2813209","114.1724231",
"1235363425","22.2805672","114.1762311",
"1235363427","22.2800043","114.1713159",
"1235363428","22.2803682","114.1762141",
"1235363430","22.2800418","114.1706562",
"1235363431","22.2806148","114.1713138",
"1235363433","22.2806565","114.1762868",
"1235363435","22.2814106","114.1733911",
"1235363437","22.2801304","114.176233",
"1235363438","22.2801425","114.1763163",
"1235363439","22.2804467","114.1762332",
"1235363441","22.2801763","114.1762621",
"1235363443","22.2798995","114.1739574",
"1235363444","22.2812319","114.1718951",
"1235363446","22.2804561","114.1763506",
"1235363448","22.280089","114.1721086",
"1235363449","22.2800083","114.1763447",
"1235363450","22.2802212","114.1771832",
"1235363452","22.2803705","114.1762455",
"1235363457","22.2802771","114.17607",
"1235363459","22.2801436","114.1764144",
"1235363463","22.2804897","114.1762292",
"1235363464","22.2814901","114.1732936",
"1235363466","22.280131","114.1727086",
"1235363467","22.2803708","114.1761428",
"1235363469","22.2800549","114.1762394",
"1235363471","22.2802438","114.1762241",
"1235363474","22.2801858","114.1763779",
"1235363476","22.2802462","114.1762562",
"1235363479","22.2800057","114.1716236",
"1235363480","22.2806296","114.1721711",
"1235363482","22.2802801","114.1761109",
"1235363483","22.2812026","114.1737832",
"1235363485","22.2805753","114.1763361",
"1235363487","22.2803724","114.1761642",
"1235363491","22.2801939","114.1761585",
"1235363494","22.2799792","114.1763967",
"1235363497","22.2806516","114.1762165",
"1235363498","22.281584","114.1736519",
"1235363500","22.2799426","114.1764633",
"1235363503","22.2798361","114.1733862",
"1235363504","22.2800662","114.1763843",
"1235363505","22.2810388","114.1720945",
"1235363507","22.2805415","114.1763389",
"1235363509","22.2803135","114.1721405",
"1235363510","22.2807473","114.17382",
"1235363511","22.2805642","114.1761939",
"1235363512","22.2806977","114.1766257",
"1235363513","22.280322","114.17129",
"1235363515","22.2801904","114.1761105",
"1235363516","22.2809122","114.1752359","鷹港公眾停車場 Eagle Harbour Public Car Park"
"1235363517","22.2809585","114.1735616",
"1235363521","22.2806601","114.1763326",
"1235363523","22.280133","114.1762662",
"1235363526","22.2804886","114.1762994",
"1235363529","22.2799703","114.1762793",
"1235363530","22.2804523","114.1763028",
"1235363532","22.2798481","114.1739038",
"1235363535","22.2806061","114.17619",
"1235363536","22.2804779","114.1771572",
"1235363538","22.2803278","114.1762492",
"1235363541","22.2808879","114.1709923",
"1235363543","22.2806174","114.1763365",
"1235363545","22.2814264","114.1736271",
"1235363547","22.2803485","114.1726405",
"1235363548","22.2800994","114.1764186",
"1235363549","22.280007","114.1763283",
"1235363550","22.2804873","114.1761995",
"1235363551","22.2799745","114.1763314",
"1235363553","22.2814667","114.1721111",
"1266044484","22.2808973","114.178818",
"1266044639","22.2809229","114.178937",
"1268382551","22.2932423","114.1685057",
"1299465471","22.280923","114.17582","7-Eleven"
"1319003328","22.2802958","114.1704087",
"1319003329","22.2805936","114.1690904",
"1319003331","22.2804472","114.1690206",
"1319003332","22.2805614","114.1695718",
"1319003334","22.2798167","114.1702934",
"1319003339","22.2804038","114.1691049",
"1319003343","22.2804919","114.1690716",
"1319003345","22.2806624","114.1698515",
"1319003351","22.2814649","114.1712699",
"1319003355","22.2802567","114.1706791",
"1319003362","22.2798515","114.1691172",
"1319003363","22.2798627","114.1703429",
"1319003365","22.2803156","114.1694834",
"1319003373","22.2804633","114.1693305",
"1319003384","22.2799086","114.1692057",
"1319003385","22.2806743","114.1697113",
"1319003387","22.2806041","114.1697791",
"1319003396","22.2804393","114.1691895",
"1319003398","22.2804736","114.1692668",
"1319003400","22.2806835","114.1698515",
"1319003404","22.2804236","114.1685835",
"1319003407","22.2799163","114.169305",
"1319003408","22.2803826","114.1695585",
"1319003420","22.2811588","114.1708465",
"1319003434","22.2803218","114.1686679",
"1319003451","22.2804304","114.1703907",
"1319003458","22.2804242","114.1704376",
"1319003470","22.2806575","114.1702753",
"1319003474","22.2797125","114.1702772",
"1319003476","22.2803381","114.1708372",
"1319003481","22.2804571","114.1687122",
"1319003482","22.2805651","114.1693867",
"1319003484","22.2804974","114.170443",
"1319003487","22.2797845","114.169305",
"1599936321","22.2851355","114.1741813",
"1599936324","22.2851696","114.1743554",
"1599936326","22.2851395","114.1743995",
"1599936333","22.2843984","114.1719956",
"1599936334","22.285156","114.1743793",
"1599936335","22.2847394","114.1735351",
"1599936336","22.2848642","114.1730794",
"1599936337","22.2847665","114.1734737",
"1599936338","22.2851743","114.174241",
"1599936339","22.285099","114.1741581",
"1599936349","22.2851813","114.1742682",
"1599936350","22.2850639","114.1741479",
"1599936351","22.2845646","114.1721357",
"1599936352","22.2848361","114.1726623",
"1599936353","22.2848296","114.1732895",
"1599936354","22.2848685","114.1729632",
"1599936355","22.2851523","114.1741997",
"1599936356","22.2847377","114.1723954",
"1599936357","22.2851249","114.1744121",
"1599936366","22.2847684","114.1724602",
"1599951110","22.2841459","114.1722736",
"1599951111","22.2843932","114.1725939",
"1599951112","22.2844714","114.1726177",
"1599951113","22.2845803","114.1726875",
"1599951121","22.2827465","114.1737619",
"1599951124","22.2823761","114.1735279",
"1599951127","22.2843722","114.1733001",
"1599951130","22.2846881","114.173",
"1599951132","22.2840213","114.1723707",
"1599951133","22.284624","114.1727237",
"1599951135","22.2837976","114.1737279",
"1599951137","22.2846492","114.1727576",
"1599951139","22.2844632","114.1732463",
"1599951149","22.2844469","114.1738974",
"1599951151","22.2844985","114.1724702",
"1599951154","22.2835681","114.1722117",
"1599951156","22.2842402","114.1725167",
"1599951158","22.2828162","114.1737843",
"1599951160","22.2846109","114.1731176",
"1599951162","22.2837969","114.1722297",
"1599951163","22.2846733","114.1727968",
"1599951166","22.2846167","114.1731123",
"1599951177","22.2837299","114.1722583",
"1599951180","22.2845389","114.1726546",
"1599951182","22.2845","114.1732151",
"1599951184","22.2843439","114.1725816",
"1599951185","22.2845282","114.1731905",
"1599951186","22.2847029","114.1729502",
"1599951187","22.2846443","114.1730722",
"1599951188","22.2844946","114.172627",
"1599951198","22.2834723","114.1738361",
"1599951200","22.2839542","114.1739423",
"1599951204","22.2827171","114.1722941",
"1599951206","22.2846276","114.1729664",
"1599951209","22.2839417","114.1736334",
"1599951211","22.284576","114.1731494",
"1599951212","22.2840593","114.1735578",
"1599951213","22.284696","114.172846",
"1599951214","22.2823075","114.1726521",
"1599951223","22.2842996","114.1722615",
"1599951226","22.284564","114.1726218",
"1599951229","22.2824674","114.1736053",
"1599951232","22.2844184","114.1732768",
"1599951234","22.2842466","114.1733972",
"1599951236","22.2846683","114.1730358",
"1599951239","22.2844436","114.1726064",
"1599951240","22.2844769","114.1735184",
"1599951247","22.2841455","114.1724282",
"1599951249","22.2838891","114.1723159",
"1599951252","22.2824186","114.1725562",
"1599951254","22.2833054","114.1738562",
"1599951256","22.2829372","114.1721554",
"1599960138","22.2804699","114.1782976",
"1599960155","22.2805505","114.1784528",
"1599960164","22.2807608","114.1788663",
"1599975400","22.2812311","114.1791066",
"1599975505","22.2813649","114.1792992",
"1599975517","22.2811996","114.1790811",
"1618530684","22.2797762","114.1705122",
"1618530695","22.280184","114.1776105",
"1618530699","22.2802033","114.1773622",
"1618530700","22.2803491","114.1773816",
"1618530701","22.2803515","114.1774777",
"1618530705","22.280463","114.1710265",
"1618530706","22.2804927","114.1709119",
"1618530708","22.2803104","114.1773292",
"1618530712","22.2806307","114.1716263",
"1618530716","22.2808027","114.1703442",
"1618530720","22.2808415","114.1807837",
"1618530723","22.280922","114.170962",
"1618530725","22.2808527","114.1770699",
"1618530729","22.2809619","114.1709384",
"1618530733","22.2810552","114.1771786",
"1618530735","22.2811295","114.1705934",
"1618530737","22.2811359","114.1705401",
"1618530740","22.2811756","114.1705123",
"1618530741","22.2812365","114.1705723",
"1618530742","22.2812163","114.1706152",
"1618530750","22.2820393","114.1767841",
"1618530751","22.2821169","114.1767707",
"1619220661","22.2800122","114.1720797",
"1619220665","22.280316","114.1728449",
"1619220666","22.2803398","114.1731849",
"1619220667","22.2804597","114.1728331",
"1619220668","22.28051","114.172032",
"1619220669","22.2804835","114.1731731",
"1619220675","22.2805263","114.1712",
"1619220679","22.2807487","114.1709373",
"1619220690","22.280973","114.1708733",
"1619220706","22.2813466","114.1713288",
"1619220722","22.281499","114.1690425",
"1705682810","22.2807584","114.1800591",
"1705682822","22.2805639","114.1794535",
"1705682830","22.2805667","114.1795005",
"1726097033","22.2825704","114.1661112",
"1726097035","22.2824651","114.1666008",
"1726097037","22.2826991","114.1655819",
"1726097039","22.2828522","114.1650589",
"1726097041","22.2830592","114.1644683",
"1726097043","22.2833826","114.1636712",
"1726097062","22.2825355","114.179726",
"1726097073","22.2832163","114.1640644",
"1745579252","22.2809546","114.1756932","OOCL"
"1751661450","22.28965","114.1707833",
"1770220764","22.2828625","114.1720578",
"1770220774","22.2844184","114.1740824",
"1819732463","22.2880501","114.1743",
"1822894617","22.2822743","114.1807849",
"1822894669","22.282295","114.1799792",
"1951959550","22.2804673","114.1775801",
"1951959552","22.2817027","114.1770944",
"1951959555","22.2817642","114.1772771",
"1951959557","22.2805288","114.1777629",
"1952071922","22.2806215","114.1758046",
"1952090000","22.2809852","114.1746768","7-Eleven"
"1952740876","22.2844747","114.1724281","香港回歸祖國紀念碑 Monument in Commemoration of the Return of Hong Kong to China"
"1952740878","22.2824","114.173731",
"1952740879","22.2822491","114.1727114",
"1952740881","22.282745","114.173818",
"1952740882","22.28278","114.173918",
"1952740883","22.282907","114.1739537",
"1952740884","22.2830662","114.1739805",
"1952740885","22.2832117","114.1739786",
"1952740886","22.283349","114.1739688",
"1952740887","22.2834995","114.1739515",
"1952740888","22.2837255","114.1739122",
"1952740889","22.283846","114.1738997",
"1952740890","22.2838526","114.1740095",
"1952740891","22.283914","114.1740136",
"1952740892","22.2839758","114.1738511",
"1952740893","22.2840986","114.1737273",
"1952740894","22.2841232","114.1723933",
"1952740895","22.2841527","114.1735698",
"1952740896","22.2841659","114.1739994",
"1952740897","22.2842051","114.1721499",
"1952740898","22.2842782","114.17371",
"1952740899","22.2842837","114.1737738",
"1952740900","22.2842312","114.1734548",
"1952740901","22.2843158","114.1739053",
"1952740902","22.2843219","114.1721925",
"1952740903","22.2842248","114.1742774",
"1952740904","22.2843378","114.1737041",
"1952740905","22.2843432","114.1737679",
"1952740906","22.2843378","114.1720613",
"1952740907","22.2842984","114.1733947",
"1952740910","22.2843449","114.1744695",
"1952740911","22.284381","114.1738956",
"1952740912","22.2843596","114.1720439",
"1952740913","22.2843506","114.1743908",
"1952740915","22.2843638","114.1733239",
"1952740916","22.2843943","114.1743349",
"1952740917","22.2844293","114.173728",
"1952740918","22.2844322","114.1737547",
"1952740919","22.2843884","114.172533",
"1952740920","22.2844235","114.1720457",
"1952740921","22.2844203","114.1739028",
"1952740922","22.2844637","114.1739171",
"1952740923","22.2844817","114.173262",
"1952740924","22.2844963","114.172116",
"1952740925","22.2845067","114.1739401",
"1952740926","22.2845472","114.1739712",
"1952740927","22.2845709","114.1740092",
"1952740928","22.2846107","114.1739722",
"1952740929","22.2846351","114.1722869",
"1952740930","22.2845265","114.1732127",
"1952740931","22.2844371","114.1726778",
"1952740932","22.2846139","114.1742756",
"1952740933","22.2846742","114.1735867",
"1952740934","22.284669","114.1739723",
"1952740935","22.284476","114.1731081",
"1952740936","22.2847137","114.17242",
"1952740937","22.2845274","114.1728034",
"1952740938","22.2845239","114.1730357",
"1952740939","22.284546","114.1728659",
"1952740940","22.2845462","114.1729187",
"1952740941","22.284547","114.1729778",
"1952740942","22.2847721","114.1725607",
"1952740943","22.2848128","114.1732154",
"1952740944","22.2848159","114.1726972",
"1952740945","22.2848328","114.1731046",
"1952740946","22.2848401","114.1730077",
"1952740947","22.2848416","114.1729102",
"2000002299","22.2906617","114.1674366",
"2026537661","22.2821324","114.1744447",
"2026537665","22.2822581","114.1743797",
"2026537667","22.2823781","114.1755485",
"2026537669","22.2823605","114.1672624",
"2026537671","22.2821846","114.1698052",
"2026537673","22.2822501","114.1755771",
"2026537678","22.2865155","114.1879157",
"2026537683","22.2849258","114.1858941",
"2026537688","22.2821468","114.1711638",
"2026537691","22.2821533","114.1704021",
"2026537694","22.2822965","114.1704263",
"2026537696","22.283352","114.1816067",
"2026537699","22.2837292","114.1832378",
"2026537701","22.2822771","114.1711438",
"2026537709","22.284155","114.1844023",
"2026537711","22.2872125","114.1885906",
"2026537714","22.2823147","114.1733182",
"2026537720","22.2843548","114.1848438",
"2026537721","22.2822788","114.1723812",
"2026537723","22.284631","114.1853844",
"2026537725","22.2833889","114.1818279",
"2087111507","22.2803586","114.1795939","馬師道 Marsh Road"
"2099874129","22.2806179","114.1792196",
"2102320886","22.2823348","114.1763815",
"2102320891","22.2829577","114.1762942",
"2102321175","22.2801815","114.1724028","區域法院 District Court"
"2147403162","22.2831913","114.1672996",
"2181491050","22.2879","114.1672667",
"2181491052","22.28805","114.1744",
"2181491058","22.2912667","114.1677833",
"2181491059","22.2913833","114.1734333",
"2181491063","22.2954167","114.1901",
"2181491064","22.2956833","114.20745",
"2181491069","22.2995833","114.1909333",
"2181491070","22.2995833","114.20745",
"2187102300","22.2881","114.1769667",
"2187102310","22.287674","114.1784278",
"2206265240","22.2801203","114.1773824",
"2206265241","22.280066","114.1773736",
"2206265242","22.2801622","114.177373",
"2206265243","22.2808242","114.1788475",
"2206265244","22.2801652","114.178174",
"2206265246","22.280088","114.1773795",
"2302634211","22.280621","114.1696838",
"2302634212","22.2803473","114.1688799",
"2302634214","22.2835151","114.1710547",
"2302634217","22.2859941","114.1717711",
"2308405010","22.2891465","114.1723646",
"2308405039","22.2882315","114.1722318",
"2308405045","22.2871676","114.1720283",
"2345781757","22.2824155","114.1743242",
"2345781759","22.2837633","114.1739285",
"2345781761","22.2822359","114.1723613",
"2345781767","22.2820729","114.1749257",
"2345781777","22.2825761","114.1720343",
"2345781781","22.2815246","114.1718989",
"2345781785","22.2822893","114.1734222",
"2345781790","22.283487","114.17183",
"2345781794","22.282132","114.1738941",
"2345781796","22.280507","114.17194",
"2345781798","22.282143","114.1737963",
"2345781806","22.2821702","114.1732227",
"2345781812","22.2825591","114.1718239",
"2345781818","22.2821589","114.1735532",
"2345781829","22.28355","114.171905",
"2345781834","22.2821215","114.1739733",
"2345781836","22.2837662","114.1739706",
"2345781846","22.2821486","114.1737422",
"2345781849","22.2820193","114.175604",
"2356142457","22.2831916","114.1675819",
"2356142472","22.2829926","114.1679856",
"2356142497","22.2829351","114.1681205",
"2356142499","22.2828384","114.1684934",
"2376975034","22.2862057","114.1951779",
"2414714358","22.2805713","114.1793526",
"2481700725","22.2836782","114.1757266",
"2495743960","22.2800175","114.1713299",
"2495743961","22.2800419","114.1716781",
"2495743962","22.2803121","114.1713033",
"2495743963","22.2803367","114.171653",
"2531008276","22.2825328","114.1768446",
"2539416169","22.2798583","114.167362",
"2539416175","22.2814404","114.1707947",
"2539416177","22.2815019","114.1710865",
"2539416181","22.2813829","114.1708136",
"2539416183","22.2810677","114.1698178",
"2539416188","22.2813489","114.1704268",
"2539416190","22.2811533","114.169817",
"2539416192","22.2812596","114.1701085",
"2539416194","22.2807922","114.1691835",
"2539416196","22.2815948","114.1772337",
"2539416205","22.2815269","114.1713751",
"2539416207","22.2816713","114.1722459",
"2539416214","22.2817515","114.1735584",
"2539416223","22.2815564","114.1713647",
"2539416233","22.2808671","114.1691368",
"2539416242","22.2817519","114.1735591",
"2539416246","22.2816503","114.1719941",
"2539416249","22.2815938","114.1716787",
"2539416258","22.2804844","114.1686001",
"2539416261","22.280627","114.168848",
"2539416264","22.2816433","114.1719951",
"2539416267","22.2814577","114.1710962",
"2539416275","22.2802357","114.1679409",
"2539416279","22.2811823","114.1701246",
"2539416282","22.2773701","114.1647065",
"2539416288","22.2812864","114.17045",
"2539416291","22.2816716","114.1722455",
"2539416300","22.2809416","114.1695321",
"2539416306","22.280424","114.1682718",
"2539416310","22.2816091","114.1716734",
"2539416314","22.2810226","114.1694995",
"2555388097","22.2951989","114.1724513",
"2556738298","22.2941755","114.1724045",
"2556738299","22.2908474","114.17259",
"2556738300","22.2809709","114.1700332",
"2556738302","22.2804365","114.1695173",
"2556738304","22.2891305","114.1724554",
"2556738306","22.2937563","114.1725302",
"2556738308","22.282202","114.1706146",
"2556738320","22.2882196","114.1723171",
"2556738325","22.2808045","114.1698248",
"2556738330","22.2811713","114.1701452",
"2556738331","22.2899297","114.1724424",
"2556738335","22.2899197","114.1725364",
"2556738340","22.2859947","114.1718722",
"2556738341","22.284576","114.1715001",
"2556738343","22.2834771","114.1711493",
"2556738344","22.2871548","114.1721189",
"2556738356","22.2941935","114.1725112",
"2556738362","22.2813793","114.1702573",
"2556738366","22.2908542","114.1724906",
"2556738370","22.2807662","114.1698938",
"2572367659","22.2798208","114.1747338",
"2572367660","22.2799443","114.1764836",
"2572367661","22.2799758","114.176591",
"2572367662","22.2800886","114.1764718",
"2572367663","22.2801051","114.1766822",
"2572367664","22.2805949","114.1759232",
"2572367665","22.2806006","114.1759948",
"2572367666","22.280739","114.1770591",
"2572367670","22.2809484","114.1771351",
"2572367671","22.2809422","114.1759013",
"2572367672","22.2809915","114.1770206",
"2572367673","22.2810805","114.1772921",
"2572367674","22.2811633","114.1771323",
"2582051291","22.293507","114.172536",
"2582051295","22.2935021","114.1724381",
"2585383849","22.2806168","114.1757324",
"2585383876","22.280637","114.1757708",
"2585383878","22.2806059","114.1757303",
"2585383882","22.2806372","114.1757589",
"2585383885","22.2805715","114.1758438",
"2585383905","22.2805607","114.1758415",
"2585383907","22.2805437","114.1758264",
"2585383913","22.2805823","114.1758416",
"2585383915","22.2805951","114.1757327",
"2600839186","22.2861612","114.195248",
"2663226078","22.2821029","114.1760259","灣仔碼頭 Wan Chai Ferry Pier"
"2663230872","22.2820936","114.175899","灣仔碼頭 Wan Chai Ferry Pier"
"2689659200","22.2836956","114.1760552",
"2689660078","22.2830942","114.1782366",
"2689661535","22.2830759","114.1763951",
"2689662113","22.2830198","114.1783106",
"2689665390","22.2830754","114.1766904",
"2689666560","22.2832666","114.1781133",
"2689668989","22.283104","114.1784191",
"2689669701","22.2829755","114.1787608",
"2689672721","22.2829898","114.1786847",
"2689695002","22.2828688","114.1784425",
"2689695261","22.282838","114.1785898",
"2690872337","22.2815124","114.1808406",
"2690872338","22.2816953","114.181569",
"2690903827","22.2814871","114.1804437",
"2690903828","22.281487","114.1804436",
"2690910201","22.2815953","114.177233",
"2690910202","22.2817492","114.1741416",
"2690910203","22.2817494","114.1741385",
"2703825356","22.2816185","114.1766053",
"2733408375","22.2763858","114.1640077",
"2766165915","22.2830323","114.1805167",
"2766165917","22.2824224","114.1747655",
"2766165920","22.28006","114.170521",
"2766165921","22.2820914","114.1799417",
"2766165925","22.2835938","114.1827622",
"2766165928","22.2825228","114.1755769",
"2766165930","22.2823635","114.1690807",
"2766165937","22.2827101","114.1768632",
"2766165941","22.2828001","114.1794603",
"2766165945","22.2827323","114.179693",
"2766165953","22.282726","114.180897",
"2766165957","22.2851706","114.1862752",
"2766165958","22.2838154","114.1818715",
"2766165965","22.2857259","114.1870323",
"2772537340","22.279925","114.176508",
"2772537344","22.2798923","114.1760279",
"2772537346","22.280729","114.1764405",
"2917458838","22.2836825","114.1630593",
"2917458841","22.2854126","114.1866217",
"2917458843","22.2860708","114.1874426",
"2917458864","22.2875402","114.188891",
"2987721795","22.2798952","114.1794501",
"2987721841","22.2799702","114.1796501",
"2987721864","22.2800274","114.1797257",
"2987721875","22.2800435","114.179769",
"2987721879","22.2800497","114.1797852",
"2987721886","22.2800639","114.1796745",
"2987721887","22.2800654","114.1798274",
"2987721888","22.2800678","114.1797584",
"2987721891","22.2800739","114.1797746",
"2987721892","22.2800753","114.1797049",
"2987721895","22.2800803","114.179902",
"2987721905","22.2801054","114.1796565",
"2987721907","22.280102","114.1794969",
"2987721908","22.280114","114.1798063",
"2987721909","22.2801193","114.1799953",
"2987721911","22.280123","114.1797038",
"2987721912","22.2801243","114.1798338",
"2987721913","22.2801195","114.1793536",
"2987721914","22.2801226","114.1795834",
"2987721915","22.2801311","114.1797003",
"2987721919","22.2801328","114.17958",
"2987721920","22.2801338","114.1794254",
"2987721921","22.2801472","114.1797652",
"2987721922","22.2801444","114.1794208",
"2987721924","22.2801541","114.1797622",
"2987721925","22.2801522","114.1794751",
"2987721927","22.280166","114.1798157",
"2987721929","22.2801687","114.1797062",
"2987721930","22.2801709","114.1797082",
"2987721931","22.2801828","114.1795583",
"2987721932","22.2801862","114.1797102",
"2987722034","22.2801969","114.180203",
"2987722035","22.2801945","114.1793211",
"2987722036","22.2801946","114.1797331",
"2987722037","22.2802016","114.1798482",
"2987722038","22.2802061","114.1799575",
"2987722039","22.2802015","114.179609",
"2987722040","22.2802039","114.179315",
"2987722041","22.2802048","114.1798006",
"2987722042","22.2802053","114.1798023",
"2987722043","22.2802085","114.1797666",
"2987722044","22.2802187","114.179952",
"2987722045","22.2802128","114.1796042",
"2987722046","22.2801496","114.1791297",
"2987722047","22.2802166","114.1797887",
"2987722048","22.2802166","114.1797974",
"2987722049","22.2802245","114.1797203",
"2987722050","22.2802316","114.1803001",
"2987722052","22.2802339","114.1796812",
"2987722053","22.2802366","114.1796886",
"2987722054","22.280237","114.1797544",
"2987722055","22.2802379","114.179438",
"2987722056","22.2802389","114.1796745",
"2987722057","22.2802472","114.1794339",
"2987722058","22.2802474","114.1799151",
"2987722059","22.28025","114.1799171",
"2987722060","22.2801912","114.1792413",
"2987722061","22.2802533","114.1798957",
"2987722064","22.2802645","114.1797682",
"2987722065","22.2802667","114.179774",
"2987722066","22.2802669","114.1799096",
"2987722067","22.2802678","114.1795189",
"2987722070","22.2802772","114.1795148",
"2987722071","22.2802837","114.1801652",
"2987722074","22.2802829","114.1799464",
"2987722075","22.2802962","114.1801597",
"2987722076","22.280294","114.1800323",
"2987722080","22.2803093","114.1800158",
"2987722081","22.2803105","114.1800251",
"2987722082","22.2803135","114.1796422",
"2987722083","22.2803161","114.1800906",
"2987722084","22.280317","114.1800124",
"2987722086","22.2803249","114.1796379",
"2987722087","22.2803267","114.1796414",
"2987722090","22.2803","114.179185",
"2987722093","22.2803326","114.1800833",
"2987722094","22.2803352","114.1798795",
"2987722096","22.2803366","114.1800876",
"2987722097","22.2803181","114.1792346",
"2987722098","22.2803419","114.179857",
"2987722099","22.2803444","114.1800841",
"2987722100","22.2803529","114.1802463",
"2987722101","22.2803474","114.1798715",
"2987722102","22.2803484","114.1799172",
"2987722103","22.2803486","114.179915",
"2987722106","22.2803606","114.1797338",
"2987722107","22.2803606","114.1802096",
"2987722109","22.2803651","114.1801624",
"2987722110","22.2803657","114.1799633",
"2987722111","22.2803719","114.1797297",
"2987722112","22.2803769","114.1799361",
"2987722114","22.2803775","114.1802022",
"2987722116","22.2803842","114.1799551",
"2987722117","22.280375","114.17939",
"2987722123","22.2804054","114.1798485",
"2987722125","22.2804115","114.1800856",
"2987722126","22.280414","114.1798425",
"2987722127","22.2804184","114.1798841",
"2987722128","22.2804186","114.1799175",
"2987722131","22.2804295","114.1801337",
"2987722132","22.2804299","114.1800773",
"2987722133","22.28043","114.1801366",
"2987722135","22.280437","114.1800962",
"2987722137","22.2804438","114.1801729",
"2987722146","22.2804795","114.1800772",
"2987722153","22.2805019","114.1801049",
"2987722159","22.280516","114.180141",
"2987722193","22.2807909","114.1789897",
"2987722196","22.2809926","114.1811797",
"2987722198","22.2800833","114.1792212",
"2987722200","22.281145","114.180053",
"2987722201","22.28116","114.18007",
"2987722202","22.281211","114.180034",
"2987722203","22.28127","114.180003",
"2987722204","22.28134","114.179977",
"2987722205","22.2817293","114.1794593",
"2987722206","22.2818259","114.1795905",
"2995395759","22.2796737","114.1787814",
"2995395787","22.2797307","114.1789569",
"2995395793","22.2797389","114.1789836",
"2995395806","22.2797745","114.1787426",
"2995395815","22.279814","114.1792195",
"2995395817","22.2798232","114.1786957",
"2995395818","22.2798314","114.1787211",
"2995395819","22.2798315","114.1789181",
"2995395823","22.2798416","114.1789438",
"2995395830","22.2798855","114.178927",
"2995395831","22.2798892","114.1788968",
"2995395832","22.279896","114.178918",
"2995395833","22.2798979","114.1789615",
"2995395837","22.2799174","114.1791712",
"2995395839","22.2799241","114.1786574",
"2995395840","22.2799341","114.1786882",
"2995395841","22.2799368","114.1789472",
"2995395842","22.2799481","114.1789828",
"2995395843","22.2799514","114.1789022",
"2995395844","22.279975","114.1786727",
"2995395845","22.2799761","114.1789727",
"2995395846","22.279989","114.178853",
"2995395847","22.2799924","114.1786314",
"2995395849","22.2799974","114.1788789",
"2995395850","22.2800287","114.1788379",
"2995395851","22.2800645","114.1788535",
"2995395852","22.2800648","114.1788562",
"2995395853","22.2800651","114.1788556",
"2995395854","22.2800812","114.1790943",
"2995395855","22.280082","114.1790962",
"2995395856","22.2801005","114.1790784",
"2995395857","22.2801008","114.1790812",
"2995395858","22.2801109","114.1790637",
"2995395859","22.2801123","114.1790644",
"2995395860","22.2801179","114.1790474",
"2995395861","22.280119","114.1790301",
"2995395862","22.2801197","114.1790478",
"2995395863","22.28012","114.17903",
"3005344073","22.2830097","114.179088",
"3034002227","22.2798252","114.1743586",
"3034002534","22.2806073","114.1800121",
"3034002535","22.2806359","114.1800011",
"3034002536","22.2805466","114.1797355",
"3034002537","22.2805163","114.1797483",
"3034201233","22.2814369","114.1700789",
"3049050069","22.280725","114.1760265",
"3049050070","22.2807353","114.1760395","灣景中心大廈 Causeway Centre"
"3049050071","22.280542","114.17342","香港會議展覽中心 Hong Kong Convention & Exhibition Centre"
"3049050080","22.280687","114.17347","香港會議展覽中心 HK Convention & Exhibition Centre"
"3049050081","22.2812077","114.1741781","香港會議展覽中心 HK Convention & Exhibition Centre"
"3049050088","22.280686","114.173459","香港會議展覽中心 Hong Kong Convention & Exhibition Centre"
"3049050089","22.2812299","114.1741752","香港會議展覽中心 Hong Kong Convention and Exhibition Centre"
"3049050102","22.280421","114.171313","瑞安中心 Shui On Centre"
"3049050117","22.2809296","114.1765294","灣仔訓練池 Wan Chai Training Pool"
"3049050118","22.280951","114.176826","灣仔訓練池 Wan Chai Training Pool"
"3049050681","22.28035","114.17116",
"3049050682","22.2804279","114.1710159",
"3049050684","22.2804475","114.1709403",
"3049050686","22.2805355","114.1764353",
"3049050687","22.280554","114.1766358",
"3049050688","22.2806732","114.1716409",
"3049050689","22.2806769","114.1716823",
"3049050690","22.2807101","114.171676",
"3049050691","22.280712","114.1717207",
"3049050698","22.2821103","114.1762125",
"3049050709","22.2830024","114.1763876",
"3049050712","22.2833406","114.176092","灣仔 Wan Chai"
"3049050713","22.2833569","114.1760277",
"3049050714","22.2837153","114.1763223",
"3089139087","22.2825183","114.1688269",
"3089139097","22.2825102","114.1680106",
"3089139160","22.2825201","114.1681481",
"3089139161","22.2831507","114.1676709",
"3089139164","22.2832171","114.1673567",
"3089139192","22.2826736","114.1694048",
"3089139195","22.2825267","114.1686029",
"3089139210","22.2825275","114.1684527",
"3089139222","22.2825282","114.1683327",
"3089139701","22.2815394","114.1720962",
"3089139704","22.2814887","114.1713825",
"3141194231","22.2829387","114.1797308",
"3181095450","22.2826617","114.1706662",
"3181095451","22.2826449","114.1700696",
"3181095452","22.2827766","114.1709661",
"3181095453","22.2826885","114.1699103",
"3181095454","22.2830046","114.1712707",
"3181095455","22.2827156","114.1696618",
"3181095458","22.2829954","114.175969",
"3181095565","22.2846341","114.1820004",
"3181095566","22.2846628","114.1820176",
"3226540297","22.2839702","114.1817829",
"3226540304","22.2833016","114.1818827",
"3226540307","22.2827667","114.1795499",
"3226540308","22.2826476","114.1788043",
"3226540309","22.2821947","114.1798573",
"3226540314","22.2827194","114.1797113",
"3226540339","22.2837603","114.1818727",
"3226540358","22.2831235","114.1818952",
"3226540359","22.282823","114.1795767",
"3393584393","22.2841685","114.1810041",
"3393584693","22.2841218","114.1809987",
"3393584694","22.2841005","114.1809902",
"3393586793","22.2840801","114.1809783",
"3393588193","22.2840642","114.1809653",
"3393589193","22.2840453","114.1809444",
"3393591193","22.2841951","114.1809993",
"3393592093","22.2842357","114.1809798",
"3393592893","22.2842562","114.1809628",
"3393593393","22.2842749","114.1809437",
"3393593394","22.2842872","114.1809267",
"3393594893","22.2842996","114.1809046",
"3393595893","22.2843082","114.1808774",
"3393596693","22.2843079","114.1808018",
"3439547093","22.2813691","114.175852",
"3491375444","22.2820161","114.1796505",
"3491375445","22.2821974","114.1792923",
"3491375446","22.2818237","114.1794141",
"3491375447","22.2822886","114.1792549",
"3491375448","22.2824031","114.1793568",
"3491375449","22.2819386","114.1795823",
"3491375450","22.2818404","114.1794616",
"3491375451","22.2821877","114.1792647",
"3491375452","22.2818891","114.1794416",
"3491375453","22.2819854","114.1795631",
"3491375454","22.2823344","114.179385",
"3491375455","22.2824445","114.1794746",
"3491393276","22.2818991","114.1785738",
"3491393277","22.2816458","114.178737",
"3491393278","22.281623","114.178746",
"3491393279","22.2818143","114.1793819",
"3491393281","22.2826535","114.1778609",
"3491393282","22.2820106","114.1789247",
"3491393284","22.2819729","114.1788028",
"3491393286","22.2817251","114.1790472",
"3491393290","22.2815506","114.1792099",
"3491393291","22.2825946","114.1779807",
"3491393292","22.2821404","114.1787381",
"3491397393","22.2827005","114.1797277",
"3491397394","22.2824982","114.1787038",
"3491397395","22.2822977","114.1786802",
"3491397396","22.2816969","114.1792373",
"3491397397","22.282154","114.1787803",
"3491397400","22.2815186","114.1787107",
"3491397401","22.2813954","114.1790935",
"3491397402","22.2813086","114.1788272",
"3491397403","22.2821646","114.1784995",
"3491397405","22.2818476","114.1796251",
"3491397408","22.2817386","114.1791622",
"3491397410","22.2827668","114.1795953",
"3491397414","22.2813091","114.1789265",
"3491397415","22.282185","114.1787251",
"3491397416","22.2821438","114.1786041",
"3491397418","22.2817263","114.1791685",
"3491397419","22.2823192","114.1787432",
"3491397421","22.2816167","114.1794328",
"3491397423","22.2813383","114.1789149",
"3491397425","22.2816995","114.1792027",
"3491397428","22.2813692","114.1791039",
"3491397429","22.2823543","114.1787292",
"3491397430","22.2816235","114.1786701",
"3491397431","22.2824816","114.1781378",
"3491397433","22.282017","114.1786585",
"3491397434","22.2822555","114.174432",
"3491397435","22.2823265","114.1785253",
"3491397439","22.2815285","114.1787401",
"3491397440","22.281696","114.17922",
"3491397441","22.282472","114.1779335",
"3491397447","22.2822272","114.1744191",
"3491397449","22.282362","114.1783939",
"3491397450","22.282397","114.1787421",
"3491397451","22.281863","114.179611",
"3491397452","22.2820645","114.1785116",
"3491397453","22.2823644","114.1786461",
"3491397454","22.2824592","114.1786084",
"3491397455","22.2821935","114.1785844",
"3491397459","22.2819364","114.1786893",
"3491397462","22.2814205","114.1791677",
"3491397463","22.2824185","114.1784887",
"3491397464","22.2823633","114.1787555",
"3491397467","22.2815339","114.1793336",
"3491397469","22.2822995","114.1784458",
"3491397471","22.2820536","114.1787716",
"3491397473","22.2821797","114.1788605",
"3491397474","22.2827564","114.1795029",
"3556686769","22.2828966","114.1781688",
"3556686770","22.2829104","114.1782104",
"3556686774","22.2826839","114.1785491",
"3556686775","22.2827982","114.1782537",
"3556686784","22.2827844","114.1782121",
"3569722793","22.2823043","114.1743682",
"3569722794","22.2843542","114.1739949",
"3569722795","22.2822364","114.1741546",
"3569722797","22.2842725","114.1740278",
"3569722798","22.2844106","114.1741074",
"3569722799","22.2843258","114.1740026",
"3569722800","22.2842156","114.1740448",
"3569722801","22.2821945","114.1743328",
"3569722802","22.2843801","114.1739995",
"3569722804","22.2843995","114.1740133",
"3569722805","22.2844177","114.1740541",
"3569722806","22.2843779","114.1741466",
"3569722807","22.2837902","114.1740669",
"3569722808","22.2823222","114.1743284",
"3569722810","22.282372","114.1743289",
"3569722811","22.282822","114.1741114",
"3569722812","22.2842437","114.1740381",
"3569722813","22.2843395","114.1741723",
"3569722814","22.2828539","114.1741185",
"3664269453","22.2807067","114.1770776","麥當勞 McDonald's"
"3664272225","22.2807123","114.1766455","萬寧 Mannings"
"3672903798","22.2802076","114.1769256","7-Eleven"
"3672903799","22.2806243","114.1766486","星巴克 Starbucks"
"3672903800","22.2804501","114.1771008","蘇浙滙 Jardin De Jade"
"3672911904","22.2800011","114.176693",
"3672911905","22.279706","114.1776059",
"3672911906","22.2797775","114.1776559",
"3672911908","22.2799144","114.1760527",
"3672911909","22.2812755","114.1758204",
"3672911910","22.2809061","114.1758499",
"3672919942","22.2804878","114.176772","肯德基 KFC"
"3672919943","22.2807162","114.176705",
"3681495712","22.2810246","114.1717704",
"3681629825","22.280333","114.179429",
"3681902662","22.28053","114.17238",
"3682244409","22.2796928","114.1742367",
"3682244414","22.280602","114.1747496",
"3682244415","22.2809917","114.1741097",
"3682244416","22.2808865","114.1741177",
"3682244417","22.2808882","114.1741569",
"3682244418","22.2809602","114.1741537",
"3682244419","22.2809581","114.1741272",
"3682244420","22.2809029","114.1741311",
"3682244421","22.2819785","114.1744333",
"3682252073","22.2803636","114.1739507",
"3682252074","22.2806515","114.1739496",
"3683649291","22.2806496","114.1766291",
"3683649292","22.280642","114.1765274",
"3683649293","22.2799159","114.1765804",
"3683649294","22.2806554","114.1759195",
"3683649295","22.2806438","114.1758923",
"3719734525","22.2825968","114.1781796",
"3719756025","22.2824993","114.1780203",
"3719758425","22.2825816","114.1781895",
"3719758426","22.2825613","114.178201",
"3780939758","22.2828194","114.179636",
"3781050457","22.2823487","114.1799429",
"3781050657","22.2828121","114.1795046",
"3781052857","22.2828232","114.1796081",
"3781067459","22.2828194","114.1795409",
"3870537168","22.280897","114.1747954","荷蘭駐港總領事館 Netherlands Consulate General in Hong Kong and Macao"
"3897533532","22.2833714","114.1763619","灣仔 Wan Chai"
"3897533533","22.2837019","114.1761585",
"3920060015","22.28108","114.17983",
"3920060034","22.2807991","114.1792491",
"3920060241","22.2806933","114.1745152",
"3920060243","22.2808702","114.1769872",
"3920060245","22.2808405","114.1765072",
"3946054647","22.2938684","114.1863289",
"3995753667","22.2816067","114.1815915",
"4071840549","22.2833199","114.1762921",
"4071840550","22.2831561","114.1763149",
"4108932840","22.2805922","114.1758954",
"4121442690","22.2807036","114.1746604",
"4183883936","22.2820068","114.1767903",
"4183883939","22.2818272","114.1745602",
"4183883940","22.281959","114.1744454",
"4183883941","22.2819209","114.1759707",
"4183883943","22.2813752","114.1758934",
"4183883944","22.2822647","114.173945",
"4183883945","22.2819394","114.1750918",
"4183883946","22.2820666","114.1743535",
"4192666991","22.2800577","114.1736401","意大利駐香港總領事館 Consulate General of Italy in Hong Kong"
"4321307710","22.2827959","114.1741026",
"4321307711","22.2820867","114.1771365",
"4321307712","22.2822657","114.1774299",
"4321307713","22.2820022","114.1771929",
"4321307714","22.2824391","114.1780283",
"4358975981","22.2818066","114.1772462",
"4358975982","22.281772","114.1771446",
"4358975983","22.2819526","114.1770728",
"4358975985","22.2812796","114.1770837",
"4358975987","22.2814019","114.1770408",
"4358976089","22.2815331","114.1769977",
"4358976090","22.2816957","114.1769406",
"4358976092","22.2817585","114.1769185",
"4358976094","22.2818398","114.1768858",
"4404407594","22.2797773","114.1738942",
"4404407597","22.2802812","114.1736607",
"4406434048","22.28054","114.17339",
"4406434049","22.280672","114.17331",
"4406434050","22.2807179","114.1738848",
"4447795750","22.2823663","114.1777869",
"4447795751","22.2814328","114.1743156",
"4449253096","22.2808444","114.17656",
"4452040693","22.28145","114.1743344",
"4466295994","22.2801293","114.1775209",
"4475207931","22.2813202","114.1742419",
"4475207932","22.2813811","114.1742382",
"4475207933","22.2817693","114.1742128",
"4475207934","22.2820971","114.1741663",
"4475207936","22.282529","114.1742935",
"4475207938","22.2821079","114.1723883",
"4475207941","22.2821573","114.1736239",
"4475207942","22.2822747","114.1744156",
"4475207943","22.2822899","114.1735648",
"4475207945","22.2822863","114.1736521",
"4475207946","22.2822772","114.1737838",
"4475207947","22.2822849","114.1736802",
"4479764670","22.2805619","114.1741721",
"4479764671","22.2804962","114.1742359",
"4479764672","22.2797856","114.174289",
"4479764673","22.2796234","114.1741571",
"4479764674","22.2795377","114.1733735",
"4479764675","22.2797249","114.1734087",
"4479764676","22.2797437","114.1739123",
"4479764677","22.2798719","114.1739967",
"4479764678","22.2802659","114.1736957",
"4479764679","22.2804857","114.1738199",
"4479764680","22.2804969","114.1713671",
"4481970472","22.2806248","114.1719758",
"4481970473","22.2807","114.170969",
"4481970474","22.28079","114.170983",
"4509777357","22.28042","114.170589",
"4509777358","22.28042","114.17064",
"4510115820","22.2801881","114.1743995",
"4510115821","22.2802035","114.1745364",
"4510195558","22.2795822","114.174055",
"4512174728","22.28014","114.17734",
"4512174729","22.280787","114.177137",
"4512174730","22.280745","114.176581",
"4515155541","22.2769789","114.1644212",
"4515155542","22.2806366","114.1686544",
"4515155543","22.2815715","114.181197",
"4515155544","22.2814946","114.1808457",
"4515155547","22.2800583","114.1676547",
"4515155551","22.281665","114.1757084","會展 Exhibition Centre"
"4515155552","22.2816654","114.1757015","會展 Exhibition Centre"
"4515155599","22.2815216","114.1812075",
"4515155600","22.2816186","114.1766056",
"4539759200","22.283996","114.1741332",
"4539759201","22.2812348","114.1742497","香港會議展覽中心 HK Convention & Exhibition Centre"
"4539759202","22.2840008","114.1741806","灣仔會展巴士總站 Wan Chai (HKCEC) Bus Terminus"
"4547613160","22.2797229","114.1691867",
"4547613161","22.2797468","114.1692293",
"4547613166","22.2805812","114.1690676",
"4547613167","22.2806595","114.1690141",
"4547613168","22.2806399","114.1687635",
"4547613169","22.2805723","114.1685229",
"4547613170","22.2804386","114.1683824",
"4547613171","22.2801364","114.1683447",
"4547613172","22.2800136","114.168398",
"4547613173","22.2799401","114.1684852",
"4547613174","22.2798096","114.1686692",
"4576848541","22.2801087","114.1775506",
"4576848548","22.280565","114.1794023",
"4576848549","22.280907","114.1798701",
"4576848554","22.2805867","114.1795875",
"4576848558","22.2810287","114.179682",
"4576848561","22.2805741","114.1795416",
"4579529194","22.281141","114.18007",
"4579529195","22.281124","114.17999",
"4579673305","22.2815223","114.1795119",
"4579673306","22.2811124","114.1790327",
"4579673307","22.2808334","114.1790297",
"4579673308","22.2806757","114.1791387",
"4579673309","22.2805975","114.1792614",
"4579673310","22.2805826","114.1793041",
"4579673312","22.2817379","114.180538",
"4579673313","22.2816886","114.1806096",
"4579673314","22.2816269","114.1806729",
"4579673315","22.2815421","114.1807079",
"4579673316","22.2814558","114.1806996",
"4579673317","22.281371","114.1806596",
"4579673318","22.2813078","114.1805696",
"4579673319","22.2812616","114.1804613",
"4579673320","22.2812323","114.1802864",
"4579673321","22.2812832","114.1802331",
"4579673322","22.2813649","114.1801865",
"4579673323","22.2816156","114.1799939",
"4579673324","22.2815761","114.1801881",
"4579673325","22.2816423","114.1802264",
"4579673326","22.281704","114.1802864",
"4579673327","22.2817456","114.1803581",
"4579673328","22.2817564","114.1804364",
"4581200296","22.2807949","114.1804736",
"4581635400","22.2801821","114.1774674",
"4581635401","22.2803023","114.1773983",
"4581635402","22.2805043","114.1773331",
"4581635403","22.2802597","114.1775246",
"4581635404","22.2802224","114.1775601",
"4582243409","22.280101","114.179859","十二味 Twelve Flavors"
"4589235790","22.28013","114.17992","昭和食堂"
"4589235791","22.280088","114.17982","本延鍋物 Pan Yin Shabu"
"4605721727","22.2826948","114.1743174","會議道 Convention Avenue"
"4605729163","22.2828636","114.1743079","會議道 Convention Avenue"
"4687212199","22.280712","114.1772681",
"4687212200","22.2807162","114.177334",
"4715312988","22.2801752","114.1791075",
"4738226179","22.2818681","114.1745532",
"4738226182","22.2813421","114.1760141",
"4738226183","22.2816766","114.1745395",
"4738226184","22.2812621","114.1745775",
"4738226187","22.2818817","114.1761618",
"4738226188","22.2818985","114.1751387",
"4738226189","22.2818642","114.1752886",
"4770871621","22.2838762","114.1743235","龍珠遊船碼頭"
"4791936457","22.2810076","114.1801835",
"4818236923","22.2843213","114.1733699",
"4845933691","22.2817055","114.1787784",
"4845933692","22.2817615","114.1789615",
"4845933693","22.2818807","114.1789188",
"4845942948","22.281124","114.1746847","星巴克 Starbucks"
"4845942949","22.2809171","114.1747102","元気寿司 Genki Sushi"
"4845954353","22.2820191","114.1755437",
"4846039438","22.2809155","114.1750604","Dial-A-Gift Service"
"4850169721","22.2804356","114.179962","Pirelli"
"4850169722","22.2803876","114.1798059","Osmo"
"4850169723","22.2800639","114.1789555","BYD"
"4850173393","22.2800342","114.1788222",
"4853795178","22.2824769","114.17955",
"4853795180","22.2821334","114.1796842",
"4932041073","22.2821733","114.1766855",
"4932041075","22.2810434","114.177042",
"4932041076","22.2814069","114.17692",
"4945066545","22.281054","114.177054",
"4945066546","22.281008","114.1765491",
"4945066547","22.28107","114.177058",
"4945066548","22.281378","114.176518",
"4996687657","22.2799502","114.1727298",
"4996687658","22.279609","114.1727578",
"4996687659","22.2796434","114.1732498",
"4996687660","22.2799846","114.1732218",
"5010367137","22.2829366","114.1719431",
"5010367138","22.2830466","114.1720818",
"5010367139","22.283169","114.1719983",
"5010367140","22.283415","114.171757",
"5010367141","22.2827379","114.1713117",
"5010367145","22.2835416","114.1723204",
"5010367146","22.283651","114.1723072",
"5010367147","22.2827526","114.1740715",
"5010367148","22.2813455","114.1744581",
"5010367149","22.281528","114.1744301",
"5010367150","22.2816686","114.174389",
"5029096887","22.2795904","114.1727794",
"5029096888","22.2799716","114.1727482",
"5029096889","22.279622","114.1732314",
"5029096890","22.2800032","114.1732002",
"5064882180","22.2817825","114.1796376",
"5070043197","22.2807119","114.1794235",
"5070411583","22.2811164","114.1793723",
"5070411584","22.2810087","114.1793004",
"5070411585","22.2809321","114.1794856",
"5070411586","22.2808477","114.1793476",
"5070416191","22.2812738","114.177205",
"5070416194","22.2815249","114.1770957",
"5070416195","22.2816424","114.1770429",
"5070416197","22.2818765","114.1769642",
"5070416198","22.2819038","114.1769749",
"5070416199","22.2819432","114.1770118",
"5070416200","22.2808535","114.1773965",
"5070416201","22.2808264","114.1772137",
"5070416202","22.2809846","114.1771616",
"5070416203","22.2809116","114.1773591",
"5070416204","22.2811217","114.1772752",
"5070416205","22.2816487","114.1769571",
"5070416206","22.2817118","114.1759748",
"5086900402","22.2809559","114.1800056",
"5086900403","22.2802542","114.1786998",
"5086900404","22.2803105","114.1785823",
"5086900412","22.2808215","114.1707719",
"5086900418","22.2814661","114.1709577",
"5086904721","22.2810108","114.1699673",
"5098657623","22.2836804","114.1741572",
"5129304668","22.2827404","114.1797673",
"5166708722","22.2803749","114.1767858",
"5171400476","22.2824192","114.1800362",
"5171400477","22.2823314","114.1801833",
"5171400481","22.2823359","114.1801377",
"5171400484","22.2823691","114.1800761",
"5171400487","22.2828298","114.1791028",
"5184745467","22.2825864","114.1784578",
"5184745468","22.282509","114.1782272",
"5184745469","22.2824115","114.1782639",
"5217659320","22.2824075","114.1704376",
"5217659921","22.2825216","114.1709573",
"5217659922","22.283605","114.172003",
"5249716659","22.280317","114.1739895",
"5249716660","22.2801385","114.1741278",
"5249716661","22.280334","114.1742375",
"5257542021","22.2809448","114.1755467","Triple O‘s"
"5290953514","22.2814231","114.1769551",
"5290953515","22.2816064","114.1768863",
"5290953516","22.2817694","114.1768264",
"5290953517","22.2813836","114.1764552",
"5290974360","22.2814291","114.1743326",
"5300400780","22.2827729","114.1740905",
"5300400783","22.2824699","114.1743141",
"5300400787","22.2824592","114.1740805",
"5300400788","22.2827361","114.1740506",
"5300400789","22.281951","114.1745355",
"5300400790","22.282323","114.1740012",
"5300400791","22.2818324","114.174546",
"5301715761","22.2818822","114.1762445",
"5301715762","22.2813839","114.1759325",
"5301715763","22.28186","114.1761562",
"5321767510","22.2795217","114.1727309",
"5321767511","22.2800186","114.1726901",
"5321767512","22.2803525","114.1709743",
"5321767515","22.2799767","114.1720942",
"5321767519","22.2799997","114.1724207",
"5321767520","22.2794815","114.172135",
"5355875821","22.2806174","114.1763626",
"5355875921","22.2801111","114.1764124","George Coffee"
"5382734297","22.2797943","114.1721092",
"5382734301","22.2797772","114.1727099",
"5382734303","22.2805324","114.1737884",
"5382734304","22.2798668","114.1743061",
"5382734305","22.2815212","114.1745193",
"5382734306","22.2796587","114.1739541",
"5382734307","22.2799101","114.1741357",
"5382734308","22.2800547","114.1741371",
"5382734313","22.2812146","114.1705059",
"5382734314","22.2812421","114.1705689",
"5382734315","22.2811443","114.1706122",
"5382734316","22.2811708","114.1706253",
"5382734317","22.2804394","114.1709249",
"5382734318","22.2803841","114.1711676",
"5382734319","22.2803356","114.1708644",
"5382735621","22.2812212","114.1706109",
"5382735622","22.28087","114.17098",
"5382735623","22.2807663","114.1711118",
"5382735624","22.2807563","114.1713464",
"5382735625","22.2811963","114.1715944",
"5382735626","22.2811484","114.1713719",
"5382735627","22.2810665","114.1712231",
"5382735628","22.2808891","114.1712244",
"5382735629","22.2807934","114.1713632",
"5382735630","22.2807924","114.1717792",
"5382735631","22.2808248","114.1713",
"5382735632","22.2811919","114.1714745",
"5382735633","22.2811104","114.1717166",
"5382735634","22.2815171","114.1717908",
"5382735635","22.2814378","114.1717968",
"5382735636","22.2814271","114.1716885",
"5382735637","22.2812496","114.1710848",
"5382735638","22.281295","114.1711677",
"5382735639","22.2804846","114.1731999",
"5382735640","22.2798659","114.173253",
"5382735641","22.2802537","114.1735205",
"5382735642","22.2804888","114.1732517",
"5382735643","22.2805022","114.1734842",
"5382735644","22.2805041","114.1735052",
"5382735645","22.2805061","114.1735237",
"5382735646","22.2805075","114.1735429",
"5382735647","22.2805095","114.1735638",
"5382735648","22.2805109","114.173586",
"5382735649","22.2805129","114.1736055",
"5382735650","22.2805011","114.1734632",
"5382735651","22.280515","114.1736262",
"5382735652","22.2805169","114.1736458",
"5382735653","22.2805185","114.1736637",
"5382735656","22.2800322","114.172418",
"5382735657","22.280331","114.1723902",
"5382735659","22.2797796","114.1727438",
"5382735660","22.2799957","114.1718115",
"5382735664","22.2796062","114.1730054",
"5390065236","22.2822068","114.1718382",
"5390065238","22.2820599","114.1715408",
"5390065239","22.2822583","114.1683209",
"5390065240","22.2827904","114.1690918",
"5390065247","22.2827715","114.1693485",
"5390065249","22.2828017","114.168918",
"5391761319","22.2823682","114.1723496",
"5391761320","22.2823321","114.1705784",
"5391775421","22.2824298","114.1708823",
"5391775422","22.2826","114.17111",
"5391775424","22.28333","114.171686",
"5391775425","22.2823738","114.1707605",
"5391775427","22.2820842","114.1705191",
"5391775432","22.282813","114.17143",
"5391775433","22.2834361","114.1719444",
"5391775434","22.28246","114.171061",
"5391775435","22.282517","114.171486",
"5391775436","22.28276","114.17125",
"5391775438","22.282496","114.171302",
"5433421845","22.2806338","114.173721",
"5433421846","22.2804522","114.1736943",
"5433421847","22.2803621","114.1736363",
"5433421848","22.2803996","114.1735208",
"5433421851","22.2804872","114.1737117",
"5433421852","22.2804523","114.1733425",
"5433421853","22.2805966","114.1732151",
"5433421854","22.280358","114.1735549",
"5433421855","22.280353","114.1735959",
"5433421857","22.2803757","114.1735376",
"5433421859","22.2815129","114.1739299",
"5433421860","22.2815119","114.1737728",
"5433421861","22.2815959","114.1736805",
"5433421862","22.2816589","114.1736741",
"5433421866","22.2819572","114.1744406",
"5433421867","22.2821974","114.1707199",
"5433421868","22.2822919","114.1711749",
"5433421869","22.2819872","114.1771744",
"5433421875","22.2813256","114.1716466",
"5433421882","22.2805066","114.1718936",
"5444442313","22.283038","114.171643",
"5444442314","22.2828073","114.1717803",
"5444442315","22.2829403","114.171782",
"5444442316","22.28323","114.17193",
"5444442318","22.2824135","114.1733637",
"5444442320","22.2825234","114.1747604",
"5444446921","22.2836575","114.1721611",
"5444446922","22.2834681","114.171983",
"5444446930","22.280895","114.1742024",
"5444446931","22.2811717","114.1741826",
"5444446932","22.2815002","114.1741364",
"5444446942","22.2823854","114.1740768",
"5444446943","22.2823631","114.1741461",
"5444446944","22.2826716","114.1740356",
"5444446945","22.2827243","114.174025",
"5444446946","22.2829419","114.1740121",
"5444446947","22.2833279","114.1740078",
"5444446948","22.2830599","114.1741063",
"5444446949","22.2831392","114.174024",
"5444446950","22.2833175","114.174014",
"5444446951","22.2834058","114.1740859",
"5444446952","22.2844895","114.1739098",
"5444446953","22.284528","114.173933",
"5444446954","22.2845665","114.1739653",
"5444446955","22.284595","114.1740146",
"5444446956","22.2846064","114.174087",
"5444446957","22.2846078","114.1741455",
"5444446958","22.2846021","114.1742056",
"5444446959","22.2845537","114.1742626",
"5444446960","22.2844582","114.1742857",
"5444446961","22.2843456","114.1742873",
"5444446962","22.2842116","114.1742534",
"5444446963","22.284002","114.1742642",
"5444446964","22.2838672","114.174218",
"5444446965","22.2838259","114.1742788",
"5444446966","22.2834559","114.1742672",
"5444446967","22.2824904","114.174385",
"5444446970","22.2822317","114.1744821",
"5444446971","22.2822439","114.1744514",
"5444446973","22.2823196","114.1743955",
"5444446974","22.2838051","114.1742269",
"5444446975","22.2838426","114.1742513",
"5444446976","22.2840093","114.1743444",
"5444446977","22.2843453","114.1744387",
"5444446978","22.2803338","114.1716791",
"5444446979","22.2803446","114.1718766",
"5444446980","22.2803374","114.1718888",
"5444446981","22.2802974","114.1718924",
"5444446982","22.2802873","114.171882",
"5444446983","22.2802773","114.1716809",
"5444446984","22.280283","114.1716676",
"5444446985","22.2803387","114.1716641",
"5456710829","22.2821344","114.1754154",
"5456710830","22.2821248","114.1749949",
"5456710831","22.2821008","114.1753181",
"5456710832","22.2820383","114.1766239",
"5456710833","22.282095","114.1756799",
"5456710835","22.2821308","114.1755918",
"5456710837","22.2821331","114.1753666",
"5464212863","22.282072","114.1719231",
"5464212864","22.2820634","114.1717483",
"5464742906","22.2807171","114.1706195",
"5464742907","22.2807367","114.1706462",
"5464742908","22.2806934","114.170741",
"5464742909","22.2806775","114.1707428",
"5464742910","22.2806471","114.1707337",
"5464742911","22.2804994","114.1705775",
"5464742912","22.2804921","114.1706666",
"5464742913","22.2804201","114.1706221",
"5464742914","22.2804218","114.1706087",
"5464742915","22.2804523","114.1706987",
"5464742916","22.2804312","114.1706855",
"5464742917","22.2803301","114.1706526",
"5464742918","22.2803298","114.1706764",
"5464742919","22.2803663","114.1706752",
"5464742920","22.2803693","114.1707192",
"5464743221","22.2804286","114.1707218",
"5464743222","22.2805293","114.1708687",
"5464743223","22.2805291","114.1708924",
"5464743224","22.2804667","114.1708736",
"5464743225","22.2804805","114.1707278",
"5464743229","22.2826724","114.1712496",
"5464743230","22.28293","114.17155",
"5464743231","22.2819964","114.1706325",
"5464743232","22.2819579","114.1712223",
"5464743233","22.2818143","114.1712141",
"5464743234","22.281803","114.1706197",
"5464743235","22.28364","114.172101",
"5464825948","22.2821585","114.1686202",
"5464825950","22.2821296","114.1690974",
"5478192362","22.2822547","114.1744882",
"5478192363","22.2821202","114.1752893",
"5478192364","22.2805523","114.1726528",
"5478192365","22.2806659","114.1741375",
"5478192369","22.2819451","114.173464",
"5478192370","22.2815441","114.1721576",
"5485620222","22.2802987","114.1769492","俄羅斯聯邦駐香港總領事館 Consulate General of the Russian Federation in Hong Kong"
"5485898276","22.2831667","114.1775333",
"5493220507","22.2809359","114.174882","捷克共和國駐港總領事館 Consulate General of the Czech Republic"
"5495858132","22.2823059","114.1775871",
"5495858141","22.2835032","114.1720335",
"5495858147","22.2833467","114.1720838",
"5495858148","22.2831897","114.1719611",
"5495858149","22.282993","114.1718794",
"5495858150","22.282907","114.171842",
"5495858151","22.2826649","114.1719355",
"5495858153","22.2827262","114.1720143",
"5495858154","22.2828832","114.1719284",
"5495858155","22.2829854","114.1719162",
"5495858156","22.2831746","114.1719755",
"5495858157","22.2833278","114.1720879",
"5495858159","22.2816662","114.1741274",
"5495858160","22.2819947","114.1741275",
"5530457282","22.2800107","114.1765877",
"5530457283","22.2800918","114.177295",
"5530457284","22.2800754","114.1772215",
"5530457285","22.2800989","114.1772148",
"5530457286","22.2801111","114.1772697",
"5530457287","22.2800742","114.1772648",
"5530457288","22.2800892","114.1773126",
"5530457289","22.2799087","114.1767048",
"5542724656","22.2800187","114.171809",
"5542724674","22.2821481","114.1687744",
"5542724677","22.282332","114.169995",
"5542724678","22.2816173","114.1699429",
"5542724679","22.2816515","114.1708648",
"5542724680","22.2815037","114.1709602",
"5542724681","22.2815315","114.1709591",
"5542724682","22.2815569","114.1709519",
"5542724683","22.2815836","114.1709395",
"5542724684","22.281631","114.1708973",
"5542724685","22.2836645","114.1740574",
"5542724686","22.283675","114.1740431",
"5542724687","22.2837013","114.1740252",
"5542724688","22.2837195","114.174021",
"5542724689","22.2837862","114.1741366",
"5542724690","22.2837481","114.1741701",
"5542724691","22.2837316","114.1741739",
"5542724692","22.2837379","114.174022",
"5542724693","22.2837531","114.174027",
"5542724694","22.2837811","114.1740504",
"5542724695","22.283795","114.1740843",
"5542724696","22.2837959","114.1741022",
"5542724697","22.283695","114.174167",
"5542724699","22.2836555","114.1741132",
"5542724700","22.2836542","114.1740932",
"5542724701","22.2837695","114.1740377",
"5542724702","22.2836867","114.174033",
"5542724703","22.2836584","114.174071",
"5542724704","22.2837623","114.1741629",
"5554346915","22.2820281","114.1718516",
"5554398420","22.2806294","114.1751241",
"5578043425","22.2931825","114.1683434",
"5578043426","22.2928029","114.1681621",
"5584411543","22.2796162","114.1776459",
"5584411544","22.2794204","114.1777122",
"5634754860","22.2812053","114.1700774",
"5689990594","22.2817267","114.1734764",
"5689990595","22.2817194","114.1734219",
"5689990596","22.2819422","114.1734096",
"5689990597","22.2821197","114.1734032",
"5700392017","22.285356","114.182388",
"5700392019","22.2854335","114.1823509",
"5700394521","22.2852239","114.1824405",
"5700394522","22.2847267","114.1823175",
"5700394523","22.2847524","114.1821434",
"5700394524","22.2847489","114.1821095",
"5700394525","22.2847439","114.1820982",
"5700394526","22.2847341","114.1820868",
"5700394527","22.2847212","114.1820776",
"5700394528","22.2846984","114.1820679",
"5700394529","22.2846832","114.182047",
"5700394530","22.2846759","114.1820333",
"5700394531","22.2842568","114.1818765",
"5700394532","22.284268","114.181847",
"5700394533","22.2843282","114.1818537",
"5700394534","22.2843586","114.1818591",
"5700394535","22.2843868","114.1817757",
"5700394536","22.284454","114.1817956",
"5700394537","22.2844876","114.181613",
"5700394538","22.2845007","114.1816257",
"5700394539","22.2845807","114.1814373",
"5700394540","22.2844833","114.1818282",
"5700394541","22.2844833","114.1818463",
"5700394542","22.2845335","114.1814272",
"5700394543","22.2844901","114.1818617",
"5700394544","22.2845336","114.1818892",
"5700394545","22.2845733","114.1819053",
"5700394546","22.2845578","114.1818959",
"5700394547","22.2846222","114.1819878",
"5776793213","22.2832052","114.167533",
"5776793214","22.2828885","114.168284",
"5973912640","22.2832556","114.1762325","Pier1929"
"5997041885","22.2809155","114.1761942",
"6006394971","22.2809497","114.1756386","摩納哥駐港總領事館 Monaco Consulate"
"6084364511","22.281539","114.1792275",
"6084364512","22.281528","114.1793053",
"6084364513","22.2815499","114.1793606",
"6084364514","22.2815658","114.1791932",
"6087607988","22.2762195","114.1638568",
"6115307778","22.2801085","114.1735396","瑞士駐香港總領事館 Consulate General of Switzerland in Hong Kong"
"6225355431","22.2823858","114.1728205",
"6225393546","22.2823779","114.1742834",
"6225393547","22.2819719","114.1724099",
"6233602195","22.2817544","114.1798353",
"6233602198","22.2815629","114.1795564",
"6235155786","22.2820423","114.1731725",
"6238179211","22.2827521","114.1713103",
"6238179212","22.2828353","114.1713075",
"6238179213","22.282504","114.1710015",
"6238179214","22.283332","114.1719964",
"6238179215","22.282637","114.171575",
"6238179216","22.282621","114.171443",
"6238179217","22.282608","114.1719149",
"6238179218","22.2834254","114.172075",
"6238179219","22.2834008","114.1719067",
"6238179220","22.282617","114.171484",
"6238179221","22.2826418","114.1718706",
"6238179222","22.2827597","114.1717935",
"6238179223","22.2824689","114.1751805",
"6238179225","22.282701","114.171642",
"6238179226","22.282662","114.171613",
"6238179228","22.282657","114.171365",
"6238179229","22.2826787","114.1713394",
"6238179230","22.2835338","114.1720829",
"6298355183","22.2827399","114.1798625",
"6298356585","22.2823648","114.1800268",
"6298356586","22.2828924","114.1795694",
"6298356587","22.2820737","114.1800171",
"6298356589","22.2828864","114.1796749",
"6298356590","22.2827969","114.1798214",
"6298356591","22.2828531","114.179753",
"6298356594","22.2828731","114.1794801",
"6329262946","22.2808171","114.1744959",
"6329262947","22.2819497","114.1741809",
"6329262948","22.2821066","114.1767082",
"6329262949","22.2819184","114.1767689",
"6329262950","22.2819481","114.176719",
"6329262951","22.281993","114.1767066",
"6329262952","22.2819276","114.1769633",
"6329262954","22.2824246","114.1781393",
"6329262955","22.282331","114.1782933",
"6329262956","22.282544","114.1782103",
"6343831691","22.2814662","114.1761421",
"6343831692","22.2847879","114.1894614",
"6343831693","22.2847895","114.1894562",
"6343831694","22.2828856","114.1844792",
"6343831695","22.2828819","114.1844809",
"6343831696","22.2820777","114.1674918",
"6343831697","22.281319","114.1802951",
"6343831698","22.2815298","114.1818175",
"6343831699","22.282123","114.183197",
"6343831700","22.2841484","114.1867992",
"6343831701","22.2821869","114.1675186",
"6343831702","22.2814658","114.1761405",
"6343831703","22.2813241","114.1802935",
"6343831704","22.2813808","114.1811036",
"6343831705","22.2821254","114.183212",
"6343831706","22.2841511","114.186798",
"6344799703","22.2826199","114.172085",
"6344799704","22.2826178","114.1720176",
"6344799705","22.2826241","114.1719462",
"6344828391","22.2816345","114.1696929",
"6344828393","22.2819607","114.1698646",
"6344828394","22.2819981","114.1688516",
"6344828395","22.280941","114.1683957",
"6344828396","22.2809763","114.1683684",
"6344828397","22.2811158","114.1690235",
"6344828398","22.2818411","114.1686312",
"6344828399","22.2814936","114.1689913",
"6344828403","22.2816742","114.1697759",
"6344828404","22.2816704","114.1729049",
"6344828405","22.2816797","114.1732529",
"6344828406","22.2819831","114.1732506",
"6344828407","22.2819571","114.1728439",
"6344828408","22.2819315","114.1726145",
"6344828410","22.2814522","114.1711237",
"6344828411","22.2827186","114.1713157",
"6344828423","22.2823415","114.1711144",
"6344828424","22.2823464","114.1707824",
"6344828425","22.2823314","114.170789",
"6344828426","22.2823772","114.1719806",
"6344828427","22.282422","114.1720954",
"6344828428","22.2824365","114.1721054",
"6344828429","22.2824768","114.1721064",
"6344828430","22.282522","114.1720313",
"6344828431","22.2825315","114.1719124",
"6344828432","22.2824044","114.1720675",
"6344828433","22.2825333","114.1719551",
"6344828439","22.2822555","114.1689389",
"6344828440","22.2821767","114.1689322",
"6344828441","22.2821246","114.1700843",
"6344828442","22.28219","114.1700876",
"6344828443","22.282115","114.1688153",
"6344828444","22.2820325","114.1690931",
"6344828445","22.2820062","114.1698358",
"6344828446","22.2820556","114.1698389",
"6345181929","22.282621","114.17153",
"6345181930","22.282634","114.171402",
"6345181931","22.2826955","114.1713251",
"6345181932","22.2827912","114.1713069",
"6345181933","22.2836323","114.1722759",
"6345181934","22.2836013","114.1722167",
"6345181935","22.2835843","114.1721828",
"6357791749","22.2813756","114.1742842",
"6357791750","22.2813981","114.1743099",
"6357791751","22.2814072","114.1743269",
"6357791752","22.2814075","114.1744088",
"6357791753","22.2813813","114.1744382",
"6357791755","22.2814171","114.1743653",
"6357791757","22.2813693","114.174447",
"6357791758","22.2813942","114.174427",
"6357791760","22.2814151","114.1743885",
"6357791761","22.2813867","114.1742938",
"6357791762","22.2826044","114.1785284",
"6357791763","22.2817632","114.1743745",
"6357791764","22.2814609","114.1742952",
"6357791765","22.2815213","114.1744025",
"6357791766","22.2814801","114.1743215",
"6357791767","22.2817191","114.1743804",
"6357791769","22.281511","114.1743776",
"6357791772","22.2814368","114.1742754",
"6357791773","22.2814136","114.1743457",
"6357791774","22.2813554","114.1742682",
"6449999225","22.2815647","114.1744188",
"6458065097","22.2819366","114.1768105",
"6458065098","22.2819935","114.1770151",
"6458065099","22.2820526","114.177",
"6499873322","22.2821909","114.1750544",
"6499873323","22.2820219","114.1716768",
"6532042996","22.2719687","114.1730173",
"6620405004","22.2805206","114.1742849",
"6620405005","22.2805269","114.1743562",
"6620405008","22.28054","114.1745045",
"6620405009","22.2797592","114.1744519",
"6620417977","22.2797516","114.174595",
"6641207734","22.2844254","114.1744499",
"6641207735","22.2845681","114.1744095",
"6641207736","22.2845988","114.1745357",
"6641207737","22.2844561","114.1745762",
"6641207738","22.2841914","114.1743977",
"6641207739","22.2839615","114.1743229",
"6641207740","22.2840517","114.1743568",
"6641207741","22.2842069","114.1743444",
"6641207742","22.2843762","114.174391",
"6641207743","22.2845289","114.1743518",
"6641207744","22.2845172","114.1742947",
"6641207745","22.2844113","114.1744471",
"6641207746","22.2844481","114.174592",
"6641207747","22.283776","114.174151",
"6641207748","22.2839926","114.1745713",
"6641207749","22.2836885","114.174481",
"6641207750","22.2836511","114.1746169",
"6641207751","22.2839569","114.1747037",
"6641207752","22.283845","114.1743566",
"6641207753","22.28415","114.1744477",
"6641207754","22.2839632","114.1743922",
"6641207755","22.2839199","114.1745497",
"6641207756","22.2838118","114.1743303",
"6641207757","22.2837621","114.1745029",
"6641207758","22.2837802","114.17444",
"6641207759","22.2839376","114.1744853",
"6705132247","22.2806245","114.1741998",
"6705154844","22.2824057","114.1783561",
"6705233706","22.2820094","114.1746593",
"6705233769","22.2837243","114.1741071",
"6705233798","22.282519","114.1718003",
"6705233799","22.282739","114.174214",
"6705233910","22.281706","114.174225",
"6705233912","22.2806357","114.1708506",
"6705233917","22.2821803","114.176846",
"6720517871","22.2809309","114.1765525","灣仔訓練池 Wan Chai Training Pool"
"6734390131","22.2802114","114.176977",
"6734390136","22.2806414","114.177045","Maek Jeok"
"6734390140","22.2802231","114.1771051","鮨樂 Sushi Raku"
"6734390141","22.2803221","114.1771217","吉野家 Yoshinoya"
"6738547929","22.2823411","114.1719937",
"6738547930","22.2823592","114.1722003",
"6759443439","22.280075","114.1774272",
"6837819163","22.2835594","114.1721303",
"6837819164","22.2834596","114.1721085",
"6837819165","22.2834848","114.1721433",
"6837819166","22.2833774","114.1720321",
"6837819167","22.2833831","114.1721707",
"6837819168","22.2832768","114.1721128",
"6837819169","22.2831492","114.1720868",
"6837819170","22.2830932","114.17208",
"6837819171","22.2829969","114.1720924",
"6837819172","22.2829449","114.1721168",
"6837819173","22.2827706","114.1722304",
"6837819174","22.2827068","114.1722576",
"6837819175","22.2831386","114.1719847",
"6837819176","22.2831992","114.1720175",
"6837819177","22.2829677","114.1719428",
"6837819178","22.2829011","114.1719521",
"6837819179","22.2827325","114.1720552",
"6837819180","22.2826809","114.1721167",
"6837819181","22.2837142","114.1741734",
"6837819182","22.2836607","114.17413",
"6837819183","22.2836689","114.1741444",
"6853997583","22.2807739","114.1737232",
"6853997584","22.2812729","114.1729351",
"6853998886","22.2821777","114.1726119",
"6853998887","22.2834295","114.1725863",
"6853998888","22.2813639","114.1716595",
"6853998889","22.2826429","114.1728994",
"6853998890","22.2822596","114.1728506",
"6853998892","22.2835973","114.1729732",
"6853998893","22.283696","114.1729655",
"6853998894","22.2845856","114.1726919",
"6853998895","22.2845716","114.1731532",
"6853998896","22.2845981","114.1731846",
"6853998897","22.2830393","114.1725165",
"6853998898","22.2810799","114.1726622",
"6853998899","22.2812102","114.1738621",
"6853998900","22.2813352","114.1738507",
"6853998901","22.2814795","114.1736976",
"6853998902","22.2815111","114.1737427",
"6853998903","22.2812746","114.1739364",
"6853998904","22.2812852","114.1741704",
"6853998906","22.2808628","114.1774246",
"6853998907","22.2809239","114.1776075",
"6853998910","22.2797631","114.169775",
"6875521323","22.2831737","114.1675097",
"6875521324","22.2831479","114.1676005",
"6875521325","22.2829911","114.1678519",
"6875521326","22.2829073","114.1680297",
"6875521327","22.2828554","114.1681862",
"6875521328","22.2827994","114.1684124",
"6875521329","22.2827557","114.1688614",
"6875521330","22.2827375","114.1690869",
"6875521331","22.2826889","114.1696557",
"6875521332","22.2825708","114.1701133",
"6875521333","22.2826211","114.1707197",
"6875521334","22.2826798","114.1708532",
"6875521335","22.2834064","114.1715936",
"6875521336","22.2836132","114.1717414",
"6875521337","22.2837095","114.1718416",
"6875521338","22.2837392","114.1722293",
"6875521346","22.2810369","114.1707412",
"6875521347","22.2808422","114.1707269",
"6875521348","22.2808783","114.1707982",
"6875521349","22.2842365","114.1735046",
"6875521350","22.2841401","114.1733363",
"6875521351","22.2841227","114.1729821",
"6875521352","22.2841077","114.1726457",
"6875521353","22.2841096","114.1727269",
"6875521354","22.2839901","114.1725887",
"6875521355","22.2838778","114.1725896",
"6875521356","22.2827174","114.1725722",
"6875521357","22.2828429","114.1725166",
"6875521358","22.2829721","114.1725179",
"6875521359","22.2831333","114.1725185",
"6875521360","22.2832549","114.1725236",
"6875521361","22.2830438","114.1721596",
"6875521362","22.2815397","114.1726558",
"6875521364","22.2814633","114.1729185",
"6875521365","22.2810525","114.1721398",
"6875521366","22.2809268","114.1721542",
"6875521367","22.2808859","114.1722683",
"6875521368","22.2809084","114.1726691",
"6875521369","22.2805683","114.1728541",
"6875521370","22.2806168","114.1729106",
"6875521371","22.280726","114.1729347",
"6875521372","22.2809369","114.1729192",
"6875521373","22.2810064","114.1728891",
"6875521374","22.2810714","114.1728118",
"6875521375","22.2811202","114.1727615",
"6875521376","22.2811661","114.1727633",
"6875521377","22.2812114","114.1728173",
"6875521378","22.2812248","114.1730581",
"6875521379","22.2811821","114.1731489",
"6875521380","22.2811583","114.1731567",
"6875521381","22.281092","114.1731274",
"6875521382","22.2810039","114.1730366",
"6875521383","22.2809439","114.1730259",
"6875521384","22.280726","114.17305",
"6875531785","22.2806267","114.1730903",
"6875531786","22.2805899","114.1731385",
"6875531787","22.2810572","114.1730783",
"6875531788","22.2811863","114.1727757",
"6875531789","22.281216","114.1731107",
"6875531790","22.2811335","114.1731554",
"6875531791","22.2811433","114.1727585",
"6875531792","22.2810478","114.172868",
"6875531793","22.2810992","114.1727723",
"6875531794","22.2810824","114.1727896",
"6875531795","22.2812019","114.1727943",
"6875531796","22.2812135","114.172844",
"6875531797","22.2812222","114.1730847",
"6875531798","22.2812021","114.173133",
"6875531799","22.2811105","114.1731453",
"6875531800","22.2810801","114.1731038",
"6875531801","22.2812749","114.1730284",
"6875531802","22.2812485","114.1731528",
"6875531803","22.2814586","114.1726607",
"6875531804","22.2812656","114.1728031",
"6875531805","22.2812433","114.1727387",
"6875531806","22.2812011","114.1726904",
"6875531807","22.281149","114.1726636",
"6875531808","22.2812692","114.1730919",
"6875531809","22.2812005","114.1731989",
"6875531810","22.2845618","114.1736433",
"6875531811","22.2845804","114.1734877",
"6875531812","22.2846449","114.1733697",
"6875531813","22.2846821","114.1732866",
"6875531814","22.2847144","114.1731739",
"6875531815","22.2847392","114.1730398",
"6875531816","22.2847442","114.1729271",
"6875531817","22.2847436","114.1728024",
"6875531818","22.2847405","114.1727488",
"6875531819","22.28472","114.1726174",
"6875531820","22.2846853","114.1725114",
"6875531821","22.2845935","114.1723692",
"6875531822","22.2844719","114.1722164",
"6875531823","22.2844085","114.1721494",
"6875531824","22.2843663","114.1721158",
"6875531825","22.2843347","114.1720903",
"6875531826","22.2843068","114.1721288",
"6875531827","22.284267","114.1722478",
"6875531829","22.2809483","114.170161",
"6875531830","22.2809399","114.1702516",
"6875531831","22.28096","114.170503",
"6875531832","22.2809901","114.1704864",
"6875531833","22.2810398","114.1704758",
"6875531834","22.2819028","114.1769532",
"6901684830","22.2808032","114.1769938",
"6901684831","22.2809625","114.1769769",
"6901684832","22.2809884","114.1769613",
"6901684834","22.2809856","114.1769294",
"6901684835","22.2806805","114.1758264",
"6901684837","22.2809896","114.1769891",
"6901684838","22.2809932","114.1770418",
"6901684839","22.2809586","114.176931",
"6901684840","22.2809796","114.176837",
"6904753866","22.2827636","114.1687061",
"6904753867","22.2821094","114.1757319",
"6904753868","22.2831533","114.1675121",
"6904753871","22.2824671","114.1694637",
"6904753872","22.2827566","114.1686317",
"6904753873","22.2827749","114.1684071",
"6904753874","22.2828333","114.1681799",
"6904753875","22.2828963","114.1680279",
"6904753876","22.2829725","114.1678439",
"6904753877","22.2831319","114.1675914",
"6904772092","22.2831593","114.167372",
"6904772107","22.2836444","114.1720038",
"6904772108","22.2829984","114.171359",
"6904772111","22.2826252","114.1704035",
"6904772114","22.2831494","114.1713788",
"6904772116","22.2836618","114.1717089",
"6904772117","22.2834179","114.1715305",
"6911176843","22.2837488","114.1720285",
"6911176844","22.2837347","114.1720346",
"6911176845","22.2837733","114.1719265",
"6911176846","22.2838281","114.1720302",
"6911176847","22.283666","114.1720643",
"6911176848","22.2837031","114.1720483",
"6911176849","22.2837798","114.1719946",
"6911176852","22.2838558","114.1720365",
"6914769326","22.2800501","114.1778277",
"6914769327","22.2816622","114.1786744",
"6919485762","22.2929591","114.1682114",
"6919485763","22.2922798","114.1680675",
"6919485764","22.2909078","114.1684855",
"6919485765","22.290384","114.168883",
"6919485766","22.2862731","114.1745206",
"6919485767","22.2847979","114.175519",
"6919485768","22.2858463","114.1749414",
"6966066143","22.2824707","114.1742418",
"6966066144","22.2823687","114.1742488",
"6966066145","22.2823257","114.1742513",
"6966066146","22.2822799","114.1742507",
"6966066147","22.2821782","114.174227",
"6966066149","22.2819557","114.1745209",
"6966066150","22.2822156","114.1742492",
"6966132053","22.2843351","114.1721825",
"6966132054","22.2844792","114.1723349",
"6966132055","22.2845867","114.1725264",
"6966132057","22.2846542","114.172735",
"6966132058","22.2846752","114.1728811",
"6966132059","22.284668","114.1731108",
"6966132060","22.284505","114.1735611",
"6966132061","22.2845143","114.1737188",
"6966132062","22.2845143","114.1738162",
"6966132063","22.2845673","114.1729919",
"6966132064","22.28456","114.1727916",
"6966132065","22.2845002","114.1726161",
"6966132066","22.2846218","114.1733125",
"6966174161","22.2826167","114.1699094",
"6966174162","22.2825657","114.1702011",
"6966174163","22.2825584","114.1703756",
"6966174164","22.2828529","114.1711455",
"6966174165","22.2832285","114.1714396",
"6966174166","22.2828831","114.1711354",
"6968166718","22.2804941","114.1771361",
"6968166722","22.2802016","114.1771657",
"6968166729","22.2804572","114.1767099",
"6968166736","22.2801809","114.1767183",
"6968244586","22.2832653","114.1781549",
"6968244587","22.2831251","114.1783856",
"6968244588","22.2829749","114.1789126",
"6968244589","22.2829886","114.1790209",
"6968244590","22.283238","114.1782568",
"6968244591","22.2829997","114.1786431",
"6968244592","22.2829796","114.1789659",
"6968244593","22.2832554","114.1782086",
"6968244595","22.2830183","114.178579",
"6968244596","22.2830395","114.178521",
"6968244598","22.28297","114.1788241",
"6968244600","22.2832169","114.1782971",
"6968244601","22.2830701","114.1784725",
"6970709211","22.2854722","114.1823291",
"6970709212","22.2854021","114.1823516",
"6970709213","22.2853111","114.1823986",
"6970709214","22.285541","114.1824251",
"6970709219","22.28528","114.1824093",
"6970709220","22.285527","114.1822886",
"6970709223","22.2854437","114.1823406",
"6970709224","22.2853912","114.1823555",
"6970709229","22.2854238","114.1823493",
"6970709230","22.2853493","114.1823869",
"6970709236","22.2852299","114.1824317",
"6970709238","22.2855885","114.1823851",
"6970709240","22.2854693","114.182329",
"6970709241","22.2853718","114.1823681",
"6970709242","22.2847514","114.1821237",
"6970709244","22.2854981","114.1822979",
"6970709248","22.2853336","114.1823876",
"6970709250","22.285552","114.182422",
"6970709254","22.2852482","114.1824171",
"6970709258","22.285438","114.1823458",
"6970709259","22.2854122","114.1823495",
"6970709260","22.2852574","114.182413",
"6970709265","22.2853181","114.182394",
"6970709270","22.2852684","114.1824102",
"6970709271","22.2855774","114.182311",
"6970709274","22.2854499","114.1823362",
"6970709275","22.2853639","114.1823768",
"6970709276","22.2853255","114.1823902",
"6970709277","22.2855939","114.1823606",
"6970709278","22.2855528","114.1822929",
"6970709282","22.2853048","114.182405",
"6970709283","22.2854814","114.1823132",
"6970723387","22.2852904","114.1824101",
"6970723389","22.2855916","114.1823389",
"6970723391","22.2854631","114.1823304",
"6970723392","22.2853827","114.1823597",
"6970723393","22.2853413","114.1823866",
"6970723394","22.2855769","114.1824042",
"6970723399","22.2852389","114.1824234",
"6970723403","22.2854564","114.182333",
"6970765438","22.2810315","114.1746141",
"6970765439","22.2808179","114.1747348",
"6970765440","22.280788","114.1747374",
"6970765441","22.2807803","114.1746019",
"6970765442","22.2810308","114.1745757",
"6970765443","22.2811852","114.1745634",
"6970765444","22.2808306","114.1746067",
"6970765454","22.2807922","114.1738054",
"6970765455","22.2805918","114.1749391",
"6970765456","22.2801267","114.1749753",
"6970765457","22.280207","114.176028",
"6970765458","22.2802015","114.1759565",
"6970765459","22.2806831","114.1758893",
"6970765460","22.2804065","114.1754409",
"6970765461","22.2803976","114.1754127",
"6970765462","22.2803653","114.1753898",
"6970765463","22.2803327","114.1753951",
"6970765464","22.2803286","114.1754265",
"6970765465","22.280354","114.1754606",
"6970765466","22.2803827","114.1754696",
"6970765467","22.280402","114.1754587",
"6970765468","22.280346","114.1753893",
"6970765469","22.2803259","114.1754142",
"6970765470","22.2803373","114.1754442",
"6970765471","22.2803659","114.1754666",
"6970765472","22.2803942","114.175466",
"6970765473","22.2803834","114.1753974",
"6970765474","22.280495","114.1753242",
"6970765475","22.2804815","114.1753119",
"6970765476","22.2804615","114.1753119",
"6970765477","22.280448","114.1753173",
"6970765478","22.2804416","114.1753237",
"6970765479","22.280428","114.1753458",
"6970765480","22.2804266","114.1753712",
"6970765481","22.280433","114.175385",
"6970765482","22.2804558","114.1753866",
"6970765483","22.2804715","114.1753797",
"6970765484","22.2804858","114.1753712",
"6970775985","22.2804936","114.1753573",
"6970775986","22.2804965","114.1753388",
"6970775987","22.2804254","114.1753572",
"6970775988","22.2805484","114.1754568",
"6970775989","22.2805569","114.1754515",
"6970775990","22.2805585","114.1754344",
"6970775991","22.280544","114.1754089",
"6970775992","22.2805207","114.1753971",
"6970775993","22.2805013","114.1754044",
"6970775994","22.2804999","114.1754383",
"6970775995","22.2805184","114.1754514",
"6970775996","22.2805327","114.1754568",
"6970775997","22.2805314","114.1754008",
"6970775998","22.2805134","114.1753991",
"6970775999","22.2804967","114.1754214",
"6970776000","22.2805081","114.1754476",
"6970776001","22.2805537","114.1754214",
"6970776002","22.2804986","114.1754124",
"6970776003","22.2804715","114.1753111",
"6970776004","22.2804882","114.1753157",
"6970776005","22.2804342","114.1753329",
"6970776006","22.280443","114.1753869",
"6970776009","22.2805734","114.1746671",
"6970776010","22.2805805","114.1747512",
"6970776013","22.2798832","114.1747224",
"6970776014","22.2798033","114.1747377",
"6970776018","22.2798896","114.1757609",
"6970776020","22.2799117","114.1760263",
"6972811390","22.2819637","114.172147",
"6972811391","22.282136","114.1715986",
"6972811392","22.2821649","114.1728911",
"6972811393","22.2823147","114.1749953",
"6972811403","22.2822961","114.1678143",
"6972811406","22.2823731","114.1700245",
"6972811407","22.2823873","114.1702525",
"6972811408","22.2823625","114.1697505",
"6972811409","22.2824246","114.1705549",
"6972811410","22.2824965","114.1708841",
"6972811411","22.2827391","114.1713388",
"6972811412","22.2826209","114.1711654",
"6972811413","22.2825694","114.1710645",
"6972811414","22.2824758","114.1708104",
"6972811415","22.2824485","114.1706739",
"6973440296","22.283511","114.171608",
"6973440297","22.2834238","114.1715513",
"6973440298","22.2835439","114.1716097",
"6973440299","22.2837331","114.1717988",
"6973440300","22.2837809","114.1718645",
"6973440301","22.2846058","114.1721863",
"6973440302","22.2844452","114.172016",
"6973440303","22.2844629","114.1720308",
"6973440304","22.2845134","114.1720799",
"6973440305","22.2844137","114.1719987",
"6973440306","22.2843842","114.171995",
"6973440307","22.2843447","114.1720076",
"6973440308","22.2843624","114.1719992",
"6973440309","22.2843158","114.172038",
"6973440310","22.2851789","114.1743285",
"6973440311","22.2851637","114.1742171",
"6973440312","22.2851172","114.1741673",
"6973440313","22.2850812","114.1741516",
"6973440314","22.285047","114.1741468",
"6973440315","22.2843403","114.1745428",
"6973440316","22.2843248","114.1745506",
"6973440317","22.2843065","114.1745545",
"6973440318","22.284347","114.1745368",
"6973440319","22.2843155","114.1745535",
"6973440320","22.2843333","114.1745475",
"6973440321","22.2843589","114.1745233",
"6973440322","22.283771","114.1744085",
"6973440323","22.2830091","114.1760809",
"6973440324","22.2837009","114.1760575",
"6973440325","22.2837095","114.1760653",
"6973440326","22.2837152","114.1760761",
"6973440327","22.2831221","114.1781888",
"6973440328","22.2837056","114.1760611",
"6973440329","22.2837168","114.1760829",
"6973440330","22.2837127","114.1760698",
"6973440331","22.2831181","114.1782014",
"6973440332","22.2837236","114.1763181",
"6973440333","22.2837308","114.1763105",
"6973440334","22.283736","114.1763005",
"6973440335","22.2837372","114.1762877",
"6973440336","22.2837373","114.1762942",
"6973440337","22.2837277","114.1763144",
"6973440338","22.2837339","114.1763055",
"6973440339","22.2837203","114.1763201",
"6973440342","22.2821935","114.1711836",
"6973440343","22.28258","114.1721705",
"6973440344","22.2823427","114.1760581",
"6973440345","22.2824953","114.1766616",
"6973440346","22.2822924","114.1758281",
"6976488657","22.2818135","114.1706121",
"6976488658","22.2819863","114.1706242",
"6976488659","22.2818962","114.1706092",
"6976488660","22.2817822","114.1708433",
"6979816447","22.280333","114.175782",
"6979816455","22.2804294","114.1758639",
"6979816464","22.2803911","114.175892",
"6979816465","22.2803365","114.1758149",
"6979816466","22.2803731","114.1758034",
"6979816467","22.2804101","114.1758556",
"6979816468","22.2803935","114.1758421",
"6979816469","22.280348","114.1758457",
"6979816470","22.2804502","114.1759076",
"6979816471","22.2803377","114.1757493",
"6979816472","22.2803452","114.1754533",
"6979816473","22.2803326","114.1754356",
"6979816474","22.2803888","114.1754684",
"6979816475","22.2803739","114.1754686",
"6979816476","22.2804055","114.1754327",
"6979816477","22.2804051","114.1754505",
"6979816478","22.2804017","114.1754212",
"6979816479","22.2803911","114.1754044",
"6979816480","22.2803752","114.1753929",
"6979816481","22.2803561","114.1753888",
"6979816482","22.2803395","114.1753914",
"6979816483","22.280328","114.1754038",
"6979816484","22.280075","114.1763835",
"6979825185","22.2800879","114.1763822",
"6979825186","22.2800866","114.1763655",
"6979825187","22.2800737","114.1763667",
"6979825188","22.2800669","114.1762772",
"6979825189","22.2800799","114.176276",
"6979825190","22.2800683","114.1762953",
"6979825191","22.2800813","114.1762941",
"6979825192","22.2803154","114.1762152",
"6979825193","22.2802974","114.1762165",
"6979825194","22.2802962","114.1762006",
"6979825195","22.2803142","114.176199",
"6979825196","22.2803074","114.176109",
"6979825197","22.28029","114.17611",
"6979825198","22.2802911","114.1761257",
"6979825199","22.2803085","114.1761242",
"6979825200","22.280548","114.1763383",
"6979825201","22.2805696","114.1763366",
"6979825202","22.280568","114.1763166",
"6979825203","22.2805465","114.1763186",
"6979825204","22.2805407","114.1762329",
"6979825205","22.2805612","114.1762317",
"6979825206","22.2805423","114.1762528",
"6979825207","22.2805627","114.1762509",
"6979825208","22.2804501","114.1758663",
"6979825209","22.2803741","114.1757589",
"6980052447","22.2932198","114.168548","尖沙咀 Tsim Sha Tsui"
"6986305294","22.2803632","114.1733358",
"6986305295","22.2798675","114.1733025",
"6986305296","22.2799034","114.1733255",
"6986305297","22.2798886","114.1733595",
"6986305298","22.2805166","114.1737533",
"6986305299","22.2805665","114.1737211",
"6986305300","22.280356","114.1736258",
"6986305301","22.2803518","114.1735757",
"6986305302","22.2804123","114.1734946",
"6986305303","22.2804124","114.1733911",
"6986305304","22.2804143","114.1734123",
"6986305305","22.2804139","114.1734643",
"6986305306","22.2803711","114.1734563",
"6986305307","22.2802907","114.1735193",
"6986305308","22.2805103","114.1737948",
"6986305309","22.2802809","114.1736817",
"6986305310","22.2806809","114.1718758",
"6986305311","22.2807155","114.1717827",
"6986783732","22.2823627","114.1715721",
"6986783733","22.2823873","114.172025",
"6986783734","22.2824899","114.1720987",
"6986783735","22.2823326","114.170785",
"6986783736","22.2823323","114.1711173",
"6986783737","22.2825014","114.1720851",
"6986783738","22.282374","114.1708555",
"6986783739","22.2823422","114.17078",
"6986783740","22.2823528","114.1715662",
"6986783741","22.282448","114.1721084",
"6986783742","22.2824599","114.1721092",
"6986783743","22.2823349","114.170782",
"6986783744","22.282381","114.1720023",
"6986783745","22.2825299","114.1719936",
"6986783746","22.2823952","114.1709226",
"6986783747","22.2823294","114.1709429",
"6986783748","22.2825117","114.1720618",
"6986783749","22.2823372","114.170956",
"6986783750","22.2823385","114.1707799",
"6989218925","22.2811524","114.1705216",
"6989218926","22.281222","114.1705305",
"6989218929","22.2812004","114.1705152",
"6989218932","22.2811281","114.1705684",
"6989218933","22.2812332","114.1705504",
"7044272453","22.2814678","114.1717949",
"7044272454","22.2814134","114.1716649",
"7044272455","22.2812711","114.1711907",
"7044272456","22.2806297","114.1718772",
"7044272457","22.2808415","114.1708511",
"7044272458","22.280727","114.1709257",
"7044272459","22.2806664","114.1710719",
"7044272460","22.2805988","114.1713102",
"7044272461","22.2806147","114.1718791",
"7044272462","22.2806162","114.171922",
"7044272463","22.2810231","114.1718842",
"7044272464","22.2814391","114.1718383",
"7044272465","22.2814375","114.1715772",
"7044272466","22.2813129","114.1711792",
"7044272467","22.281253","114.1710603",
"7044272468","22.2811117","114.1708872",
"7044272469","22.2809787","114.1708397",
"7044272470","22.2805905","114.1718837",
"7044272471","22.2805902","114.1719706",
"7044272472","22.2815096","114.1716167",
"7044272473","22.2814392","114.1716179",
"7044272474","22.2804894","114.1715306",
"7044272475","22.2806066","114.1716497",
"7044272476","22.2806846","114.1729263",
"7044272477","22.280794","114.1719624",
"7044272478","22.2806763","114.1719723",
"7044272479","22.2806732","114.1720371",
"7044272480","22.2806236","114.1722686",
"7044272481","22.2805247","114.1722873",
"7044272482","22.2814492","114.1718763",
"7044272483","22.2805973","114.1713593",
"7044325085","22.2807545","114.1739478",
"7044325086","22.2808659","114.1740921",
"7044325087","22.2814973","114.1740603",
"7044325088","22.2821345","114.1736526",
"7044325091","22.2808157","114.1708665",
"7044325092","22.2814382","114.1715938",
"7044325093","22.2813074","114.171163",
"7044325094","22.2811241","114.1709024",
"7044325095","22.2809532","114.1708418",
"7044325096","22.2806516","114.1711077",
"7044325097","22.2807305","114.1709173",
"7044325098","22.2816453","114.1738813",
"7044325100","22.2833972","114.1721031",
"7044325103","22.2828559","114.1740904",
"7044325104","22.2806624","114.1726112",
"7044325105","22.2809227","114.1727028",
"7044325106","22.2809575","114.1732322",
"7044325107","22.2807082","114.1732512",
"7044325108","22.2806943","114.173063",
"7044325109","22.2815669","114.1724586",
"7044325112","22.282697","114.1736413",
"7044325113","22.2827535","114.1736382",
"7044325114","22.2827125","114.1736404",
"7045777024","22.2826121","114.172134",
"7045777026","22.2826374","114.1723151",
"7045777027","22.282639","114.1720121",
"7045777028","22.2827265","114.1718375",
"7045777029","22.2827962","114.1718107",
"7045777032","22.2835673","114.1740228",
"7045777033","22.2835278","114.1740447",
"7045777034","22.2833124","114.1740542",
"7045777035","22.2828032","114.1740707",
"7045777036","22.2827554","114.1740025",
"7045777037","22.2827305","114.1738567",
"7045777038","22.2820881","114.1736359",
"7045777039","22.2816943","114.173655",
"7045777040","22.2816961","114.1737967",
"7045777041","22.2813899","114.1716499",
"7045777042","22.2813856","114.1715667",
"7045777043","22.2812915","114.1712771",
"7045777044","22.2812545","114.1712124",
"7045777045","22.2811604","114.171234",
"7045777046","22.2811509","114.1713031",
"7045777047","22.2811996","114.1714169",
"7045777048","22.2812174","114.1715806",
"7045777049","22.2812331","114.1711662",
"7045777050","22.281129","114.1710152",
"7045777051","22.2810777","114.1710738",
"7045777052","22.2810806","114.1711955",
"7045777053","22.2808946","114.1717002",
"7045777054","22.2808623","114.1716868",
"7045777055","22.2808288","114.171664",
"7045777056","22.2808425","114.1715849",
"7045777057","22.2808995","114.1713931",
"7045777058","22.2810174","114.1713154",
"7045777059","22.2810274","114.1713462",
"7045777060","22.2810447","114.171424",
"7045777061","22.2809827","114.1716694",
"7045777062","22.2810345","114.1715712",
"7045777063","22.281045","114.1714977",
"7045777064","22.2809463","114.1716907",
"7045777065","22.2809585","114.1713194",
"7045777066","22.2809166","114.1713442",
"7045777067","22.2808644","114.1714881",
"7045777068","22.2810075","114.1714723",
"7045777069","22.2810075","114.1714173",
"7045777070","22.2809939","114.1713596",
"7045777071","22.2809455","114.171377",
"7045777072","22.2809008","114.1714924",
"7045777073","22.2808747","114.1716359",
"7045777074","22.2809082","114.171664",
"7045777075","22.2809529","114.1716372",
"7045777076","22.2810001","114.1715567",
"7045777077","22.2808847","114.1715614",
"7045777078","22.2809655","114.1713611",
"7045777079","22.2808893","114.1716538",
"7045777080","22.2808782","114.1716096",
"7045777081","22.2811626","114.1714928",
"7045777082","22.2810373","114.1712488",
"7045777083","22.2809001","114.171264",
"7045777084","22.2808407","114.1713224",
"7045790785","22.2808126","114.1715909",
"7045790786","22.2808094","114.171752",
"7045790787","22.2810092","114.1717543",
"7045790788","22.2811184","114.1716796",
"7045790789","22.2811702","114.1715547",
"7045790790","22.280778","114.1713842",
"7045790791","22.2807726","114.1717111",
"7045790792","22.2807284","114.1717135",
"7045790793","22.2807273","114.1716469",
"7045790794","22.280697","114.1716434",
"7045790795","22.2806916","114.1715956",
"7045790796","22.2806516","114.1715874",
"7045790797","22.2806462","114.171313",
"7045790798","22.2807262","114.1710258",
"7045790799","22.2807737","114.1710317",
"7045790800","22.280751","114.1710935",
"7045790801","22.2807338","114.1713691",
"7045790802","22.2813896","114.1716805",
"7045790803","22.2813528","114.1716793",
"7045790804","22.2812059","114.1716221",
"7045790805","22.2811043","114.1717424",
"7045790806","22.2811022","114.1718381",
"7045790807","22.2813939","114.1718136",
"7045790808","22.2812129","114.1714132",
"7045790809","22.2812133","114.1714506",
"7045790810","22.2812138","114.1714999",
"7045790811","22.2812143","114.1715423",
"7045790813","22.2812404","114.171542",
"7045790814","22.2812394","114.171451",
"7045790815","22.2812399","114.1714995",
"7045790817","22.2809971","114.1717853",
"7045790818","22.2807253","114.1717975",
"7045790819","22.2807084","114.1718758",
"7045790820","22.2810009","114.1718544",
"7045790821","22.2833445","114.1761438",
"7045790822","22.2836951","114.1760955",
"7045790823","22.2837158","114.1762841",
"7045790824","22.2833667","114.1763278",
"7045790825","22.2834297","114.1762373",
"7045790826","22.2834893","114.1761923",
"7103679290","22.2827801","114.1810059",
"7129114414","22.2820731","114.1709535",
"7129121768","22.281585","114.1712347",
"7129121769","22.2817663","114.1715097",
"7129121770","22.2815242","114.1711597",
"7139511631","22.2823258","114.1701528",
"7139511632","22.2825685","114.1701532",
"7139511633","22.2824747","114.1701239",
"7139511634","22.2824076","114.1701219",
"7139511635","22.2825449","114.1700647",
"7139511636","22.2825255","114.1700968",
"7139511637","22.282501","114.1701191",
"7183220778","22.2807991","114.1703809",
"7197982609","22.2827479","114.1697221",
"7199810945","22.2802229","114.178819",
"7199810946","22.2800258","114.1781078",
"7199810947","22.2803467","114.1787719",
"7199928264","22.2800263","114.1773611",
"7242344047","22.2813828","114.1740632","灣仔北 Wan Chai North"
"7287821735","22.2834167","114.17495",
"7298687995","22.2826261","114.1797728",
"7298687996","22.282023","114.1790546",
"7298687997","22.2822062","114.1789823",
"7298687998","22.2825657","114.1789276",
"7609214629","22.2827143","114.1791987",
"7659957217","22.2868539","114.1619959","中環 Central"
"7659957218","22.2871545","114.1620009",
"7659957219","22.2872984","114.1620278",
"7659957220","22.2875019","114.1620921",
"7659957221","22.2877278","114.1622102",
"7659957222","22.2879958","114.1624677",
"7659957223","22.2883582","114.1630255",
"7659957224","22.2886361","114.1638088",
"7659957225","22.2887602","114.164431",
"7659957226","22.2912718","114.1778206",
"7659957227","22.3002768","114.1892421","紅磡 Hung Hom"
"7659957228","22.2998803","114.1891421",
"7659957232","22.299077","114.1888645",
"7659957233","22.2994869","114.1890045",
"7659957234","22.2986019","114.1886691",
"7659957235","22.2971707","114.1880136",
"7659957236","22.2981031","114.1884485",
"7659957237","22.2881834","114.1627241",
"7659957238","22.2919969","114.179684",
"7659957239","22.2900854","114.1744895",
"7659957240","22.2897399","114.1730324",
"7659957241","22.2889005","114.1653628",
"7659957242","22.2884874","114.1633734",
"7659957243","22.2944085","114.1847312",
"7659957244","22.2950523","114.1858265",
"7659957245","22.2962419","114.1873598",
"7659957246","22.2966697","114.1877007",
"7659957248","22.297676","114.1882638",
"7659957249","22.2936395","114.1832827",
"7659957250","22.2907852","114.1766164",
"7659957251","22.2894858","114.1716786",
"7659957252","22.289124","114.1686556",
"7659957253","22.2892696","114.1699479",
"7686326372","22.2800658","114.1760399",
"7699030386","22.2809122","114.1772473",
"7699030387","22.2807843","114.1772378",
"7699030388","22.2808481","114.1771872",
"7699030389","22.2807737","114.1771897",
"7699030390","22.2807981","114.1771695",
"7699030391","22.2808266","114.1771389",
"7699030392","22.2808531","114.1771573",
"7699030393","22.2808528","114.1771286",
"7699030394","22.2808649","114.176914",
"7755174602","22.2927543","114.1814371",
"7755174603","22.2956581","114.1866902",
"7769076823","22.2847503","114.1743362",
"7769076824","22.2847693","114.1743542",
"7769076825","22.2846631","114.1744816",
"7769076826","22.284643","114.174461",
"7769076827","22.284782","114.1743777",
"7769076828","22.2847875","114.1744044",
"7769076829","22.2847849","114.1744315",
"7769076830","22.2847747","114.1744565",
"7769076831","22.2847578","114.1744768",
"7769076832","22.284736","114.1744904",
"7769076833","22.2847112","114.1744959",
"7769076834","22.2846861","114.174493",
"7769076835","22.2846306","114.1744343",
"7769076836","22.2846274","114.1744047",
"7769076837","22.2846336","114.1743755",
"7769076838","22.2846486","114.1743504",
"7769076839","22.2846707","114.1743324",
"7769076840","22.2846971","114.1743234",
"7769076841","22.2847247","114.1743248",
"7769076843","22.2844044","114.1744532",
"7769076844","22.2844391","114.17459",
"7769076845","22.2843853","114.1746055",
"7769076846","22.2843663","114.1744642",
"7769255587","22.2844044","114.1744532",
"7769255588","22.2844391","114.17459",
"7769255589","22.2843853","114.1746055",
"7769255590","22.2843663","114.1744642",
"7769255753","22.2850916","114.1741714",
"7769255754","22.2851258","114.1741949",
"7769255755","22.2851508","114.1742292",
"7769255756","22.2849559","114.1742039",
"7769255757","22.2851641","114.1742705",
"7769255758","22.2851638","114.1743141",
"7769255759","22.2851502","114.1743554",
"7769255760","22.2851248","114.1743893",
"7769255761","22.2850904","114.1744123",
"7769255762","22.285051","114.1744218",
"7769255763","22.2850109","114.1744166",
"7769255764","22.2849745","114.1743973",
"7769255765","22.2849462","114.1743661",
"7769255766","22.284929","114.1743266",
"7769255767","22.2849248","114.1742832",
"7769255768","22.2849341","114.1742406",
"7769255769","22.2849847","114.1741789",
"7769255770","22.285019","114.1741644",
"7769255771","22.2850558","114.1741619",
"7808553561","22.2823208","114.1755668",
"7808553562","22.2822928","114.1753079",
"7808553563","22.2820249","114.1766704",
"7808553564","22.2820461","114.176668",
"7808553565","22.281247","114.1754191",
"7808553566","22.2807595","114.1707882",
"7808553567","22.2805442","114.1705953",
"7808553568","22.280528","114.1706623",
"7808553570","22.280809","114.170707",
"7808553571","22.2808119","114.170641",
"7808553572","22.280794","114.1705882",
"7808553573","22.2807495","114.1705377",
"7808553574","22.2806417","114.1705156",
"7808553576","22.2805376","114.1707226",
"7808553577","22.2806666","114.1708213",
"7808553579","22.2805847","114.1705436",
"7808553582","22.2805546","114.1707567",
"7945407765","22.3010221","114.1202493",
"7945407766","22.2896576","114.1658908",
"7945407767","22.2889309","114.1731616",
"7945407768","22.291032","114.1816053",
"7945407769","22.2959276","114.191087",
"7945407770","22.2994357","114.1983237",
"7945407771","22.2997146","114.2108698",
"7945407772","22.2962466","114.221109",
"7945407773","22.2860825","114.2353349",
"7945407774","22.2889578","114.1696081",
"7945407775","22.2892809","114.1758252",
"7945407776","22.2999151","114.2043926",
"7945407777","22.2984183","114.2155389",
"7945407778","22.2899801","114.1787833",
"7968261285","22.2807738","114.170466",
"7998566985","22.280778","114.1704428",
"8001832926","22.2814768","114.1743782",
"8013143169","22.281594","114.1798736",
"8013143170","22.2817324","114.1800578",
"8013143171","22.2815549","114.1799799",
"8013143172","22.2813157","114.1799064",
"8013143173","22.2814627","114.1797611",
"8013143174","22.2815148","114.1798003",
"8013143175","22.2811432","114.1798854",
"8013143176","22.281044","114.1796095",
"8013143177","22.2809348","114.1793641",
"8013169620","22.2809422","114.179091",
"8013169621","22.2810837","114.1791259",
"8013169622","22.2812289","114.1792077",
"8013169623","22.2813778","114.1794531",
"8013169624","22.2808529","114.1790964",
"8013177509","22.2817253","114.1794267",
"8013177510","22.2827634","114.1796201",
"8013177511","22.2825783","114.1797943",
"8013177512","22.2820415","114.1793024",
"8013177513","22.2816284","114.1793231",
"8013177514","22.2816189","114.1792637",
"8013177515","22.2816494","114.1791992",
"8013177516","22.2819651","114.1790752",
"8041962973","22.2847052","114.1612516",
"8068967645","22.279699","114.17027",
"8068967646","22.2797431","114.1703695",
"8068967647","22.2798257","114.1704405",
"8068967648","22.2802654","114.1705052",
"8068967649","22.2804912","114.1704939",
"8068967650","22.2805743","114.1704174",
"8068967651","22.2807163","114.1702853",
"8068967652","22.2807337","114.1699983",
"8068967653","22.2807102","114.1696651",
"8087611905","22.28001","114.1769856",
"8163335288","22.2803233","114.1775653",
"8163335289","22.2804253","114.1778221",
"8163335290","22.2803015","114.1775033",
"8178051607","22.2827665","114.1794971",
"8178051608","22.2827747","114.1795285",
"8178051609","22.2827784","114.1795505",
"8178051610","22.2827794","114.1795779",
"8178051611","22.282778","114.1796045",
"8178051612","22.2827778","114.1797701",
"8178051613","22.2827514","114.1797973",
"8178051614","22.2827146","114.1798249",
"8178051615","22.2824742","114.17992",
"8178051616","22.2823637","114.1799652",
"8178068581","22.2824463","114.1788504",
"8178068582","22.2806456","114.1788355",
"8178068583","22.2825744","114.1788886",
"8178110517","22.2823209","114.1799936",
"8178110518","22.2822757","114.1800328",
"8178110520","22.2825136","114.1798813",
"8185896558","22.2825081","114.170217",
"8185896559","22.2825446","114.1705431",
"8185896560","22.2825937","114.1707441",
"8185896561","22.2828314","114.1711515",
"8185896562","22.2829089","114.171234",
"8185896563","22.2834166","114.1717204",
"8185896564","22.2834949","114.1717897",
"8185896574","22.281188","114.1706261",
"8185896575","22.2812349","114.1705928",
"8185896576","22.2812404","114.1705438",
"8185896577","22.2812307","114.1705221",
"8185896578","22.2811949","114.1704971",
"8185896580","22.281147","114.1704875",
"8185896581","22.2812033","114.1706222",
"8308161811","22.2833048","114.1742936",
"8308161812","22.2828931","114.1743459",
"8308161813","22.2828258","114.1744766",
"8308161814","22.2827904","114.1745343",
"8308161815","22.2827532","114.1746382",
"8308161816","22.2827439","114.1747844",
"8308187017","22.2827445","114.174834",
"8308187019","22.2831674","114.1743911",
"8308187022","22.2827196","114.1744973",
"8308187023","22.2823254","114.174424",
"8308187024","22.2823051","114.1744284",
"8308187025","22.2822887","114.1744369",
"8308187026","22.2822743","114.1744503",
"8308187027","22.2829755","114.1761456",
"8308187028","22.2828877","114.1750197",
"8308187029","22.2828704","114.1748285",
"8308187030","22.2829061","114.1746189",
"8308187031","22.2829666","114.1745205",
"8308187032","22.2831136","114.1744147",
"8308187033","22.2829511","114.1759747",
"8308187034","22.2828562","114.1763081",
"8308187035","22.2828792","114.1765268",
"8308187036","22.2826404","114.1771994",
"8308187037","22.2828891","114.1766353",
"8308187038","22.2827842","114.177139",
"8308187039","22.2827329","114.1769812",
"8308187040","22.2827175","114.1768326",
"8308187041","22.2826755","114.1763775",
"8308187042","22.2825974","114.1763875",
"8308187043","22.2826924","114.1766082",
"8308187044","22.2827677","114.1763706",
"8308187045","22.282858","114.1768241",
"8308187046","22.2828718","114.1770234",
"8308187050","22.2821566","114.1764459",
"8308187053","22.2829291","114.1769921",
"8308187054","22.282836","114.1771182",
"8308187055","22.283235","114.177878",
"8308187056","22.2831377","114.1779099",
"8308187057","22.2829664","114.1769717",
"8308187058","22.2831602","114.1781261",
"8308187059","22.2827329","114.1782925",
"8308187062","22.2828458","114.1798254",
"8308187063","22.2829208","114.1797593",
"8308187064","22.2829527","114.179468",
"8308187065","22.2827779","114.1791052",
"8308187067","22.2826204","114.1783787",
"8308187077","22.2828774","114.1785636",
"8308187078","22.2828968","114.1784924",
"8308187084","22.2825313","114.1762372",
"8308187086","22.2820798","114.1755005",
"8308187087","22.2820842","114.1753837",
"8308187088","22.2821117","114.1760287",
"8308187089","22.2821243","114.1760276",
"8308187090","22.2822381","114.174406",
"8308187091","22.2822507","114.1743949",
"8308187092","22.2821163","114.1759209",
"8308187093","22.2822663","114.1743842",
"8308187094","22.2821037","114.175922",
"8308187095","22.2819288","114.1751896",
"8308187096","22.2814218","114.1756765",
"8308187097","22.2819099","114.1754353",
"8308187098","22.2819195","114.175291",
"8308187099","22.2819658","114.1746948",
"8308187100","22.2819535","114.1746192",
"8308187107","22.2825985","114.1742674",
"8308187108","22.2826827","114.1741947",
"8308187109","22.282524","114.1742179",
"8308187110","22.2824043","114.1742328",
"8308187111","22.2823973","114.1743314",
"8308187112","22.2824994","114.1743191",
"8308187113","22.2826095","114.1742663",
"8308187114","22.2826776","114.1742188",
"8308187115","22.2819692","114.1746571",
"8308187116","22.2801429","114.1751835",
"8308187117","22.2798521","114.1752069",
"8308187118","22.280185","114.1757371",
"8308187119","22.280476","114.1749481",
"8308187120","22.2804759","114.1749286",
"8308187121","22.2803717","114.174938",
"8308187122","22.2802242","114.1749677",
"8308187123","22.280224","114.1749514",
"8308187124","22.2803146","114.174942",
"8308187125","22.280347","114.1749398",
"8308187127","22.2803521","114.1750059",
"8308187131","22.2801854","114.1754585",
"8308187133","22.2800534","114.1748086",
"8308187134","22.2800472","114.1747402",
"8308187135","22.2798797","114.174755",
"8308187136","22.2798859","114.1748247",
"8313550574","22.2828908","114.1796292",
"8313550575","22.2828228","114.1797951",
"8327838905","22.2827338","114.1790618",
"8327838907","22.2831466","114.1779951",
"8327838908","22.2829825","114.1789839",
"8327838909","22.2829814","114.1787189",
"8327838910","22.2830603","114.1784881",
"8327838911","22.2831449","114.1783642",
"8327838912","22.283223","114.1782854",
"8327838913","22.2832488","114.1782268",
"8327838914","22.2832589","114.1781896",
"8327838915","22.2830223","114.1791044",
"8327838916","22.2830922","114.1791953",
"8327896217","22.2832457","114.1793951",
"8327896218","22.2833568","114.1795394",
"8424464824","22.2823061","114.1708472",
"8478033970","22.2842916","114.1738742",
"8478033971","22.2843491","114.1738963",
"8478033972","22.2842505","114.1739458",
"8478033973","22.2842821","114.1739206",
"8478033974","22.2838895","114.1740079",
"8478033975","22.2846866","114.1738869",
"8478033976","22.2846691","114.1738868",
"8478033977","22.2842972","114.1721573",
"8478033978","22.2842795","114.1721364",
"8478033979","22.2839166","114.1720485",
"8478033980","22.2837615","114.172061",
"8478033981","22.2838021","114.1720493",
"8478033982","22.283873","114.1720423",
"8478033983","22.2844228","114.174322",
"8478033984","22.2843731","114.1743587",
"8478033985","22.2850139","114.1741511",
"8481456298","22.2827379","114.1688622",
"8481456299","22.2827179","114.1690857",
"8481456300","22.2826522","114.1696958",
"8481456301","22.2826842","114.1690394",
"8481456302","22.2826939","114.1689087",
"8481456303","22.2827024","114.1692811",
"8481456304","22.2824105","114.1705252",
"8481456305","22.2824598","114.1701835",
"8481456306","22.2824869","114.1701971",
"8481456307","22.2825447","114.1709042",
"8481456308","22.2826772","114.1710622",
"8481456309","22.2828654","114.171278",
"8481456310","22.2832107","114.1715516",
"8481456311","22.2833397","114.1716523",
"8481456312","22.2835335","114.1718239",
"8481456313","22.2825163","114.1702481",
"8481456314","22.2825248","114.1704086",
"8481456315","22.2837172","114.1720422",
"8481456316","22.2837925","114.1719669",
"8481460317","22.283957","114.1720625",
"8481460318","22.283974","114.1720685",
"8481460319","22.2841124","114.1721166",
"8481460320","22.2841141","114.172093",
"8481460321","22.2841382","114.1721096",
"8481460322","22.2842955","114.1721622",
"8481460323","22.2841331","114.1721238",
"8688117819","22.2827008","114.1763293",
"8688117820","22.2827846","114.1768212",
"8688117821","22.2830483","114.1782441",
"8688117822","22.2828096","114.1771306",
"8688117824","22.2839661","114.1803638",
"8688117831","22.2828385","114.1789542",
"8688117854","22.2827679","114.1790517",
"8688117856","22.2826008","114.1783719",
"8688117858","22.2826548","114.1785457",
"8688117859","22.282697","114.1787759",
"8688117860","22.2828017","114.1791256",
"8688117861","22.2828183","114.179194",
"8688117862","22.2829663","114.179625",
"8688117863","22.2829574","114.1796964",
"8688117864","22.282923","114.1794884",
"8688117865","22.2829351","114.1795385",
"8688117866","22.2829379","114.1795886",
"8688117867","22.2829294","114.1796571",
"8688117868","22.2829123","114.1797157",
"8688117869","22.2828688","114.1797804",
"8688117870","22.2828149","114.1798429",
"8688117871","22.2827888","114.1798627",
"8688117872","22.2825499","114.1799811",
"8688117873","22.2825376","114.179952",
"8688117874","22.2825213","114.1799031",
"8883588817","22.2826636","114.1747441",
"8883588819","22.2827205","114.1764301",
"8883588820","22.283122","114.178141",
"8883588822","22.282745","114.1789816",
"8883588883","22.2823786","114.1701529",
"8883588884","22.2829697","114.1783856",
"8883588885","22.2829182","114.178426",
"8883838792","22.2825793","114.1789246",
"8883838794","22.2824119","114.1788261",
"8883838795","22.2824565","114.1788098",
"8883838796","22.282531","114.1787054",
"8883838797","22.2825341","114.1787738",
"8883838798","22.2825415","114.1787443",
"8883838800","22.2825217","114.1787892",
"8883838805","22.2825083","114.179998",
"8883838806","22.2825462","114.1799756",
"8883838807","22.28301","114.1786078",
"8883838808","22.2824031","114.1762486",
"8883838809","22.2828732","114.1771281",
"8883838810","22.28288","114.1771469",
"8883838811","22.2828695","114.1771137",
"8883838812","22.2824823","114.1771838",
"8883838813","22.2826064","114.1770296",
"8883838814","22.2832526","114.1781149",
"8883838815","22.2832628","114.1781687",
"8883838816","22.2829732","114.1788821",
"8883895417","22.282872","114.1764469",
"8883895418","22.2829346","114.1770531",
"8883895419","22.2829814","114.1765023",
"8883895420","22.2829312","114.1784113",
"8883895421","22.2830567","114.178234",
"8883905398","22.2824881","114.1788345",
"8883905399","22.2827579","114.1791473",
"8883920631","22.2824526","114.1772762",
"8883920632","22.2824062","114.1764122",
"8883920633","22.2824234","114.1766744",
"8883920634","22.282445","114.176827",
"8883920635","22.2826348","114.1771222",
"8887672690","22.2828242","114.1789608",
"8887672691","22.2827876","114.1789695",
"8887672692","22.2824065","114.176371",
"8916269792","22.2850867","114.1744319",
"8916269793","22.2846866","114.1738947","灣仔 Wan Chai"
"8916269794","22.2827156","114.1708419",
"8916269795","22.2826225","114.1702223",
"8916273585","22.2848872","114.1825745",
"8916273586","22.2848605","114.1825779",
"8916273587","22.2848326","114.1825745",
"8916273588","22.2830544","114.176451",
"8916755093","22.2797238","114.1776794",
"8916755094","22.2801269","114.1790058",
"8916755095","22.2801269","114.1793223",
"8916755096","22.2798204","114.1792399",
"8916755097","22.2805637","114.1786082",
"8916755098","22.2802709","114.177825",
"8916755105","22.2799618","114.1781288",
"8916755106","22.2798551","114.1777875",
"8916755109","22.2801281","114.1790809",
"8916755110","22.2802094","114.1792902",
"8916768623","22.279937","114.1774857",
"8916768624","22.2800127","114.1777754",
"8916768625","22.2800847","114.1785156",
"8916768626","22.2802299","114.1789462",
"8916768627","22.2807524","114.179327",
"8916768628","22.2809571","114.1796891",
"8916768629","22.2810812","114.1800693",
"8916768630","22.2806258","114.1794665",
"8916768631","22.2809075","114.1802926",
"8916768756","22.2809331","114.1776348",
"8916768757","22.2808577","114.1774074",
"8916768758","22.2802268","114.1776547",
"8916768759","22.280251","114.1777244",
"8916768760","22.2802473","114.1776171",
"8916768761","22.2803148","114.177541",
"8916768762","22.2811562","114.1772433",
"8916768763","22.2813179","114.1771667",
"8916768764","22.2808423","114.1773623",
"8916768765","22.280815","114.1774294",
"8916768766","22.2809159","114.1773773",
"8916768767","22.2811349","114.1772982",
"8916768778","22.2806872","114.1805055",
"8916768779","22.2806627","114.1804358",
"8916768780","22.2806776","114.1804646",
"8916768786","22.2797323","114.1703879",
"8916768787","22.279826","114.170457",
"8916768788","22.2807374","114.1702886",
"8916768789","22.2804924","114.1705207",
"8916768790","22.2803906","114.1707873",
"8916768795","22.2810228","114.1697619",
"8916768797","22.2809748","114.1698899",
"8916768798","22.2806531","114.1687645",
"8916768799","22.2806705","114.1690549",
"8916768800","22.2807263","114.169659",
"8916768801","22.2807474","114.1698368",
"8916768802","22.2807573","114.1699944",
"8916768821","22.2806023","114.1685552",
"8916768822","22.2807064","114.1697938",
"9050236935","22.2804817","114.173148",
"9050732251","22.2806704","114.1727247",
"9099963882","22.2805558","114.1757698",
"9099963884","22.2805672","114.1757554",
"9099963885","22.2806305","114.1757883",
"9099963886","22.2805396","114.1758153",
"9099963887","22.2806334","114.1757477",
"9099963888","22.2805466","114.1757859",
"9099963889","22.2805803","114.1757429",
"9099963890","22.2806103","114.1758191",
"9099963891","22.2805398","114.1758033",
"9099963892","22.2806261","114.1757388",
"9099963893","22.2805971","114.1758315",
"9099963894","22.2805516","114.1758348",
"9121936420","22.2807358","114.1788673",
"9216143494","22.2825128","114.1686935",
"9216143495","22.2824774","114.1691986",
"9216143496","22.2824087","114.169923",
"9216143497","22.2824012","114.1700392",
"9216143498","22.2823938","114.1704119",
"9216143499","22.2824012","114.1705474",
"9216143500","22.2824281","114.1706926",
"9216143501","22.2824639","114.1707991",
"9216143502","22.2825535","114.1709524",
"9216143503","22.2826281","114.1710524",
"9216143504","22.2824953","114.1690018",
"9216143505","22.2825087","114.1687856",
"9216143506","22.2825192","114.1684758",
"9216143507","22.2825147","114.1682548",
"9216143508","22.2824938","114.1679499",
"9216143509","22.2824386","114.1677659",
"9216143510","22.2824036","114.1674843",
"9216143511","22.2824049","114.1701787",
"9216143512","22.2824282","114.1698939",
"9216143513","22.2824611","114.1695303",
"9216143514","22.2825116","114.1689604",
"9216143515","22.2825263","114.1686682",
"9216143516","22.2825286","114.1682659",
"9216165418","22.282685","114.1690292",
"9216165419","22.2825866","114.1710947",
"9216165423","22.2826641","114.1718968",
"9216165424","22.2826368","114.1719453",
"9216165425","22.2826246","114.1720248",
"9216165426","22.282379","114.1670386",
"9216165427","22.2823905","114.1669413",
"9216165429","22.282399","114.1701482",
"9216165430","22.2824096","114.1703402",
"9216165431","22.282434","114.1706591",
"9216165432","22.2824852","114.1707989",
"9216165433","22.2826135","114.1710023",
"9216165434","22.2826356","114.1711051",
"9216165435","22.2831578","114.1718333",
"9216165446","22.2829457","114.1716464",
"9216165447","22.2831673","114.1718179",
"9216165454","22.2829252","114.1712627",
"9216165455","22.283577","114.1718945",
"9216170237","22.2827268","114.1752468",
"9216170238","22.282693","114.1746071",
"9216170239","22.2830221","114.1743784",
"9216170240","22.2831","114.1743351",
"9216170241","22.2830968","114.17431",
"9216170242","22.2831656","114.1743737",
"9216170243","22.2831596","114.1743057",
"9216170244","22.2827912","114.1757087",
"9216170245","22.2826987","114.1750207",
"9216170246","22.2823822","114.1760307",
"9216170247","22.282128","114.1761437",
"9221220202","22.2831851","114.1673652",
"9221220203","22.2825642","114.1702365",
"9221220204","22.2825813","114.1700665",
"9221220205","22.2828258","114.1686388",
"9221220206","22.2828168","114.1687434",
"9221220207","22.2827477","114.1687419",
"9221220208","22.2827509","114.1687054",
"9221220209","22.2810378","114.1734141","會展廣場商場 Convention Plaza Shopping Arcade"
"9221220210","22.2846603","114.1728719",
"9221220211","22.2846638","114.1728458",
"9221220212","22.2846588","114.1728221",
"9221220213","22.2847122","114.1727821",
"9221220214","22.2846749","114.1727834",
"9221220215","22.2847451","114.172781",
"9221220216","22.2848082","114.1727788",
"9221275717","22.2847799","114.1727798",
"9221275718","22.2848291","114.1727781",
"9221275719","22.2846755","114.1738527",
"9221275723","22.2820225","114.1688731",
"9221275731","22.2820273","114.1687192",
"9221275732","22.2837719","114.1720186",
"9221275734","22.2826239","114.1721436",
"9221275735","22.2822088","114.174452",
"9221275738","22.2819525","114.1744372",
"9221275739","22.2819773","114.1745018",
"9221275740","22.2819557","114.1744166",
"9221275741","22.2818703","114.1762035",
"9221275742","22.2819238","114.1744377",
"9221275743","22.2819315","114.1743076",
"9221275744","22.2809016","114.1742251",
"9221275745","22.2808923","114.1741313",
"9221275747","22.2807411","114.1737293",
"9221275748","22.2809766","114.1738986",
"9221275749","22.2818484","114.1742111",
"9221275750","22.2804097","114.1738874",
"9221275751","22.2804563","114.1738162",
"9221275752","22.2804837","114.1732673",
"9221275753","22.28057","114.1737521",
"9221275754","22.2805652","114.1736958",
"9221275755","22.2805427","114.1732813",
"9221275756","22.2805392","114.1732375",
"9221275757","22.2805413","114.1732565",
"9221275758","22.2805377","114.1732237",
"9221275759","22.2805302","114.1731285",
"9221275760","22.2806078","114.1739626",
"9221275761","22.2816255","114.1745184",
"9221275762","22.2807674","114.1740976",
"9221275763","22.2812205","114.1745581",
"9221275764","22.2807804","114.1746498",
"9221275765","22.2798868","114.1746922",
"9221275766","22.2797925","114.1746982",
"9221275767","22.2797998","114.1749022",
"9221275768","22.2798384","114.1746949",
"9221275769","22.280583","114.1746084",
"9221275770","22.2806029","114.1746868",
"9221275771","22.2807779","114.1746072",
"9221275772","22.280701","114.1746168",
"9221275773","22.2805985","114.1746271",
"9221275774","22.2806677","114.1741604",
"9221275775","22.2807747","114.174149",
"9221275776","22.280748","114.1740351",
"9221275777","22.2807821","114.1741779",
"9221275778","22.2807977","114.1741993",
"9221275779","22.2808181","114.1742087",
"9221275780","22.2806096","114.1741645",
"9221275781","22.2805923","114.1739536",
"9221275782","22.2805737","114.1737775",
"9221275783","22.2805966","114.174202",
"9221275799","22.2796088","114.1741604",
"9221275800","22.2796857","114.1742436",
"9221275801","22.2797788","114.1742959",
"9221275802","22.2798669","114.1743214",
"9221275803","22.2805513","114.1742349",
"9221275804","22.2799743","114.1743133",
"9221275805","22.2799786","114.1741366",
"9221275807","22.2796696","114.1706032",
"9221275814","22.2798237","114.1706134",
"9221275815","22.2803131","114.1706823",
"9221275826","22.2819523","114.1743207",
"9221275827","22.2819735","114.1745257",
"9221275828","22.2807757","114.173591",
"9221275829","22.2802126","114.1736219",
"9221275830","22.2798209","114.1734184",
"9221275834","22.2805596","114.1743148",
"9221275835","22.281935","114.1744163",
"9221275836","22.2819333","114.1743636",
"9221275837","22.2819887","114.1741774",
"9289536474","22.2809445","114.1708012",
"9289536475","22.2810828","114.1708314",
"9289536476","22.2806618","114.1707403",
"9289536477","22.2806344","114.1707233",
"9289536478","22.280618","114.1706941",
"9289536479","22.2807285","114.1706315",
"9289536480","22.2807388","114.1706967",
"9289536481","22.2807414","114.1706626",
"9289536482","22.2807421","114.1706798",
"9289536483","22.2808175","114.1703149",
"9289536485","22.2806184","114.1708977",
"9289536486","22.2802895","114.1705389",
"9289536487","22.280279","114.1705995",
"9289536488","22.2802663","114.1706757",
"9289536489","22.2801997","114.1706663",
"9289536490","22.2806245","114.1707098",
"9296818026","22.2814178","114.1701212",
"9296818027","22.2813138","114.1700655",
"9296818028","22.2814115","114.170123",
"9296818029","22.2814112","114.1701589",
"9296818030","22.2814057","114.170165",
"9296818031","22.2814169","114.1701365",
"9296818032","22.2814151","114.1701306",
"9296818033","22.2813557","114.1700257",
"9296818034","22.2813174","114.1700382",
"9296818035","22.2814273","114.1700651",
"9296818036","22.2813433","114.170023",
"9296818037","22.2813782","114.1701733",
"9296818038","22.2813076","114.1700754",
"9296818039","22.2812988","114.1701313",
"9296818040","22.2813497","114.1700237",
"9296818041","22.2813019","114.170079",
"9296818042","22.2813309","114.1700261",
"9296818043","22.2812969","114.1700835",
"9296818044","22.2813996","114.1701696",
"9296818045","22.28129","114.1700936",
"9296818046","22.2813856","114.1701739",
"9296818047","22.2812944","114.1701258",
"9296818048","22.281288","114.170106",
"9296818049","22.2813129","114.1700583",
"9296818050","22.281433","114.1700712",
"9296818051","22.2812892","114.1701135",
"9296818052","22.2813214","114.1700328",
"9296818053","22.2814398","114.1700934",
"9296818054","22.2813931","114.1701725",
"9296818055","22.2812929","114.170088",
"9296818056","22.2814153","114.1701514",
"9296818057","22.2812914","114.1701201",
"9296818058","22.2814296","114.1701143",
"9296818059","22.2813262","114.1700291",
"9296818060","22.2814344","114.1701092",
"9296818061","22.281419","114.1700589",
"9296818062","22.281417","114.1701436",
"9296818063","22.2814382","114.1701012",
"9296818064","22.2814394","114.1700862",
"9296818065","22.2812883","114.1700995",
"9296818066","22.2813134","114.1700515",
"9296818067","22.2814235","114.1701185",
"9296818068","22.2813155","114.1700722",
"9296818069","22.2813713","114.1701713",
"9296818070","22.2813049","114.1701358",
"9296818071","22.2813149","114.1700445",
"9296818072","22.2813369","114.1700238",
"9332014505","22.2818089","114.1715856",
"9332036474","22.2810876","114.1708082",
"9332036475","22.281469","114.1710978",
"9332036476","22.2807953","114.1703024",
"9332036477","22.2805744","114.1708725",
"9332036478","22.2806719","114.1708584",
"9332036479","22.2806358","114.1709172",
"9332036480","22.2805764","114.1708357",
"9332036481","22.2810229","114.1707822",
"9332036482","22.2814007","114.1711042",
"9332036483","22.2819744","114.1715234",
"9332036484","22.2819715","114.1716472",
"9332036485","22.2816067","114.1709215",
"9332036486","22.2815078","114.1692809",
"9332036487","22.2817433","114.1715447",
"9332036495","22.2816309","114.1713381",
"9332036496","22.2814887","114.1709052",
"9336072834","22.2828258","114.1686388",
"9339682875","22.2822238","114.1699568",
"9339682878","22.2820205","114.1715453",
"9339975867","22.2838424","114.173626",
"9339975868","22.283742","114.1736399",
"9339975869","22.2836543","114.1736509",
"9339975870","22.283613","114.1736543",
"9339975871","22.2833498","114.1721806",
"9339975872","22.2838379","114.1735403",
"9339975873","22.2838448","114.1737199",
"9339975874","22.2839056","114.1739023",
"9339975875","22.2838548","114.1738674",
"9339975876","22.2836091","114.173962",
"9339975877","22.2836252","114.1738131",
"9339975878","22.2828173","114.1739465",
"9339975879","22.2828378","114.1740136",
"9339975880","22.2830506","114.1739921",
"9339975881","22.2832517","114.1739908",
"9339975882","22.2836239","114.1739392",
"9339975883","22.2835896","114.1739797",
"9339975884","22.2816086","114.1742203",
"9339975885","22.2814637","114.1741929",
"9339975887","22.2821337","114.1751607",
"9339975888","22.2826487","114.1737551",
"9339975889","22.2822564","114.1740255",
"9339975890","22.2820454","114.1741192",
"9339975892","22.282324","114.173933",
"9339975893","22.2826486","114.1740617",
"9364893679","22.2814129","114.1799675",
"9364893682","22.2816344","114.179911",
"9364893683","22.2818137","114.1800773",
"9364893684","22.2817993","114.1801188",
"9364893685","22.2817062","114.1800338",
"9364893686","22.2812822","114.1799666",
"9364893688","22.2811871","114.180025",
"9364893689","22.2811597","114.1800522",
"9364893690","22.2811759","114.1800811",
"9364893691","22.2811678","114.1800667",
"9364893692","22.2812109","114.1800571",
"9364893693","22.2812392","114.1799878",
"9364893694","22.2813549","114.1799308",
"9364893695","22.281372","114.1799743",
"9364893696","22.2812443","114.1800376",
"9364893697","22.2813223","114.1800009",
"9364893698","22.2812357","114.1802829",
"9364935790","22.2808719","114.1787715",
"9364935791","22.2808957","114.1787655",
"9364935792","22.2823011","114.1781922",
"9364935793","22.280754","114.1787843",
"9364935794","22.2805458","114.1784657",
"9364935795","22.280884","114.1787697",
"9364935796","22.2809101","114.1788597",
"9364935797","22.2812297","114.178997",
"9364935798","22.2811848","114.179043",
"9364935799","22.2811104","114.1789998",
"9364935800","22.2810458","114.1789828",
"9364935801","22.2809439","114.1789693",
"9364935802","22.2807867","114.1790042",
"9364935803","22.2807594","114.1789063",
"9364935804","22.2811412","114.178745",
"9364935805","22.2811773","114.178846",
"9364935806","22.2813404","114.1791536",
"9364935807","22.2813009","114.179096",
"9364935808","22.2812585","114.179055",
"9364935809","22.2812106","114.1790159",
"9364935810","22.2810954","114.1789321",
"9364962556","22.2824296","114.1800358",
"9364962557","22.2823748","114.1800887",
"9364962558","22.2823468","114.1801567",
"9364962559","22.2823468","114.1802197",
"9364962560","22.2823666","114.1802802",
"9364962561","22.2841502","114.1810039",
"9364962562","22.2842174","114.1809904",
"9364962563","22.2832673","114.1781313",
"9364962565","22.2826512","114.1783313",
"9364962566","22.2827373","114.1786072",
"9364962567","22.2828098","114.1789632",
"9364962568","22.2828594","114.1791014",
"9364962569","22.2829266","114.1792583",
"9364962570","22.2830111","114.1795307",
"9364962571","22.283016","114.1795942",
"9364962572","22.2830119","114.1796708",
"9364962573","22.2829854","114.1797561",
"9364962574","22.2829222","114.1798057",
"9364962580","22.2827862","114.1798826",
"9364962581","22.2828431","114.1798484",
"9364962582","22.2829493","114.1797554",
"9364962584","22.2829742","114.1797003",
"9364962585","22.2829923","114.1795839",
"9364962586","22.2829922","114.1795409",
"9364962587","22.2829705","114.1794556",
"9364962588","22.2828855","114.179206",
"9364962589","22.2828377","114.1791219",
"9364962590","22.2826985","114.1785312",
"9364962591","22.2826544","114.1783698",
"9364962592","22.2830569","114.1792299",
"9364962593","22.2831727","114.1793788",
"9364962594","22.283294","114.1795324",
"9364962595","22.2836012","114.1799284",
"9364962597","22.2829899","114.1785178",
"9364962598","22.2831162","114.1783147",
"9364962599","22.2831858","114.178262",
"9364962600","22.2831756","114.1782901",
"9364962601","22.2831513","114.1783223",
"9364962602","22.2831255","114.1783409",
"9364962604","22.2830715","114.1783996",
"9364962605","22.2830341","114.1784785",
"9364962606","22.2830175","114.1785244",
"9364962607","22.2829981","114.1785681",
"9364962608","22.282961","114.1786987",
"9364962609","22.2829546","114.178783",
"9364962610","22.2829543","114.1788735",
"9364962611","22.282954","114.178915",
"9364962612","22.2829634","114.1789937",
"9364962613","22.2829786","114.1790675",
"9364962614","22.2830219","114.1791459",
"9364962615","22.2830686","114.1792081",
"9364990917","22.2829243","114.1790024",
"9364990918","22.2828345","114.1790322",
"9364990919","22.2828075","114.179041",
"9364990920","22.2825528","114.1802295",
"9364990922","22.281444","114.1802949",
"9364990923","22.2813839","114.1803535",
"9364990924","22.2813374","114.1804142",
"9364990925","22.2813035","114.1804697",
"9364990926","22.2813288","114.1805418",
"9364990927","22.2813677","114.1805599",
"9364990928","22.2814145","114.180537",
"9364990929","22.2814612","114.1805558",
"9364990998","22.2812693","114.1802477",
"9364991001","22.2815217","114.1799722",
"9364991011","22.2816675","114.1802509",
"9364991017","22.2817507","114.1803952",
"9364991018","22.2817552","114.1804428",
"9364991019","22.2817461","114.1804931",
"9364991025","22.2816015","114.1806834",
"9364991033","22.2813263","114.1805959",
"9364991045","22.2816845","114.1806139",
"9364991046","22.2816305","114.1806692",
"9365005237","22.2822785","114.1792087",
"9365005238","22.2820668","114.1791625",
"9365005239","22.2820784","114.1791728",
"9365005240","22.2821808","114.1791331",
"9365005241","22.282184","114.1791181",
"9365005242","22.2821845","114.1791029",
"9365005243","22.282182","114.1790877",
"9365005244","22.2821534","114.1790041",
"9365005245","22.2817158","114.1791767",
"9365005246","22.2817063","114.1791879",
"9365005247","22.2825674","114.1788963",
"9365005248","22.2825503","114.178877",
"9365005249","22.2825171","114.178856",
"9365005251","22.2816478","114.1791869",
"9365005252","22.2816365","114.1791943",
"9365005253","22.281614","114.1792247",
"9365005254","22.2815999","114.1792748",
"9365005255","22.2816107","114.1793335",
"9365005256","22.2816283","114.1793638",
"9365005257","22.2820849","114.1799546",
"9365005258","22.2821284","114.1799968",
"9365005259","22.2821588","114.1800089",
"9365005260","22.2821861","114.1800096",
"9365005261","22.2822128","114.1799988",
"9365005262","22.2822773","114.1799358",
"9365005263","22.2827749","114.1796231",
"9365005266","22.2822971","114.1799144",
"9365005267","22.282476","114.1790429",
"9365005268","22.2820492","114.1791325",
"9365005269","22.2820572","114.1791491",
"9365005270","22.2821338","114.1791149",
"9365005271","22.2825247","114.1787105",
"9365005272","22.2824167","114.1783917",
"9365005273","22.2825221","114.1787459",
"9365005274","22.2825063","114.1787567",
"9365005275","22.2821751","114.1791469",
"9365005276","22.2825627","114.1788345",
"9365005277","22.2825836","114.1788401",
"9365005278","22.2826058","114.1788486",
"9365005280","22.2824866","114.1787639",
"9365005282","22.2821294","114.1789656",
"9365005289","22.2818914","114.1790525",
"9365005291","22.282009","114.1789419",
"9365005292","22.2819975","114.1789381",
"9365005293","22.281994","114.1789301",
"9365005294","22.28188","114.1785906",
"9365005295","22.2818775","114.1785772",
"9365005296","22.2818849","114.1785504",
"9365005297","22.281898","114.1785437",
"9365005298","22.2819172","114.178537",
"9365005299","22.2823739","114.1783713",
"9365005300","22.2818781","114.1785644",
"9365005301","22.2823906","114.1783727",
"9365005302","22.2824011","114.1783772",
"9365005303","22.2824095","114.1783838",
"9365005304","22.2819035","114.1790873",
"9365005305","22.2819216","114.1788932",
"9365005306","22.2819797","114.1788862",
"9365005307","22.2818773","114.1790133",
"9365005308","22.2815662","114.1791385",
"9365005309","22.2818956","114.1789954",
"9365005310","22.2818997","114.1789197",
"9365005311","22.2818191","114.178655",
"9365005312","22.2818027","114.1786193",
"9365005313","22.281786","114.1786032",
"9365005314","22.2817618","114.1785951",
"9365005315","22.2817419","114.1785992",
"9365005316","22.2816712","114.178628",
"9365010717","22.2819073","114.178977",
"9365010718","22.2815471","114.1791564",
"9365010719","22.281525","114.1791848",
"9365010720","22.281858","114.1790208",
"9365010721","22.2819085","114.1789501",
"9365010722","22.2818909","114.1789237",
"9365010723","22.2816862","114.1786986",
"9365010724","22.2816706","114.1786515",
"9365010725","22.2817538","114.1786157",
"9365010726","22.2817853","114.178624",
"9365010727","22.2817956","114.1786537",
"9365010728","22.281797","114.178628",
"9365010729","22.2818567","114.1790663",
"9365010730","22.2818438","114.1790265",
"9365010731","22.2818164","114.1789418",
"9365010732","22.2817592","114.1787592",
"9365010733","22.2817492","114.1787239",
"9365010734","22.2818312","114.1786948",
"9365010735","22.2818581","114.1786835",
"9365010736","22.2816571","114.1786579",
"9365010737","22.2816809","114.1787348",
"9365010738","22.2816488","114.1787464",
"9365010739","22.2815299","114.1792584",
"9365010740","22.2814659","114.1792596",
"9365010741","22.2814351","114.1792586",
"9365010742","22.2814013","114.1792452",
"9365010743","22.2813691","114.1792016",
"9366494283","22.2813561","114.1799701",
"9366536744","22.281424","114.179732",
"9366536745","22.2811778","114.1799954",
"9366594742","22.2824376","114.1781831",
"9366594743","22.2826345","114.1790536",
"9366594744","22.2825884","114.1789094",
"9366594745","22.282594","114.1789241",
"9366594746","22.2828071","114.1797377",
"9366594747","22.2816027","114.179252",
"9366594748","22.2818311","114.1796",
"9366594749","22.2818193","114.1796091",
"9366594750","22.2818812","114.1785566",
"9366594751","22.2820029","114.1789425",
"9366594752","22.2824741","114.17888",
"9366594753","22.2823814","114.1791681",
"9366914743","22.2829831","114.1799131",
"9366914744","22.2828959","114.1790118",
"9366914746","22.2833687","114.1795865",
"9366914747","22.2826814","114.1790764",
"9366914748","22.2827515","114.1788112",
"9366914749","22.2829672","114.1795412",
"9366914750","22.2828614","114.1792137",
"9366914751","22.2824847","114.1800979",
"9366914759","22.2825706","114.1800543",
"9366914762","22.2823542","114.1802809",
"9366914763","22.2827532","114.1798848",
"9385906297","22.2830851","114.1773547",
"9385906298","22.2830947","114.1774283",
"9385906299","22.2830399","114.177456",
"9385906300","22.2831447","114.177694",
"9385906301","22.2831642","114.1777576",
"9385906302","22.2832076","114.1779967",
"9385906303","22.2830431","114.1770166",
"9402009608","22.2824313","114.1764825",
"9402009609","22.2824301","114.176457",
"9402009610","22.2828036","114.177054",
"9402009611","22.2824708","114.177074",
"9402009612","22.282765","114.1770696",
"9402009613","22.282414","114.1764997",
"9402009614","22.2826809","114.1764602",
"9402009615","22.2822671","114.1772896",
"9402009616","22.2827982","114.177098",
"9402070617","22.2823016","114.1772793",
"9402070618","22.2822404","114.1772973",
"9402070619","22.282963","114.1771812",
"9402070620","22.2824581","114.1764551",
"9402070621","22.2827387","114.1765454",
"9402070622","22.2829865","114.1783706",
"9591482546","22.2816659","114.1708298",
"9591482547","22.2807216","114.1704733",
"9591482549","22.280723","114.1704757",
"9591482550","22.2807253","114.1704772",
"9591482551","22.2816717","114.1707909",
"9591482553","22.2818344","114.1716407",
"9591482554","22.2816728","114.1707434",
"9591482555","22.2816713","114.1706816",
"9629295633","22.2824014","114.1674445",
"9633998141","22.2798548","114.1738886",
"9633998142","22.2798565","114.1734746",
"9633998143","22.2801501","114.1736272",
"9633998144","22.2798819","114.1738271",
"9633998145","22.279963","114.1736427",
"9633998146","22.2798361","114.1734425",
"9633998147","22.2801858","114.1736242",
"9633998148","22.2798664","114.1738622",
"9633998149","22.2798927","114.1739037",
"9633998150","22.2802128","114.1736667",
"9633998151","22.2802064","114.1735778",
"9633998152","22.2798564","114.1733967",
"9633998153","22.2797904","114.1734463",
"9633998154","22.2798203","114.1738661",
"9633998155","22.2802266","114.1735883",
"9633998156","22.2802313","114.173653",
"9633998157","22.2802567","114.173693",
"9633998158","22.2798221","114.1738903",
"9633998159","22.2797886","114.1734221",
"9633998163","22.2798741","114.1739174",
"9647889837","22.2822615","114.1789408",
"9647889838","22.2816452","114.1791809",
"9647889839","22.2816129","114.1792023",
"9647889840","22.2815956","114.1792345",
"9647889841","22.2815869","114.179268",
"9647889842","22.2816018","114.1793409",
"9647889843","22.2815875","114.1793062",
"9647889844","22.2816018","114.1793046",
"9647889845","22.2821949","114.1789672",
"9659967480","22.2727092","114.1734611",
"9659967481","22.2740098","114.1740109",
"9659967482","22.2743236","114.1739895",
"9659967483","22.2743782","114.1739948",
"9659967484","22.2744527","114.1740136",
"9659967485","22.2745222","114.1740297",
"9659967486","22.2746041","114.174027",
"9659967487","22.2753321","114.1739707",
"9659967488","22.2754438","114.1739868",
"9659967489","22.2755207","114.174019",
"9659967490","22.2755729","114.1740565",
"9659967491","22.2756399","114.1741397",
"9659967492","22.2758856","114.1744025",
"9659967493","22.2765268","114.1748961",
"9659967494","22.2765864","114.1749229",
"9659967495","22.2766137","114.1749296",
"9659967496","22.2766733","114.1749296",
"9659967497","22.2767899","114.1749014",
"9659967498","22.2769022","114.1748598",
"9659967499","22.2795852","114.1745393",
"9659967500","22.2813027","114.1743677",
"9659967501","22.2821923","114.1743462",
"9659967502","22.2825199","114.1743677",
"9659967503","22.2828351","114.1744669",
"9659967504","22.2726716","114.1734389",
"9659967505","22.2726059","114.1733992",
"9659967507","22.2816236","114.1746999",
"9659967508","22.281512","114.1746919",
"9659967509","22.2814882","114.1750814",
"9659967510","22.2815999","114.1750894",
"9659967511","22.2815713","114.1746962",
"9659967512","22.2815805","114.1745459",
"9659967514","22.2813626","114.1751012",
"9659967515","22.2814305","114.1751826",
"9659967516","22.2814509","114.1751842",
"9659973717","22.2814122","114.1751772",
"9659973718","22.2818294","114.1751364",
"9659973719","22.281864","114.1751029",
"9659973720","22.2818936","114.174871",
"9659973721","22.2819226","114.1747932",
"9659973722","22.2819418","114.1747625",
"9659973723","22.2820004","114.1747099",
"9659973724","22.2814175","114.1758291",
"9659973725","22.2814853","114.1759104",
"9659973726","22.2815057","114.175912",
"9659973727","22.2814188","114.1757994",
"9659973728","22.2817494","114.1758771",
"9659973729","22.281803","114.1758211",
"9659973730","22.2814418","114.1758268",
"9659973731","22.2813672","114.1751613",
"9659973732","22.2814349","114.1752426",
"9659973733","22.2814553","114.1752442",
"9659973734","22.2814166","114.1752372",
"9659973735","22.2817989","114.1752048",
"9659973736","22.2818431","114.17518",
"9659973737","22.2818598","114.175162",
"9659973738","22.2813714","114.1752178",
"9659973739","22.2814392","114.1752992",
"9659973740","22.2814596","114.1753008",
"9659973741","22.2817322","114.1752774",
"9659973742","22.281791","114.1752626",
"9659973743","22.2818393","114.1752368",
"9659973744","22.2818564","114.1752173",
"9659973745","22.2813773","114.1752961",
"9659973746","22.2814452","114.1753774",
"9659973747","22.2814656","114.175379",
"9659973748","22.2814209","114.1752938",
"9659973749","22.2817862","114.175343",
"9659973750","22.2818326","114.1753193",
"9659973751","22.28185","114.1753033",
"9659973752","22.2813831","114.1753723",
"9659973753","22.281451","114.1754536",
"9659973755","22.2814714","114.1754552",
"9659973756","22.281771","114.1754219",
"9659973757","22.281819","114.1754047",
"9659973758","22.2818439","114.1753902",
"9659973759","22.2813875","114.1754306",
"9659973761","22.2814752","114.1755135",
"9659973762","22.2814031","114.1754266",
"9659973763","22.2817663","114.1754815",
"9659973764","22.2818128","114.1754628",
"9659973765","22.2818397","114.1754466",
"9659973766","22.2813918","114.1754876",
"9659973767","22.2814591","114.1755694",
"9659973769","22.2813964","114.1755144",
"9659973770","22.2817672","114.1755391",
"9659973771","22.2818144","114.1755162",
"9659973772","22.2818364","114.1755031",
"9659973773","22.2813961","114.1755456",
"9659973774","22.2814642","114.1756269",
"9659973775","22.2814846","114.1756285",
"9659973776","22.2814459","114.1756215",
"9659973777","22.2817642","114.1755957",
"9659973778","22.281814","114.1755724",
"9659973779","22.2818337","114.1755477",
"9659973780","22.2813485","114.1748649",
"9659973781","22.2814667","114.175779",
"9659973783","22.2817099","114.175762",
"9659973784","22.2817454","114.1757557",
"9659973785","22.2817832","114.1757422",
"9659973786","22.2818216","114.1756956",
"9659973787","22.2814143","114.1757866",
"9659973788","22.2814542","114.1758334",
"9659973790","22.2814248","114.1758106",
"9659973791","22.281736","114.175814",
"9659973792","22.2817778","114.1757962",
"9659973793","22.2818157","114.1757656",
"9659973794","22.2817463","114.1751887",
"9659973795","22.281511","114.1752079",
"9659973796","22.2817378","114.1752473",
"9659973797","22.2815158","114.1752667",
"9659973798","22.2817335","114.175306",
"9659973799","22.2815195","114.1753247",
"9659973800","22.2817252","114.1754026",
"9659973801","22.2815276","114.1754191",
"9659973802","22.281725","114.1754616",
"9659973803","22.2815309","114.1754787",
"9659973804","22.2817236","114.1755201",
"9659973805","22.2815367","114.1755375",
"9659973806","22.2817198","114.1755789",
"9659973807","22.2815409","114.1755945",
"9659973808","22.2817203","114.1757318",
"9659973809","22.2815533","114.1757457",
"9659973812","22.2817131","114.1757902",
"9659973813","22.2815944","114.1758014",
"9659973820","22.2817521","114.1751296",
"9659973821","22.2815064","114.1751503",
"9659973822","22.2813582","114.1750421",
"9659973823","22.281391","114.1751085",
"9659973824","22.2814079","114.1751178",
"9659973825","22.2814466","114.1751248",
"9659973826","22.2817488","114.1750989",
"9659973827","22.2814136","114.1757289",
"9659973829","22.2818757","114.1749498",
"9659973830","22.281767","114.1748695",
"9659973831","22.2816634","114.1748628",
"9659973832","22.2816811","114.1745414",
"9659973833","22.2817847","114.174548",
"9659973834","22.2818632","114.1763144",
"9659973835","22.281615","114.1762943",
"9659973836","22.281584","114.1768642",
"9659973837","22.2819203","114.1767556",
"9659973840","22.2814264","114.1769232",
"9659973841","22.281567","114.1758516",
"9659973842","22.2815526","114.1760746",
"9659973843","22.2817491","114.1759784",
"9659973844","22.2818265","114.1758286",
"9659973845","22.2818381","114.1760543",
"9659973846","22.2818254","114.1760328",
"9659973847","22.2818083","114.1760125",
"9659973848","22.2817351","114.175976",
"9659973849","22.281463","114.1759828",
"9659973850","22.2814385","114.1759808",
"9659973851","22.2813905","114.1759511",
"9659973852","22.2813216","114.1745734",
"9659973853","22.2815276","114.174545",
"9659973854","22.2814782","114.1748884",
"9659973855","22.2814999","114.1748895",
"9659973856","22.281558","114.1748846",
"9659973857","22.2815498","114.1750103",
"9659973858","22.2815573","114.1748927",
"9659973859","22.2816117","114.1748957",
"9659973860","22.2812425","114.1745751",
"9659973861","22.2813183","114.1758679",
"9659973862","22.2812443","114.1745974",
"9659973863","22.2812413","114.1745591",
"9660912774","22.281621","114.1761723",
"9681836883","22.2838357","114.1720695",
"9681836884","22.2838663","114.1720723",
"9681836885","22.2840579","114.1721271",
"9681836886","22.284089","114.1721501",
"9681836887","22.2841005","114.1721731",
"9681836888","22.2841005","114.1722121",
"9681836889","22.284089","114.1722422",
"9681836890","22.284071","114.1722634",
"9681836891","22.2840366","114.1722722",
"9681836892","22.2838555","114.1722297",
"9681836893","22.2838137","114.172213",
"9681836894","22.2837888","114.1721652",
"9681836895","22.2837033","114.1720965",
"9681836896","22.2840759","114.1721373",
"9681836897","22.284056","114.1722944",
"9681836898","22.2840968","114.1722271",
"9681836899","22.2840573","114.1722691",
"9681836900","22.28408","114.1722545",
"9681836901","22.2838354","114.172222",
"9681836902","22.2837691","114.1722288",
"9681836903","22.2837565","114.1722035",
"9681836904","22.2837267","114.1722049",
"9681836905","22.2836578","114.172209",
"9681836906","22.2837641","114.172091",
"9681836907","22.2837856","114.1721436",
"9681836908","22.2837856","114.1721137",
"9681836909","22.2837915","114.1720873",
"9681836910","22.2837793","114.172202",
"9681836911","22.2837129","114.1722056",
"9681836912","22.2836557","114.17227",
"9681836913","22.2837999","114.1722003",
"9681836914","22.2841019","114.1721885",
"9681836915","22.2839324","114.1723338",
"9681836916","22.2839497","114.172251",
"9681896717","22.2839464","114.1722668",
"9681896718","22.2842143","114.1734796",
"9681896719","22.2840199","114.1726012",
"9681896720","22.2840765","114.1723963",
"9681896721","22.2842013","114.1726401",
"9681896722","22.2840202","114.1726509",
"9681896723","22.2840556","114.1733431",
"9681896724","22.2842364","114.1733287",
"9681896725","22.2840332","114.1729033",
"9681896726","22.2840421","114.1730881",
"9681896727","22.2836993","114.1730137",
"9681896728","22.2842885","114.1728085","金紫荊粵菜 Golden Bauhinia"
"9681896729","22.2842946","114.1731151","紫荊廳 Bauhinia Room"
"9681896730","22.2840863","114.1730984","OK便利店 Circle K"
"9681896731","22.2838036","114.1730059",
"9681896732","22.2838509","114.1730024",
"9681896733","22.2836854","114.172813",
"9681896734","22.2837656","114.1728093",
"9681896735","22.2838002","114.1728159",
"9681896736","22.283811","114.1728291",
"9681896737","22.2838175","114.1728548",
"9681896738","22.2838337","114.1731513",
"9681896739","22.2838304","114.1731735",
"9681896740","22.2838186","114.1731875",
"9681896741","22.2838034","114.1731969",
"9681896742","22.2837126","114.1732085",
"9681896743","22.2837885","114.1728102",
"9681896744","22.2838272","114.1730042",
"9681896745","22.2838453","114.1729168",
"9681896746","22.2838554","114.1731022",
"9681896747","22.2842816","114.1726568",
"9681896748","22.2843636","114.1726859",
"9681896749","22.2844245","114.1727142",
"9681896750","22.2844959","114.1728209",
"9681896751","22.2845135","114.1728755",
"9681896752","22.284515","114.1729743",
"9681896753","22.2844542","114.1731018",
"9681896754","22.2843712","114.1732292",
"9681896755","22.2838394","114.1735583",
"9681896756","22.2837762","114.1728086",
"9681896757","22.2837918","114.1730068",
"9681896758","22.2838096","114.1731944",
"9681896759","22.2837268","114.1722299",
"9681896760","22.2838205","114.1730047",
"9681896761","22.2836094","114.1735893",
"9681896762","22.2834553","114.1722864",
"9681896763","22.2834769","114.1723119",
"9681896764","22.2834926","114.172336",
"9681896765","22.2835018","114.1723662",
"9681896766","22.2833136","114.1721559",
"9681896767","22.283271","114.1721409",
"9681896768","22.2831433","114.1721143",
"9681896769","22.2831089","114.1721073",
"9681896770","22.2830696","114.1721073",
"9681896771","22.2830456","114.172109",
"9681896772","22.2829841","114.172124",
"9681896773","22.2829258","114.1721468",
"9681896774","22.2827608","114.1722527",
"9681896775","22.2827099","114.1722809",
"9681896776","22.2826764","114.1722983",
"9681896777","22.2826514","114.1723023",
"9681896778","22.2826526","114.1723131",
"9681896779","22.2826639","114.1723009",
"9681896780","22.2826469","114.1722617",
"9681896781","22.2816944","114.1758507",
"9681896782","22.2815032","114.1758643",
"9681896783","22.281494","114.1745615",
"9681896784","22.2813987","114.1747559",
"9681896785","22.2813505","114.1747285",
"9681896786","22.2813023","114.1747087",
"9681896787","22.2812337","114.174707",
"9681896788","22.2813187","114.1748067",
"9681896789","22.2813135","114.1748061",
"9681896790","22.2812664","114.1745614",
"9681896791","22.2812226","114.1744881",
"9681896794","22.28143","114.1756844",
"9681896795","22.281875","114.1754773",
"9681896796","22.2813765","114.1747432",
"9681896797","22.2812808","114.1747071",
"9681896798","22.2813362","114.1747208",
"9681896799","22.2814417","114.1747702",
"9681896800","22.2813321","114.1747507",
"9681896801","22.2814857","114.1747754",
"9681896802","22.281226","114.1746762",
"9710536951","22.2760319","114.1807895",
"9710536952","22.2761703","114.1808915",
"9710536953","22.2762968","114.1809695",
"9710536954","22.276487","114.1810568",
"9710536955","22.2766857","114.181111",
"9710536956","22.2769105","114.1811392",
"9710536957","22.2777323","114.1811986",
"9710536958","22.2790353","114.1812795",
"9710536959","22.2791944","114.1812634",
"9710536960","22.2794169","114.1812135",
"9710536961","22.2796071","114.1811512",
"9710536962","22.2807007","114.1806716",
"9710536963","22.2808345","114.1806156",
"9710536964","22.2833308","114.1795059",
"9710536983","22.2760102","114.1807716",
"9710634056","22.2813208","114.1743294",
"9710634057","22.2807231","114.1744005",
"9710634058","22.2807262","114.1744522",
"9710634059","22.2813273","114.17441",
"9710634060","22.2813441","114.1743936",
"9710634061","22.2813545","114.174369",
"9710634062","22.2813409","114.1743415",
"9710634063","22.2812482","114.1748537",
"9711005586","22.2813632","114.1760685",
"9711005587","22.2816257","114.1760775",
"9711005588","22.2818199","114.1762345",
"9711005589","22.2818243","114.1761444",
"9711005590","22.2816698","114.1761356",
"9711005591","22.2816654","114.1762257",
"9711005592","22.2813684","114.1761385",
"9711005593","22.2819682","114.1764647",
"9711005594","22.2818373","114.1757702",
"9711005595","22.2818592","114.1754626",
"9711005596","22.2818863","114.1751617",
"9711005597","22.2818257","114.1758104",
"9711005598","22.2818981","114.1750636",
"9711005599","22.2817639","114.1749395",
"9711005600","22.2816602","114.1749329",
"9711005601","22.2816532","114.1750626",
"9711005602","22.2817569","114.1750691",
"9711005603","22.2817909","114.1749049",
"9711005604","22.2816593","114.1748979",
"9711005605","22.2816343","114.1748969",
"9711005607","22.2818096","114.1745014",
"9711005608","22.2813639","114.1750718",
"9711005609","22.2817981","114.1751504",
"9711005610","22.2818219","114.1751941",
"9711005611","22.2818192","114.1752502",
"9711005612","22.2818114","114.175333",
"9711005614","22.2817411","114.1755465",
"9711005615","22.2817361","114.1756042",
"9711005616","22.2817224","114.1757602",
"9711024817","22.2817174","114.1758184",
"9711024818","22.2817109","114.1758929",
"9711024819","22.2817763","114.175856",
"9711024821","22.2817252","114.1761195",
"9711186824","22.2807317","114.1707121",
"9711186825","22.2807213","114.1707251",
"9711186826","22.2807083","114.170735",
"9711186827","22.2806153","114.1706772",
"9711186828","22.2806879","114.1706063",
"9711186829","22.2807033","114.1706109",
"9713090799","22.2813191","114.1747127",
"9713090800","22.2818457","114.1760757",
"9713090801","22.2818461","114.1757253",
"9713090802","22.2818517","114.1761016",
"9713090803","22.2812994","114.1746768",
"9713090804","22.2813629","114.1747025",
"9713090805","22.2814391","114.1745462",
"9713090806","22.281272","114.1745914",
"9713090807","22.2818175","114.1747658",
"9713090808","22.2817971","114.1750902",
"9713090809","22.2817835","114.1750624",
"9713090810","22.2817754","114.1751553",
"9713090811","22.2817703","114.1752127",
"9713090812","22.2817652","114.1752713",
"9713090813","22.2817583","114.1753502",
"9713090814","22.2817515","114.1754277",
"9713090815","22.2817464","114.1754867",
"9713090816","22.2813452","114.1760613",
"9713136417","22.2812905","114.1745577",
"9713136418","22.2813211","114.1748057",
"9713136419","22.2812587","114.1745383",
"9713136420","22.2812835","114.174743",
"9713136421","22.2813646","114.1758115",
"9713136422","22.2814548","114.1755119",
"9713136423","22.2814327","114.1754482",
"9713136424","22.2814795","114.175571",
"9713136425","22.2814904","114.1757821",
"9713136426","22.2814823","114.1758388",
"9713136427","22.2814323","114.1758192",
"9713136428","22.281423","114.175859",
"9713136429","22.2818274","114.1761267",
"9713136430","22.2818289","114.1750762",
"9713136431","22.2817808","114.175093",
"9713136432","22.2817948","114.175414",
"9713136433","22.2817889","114.1754734",
"9713136434","22.2817923","114.1755283",
"9713136435","22.2817919","114.1755851",
"9713136436","22.281764","114.1757501",
"9713136437","22.281758","114.1758065",
"9713136438","22.2819062","114.1748295",
"9713136439","22.2816517","114.1750556",
"9713136440","22.2816178","114.1750529",
"9713136441","22.281615","114.1750933",
"9713136442","22.281649","114.175096",
"9713136443","22.2818653","114.1758464",
"9713136444","22.2818269","114.1758451",
"9713136445","22.2818257","114.1758831",
"9713136446","22.2818641","114.1758844",
"9713136448","22.2814177","114.1759197",
"9713136449","22.2814277","114.1759301",
"9713136450","22.2814499","114.1759451",
"9713136451","22.2816912","114.1759366",
"9713136452","22.2814909","114.1750845",
"9713136453","22.2814791","114.1750833",
"9713136454","22.2814674","114.1750814",
"9713136455","22.2814534","114.1750786",
"9713136456","22.2814295","114.1750687",
"9713136457","22.2814013","114.1750396",
"9713136458","22.2813924","114.1747898",
"9713136459","22.2814178","114.1759762",
"9713136460","22.2816371","114.1760745",
"9713136461","22.2816265","114.1762713",
"9728758441","22.2817519","114.175135","會展站 Exhibition Centre Station"
"9728758442","22.2817465","114.1751956","會展站 Exhibition Centre Station"
"9728758443","22.281737","114.1752554","會展站 Exhibition Centre Station"
"9728758444","22.2817332","114.175315","會展站 Exhibition Centre Station"
"9728758445","22.2817266","114.1754109","會展站 Exhibition Centre Station"
"9728758446","22.2817229","114.1754678","會展站 Exhibition Centre Station"
"9728758447","22.2817239","114.1755286","會展站 Exhibition Centre Station"
"9728758448","22.2814019","114.175622",
"9728758449","22.2814697","114.1757035",
"9728758450","22.2814901","114.1757051",
"9728758451","22.2814412","114.1756925",
"9728758452","22.2817292","114.1756825",
"9728758453","22.2817576","114.1756747",
"9728758454","22.2817786","114.1756672",
"9728758455","22.2818032","114.1756539",
"9728758456","22.2818276","114.1756216",
"9728758457","22.2818207","114.1757103",
"9728758458","22.2814089","114.1757147",
"9728758459","22.2817216","114.1756366",
"9728758460","22.2815443","114.1756512",
"9728758461","22.2817162","114.17574","會展站 Exhibition Centre Station"
"9728758462","22.2817088","114.1757978","會展站 Exhibition Centre Station"
"9728758463","22.2816975","114.1758584","會展站 Exhibition Centre Station"
"9728758464","22.281718","114.1755867","會展站 Exhibition Centre Station"
"9728758465","22.2817168","114.1756438","會展站 Exhibition Centre Station"
"9728758466","22.2814514","114.1756981",
"9728758467","22.2814538","114.1757737",
"9728758468","22.2816665","114.1761178",
"9728758469","22.2818369","114.1748771","會展站 Exhibition Centre Station"
"9728758470","22.2819779","114.1761705",
"9728758471","22.2819906","114.1762636",
"9728758472","22.2820993","114.1766584",
"9728758473","22.2818454","114.1762662",
"9728758474","22.2819111","114.1764025",
"9728758476","22.2817267","114.1760608",
"9728758477","22.2817881","114.1760636",
"9728758478","22.2818007","114.1760713",
"9728758479","22.2818141","114.1760899",
"9728758480","22.2819426","114.1766701",
"9728758481","22.2820296","114.176655",
"9728758482","22.2819881","114.1766642",
"9728758484","22.2822421","114.1770015",
"9728758485","22.2822019","114.1768197",
"9728758486","22.2818106","114.1757965",
"9728758487","22.2818658","114.1750352",
"9728758488","22.281791","114.1758411",
"9728758489","22.2817973","114.1757831",
"9728758490","22.2818003","114.1757321",
"9728758491","22.2818142","114.1756424",
"9728758492","22.2818238","114.1755626",
"9728758493","22.2817504","114.1751595",
"9728758494","22.2817414","114.1752181",
"9728758495","22.2817247","114.1753552",
"9728758496","22.2817228","114.1754335",
"9728758497","22.281723","114.175491",
"9728758498","22.2817217","114.1755504",
"9728758499","22.2817178","114.1756084",
"9728758500","22.2817386","114.1755757",
"9728758501","22.2817141","114.1756857",
"9728758502","22.2816947","114.1758222",
"9728758503","22.2816881","114.1758976",
"9728758504","22.2817328","114.1758856",
"9728758505","22.2817641","114.1758671",
"9728758506","22.2818627","114.1757882",
"9728758507","22.2817706","114.1759872",
"9728758508","22.2820074","114.1764254",
"9728758510","22.2813374","114.1747582",
"9728758511","22.2813041","114.1747381",
"9728758512","22.2814093","114.1759088",
"9728758513","22.2813346","114.1746878",
"9728758514","22.2813192","114.1747429",
"9728758515","22.2813925","114.1758687",
"9728758516","22.2813892","114.1758438",
"9728765717","22.2813079","114.1747986",
"9728765718","22.2813258","114.1747983",
"9728765719","22.2813238","114.1748027",
"9728765720","22.2813099","114.1748025",
"9728765721","22.2813966","114.1758838",
"9728765722","22.2814019","114.1758966",
"9728765723","22.2816678","114.1745116",
"9728765724","22.2818621","114.1759",
"9728765725","22.2817895","114.1758966",
"9728765726","22.2817879","114.1759378",
"9728765727","22.2818605","114.1759411",
"9728765728","22.2813349","114.1761365",
"9728765729","22.2813136","114.1761975",
"9728765730","22.2813354","114.1759942",
"9728765731","22.2813505","114.1760254",
"9728765732","22.2813681","114.1760443",
"9728765733","22.2813954","114.1760495",
"9728765734","22.2814395","114.1744483",
"9728765735","22.2819189","114.1744408",
"9728765736","22.2813634","114.174774",
"9730739283","22.2819644","114.1745521",
"9730739285","22.2812483","114.1745746",
"9736392788","22.2804983","114.1743979",
"9736392789","22.2799596","114.1744688",
"9736392790","22.2799632","114.1745331",
"9736392791","22.2805041","114.1744668",
"9737284046","22.2803064","114.1741079",
"9737284047","22.2803022","114.17409",
"9737284048","22.280293","114.1740744",
"9737284049","22.280202","114.1741058",
"9737284050","22.2802029","114.1741246",
"9737284051","22.2802094","114.1741421",
"9737284052","22.2802209","114.1741563",
"9737284053","22.2802796","114.1740629",
"9737284054","22.2802636","114.1740567",
"9737284055","22.2802465","114.1740564",
"9737284056","22.2802302","114.174062",
"9737284057","22.2802165","114.1740729",
"9737284058","22.2802067","114.1740881",
"9737284059","22.280236","114.1741657",
"9737284060","22.2802531","114.1741691",
"9737284061","22.2802704","114.1741663",
"9737284062","22.2802858","114.1741576",
"9737284063","22.2802978","114.1741438",
"9737284064","22.2803049","114.1741266",
"9737519766","22.2814939","114.1746092",
"9737519767","22.2817148","114.1758481",
"9737519768","22.2817199","114.1757886",
"9737519769","22.281725","114.1757308",
"9737519770","22.2817334","114.1756345",
"9737519771","22.2817439","114.1755154",
"9737519772","22.281749","114.1754561",
"9737519773","22.2817543","114.1753965",
"9737519774","22.2817628","114.1752987",
"9737519775","22.281768","114.1752398",
"9737519776","22.281773","114.1751817",
"9737519777","22.2817781","114.1751236",
"9737519778","22.2814758","114.1759532",
"9737519779","22.2813987","114.1755622",
"9737519780","22.2817883","114.1759969",
"9737519781","22.2819275","114.1748769",
"9737530063","22.2816445","114.182154",
"9737530064","22.2816458","114.1821499",
"9737530065","22.2854539","114.1938613",
"9737530066","22.2854561","114.193859",
"9737530067","22.28563","114.1943568",
"9737530068","22.285601","114.1943649",
"9737530069","22.2859532","114.1948847",
"9737530070","22.2859145","114.1949311",
"9737530071","22.2818065","114.1825408",
"9737530072","22.2818044","114.1825385",
"9737530073","22.2840141","114.1863909",
"9737530074","22.2840141","114.1863886",
"9737530075","22.2851624","114.1905998",
"9737530076","22.2851619","114.1905984",
"9737530077","22.2850866","114.1903175",
"9737530078","22.2850863","114.1903176",
"9737530079","22.2852122","114.1908697",
"9737530080","22.285211","114.1908705",
"9737530081","22.2855312","114.1941224",
"9737530082","22.285746","114.1945865",
"9737530083","22.2857148","114.1946097",
"9737530084","22.2855194","114.194127",
"9737530085","22.2854072","114.193593",
"9737530086","22.2854036","114.1935886",
"9737530087","22.2837049","114.1856866",
"9737530088","22.2837027","114.1856831",
"9737530089","22.2838874","114.1860625",
"9737530090","22.2838852","114.1860625",
"9737530091","22.2834987","114.1852967",
"9737530092","22.2834966","114.185292",
"9737530093","22.2814395","114.1814787",
"9737530094","22.281439","114.1814787",
"9737530095","22.2813792","114.181109",
"9737530096","22.2815314","114.1818229",
"9737530097","22.2816664","114.174025",
"9737530098","22.2816664","114.1740244",
"9737530099","22.2815966","114.1744624",
"9737530100","22.2815666","114.1746417",
"9737530101","22.2815671","114.1746411",
"9737530102","22.2816949","114.173287",
"9737530103","22.2816891","114.1735565",
"9737530104","22.2816739","114.1738544",
"9737530105","22.281638","114.1742153",
"9737530106","22.2816594","114.1732777",
"9737530107","22.2816739","114.1738561",
"9737530108","22.2816686","114.1735568",
"9737530109","22.2815972","114.1744624",
"9737530110","22.281638","114.1742159",
"9737530111","22.2815472","114.174825",
"9737530112","22.2815478","114.174825",
"9737530113","22.2816863","114.1725664",
"9737530114","22.281653","114.1725641",
"9737530115","22.2816949","114.1717681",
"9737530116","22.2817529","114.1717959",
"9737537917","22.28165","114.1729504",
"9737537918","22.2816913","114.1729485",
"9737537919","22.2818216","114.1710556",
"9737537920","22.2817486","114.1710487",
"9737537921","22.2817292","114.1745531",
"9737537922","22.2817292","114.1745529",
"9737537923","22.2817421","114.1732702",
"9737537924","22.2817427","114.1732696",
"9737537925","22.2817013","114.1725856",
"9737537926","22.2817015","114.1725869",
"9737537927","22.2817271","114.1729377",
"9737537928","22.2817271","114.1729331",
"9737537929","22.2817542","114.1738318",
"9737537930","22.2817545","114.1738318",
"9737605444","22.2819599","114.1747404",
"9737605445","22.2818838","114.1752927",
"9737605446","22.2819981","114.1742899",
"9737605447","22.2812583","114.1745688",
"9737605448","22.2815042","114.1745439",
"9737605449","22.2814545","114.1745135",
"9737605450","22.2812871","114.1745294",
"9737609028","22.2818787","114.1760242",
"9737609029","22.2811929","114.1745472",
"9737609030","22.2818719","114.1756194",
"9737609031","22.2815727","114.174471",
"9737609032","22.2812483","114.1745378",
"9737609033","22.2813268","114.174747",
"9737609034","22.2817517","114.1759153",
"9737609035","22.2818621","114.1756124",
"9737609036","22.2820265","114.1768868",
"9737609037","22.2821616","114.1769756",
"9737609039","22.2820685","114.1763995",
"9737609040","22.2822856","114.1732187",
"9737609041","22.282031","114.1758775",
"9737609042","22.2820356","114.1759812",
"9737609043","22.2820401","114.1760698",
"9737609044","22.2814897","114.1759548",
"9737609045","22.2819527","114.1749868",
"9737609046","22.2821299","114.1746306",
"9737609047","22.2820475","114.1750872",
"9737609048","22.2820352","114.1752217",
"9737609049","22.2820315","114.1752812",
"9737609050","22.2820228","114.1754112",
"9737609051","22.281913","114.1758293",
"9737609052","22.2819073","114.1756544",
"9737609053","22.2819933","114.1743178",
"9737609054","22.2819166","114.1744033",
"9737609055","22.281933","114.174886",
"9737609056","22.2818762","114.1754253",
"9737609057","22.281312","114.1747397",
"9737609058","22.2815376","114.1744995",
"9739092937","22.2817382","114.175933",
"9739092938","22.2817837","114.1758939",
"9739092939","22.2817787","114.1751172",
"9739092940","22.2817776","114.1751299",
"9739092941","22.2817735","114.1751765",
"9739092942","22.2817727","114.1751858",
"9739092943","22.2817684","114.1752354",
"9739092944","22.2817676","114.1752437",
"9739092945","22.2817632","114.1752945",
"9739092946","22.2817625","114.1753027",
"9739092947","22.2817547","114.1753909",
"9739092948","22.2817539","114.1754011",
"9739092949","22.2817495","114.1754511",
"9739092950","22.2817486","114.1754614",
"9739092951","22.2817444","114.1755096",
"9739092952","22.2817433","114.1755213",
"9739092953","22.2817392","114.1755685",
"9739092954","22.281738","114.1755821",
"9739092955","22.2817341","114.1756264",
"9739092956","22.2817327","114.1756424",
"9739092957","22.2817258","114.1757216",
"9739092958","22.2817243","114.1757393",
"9739092959","22.2817206","114.1757807",
"9739092960","22.2817194","114.1757954",
"9739092961","22.2817155","114.1758397",
"9739092962","22.2817143","114.1758532",
"9739092963","22.2817074","114.1759331",
"9739092964","22.2817373","114.175949",
"9739092965","22.2817331","114.1760036",
"9739092966","22.2812626","114.1747054",
"9739092967","22.2821933","114.1771095",
"9739092968","22.2819505","114.1768947",
"9739092969","22.2821354","114.1768563",
"9739092971","22.2820925","114.1766014",
"9739308580","22.2817055","114.1747605",
"9739308581","22.2816147","114.1747547",
"9739308582","22.2815023","114.1768261",
"9739308583","22.281593","114.1768319",
"9739308586","22.2816157","114.1747553",
"9739308587","22.2815032","114.1768267",
"9739308588","22.281594","114.1768324",
"9739308589","22.2817065","114.174761",
"9739308596","22.2785137","114.1658331","金鐘 Admiralty"
"9739308598","22.2816132","114.1756895","會展 Exhibition Centre"
"9739388503","22.2812918","114.1748524",
"9741533489","22.2819736","114.1743044",
"9741533490","22.2820831","114.1742537",
"9741533491","22.2819795","114.1742552",
"9741533492","22.281942","114.1742543",
"9741533493","22.2823594","114.1742054",
"9741533494","22.282334","114.1742027",
"9741533495","22.2822956","114.1744021",
"9741533496","22.2819307","114.1748782",
"9741533497","22.281925","114.1748774",
"9741533498","22.2819221","114.1748798",
"9741533499","22.2819143","114.1750081",
"9741533500","22.28192","114.1748835",
"9741533501","22.2818895","114.1750621",
"9741533502","22.2818761","114.1751631",
"9741533503","22.2818534","114.1754564",
"9741533504","22.2818627","114.17546",
"9741533505","22.2818564","114.1756148",
"9741533506","22.2818677","114.1756141",
"9741533507","22.2816644","114.1744323",
"9741533508","22.2815936","114.17446",
"9741533509","22.2814129","114.1747314",
"9741533510","22.281868","114.1760246",
"9741533511","22.2818596","114.1760249",
"9741533512","22.2818421","114.1759988",
"9741533513","22.2817762","114.1759582",
"9741533514","22.2817489","114.1759532",
"9741533515","22.2817268","114.175919",
"9741533516","22.2817715","114.1758948",
"9741553717","22.2818508","114.1756894",
"9741553718","22.2818556","114.1754606",
"9741553719","22.2818525","114.1756219",
"9741553720","22.2817909","114.1748903",
"9741553721","22.2818519","114.1759793",
"9741553722","22.2817842","114.1759498",
"9741553723","22.2817731","114.1759344",
"9741553724","22.281751","114.175934",
"9741553725","22.2814664","114.1758372",
"9742610352","22.2818027","114.1759492",
"9742610353","22.2818327","114.176155",
"9743189439","22.2820472","114.1761644",
"9743189440","22.2821484","114.1756062",
"9743189441","22.2821534","114.1753211",
"9743189442","22.2820677","114.1767796",
"9743189443","22.282096","114.1768669",
"9743189444","22.2820673","114.1768754",
"9743189445","22.2821549","114.1765884",
"9743189446","22.2820253","114.1766144",
"9743189447","22.2821603","114.1752923",
"9743189448","22.2821513","114.1756518",
"9743189449","22.2821074","114.175652",
"9743189450","22.2821317","114.1760388",
"9743189451","22.2821521","114.1763587",
"9743189452","22.2807232","114.1708962",
"9743189453","22.2823763","114.176332",
"9743189454","22.2809939","114.1708234",
"9743189455","22.2821289","114.1761047",
"9743189456","22.2818271","114.1747809",
"9743189457","22.2812537","114.1745442",
"9743189458","22.2823242","114.1773237",
"9743189459","22.2823477","114.1773985",
"9743189460","22.2824186","114.1775258",
"9743189461","22.2824926","114.1777712",
"9743189462","22.2824979","114.1778959",
"9743189463","22.2825191","114.1779587",
"9743189464","22.2826077","114.1779271",
"9743189467","22.2824356","114.1772822",
"9743189468","22.2818095","114.1770327",
"9743189469","22.281741","114.1770586",
"9743189470","22.2817603","114.1771183",
"9743189471","22.2818288","114.1770924",
"9743189472","22.2828151","114.1749966",
"9743189473","22.2826802","114.1750147",
"9743189474","22.282688","114.1750122",
"9743189476","22.2826975","114.1750091",
"9743189477","22.2826982","114.175016",
"9743189478","22.2828023","114.1748641",
"9743189479","22.2826649","114.1747755",
"9743189480","22.2826673","114.1747272",
"9743189481","22.2828002","114.1746969",
"9743189482","22.2828156","114.1746166",
"9743189483","22.2826889","114.1746203",
"9743189484","22.2827045","114.1745718",
"9743189485","22.2828728","114.1745222",
"9743189486","22.2829149","114.1744582",
"9743189487","22.2829665","114.1744132",
"9743189489","22.2827248","114.1752305",
"9743189491","22.2827022","114.1750547",
"9743189493","22.282798","114.1757573",
"9743189494","22.2827953","114.1757377",
"9743189495","22.2828008","114.1757773",
"9743189496","22.2828437","114.1761394",
"9743189497","22.282845","114.1761517",
"9743189498","22.2827664","114.1762702",
"9743189499","22.2829009","114.1757625",
"9743189500","22.2828079","114.1758267",
"9743189501","22.2828265","114.1759932",
"9743189502","22.2828588","114.1759864",
"9743189503","22.2828238","114.1750446",
"9743189504","22.2827027","114.1750593",
"9743189505","22.2827565","114.1754558",
"9743189506","22.2828658","114.1754319",
"9743189507","22.2827306","114.1744934",
"9743189508","22.2827381","114.1744796",
"9743189509","22.2827201","114.1745239",
"9743189510","22.282796","114.1743723",
"9743189511","22.2827896","114.1743842",
"9743189512","22.2828273","114.1743145",
"9743189513","22.28287","114.1743108",
"9743189514","22.2828226","114.1743233",
"9743189515","22.283158","114.1742857",
"9743189516","22.2807442","114.1761531","灣景中心大廈 Causeway Centre"
"9743439150","22.2823326","114.1774009",
"9743439151","22.2820956","114.175603",
"9748981196","22.2803536","114.1736015",
"9748981197","22.2805792","114.1729974",
"9748981198","22.2804718","114.1730062",
"9748981199","22.2803978","114.1730106",
"9748981200","22.2813552","114.1748035",
"9748981201","22.2813506","114.174834",
"9748981202","22.2812114","114.1749187",
"9748981203","22.2811843","114.1749185",
"9748981204","22.2813251","114.1759365",
"9748981205","22.2813234","114.1758976",
"9748981206","22.2807988","114.175944",
"9749442781","22.2809761","114.1739228",
"9756108783","22.2842067","114.172975",
"9756108784","22.2844291","114.172872",
"9756108785","22.2841132","114.1727974",
"9756108786","22.2843099","114.1728119",
"9756108787","22.284129","114.1731578",
"9756108788","22.2843119","114.1731209",
"9756108789","22.283335","114.1725844",
"9756108790","22.2833569","114.1729986",
"9756108791","22.282463","114.1725909",
"9756108792","22.2824952","114.1730346",
"9756108793","22.2830089","114.172578",
"9756108794","22.2830139","114.173233",
"9756163132","22.2803328","114.1735025",
"9756163133","22.2803818","114.1734547",
"9756163134","22.2803831","114.1733782",
"9756163135","22.2804031","114.1733273",
"9756163136","22.2804806","114.1731316",
"9760989944","22.2814064","114.1759706",
"9760989945","22.2813977","114.1759624",
"9760989946","22.2814245","114.1756078",
"9760989947","22.2814357","114.1756159",
"9760989948","22.281403","114.1755302",
"9760989949","22.2814408","114.175564",
"9760989950","22.2814307","114.1755584",
"9760989951","22.2814112","114.1755424",
"9760989952","22.2814195","114.1755503",
"9760989953","22.2814151","114.1754928",
"9760989954","22.2814263","114.1755009",
"9760989955","22.2814365","114.1755065",
"9760989956","22.2814113","114.1754345",
"9760989957","22.2813855","114.1753889",
"9760989958","22.2813944","114.1754152",
"9760989959","22.2814225","114.1754426",
"9760989960","22.2813797","114.1753127",
"9760989961","22.2813829","114.175326",
"9760989962","22.2813886","114.175339",
"9760989963","22.2814107","114.1752882",
"9760989964","22.2813913","114.1752722",
"9760989965","22.2813995","114.1752801",
"9760989966","22.2813952","114.1752235",
"9760989967","22.2814064","114.1752316",
"9760989968","22.281365","114.1751179",
"9760989969","22.2813607","114.1750585",
"9760989970","22.2813739","114.1751442",
"9760989971","22.281402","114.1751716",
"9760989972","22.2813682","114.1751312",
"9760989973","22.2813908","114.1751635",
"9760989974","22.2813826","114.1751556",
"9760989975","22.2814262","114.1751232",
"9760989976","22.2813696","114.1750848",
"9760989977","22.2813783","114.1750962",
"9760989978","22.2814783","114.175781",
"9760989979","22.2814301","114.1757555",
"9760989980","22.2814209","114.1757431",
"9760989981","22.281442","114.1757662",
"9760989982","22.2814198","114.1758457",
"9760989983","22.2814374","114.1758834",
"9760989984","22.281467","114.175905",
"9760989985","22.2814501","114.1758957",
"9760989986","22.2814287","114.175872",
"9760989987","22.2813511","114.174948",
"9760989988","22.281349","114.1748994",
"9760989989","22.2813154","114.1748333",
"9760989990","22.2813164","114.174807",
"9760989991","22.2813158","114.1748632",
"9760989992","22.2814385","114.1759383",
"9760989993","22.2814613","114.1759498",
"9760989994","22.2815062","114.1759543",
"9770418010","22.2816967","114.1754934",
"9770418011","22.2813603","114.1745224",
"9770418013","22.2819375","114.1736673",
"9770418014","22.2818174","114.1736623",
"9770418015","22.2818027","114.1740784",
"9770418016","22.2819634","114.174085",
"9770479317","22.2819756","114.1737396",
"9770479318","22.281935","114.173738",
"9770479319","22.2819775","114.1740969",
"9770479320","22.2817782","114.1740863",
"9770479321","22.2817915","114.1736604",
"9770479322","22.2819953","114.1736604",
"9779139589","22.2802674","114.173572",
"9779139590","22.2798179","114.1733504",
"9779139591","22.2796233","114.1733991",
"9779139592","22.2802955","114.1735867",
"9779139593","22.2802746","114.1739036",
"9779139594","22.2801257","114.1740485",
"9779139595","22.2801313","114.1735797",
"9779139596","22.2802594","114.1734155",
"9779139597","22.2802727","114.1734004",
"9779139598","22.280287","114.1733859",
"9779139599","22.2802994","114.1733772",
"9779139600","22.2803168","114.1733749",
"9779139601","22.2803003","114.1734155",
"9779139602","22.2802746","114.1734419",
"9779139603","22.2802913","114.1734718",
"9779139604","22.2803189","114.1734433",
"9779139605","22.2803274","114.1734548",
"9779139606","22.2803445","114.1734771",
"9779139607","22.2803503","114.1734855",
"9779139608","22.2802977","114.173483",
"9779139609","22.2803113","114.1735032",
"9779139610","22.2803193","114.1735154",
"9779139611","22.2802504","114.1734959",
"9779139612","22.2802764","114.1734959",
"9779139613","22.2803137","114.1734702",
"9779139614","22.2803459","114.1734349",
"9779139615","22.2803397","114.1733973",
"9779139616","22.2803919","114.1733498",
"9779150917","22.2803993","114.173333",
"9779150918","22.2804468","114.1737541",
"9779150919","22.2803","114.1736622",
"9779150920","22.2802929","114.1735442",
"9779150921","22.2803708","114.1733522",
"9779150922","22.2804121","114.1733475",
"9779150923","22.2803509","114.1733548",
"9779150924","22.2806411","114.172639",
"9779150925","22.2804812","114.1726651",
"9779150926","22.2804098","114.1723862",
"9779150927","22.2803614","114.1723886",
"9779150928","22.2803265","114.1734913",
"9779150929","22.2803061","114.1734576",
"9779150930","22.2802848","114.1734241",
"9779150931","22.2800689","114.1732356",
"9779150937","22.2806568","114.171041",
"9779150938","22.2805898","114.1712999",
"9779150939","22.2805881","114.1716511",
"9779150940","22.2806042","114.172275",
"9779150941","22.2806699","114.1729229",
"9779150942","22.2806822","114.1730676",
"9779150944","22.280451","114.170927",
"9779150945","22.2803898","114.1716628",
"9779150946","22.2804116","114.1720414",
"9779150947","22.2804433","114.1723844",
"9779150949","22.2805126","114.1730029",
"9779150950","22.2805864","114.1730894",
"9779150951","22.2814284","114.1717991",
"9779150952","22.2814271","114.1716667",
"9779150953","22.2812416","114.1710702",
"9779150954","22.2813021","114.1711892",
"9779150955","22.2807033","114.1718739",
"9779150956","22.2806748","114.1716204",
"9779150957","22.2810291","114.1711798",
"9779150958","22.2808616","114.171204",
"9779150959","22.2808988","114.1710497",
"9779150960","22.2810328","114.1709733",
"9793647174","22.2831605","114.1743162",
"9806787449","22.2951873","114.1764332","尖東 Tsim Sha Tsui East"
"9806787474","22.2861299","114.1625504","中環 Central"
"9809054534","22.2964686","114.148912",
"9809054605","22.294928","114.1771271",
"9809054606","22.2946941","114.1774977",
"9809054608","22.2943061","114.1778599",
"9809054610","22.2938758","114.1780752",
"9809054611","22.2934411","114.1781388",
"9809054613","22.2928575","114.1781013",
"9809054614","22.2924189","114.1780407",
"9809054637","22.2869317","114.1636532",
"9809054638","22.2864353","114.162964",
"9809054640","22.2873115","114.1643146",
"9809054641","22.2866401","114.1632235",
"9813587110","22.2813927","114.1754595",
"9813587111","22.2813973","114.1753504",
"9813587112","22.280645","114.1791769",
"9813587113","22.2814435","114.1794146",
"9813587114","22.2813887","114.1754022",
"9813587115","22.281387","114.1752156",
"9813587116","22.2813769","114.1752478",
"9813619414","22.2816162","114.1796091",
"9813619415","22.2808437","114.1791874",
"9813619416","22.2816452","114.1796568",
"9813623417","22.2808786","114.1790154",
"9813623418","22.2813993","114.1755228",
"9813623419","22.2814013","114.1754776",
"9813623420","22.2814019","114.1755755",
"9813623421","22.2813737","114.1752345",
"9813623422","22.2807074","114.1791068",
"9813623423","22.28102","114.1790077",
"9813623424","22.2814167","114.1753664",
"9813623425","22.2813783","114.1752042",
"9813623426","22.2813694","114.1751779",
"9813623427","22.2814131","114.1756651",
"9813623428","22.2813894","114.175446",
"9813623429","22.2813826","114.1752608",
"9813623430","22.2813939","114.1755036",
"9813623431","22.2807926","114.1790474",
"9813623432","22.2814269","114.175372",
"9813623433","22.2814818","114.1794637",
"9813623434","22.2814163","114.1755999",
"9813623435","22.2814076","114.1755885",
"9813623436","22.2814069","114.1754849",
"9813623437","22.2814055","114.1753583",
"9813623438","22.2809685","114.1790042",
"9813623439","22.2810719","114.1790188",
"9813623440","22.2814074","114.1756521",
"9813623441","22.2813967","114.1754696",
"9813623442","22.2813726","114.1751912",
"9813623443","22.2814042","114.1756388",
"9832176802","22.2800674","114.1776351",
"9832176803","22.2800869","114.1775903",
"9832176804","22.2800458","114.1777825",
"9832176805","22.280059","114.1778753",
"9832176806","22.2800468","114.1777332",
"9832176807","22.2800543","114.1776836",
"9911549297","22.2808976","114.1744402",
"9911549298","22.2808884","114.1743808",
"9911549299","22.2807756","114.1744487",
"9911549300","22.2807728","114.1743946",
"9911549301","22.2803531","114.1744853",
"9911549302","22.2803414","114.1744185",
"9911549303","22.2799611","114.1744953",
"9911549304","22.2805008","114.1744272",
"9911549305","22.2807245","114.1744275",
"9911549306","22.2804211","114.1706142",
"9911549307","22.2804957","114.1706223",
"9921774760","22.281469","114.1743932",
"9921774761","22.2814588","114.1743905",
"9921774762","22.2814763","114.1743886",
"9921774763","22.2814777","114.1743821",
"9921774764","22.281473","114.1743914",
"9921774765","22.2814563","114.1743866",
"9921774766","22.2814325","114.1743387",
"9921774767","22.2814267","114.1743142",
"9921774768","22.281454","114.1743398",
"9921774769","22.2814615","114.1743929",
"9921774770","22.2814231","114.1743243",
"9921774771","22.2814221","114.1743187",
"9921774772","22.2814645","114.1743937",
"9921774773","22.2809042","114.1755313","海港薈 Victoria Harbour Supreme"
"9921774774","22.2814218","114.1743216",
"9921774775","22.2814297","114.1743139",
"9921774776","22.2814777","114.1743856",
"9921774777","22.2814239","114.1743159",
"9947138062","22.2825298","114.1702813",
"9958882326","22.281442","114.1749778",
"10018628945","22.2831971","114.1743882",
"10018628946","22.2834346","114.174372",
"10018628947","22.2831487","114.1743958",
"10018628948","22.2831101","114.174407",
"10018628949","22.2830687","114.1744233",
"10018628950","22.2830278","114.1744487",
"10018628951","22.2829888","114.1744812",
"10018628952","22.2829484","114.1745239",
"10018628953","22.2828924","114.1746133",
"10018628954","22.2828764","114.1746581",
"10018628955","22.2828628","114.1746969",
"10018628956","22.2828586","114.1747771",
"10018628957","22.2828669","114.1749341",
"10018628958","22.2829979","114.1760847",
"10018628959","22.2828491","114.1750337",
"10018628960","22.2827667","114.175046",
"10018628961","22.2828023","114.1753741",
"10018628962","22.28289","114.1753822",
"10018628963","22.2828259","114.1753697",
"10018628964","22.2828288","114.1753907",
"10018628965","22.2827372","114.1743293",
"10018628968","22.2833527","114.1743254",
"10018628969","22.2834197","114.1743247",
"10018628970","22.2833521","114.1742856",
"10018628972","22.2834197","114.17435",
"10018628973","22.2833819","114.1743539",
"10018628974","22.2834458","114.1743454",
"10018628975","22.2831774","114.1743717",
"10018628976","22.2831139","114.174384",
"10018628977","22.2830676","114.1743994",
"10018628978","22.2829999","114.1744387",
"10018628979","22.2829436","114.174488",
"10018628980","22.2829058","114.1745427",
"10018628981","22.2829805","114.1743182",
"10018628982","22.2829806","114.174357",
"10018628983","22.2830441","114.1743555",
"10018628984","22.2830448","114.1743747",
"10018628985","22.2829678","114.1743994",
"10018628986","22.2832462","114.174303",
"10018628987","22.2832566","114.1743659",
"10018628988","22.2831738","114.1743062",
"10018628989","22.2829902","114.1744472",
"10018628990","22.2828624","114.1748844",
"10018628991","22.2828595","114.1746228",
"10018628992","22.2828374","114.1746959",
"10018628993","22.2828274","114.1747483",
"10018628994","22.2828269","114.1748516",
"10018628995","22.282955","114.1760131",
"10018628996","22.2828388","114.1749474",
"10018628997","22.2827551","114.1749588",
"10018628998","22.2828236","114.1750602",
"10018628999","22.2828289","114.1751097",
"10018629000","22.2827853","114.1751152",
"10018629001","22.28278","114.1750657",
"10018629002","22.2828387","114.1752701",
"10018629003","22.2828059","114.1752747",
"10018629004","22.2827917","114.1751553",
"10018629005","22.2828246","114.1751508",
"10018629006","22.2828477","114.1753013",
"10018629007","22.282854","114.1753556",
"10018629008","22.2828266","114.1753594",
"10018629009","22.2828202","114.1753051",
"10018629010","22.2827515","114.1750546",
"10018629011","22.2827631","114.1751502",
"10018629012","22.2827326","114.1751545",
"10018629013","22.2827209","114.175059",
"10018629014","22.2828032","114.1753824",
"10018629015","22.2828088","114.1754397",
"10018629016","22.2827813","114.1754428",
"10018688717","22.2827756","114.1753856",
"10018688718","22.2829027","114.1759018",
"10018688719","22.282865","114.1759066",
"10018688720","22.2828538","114.1758129",
"10018688721","22.2828895","114.1758066",
"10018688722","22.2829876","114.1761188",
"10018688723","22.2829615","114.1761181",
"10018688724","22.2829902","114.1763987",
"10018688725","22.283024","114.1764423",
"10018688726","22.283033","114.1765992",
"10018688727","22.2831035","114.177132",
"10018688728","22.2829163","114.1772006",
"10018688729","22.2831561","114.1778988",
"10018688730","22.2831673","114.1779709",
"10018688731","22.2831928","114.1781661",
"10018688732","22.2831863","114.1782093",
"10018688733","22.2831768","114.1782386",
"10018688734","22.2832319","114.1779672",
"10018688735","22.2830493","114.1764634",
"10018688737","22.2832559","114.1781503",
"10018688738","22.2832534","114.1781771",
"10018688739","22.2832416","114.1782227",
"10018688740","22.2832242","114.1782582",
"10018688741","22.2832","114.1782904",
"10018688742","22.2831274","114.1783655",
"10018688744","22.2830542","114.1784715",
"10018688745","22.2830194","114.1785486",
"10018688746","22.2829928","114.1786183",
"10018688747","22.2829766","114.1786773",
"10018688748","22.2829679","114.1787155",
"10018688749","22.2829617","114.178796",
"10018688750","22.2829611","114.1788684",
"10018688751","22.2829655","114.1789355",
"10018688752","22.2829786","114.1790282",
"10018688753","22.2829974","114.1790882",
"10018688754","22.2839754","114.1803572",
"10018688771","22.2828404","114.1800103",
"10018688772","22.2827845","114.1800318",
"10018688773","22.2827741","114.1800004",
"10018688774","22.28283","114.1799789",
"10018688792","22.2827709","114.1798425",
"10018688793","22.282497","114.1798345",
"10018688794","22.2827698","114.1796428",
"10018688795","22.2827606","114.1796661",
"10018688796","22.2827453","114.1796931",
"10018688797","22.2827299","114.1797157",
"10018688798","22.282713","114.1797323",
"10018688799","22.2826918","114.1797483",
"10018688800","22.2828026","114.1798843",
"10018688801","22.2829015","114.1798032",
"10018688802","22.2828925","114.1793004",
"10018688803","22.283078","114.1799932",
"10018688804","22.2830519","114.1799263",
"10018688805","22.2830043","114.1799177",
"10018688806","22.283037","114.1800129",
"10018688807","22.2830211","114.1799669",
"10018688808","22.2829972","114.1799611",
"10018688809","22.2832578","114.1799248",
"10018688810","22.283109","114.1782959",
"10018688811","22.2830544","114.1783603",
"10018688812","22.2829737","114.1784957",
"10018688813","22.2829514","114.1785561",
"10018688814","22.2829178","114.1787063",
"10018688815","22.2829116","114.1788136",
"10018688816","22.2829141","114.1789383",
"10018688817","22.2829687","114.1791207",
"10018688820","22.2830734","114.1782011",
"10018688821","22.2830653","114.178219",
"10018688822","22.2830297","114.1782629",
"10018688823","22.2829998","114.1782842",
"10018688824","22.282968","114.1783007",
"10018688825","22.2828733","114.1783683",
"10018688826","22.2828019","114.1784776",
"10018688827","22.2827864","114.178477",
"10018688828","22.2827833","114.17843",
"10018688829","22.2827895","114.1783804",
"10018688830","22.2828019","114.1783455",
"10018688831","22.282761","114.1783147",
"10018688832","22.2827231","114.178367",
"10018688833","22.2827119","114.1784126",
"10018688834","22.2827144","114.1784535",
"10018688835","22.2827256","114.178481",
"10018688836","22.2827479","114.1785172",
"10018688837","22.282756","114.1785487",
"10018688838","22.282756","114.1785869",
"10018688839","22.2827529","114.1786245",
"10018688840","22.2827591","114.178648",
"10018688841","22.2827684","114.1786607",
"10018688842","22.2827963","114.1787009",
"10018688843","22.2828069","114.1787371",
"10018688844","22.2828075","114.1787693",
"10018688845","22.2828062","114.1788243",
"10018688846","22.2828108","114.1788535",
"10018688847","22.2828173","114.1788902",
"10018688848","22.2828263","114.1789066",
"10018688849","22.2828378","114.1789106",
"10018688850","22.2828455","114.1789106",
"10018688851","22.2828513","114.1789044",
"10018688852","22.2828566","114.1788889",
"10018688853","22.2828615","114.1788398",
"10018688854","22.2828721","114.1787733",
"10018688855","22.2828703","114.1787223",
"10018688856","22.2828678","114.1786311",
"10018688857","22.2828361","114.1786271",
"10018688858","22.2828399","114.1785527",
"10018688859","22.2828554","114.1784749",
"10018688860","22.282879","114.1784179",
"10018688861","22.2829118","114.1784393",
"10018688862","22.282944","114.1784013",
"10018688863","22.283","114.1783527",
"10018688864","22.2830113","114.1783327",
"10018688865","22.2830264","114.1782977",
"10018688866","22.2830372","114.1782823",
"10018688867","22.283051","114.1782674",
"10018688868","22.2831237","114.1781694",
"10018688869","22.2831207","114.1781674",
"10018688870","22.2831157","114.1781668",
"10018688871","22.2831087","114.1781685",
"10018688872","22.2831007","114.1781716",
"10018688873","22.2830932","114.1781761",
"10018688874","22.2830866","114.1781818",
"10018688875","22.2830805","114.1781892",
"10018688876","22.2830632","114.1781798",
"10018688877","22.2830384","114.1782288",
"10018688878","22.2830124","114.1782529",
"10018688879","22.2829236","114.1783025",
"10018688880","22.2828827","114.1783414",
"10018688881","22.2828337","114.1783957",
"10018688882","22.2828021","114.1784447",
"10018688883","22.2828536","114.1783737",
"10018688884","22.2827147","114.1782606",
"10018688885","22.28273","114.1788225",
"10018688886","22.282284","114.1743749",
"10018688887","22.2821255","114.176596",
"10018712099","22.2830404","114.17744",
"10018712100","22.2830093","114.1773436",
"10018712101","22.2831306","114.1774032",
"10018712102","22.2830897","114.1774432",
"10018712103","22.2831607","114.1774147",
"10018712104","22.2829864","114.1773498",
"10018712105","22.2831738","114.1779098",
"10018712106","22.2831828","114.1779718",
"10018712107","22.283231","114.1779601",
"10018712108","22.2832225","114.1778945",
"10018712109","22.2831373","114.1774241",
"10018712110","22.2830987","114.1774396",
"10018712111","22.2830914","114.1774192",
"10018712112","22.2830145","114.1773597",
"10018712113","22.282993","114.1773695",
"10018712114","22.2830362","114.1774271",
"10018712115","22.2830156","114.1774372",
"10018712116","22.2831946","114.1779028",
"10018742748","22.283246","114.1796416",
"10018742749","22.2832852","114.1796532",
"10018742750","22.2833087","114.1796832",
"10018742751","22.2833173","114.1797079",
"10018742752","22.283318","114.1797433",
"10018742753","22.2833144","114.1797764",
"10018742754","22.2833073","114.1797887",
"10018742755","22.283298","114.1797864",
"10018742756","22.2832831","114.1797679",
"10018742757","22.2832788","114.1797171",
"10018742758","22.2832667","114.1796894",
"10018742759","22.2832531","114.1796663",
"10018742760","22.2832421","114.1796556",
"10018742761","22.2832396","114.1796473",
"10018742762","22.2832797","114.1797459",
"10018742763","22.2831401","114.1796706",
"10018742764","22.2831044","114.1796683",
"10018742765","22.2830745","114.179649",
"10018742766","22.2830545","114.1796375",
"10018742767","22.2830324","114.1796074",
"10018742768","22.2830218","114.1795874",
"10018742769","22.2830175","114.1795543",
"10018742770","22.2830218","114.1794934",
"10018742771","22.2830218","114.1794603",
"10018742772","22.2830118","114.1794372",
"10018742773","22.282994","114.1794149",
"10018742774","22.2829811","114.1793948",
"10018742775","22.282974","114.1793694",
"10018742776","22.282974","114.1793478",
"10018742777","22.2829647","114.179324",
"10018742778","22.2829512","114.1793039",
"10018742779","22.2829348","114.1792847",
"10018742780","22.2829239","114.1792521",
"10018742781","22.2829141","114.1791984",
"10018742782","22.2829184","114.1791776",
"10018742783","22.282964","114.17922",
"10018742784","22.2829826","114.1792516",
"10018742785","22.2829947","114.1793039",
"10018742786","22.2830039","114.1793255",
"10018742787","22.2830196","114.1793425",
"10018742788","22.2830838","114.1793995",
"10018742789","22.2830866","114.1794125",
"10018742790","22.2830631","114.179431",
"10018742791","22.2830945","114.1794826",
"10018742792","22.2831066","114.1795227",
"10018742793","22.2831116","114.1795604",
"10018742794","22.2831123","114.1796097",
"10018742795","22.28315","114.1796174",
"10018745317","22.283203","114.1779665",
"10018745318","22.2830522","114.1781731",
"10018745319","22.2830137","114.1782209",
"10018745320","22.282982","114.1782382",
"10018745321","22.2829457","114.1782474",
"10018745322","22.2829168","114.1782497",
"10018745323","22.282899","114.1782471",
"10018745324","22.2828811","114.1782555",
"10018745325","22.2828523","114.1782748",
"10018745326","22.2828191","114.1783121",
"10018745327","22.2827789","114.178294",
"10018745328","22.2827803","114.1782806",
"10018745329","22.2827953","114.1782682",
"10018745330","22.2828332","114.1782534",
"10018745331","22.2828516","114.1782521",
"10018745332","22.2831823","114.1780744",
"10018745333","22.2829385","114.1781397",
"10018745334","22.2827745","114.1782051",
"10018745335","22.282602","114.1783152",
"10018745336","22.2830602","114.176848",
"10018745337","22.2830849","114.1770112",
"10018745338","22.2822154","114.1774054",
"10018745340","22.2822479","114.1773232",
"10018745341","22.2828057","114.1766834",
"10018745342","22.2829474","114.1766682",
"10018745343","22.2830335","114.1765393",
"10018745344","22.2830499","114.1766597",
"10018745345","22.2830574","114.1767284",
"10018745346","22.2830673","114.176802",
"10018745347","22.283084","114.1769507",
"10018756119","22.2828641","114.1754158",
"10018756120","22.2828321","114.1747237",
"10018756121","22.2827478","114.1747225",
"10018756122","22.2827335","114.1750513",
"10018756123","22.2829386","114.1758539",
"10018756124","22.2828972","114.1758622",
"10018756125","22.2828687","114.1758105",
"10018756126","22.2828661","114.1757908",
"10018756127","22.2828397","114.1757962",
"10018756128","22.2828618","114.1760126",
"10018756129","22.2829536","114.1759994",
"10018756130","22.2821511","114.1749882",
"10018756131","22.2829053","114.1758038",
"10018756132","22.282878","114.1758088",
"10018756133","22.2828731","114.1757695",
"10018756134","22.2829183","114.1759248",
"10018756135","22.2828667","114.1759323",
"10018756136","22.2828694","114.1759849",
"10018756137","22.2829246","114.1759771",
"10018756138","22.2829102","114.1757745",
"10018756139","22.2828897","114.1757912",
"10018756140","22.2828804","114.1757698",
"10018756141","22.2828432","114.1757664",
"10018756142","22.2828215","114.1757188",
"10018756143","22.2828097","114.1757088",
"10018756144","22.282806","114.175633",
"10018756145","22.2827892","114.1755793",
"10018756146","22.2827867","114.1754774",
"10018756147","22.2828234","114.1754573",
"10018756148","22.2828445","114.1754358",
"10018756149","22.282855","114.1754486",
"10018756150","22.2828817","114.1754995",
"10018756151","22.2828854","114.1755559",
"10018756152","22.2828997","114.1756504",
"10018756153","22.2828374","114.1743629",
"10018756154","22.2828393","114.1744198",
"10018756155","22.2828026","114.1744829",
"10018756156","22.28278","114.1745144",
"10018756157","22.2827659","114.1745357",
"10018756158","22.2827829","114.1745489",
"10018756159","22.2827716","114.1745947",
"10018756160","22.2827603","114.1746201",
"10018756161","22.2827565","114.17468",
"10018756162","22.282734","114.1746983",
"10018756163","22.2827142","114.1747268",
"10018756164","22.2827142","114.1747715",
"10018756165","22.282734","114.1748111",
"10018756166","22.2827405","114.1748416",
"10018756167","22.2827405","114.1748965",
"10018756168","22.2827189","114.1749341",
"10018756169","22.2827095","114.1749606",
"10018756170","22.2826982","114.1749778",
"10018756171","22.2826767","114.1749586",
"10026668383","22.2831413","114.1743197",
"10026668384","22.283194","114.1795879",
"10026668386","22.2832386","114.179486",
"10026668387","22.2832562","114.1794446",
"10026668388","22.2831262","114.1772751",
"10026668389","22.283026","114.1774321",
"10026668390","22.2831418","114.1773871",
"10026668391","22.2831487","114.1774042",
"10026668392","22.2831338","114.1774133",
"10026668393","22.2830033","114.1773648",
"10026668394","22.2830262","114.1764932",
"10026668395","22.2829134","114.1758793",
"10026668396","22.2829113","114.1758594",
"10026668397","22.2829098","114.1758452",
"10026668398","22.2828953","114.1758486",
"10026668399","22.2828998","114.1758813",
"10026668400","22.2828705","114.1770742",
"10026668401","22.2836401","114.1743261",
"10026668402","22.2839731","114.1803408",
"10026668403","22.2828894","114.1799452",
"10026668404","22.2832095","114.1798139",
"10026668405","22.2829218","114.1796832",
"10026668406","22.2825253","114.1799842",
"10026668407","22.2827932","114.1784773",
"10026668408","22.2828955","114.1763552",
"10026668409","22.282372","114.1779662",
"10026668410","22.2827847","114.1762859",
"10026668411","22.2828626","114.1763391",
"10026668412","22.2826996","114.1763611",
"10026668413","22.2827011","114.1763756",
"10026668414","22.2825824","114.1762835",
"10026668415","22.2824067","114.1763446",
"10026668416","22.2824057","114.1763979",
"10026677517","22.2823321","114.1764095",
"10026677518","22.2823334","114.1763526",
"10084095609","22.2816337","114.1713012",
"10084095610","22.2816932","114.1713899",
"10084095611","22.2806166","114.17066",
"10084095612","22.2806218","114.1706438",
"10084095613","22.2806306","114.1706294",
"10084095614","22.2806424","114.1706179",
"10084095615","22.2806565","114.1706099",
"10084095616","22.280672","114.1706059",
"10189021034","22.283734","114.1743201",
"10189021035","22.2831625","114.1797028",
"10189021036","22.2829892","114.1796301",
"10196681406","22.2808227","114.1704214",
"10196681407","22.2808019","114.1705089",
"10196681409","22.2808413","114.1702182",
"10196681410","22.2807212","114.1704189",
"10196683832","22.2829638","114.176349",
"10196819984","22.2804578","114.1706454",
"10219700147","22.2836891","114.1760539",
"10219705515","22.2837064","114.1763241",
"10228281015","22.283243","114.1763404",
"10228281016","22.2833466","114.1763303",
"10228308217","22.2833903","114.1763248",
"10228308218","22.2832206","114.1761567",
"10228308219","22.2833267","114.1761459",
"10228308220","22.2833716","114.1761405",
"10228308221","22.2835034","114.1763134",
"10228308222","22.283496","114.1761246",
"10228308223","22.2836621","114.1762908",
"10228308224","22.2836471","114.1761021",
"10228308225","22.283528","114.1761861",
"10228308226","22.2829429","114.174534",
"10228308227","22.2830547","114.1761297",
"10228308228","22.2836822","114.1760595",
"10228308229","22.2836877","114.1760596",
"10228308230","22.2836935","114.176061",
"10228308231","22.2836981","114.1760629",
"10228308232","22.2837023","114.1760658",
"10228308233","22.2837059","114.17607",
"10228308234","22.2837087","114.176075",
"10228308235","22.2837106","114.1760811",
"10228308236","22.2837119","114.1760879",
"10228308237","22.2831049","114.1782249",
"10228308238","22.283113","114.1782126",
"10228308239","22.2831247","114.1781728",
"10228308240","22.2830849","114.1782446",
"10228308241","22.283073","114.1782531",
"10228308242","22.2830614","114.1782594",
"10228308243","22.2837308","114.1762835",
"10228308244","22.2837312","114.1762912",
"10228308245","22.2837298","114.1762984",
"10228308246","22.2837271","114.1763044",
"10228308247","22.2837242","114.176309",
"10228308248","22.2837203","114.1763126",
"10228308249","22.2837156","114.1763158",
"10228308250","22.283708","114.1763179",
"10228308251","22.2830164","114.1782735",
"10228308252","22.2830806","114.1763894",
"10228308253","22.2833239","114.1795121",
"10228308254","22.2830953","114.1762992",
"10228308255","22.2830924","114.1762681",
"10228308256","22.2829792","114.1762916",
"10228308257","22.2831024","114.1762663",
"10228308258","22.283094","114.1761719",
"10228308259","22.28311","114.176352",
"10228308260","22.2830985","114.1762231",
"10228308261","22.2830679","114.1762265",
"10228308262","22.2830627","114.1761765",
"10228308263","22.2830812","114.1763548",
"10228308264","22.2830426","114.17616",
"10228308265","22.2830757","114.1763015",
"10228308266","22.2830686","114.1763699",
"10228308267","22.2830282","114.1764201",
"10228308268","22.2830154","114.1764312",
"10228308269","22.2829601","114.1760962",
"10228308270","22.2830687","114.1766928",
"10228308271","22.283583","114.1762205",
"10239790318","22.2803683","114.1720456",
"10270742914","22.2821657","114.1791603",
"10270742915","22.282151","114.1791736",
"10270742916","22.2821143","114.1791836",
"10270742917","22.2827631","114.1795288",
"10270742920","22.2821319","114.1791819",
"10270742921","22.2827681","114.179572",
"10270742922","22.2817132","114.1792692",
"10270742923","22.2827324","114.1794207",
"10270742924","22.282097","114.1791809",
"10270742925","22.2827038","114.1798801",
"10270742926","22.2827465","114.179668",
"10270742927","22.2817031","114.1792541",
"10298008554","22.282757","114.1801457",
"10298008561","22.2827159","114.1801627",
"10539814004","22.2830359","114.1818891",
"10539814005","22.2830778","114.1819009",
"10539814006","22.2827737","114.1814334",
"10539814007","22.2827335","114.1809122",
"10558949609","22.2803334","114.1786459",
"10575616925","22.2818178","114.1747733",
"10575616926","22.2818202","114.1747816",
"10575616928","22.2818234","114.1747827",
"10575616929","22.2818185","114.174779",
"10607466450","22.2838586","114.1756591",
"10607466451","22.2840669","114.1756111",
"10607466452","22.2880973","114.1661551",
"10607466453","22.2882527","114.1669944",
"10607466454","22.2882998","114.1676569",
"10607466455","22.2883023","114.1682953",
"10607466456","22.288136","114.1701004",
"10607466457","22.2873298","114.1724853",
"10607466458","22.2864077","114.1735026",
"10607466459","22.2860539","114.1736726",
"10607466460","22.2852553","114.1738432",
"10607466472","22.2856341","114.1737611",
"10607466473","22.2879252","114.1656454",
"10607466474","22.2882679","114.1690959",
"10607466475","22.288202","114.1696983",
"10607466476","22.2880015","114.1707836",
"10607466477","22.287844","114.1713298",
"10607466478","22.2876686","114.1717911",
"10607466479","22.2871149","114.1728183",
"10607466484","22.2872577","114.1749909",
"10607466485","22.2918228","114.1778739",
"10607466486","22.2910006","114.1775506",
"10607466489","22.2887414","114.1762187",
"10607466490","22.2902163","114.1771957",
"10607466491","22.2880362","114.1756568",
"10607466494","22.2834211","114.1743785",
"10607466500","22.2868131","114.1746601",
"10607517905","22.2875048","114.1721921",
"10607517906","22.2869039","114.1730719",
"10607517907","22.2866948","114.1732879",
"10607517908","22.2877999","114.1653361",
"10607517909","22.2875684","114.1648404",
"10607517910","22.2882812","114.1672881",
"10607517911","22.2882041","114.1666551",
"10616106976","22.2857597","114.1741323",
"10616106979","22.2852362","114.1739793",
"10616106981","22.2862844","114.1743478",
"10616106983","22.2851161","114.1754313",
"10616106984","22.2855613","114.1751767",
"10616106985","22.2835398","114.1758097",
"10616106986","22.2834539","114.1758839",
"10616106987","22.2833955","114.1759638",
"10616106990","22.2950995","114.1768057",
"10616106992","22.2903832","114.1755127",
"10618461285","22.2826398","114.178863",
"10618461286","22.282548","114.1788014",
"10618461287","22.2825078","114.1788278",
"10618461288","22.2825266","114.1788211",
"10618461289","22.2825548","114.1787714",
"10618461290","22.2818321","114.1786088",
"10618461291","22.2818252","114.1785877",
"10618461292","22.2818174","114.1785648",
"10618461293","22.2817373","114.178542",
"10618461294","22.2819304","114.1789233",
"10618461295","22.2819502","114.1789878",
"10618461296","22.281963","114.1790269",
"10618461297","22.2824329","114.1783087",
"10618461298","22.2823433","114.178336",
"10618461299","22.2823217","114.1783422",
"10618461300","22.2822565","114.1783237",
"10618461301","22.28268","114.1788637",
"10618506102","22.282467","114.1784101",
"10618506103","22.2825604","114.1787416",
"10618506104","22.2825536","114.178677",
"10618842080","22.2816308","114.1741926",
"10618842081","22.2821238","114.1735159",
"10618842082","22.2817375","114.1736685",
"10618842083","22.2817201","114.1737531",
"10618842084","22.2817281","114.1741247",
"10618842085","22.2817395","114.1741742",
"10618842086","22.2816492","114.1735459",
"10618842087","22.2817266","114.1736911",
"10618842088","22.2820926","114.1734915",
"10618842089","22.2818231","114.1735675",
"10618842090","22.2816348","114.1733551",
"10618842091","22.2818301","114.1733493",
"10618842092","22.2816441","114.1734787",
"10618842093","22.2819651","114.1733461",
"10618842094","22.2820448","114.1733305",
"10618842095","22.2818977","114.1733495",
"10618842096","22.2820418","114.1734713",
"10618842097","22.2818607","114.1735296",
"10618842098","22.2818855","114.1735082",
"10618842099","22.2817219","114.173722",
"10618842100","22.2817848","114.1736088",
"10701344327","22.2836528","114.1742359",
"10701344328","22.2837121","114.1742348",
"10701344329","22.2837652","114.1742399",
"10701344330","22.2838012","114.1742495",
"10701344331","22.2838183","114.1742558",
"10701344332","22.2838278","114.1742622",
"10701344333","22.283862","114.1742979",
"10701344334","22.2841784","114.1743975",
"10701344335","22.2841666","114.1744434",
"10701344336","22.2838378","114.1743458",
"10701344337","22.2838177","114.1743401",
"10701344338","22.2837953","114.1743356",
"10701344339","22.2837699","114.1743343",
"10701344340","22.2834358","114.174363",
"10701344341","22.2834317","114.1742846",
"10701344342","22.2836536","114.1742641",
"10712808879","22.2815999","114.1776051",
"10712808880","22.2807411","114.1779384",
"10712808881","22.2809412","114.1785322",
"10712808882","22.2816842","114.178042",
"10712808884","22.2817849","114.1780029",
"10712808885","22.2816756","114.1776735",
"10712808886","22.2813461","114.1775108",
"10712808887","22.2808998","114.1776847",
"10712808888","22.2808923","114.1776623",
"10712808889","22.2813386","114.1774884",
"10712808890","22.2814273","114.17749",
"10712808891","22.2813493","114.1775204",
"10712808892","22.2813357","114.1774798",
"10712808893","22.2814138","114.1774494",
"10712808894","22.2810116","114.1778037",
"10712808895","22.2814635","114.1776262",
"10712808896","22.2814595","114.1776144",
"10712808897","22.2810076","114.1777919",
"10712808898","22.2809261","114.1778148",
"10712808899","22.2809361","114.1778449",
"10712808900","22.281015","114.1778139",
"10712808901","22.2810049","114.1777839",
"10712808902","22.2807251","114.1779062",
"10712808903","22.2807848","114.1780698",
"10712808904","22.2808197","114.1780563",
"10712856505","22.2808531","114.1781567",
"10712856506","22.2808204","114.1781694",
"10712856507","22.2813468","114.1782904",
"10712856508","22.2812469","114.1779873",
"10712856509","22.2808713","114.1783229",
"10712856510","22.2806482","114.1784121",
"10712856511","22.2806279","114.1783818",
"10712856512","22.2808602","114.1782894",
"10712856513","22.280835","114.1784333",
"10712856514","22.281075","114.178061",
"10712856515","22.2812413","114.1782843",
"10712856516","22.280841","114.1784397",
"10712856517","22.2808418","114.1784433",
"10712856518","22.2808394","114.1784521",
"10712856519","22.2808234","114.178454",
"10712856520","22.2808193","114.1784456",
"10712856521","22.280822","114.1784367",
"10712856522","22.2808318","114.1784567",
"10712856523","22.2808296","114.1784324",
"10712856524","22.2808582","114.1783708",
"10712856525","22.2808063","114.1784272",
"10712856526","22.2808032","114.1784691",
"10712856527","22.2808451","114.1784785",
"10712856528","22.2808945","114.1784255",
"10712856529","22.2817541","114.1777265",
"10712856530","22.2818711","114.1780818",
"10712856531","22.2818826","114.1780773",
"10712856532","22.2817656","114.1777221",
"10712856533","22.2817872","114.1777138",
"10712856534","22.2817248","114.1777378",
"10712856535","22.2817049","114.1776774",
"10712856536","22.2817674","114.1776534",
"10712856537","22.2817333","114.1781378",
"10712856538","22.2817907","114.1781221",
"10712856539","22.281801","114.1781311",
"10712856540","22.2818267","114.1781308",
"10712856541","22.2818413","114.1781164",
"10712856542","22.2818422","114.1780869",
"10712856543","22.2818261","114.1780687",
"10712856544","22.2818019","114.1780674",
"10712856545","22.2817861","114.1780755",
"10712856546","22.2817364","114.1780634",
"10712856547","22.2814051","114.1782528",
"10712856548","22.2814032","114.1779829",
"10712856549","22.2818163","114.1780901",
"10712856550","22.2818213","114.1780967",
"10712856551","22.2818205","114.1781053",
"10712856552","22.2818064","114.1781098",
"10712856553","22.2818014","114.1781031",
"10712856554","22.2818023","114.1780946",
"10712856555","22.2818143","114.1781107",
"10712856556","22.2818084","114.1780892",
"10712856557","22.2818895","114.1781148",
"10712856558","22.281904","114.1780624",
"10712856559","22.2819127","114.1780121",
"10712856560","22.2819139","114.1779591",
"10712856561","22.2819089","114.1779008",
"10712856562","22.2818965","114.1778398",
"10712856563","22.2818841","114.1777895",
"10712856564","22.2818599","114.1777378",
"10712856565","22.2818332","114.1776909",
"10712856566","22.2818004","114.1776473",
"10712856567","22.2817606","114.1776077",
"10712856568","22.2817069","114.1775652",
"10712856569","22.2817622","114.1783413",
"10712856570","22.2818203","114.1783139",
"10712856571","22.2818739","114.1782774",
"10712856572","22.281922","114.1782327",
"10712856573","22.2819633","114.1781808",
"10712856574","22.281997","114.1781228",
"10712856575","22.2820223","114.17806",
"10712856576","22.2820387","114.1779938",
"10712856577","22.2820458","114.1779258",
"10712856578","22.2820434","114.1778573",
"10712856579","22.2820315","114.17779",
"10712856580","22.2820106","114.1777254",
"10712856581","22.2819809","114.1776648",
"10712856582","22.2819433","114.1776097",
"10712856583","22.2818985","114.1775613",
"10712856584","22.2818474","114.1775207",
"10712856585","22.2817914","114.1774887",
"10712856586","22.2817564","114.1774735",
"10712856587","22.2817202","114.1774655",
"10712856588","22.2817002","114.1774039",
"10712856589","22.2810001","114.1786394",
"10712856590","22.2809372","114.1786471",
"10712856591","22.2808738","114.1786445",
"10712856592","22.2808115","114.1786318",
"10712856593","22.2807517","114.1786092",
"10712856594","22.2806957","114.1785773",
"10712856595","22.2806447","114.1785366",
"10712856596","22.2805998","114.1784882",
"10712856597","22.2805622","114.1784331",
"10712856598","22.2805325","114.1783726",
"10712856599","22.2805116","114.1783079",
"10712856600","22.2804997","114.1782406",
"10712856601","22.2804974","114.1781722",
"10712856602","22.2805044","114.1781041",
"10712856603","22.2805208","114.1780379",
"10712856604","22.2805461","114.1779751",
"10712856605","22.2805824","114.1779185",
"10712856606","22.2804081","114.1779816",
"10712856607","22.2803848","114.1779063",
"10712856609","22.2810614","114.1786216",
"10712856610","22.2807804","114.1777552",
"10712856611","22.2817414","114.1782138",
"10712856612","22.2817908","114.1782109",
"10712856613","22.2818351","114.178178",
"10712856614","22.2818738","114.1781377",
"10712856615","22.2819058","114.178091",
"10712856616","22.2819303","114.1780393",
"10712856617","22.2819465","114.1779839",
"10712856618","22.2819541","114.1779264",
"10712856619","22.2819529","114.1778683",
"10712856620","22.2819428","114.1778112",
"10712856621","22.2819241","114.1777567",
"10712856622","22.2818974","114.1777063",
"10712856623","22.2818634","114.1776613",
"10712856624","22.281823","114.177623",
"10712856625","22.2817773","114.1775924",
"10712856626","22.2817276","114.1775703",
"10712856627","22.2816752","114.1775574",
"10712856628","22.2816215","114.177554",
"10712856629","22.2815681","114.1775601",
"10712856630","22.2815163","114.1775757",
"10712856632","22.2809126","114.1785376",
"10712856633","22.2808591","114.1785361",
"10712856634","22.2808063","114.1785249",
"10712856635","22.2807559","114.178504",
"10712856636","22.2807092","114.1784741",
"10712856637","22.2806679","114.1784358",
"10712856638","22.2806062","114.1783392",
"10712856639","22.2805877","114.1782839",
"10712856640","22.2805783","114.1782261",
"10712856641","22.2805782","114.1781675",
"10712856642","22.2805872","114.1781101",
"10712856643","22.280605","114.1780553",
"10712856644","22.2806309","114.1780049",
"10712856645","22.2806641","114.1779602",
"10712856646","22.2807035","114.1779223",
"10712856647","22.2807477","114.1778921",
"10712856649","22.2807957","114.1778704",
"10712856650","22.2816158","114.1776617",
"10712856651","22.2815432","114.1778424",
"10712856652","22.2814485","114.1777633",
"10712856653","22.2816101","114.1776564",
"10712856655","22.2816269","114.1776419",
"10712856656","22.2816307","114.1776503",
"10712856657","22.2816278","114.1776592",
"10712856658","22.281608","114.1776517",
"10712856659","22.2816109","114.1776428",
"10712856660","22.28162","114.1776632",
"10712856661","22.2816187","114.1776388",
"10723054605","22.283052","114.177446",
"10734250105","22.2829191","114.1761047",
"10760439450","22.2829152","114.1716214",
"10760439454","22.2830879","114.1717959",
"10787183628","22.2813967","114.1709489",
"10787183630","22.2810849","114.1704777",
"10787183634","22.2809537","114.1699855",
"10787183635","22.2809504","114.1698931",
"10787183638","22.2812712","114.1710238",
"10787183639","22.2810852","114.1708515",
"10787183640","22.2811715","114.1709102",
"10787183641","22.2812233","114.1709624",
"10787183642","22.2811251","114.170875",
"10787183643","22.2818129","114.1717117",
"10787183644","22.2818471","114.171801",
"10787183645","22.2818671","114.1719242",
"10787183646","22.2818956","114.1723956",
"10787183647","22.2816233","114.1724295",
"10787183648","22.281572","114.1717471",
"10787183649","22.2815591","114.1716439",
"10787183650","22.2817516","114.1715977",
"10787183651","22.2817858","114.1716516",
"10787183654","22.2817137","114.1703677",
"10787183657","22.2800068","114.1719924",
"10787183658","22.2814779","114.171903",
"10787183659","22.2816172","114.1736783",
"10787183660","22.2816265","114.1740835",
"10787183661","22.2816264","114.1741294",
"10806920447","22.2832118","114.1674306",
"10836705914","22.2821329","114.1815359",
"10836705915","22.2822437","114.1811791",
"10836705916","22.2822284","114.1812398",
"10836705917","22.2822753","114.1809528",
"10836705918","22.2822083","114.1813098",
"10904353471","22.282135","114.176052",
"10904353472","22.2821229","114.1760539",
"10962872874","22.2798793","114.179433",
"11001338526","22.280848","114.1766218",
"11001338527","22.2807659","114.1765669",
"11001338528","22.2807402","114.176565",
"11001338529","22.2805116","114.1766073",
"11001338530","22.2805066","114.1765401",
"11001338531","22.2805158","114.1766587",
"11001338532","22.2805057","114.1766713",
"11001338534","22.2800544","114.1767132",
"11001338535","22.280051","114.1766624",
"11001338536","22.2800498","114.1766415",
"11001338537","22.280046","114.1765843",
"11001338538","22.2800541","114.1766875",
"11001338539","22.2805111","114.1766014",
"11050864272","22.2805262","114.1708393",
"11050864273","22.2804067","114.1706756",
"11050864274","22.2805209","114.1708093",
"11050864275","22.2805126","114.1707853",
"11050864276","22.2805023","114.1707635",
"11050864277","22.2803716","114.1706635",
"11051198953","22.2807691","114.1704904",
"11051198954","22.280767","114.1704919",
"11051198955","22.2807704","114.1704881",
"11051198956","22.2807216","114.1704697",
"11051198957","22.2808195","114.1703124",
"11051198958","22.2808226","114.1703111",
"11051198959","22.2808264","114.1703124",
"11051198960","22.2808281","114.1703166",
"11051198961","22.2808271","114.1703207",
"11051198962","22.2807862","114.1704147",
"11051198963","22.2807713","114.1704848",
"11051198964","22.2807649","114.1704918",
"11051198965","22.2807626","114.1704911",
"11051198966","22.2807411","114.170482",
"11051198967","22.2807227","114.1704665",
"11051198968","22.2807379","114.1704456",
"11051198969","22.2807534","114.1704249",
"11051198970","22.280768","114.1704035",
"11051198971","22.280789","114.1703687",
"11059663918","22.2820882","114.1757996","灣仔碼頭 Wan Chai Ferry Pier"
"11069297218","22.2817208","114.1744179",
"11069297219","22.2816976","114.1744228",
"11069297220","22.2816302","114.1744441",
"11069297221","22.2817497","114.1744139",
"11069297222","22.2817872","114.1744101",
"11069297223","22.2815542","114.1744839",
"11069332685","22.2816847","114.174051",
"11069332686","22.2816502","114.1741601",
"11069332687","22.2818883","114.1717813",
"11069332688","22.2816851","114.1740196",
"11069332689","22.281682","114.1740792",
"11069332690","22.2818698","114.1717191",
"11069332691","22.282168","114.1734152",
"11069332692","22.2821285","114.1732769",
"11069332693","22.2816761","114.1741029",
"11069332694","22.2821677","114.1730239",
"11069332695","22.2819677","114.1717715",
"11069332696","22.2818492","114.1716731",
"11069332697","22.2814336","114.1711765",
"11069332698","22.282094","114.1733124",
"11069332699","22.282086","114.1721264",
"11069332701","22.2817309","114.1733535",
"11069332702","22.2813439","114.1710158",
"11069332703","22.2821548","114.1728246",
"11074365832","22.2820911","114.1762077",
"11074365833","22.2821064","114.1764009",
"11074365834","22.282123","114.1765414",
"11074365835","22.2822215","114.177024",
"11074365836","22.2821837","114.1768472",
"11074365837","22.2821468","114.1766432",
"11074365838","22.2821036","114.1769496",
"11074365839","22.2822062","114.1773394",
"11074365840","22.2819752","114.1759984",
"11074365841","22.2819609","114.1757561",
"11074365842","22.2819589","114.1755336",
"11074365843","22.2819696","114.1753112",
"11074365844","22.2819996","114.1750363",
"11074365845","22.2820394","114.1747812",
"11074365846","22.2821041","114.174415",
"11074365847","22.2820638","114.1739673",
"11074365848","22.282161","114.1739815",
"11074365849","22.2822137","114.1739857",
"11074365850","22.2822598","114.1739924",
"11074427941","22.2822193","114.1744433",
"11074427942","22.2821095","114.1749531",
"11074427943","22.2822413","114.1744126",
"11074427944","22.2822723","114.1743918",
"11074427945","22.282292","114.1743847",
"11074427946","22.2821174","114.1750303",
"11074427947","22.2821185","114.1750903",
"11074427948","22.2821097","114.1752231",
"11074427949","22.2821005","114.1754877",
"11074427950","22.2820793","114.1757103",
"11074427951","22.2820826","114.1758003",
"11074427952","22.2820984","114.1760345",
"11074427953","22.2821087","114.1764664",
"11074427954","22.2821918","114.1769785",
"11074427955","22.2822282","114.1771417",
"11074427956","22.282309","114.1774417",
"11074427957","22.2823785","114.1775791",
"11074427958","22.2824443","114.1778156",
"11074427959","22.2824535","114.1779353",
"11074427960","22.2823081","114.178174",
"11074427961","22.2823112","114.1781547",
"11074427962","22.2823104","114.1781385",
"11074427963","22.2821057","114.1775272",
"11074427964","22.2823561","114.1783762",
"11074427965","22.2824538","114.1783737",
"11074427966","22.2825454","114.1783379",
"11074427967","22.2822171","114.1744348",
"11074427968","22.2825247","114.1744044",
"11074427969","22.2827303","114.1743502",
"11074427970","22.2827921","114.1743433",
"11074427971","22.2823496","114.1757556",
"11074427972","22.282406","114.1763249",
"11074427973","22.2824047","114.176284",
"11074427974","22.282405","114.1762954",
"11074427975","22.2823633","114.1758498",
"11074427976","22.2827684","114.176336",
"11074427977","22.282301","114.1763874",
"11074427978","22.2821025","114.1764093",
"11074427979","22.2821347","114.1750884",
"11074427980","22.2821972","114.1767424",
"11074427981","22.2823051","114.1772435",
"11074427982","22.2824912","114.1772571",
"11074427983","22.2825357","114.1772399",
"11074427984","22.2824729","114.1772665",
"11074427985","22.2820479","114.1773322",
"11074427986","22.2819796","114.1770712",
"11074427987","22.2819506","114.1770044",
"11074427988","22.2819233","114.1769717",
"11074427989","22.2818879","114.1769573",
"11074427990","22.2818521","114.1769506",
"11074427991","22.2817632","114.1769698",
"11074427992","22.2810816","114.1770644",
"11074427993","22.2819051","114.1767695",
"11074427994","22.2819206","114.1767608",
"11074427995","22.281938","114.1767353",
"11074427996","22.2819449","114.176694",
"11074427997","22.2820193","114.1766424",
"11074427998","22.2820322","114.1765932",
"11074427999","22.2821675","114.1768522",
"11077814322","22.2800606","114.1703805",
"11077814323","22.2800802","114.1703926",
"11077814324","22.2805669","114.1698167",
"11077814325","22.2806203","114.1699012",
"11077814326","22.280614","114.1700567",
"11077814327","22.2804999","114.170168",
"11077814328","22.28049","114.1703062",
"11077814329","22.2804155","114.1703772",
"11077814330","22.2806699","114.1701627",
"11077814331","22.2806922","114.1701399",
"11077814332","22.2806984","114.1700017",
"11077814333","22.2806773","114.1699763",
"11077814334","22.2804247","114.1691398",
"11077814335","22.2804419","114.1689757",
"11077814336","22.2804231","114.1689412",
"11077814337","22.2803703","114.1689293",
"11077814338","22.2803638","114.1688952",
"11077814339","22.2803253","114.1688765",
"11077814340","22.2802944","114.1688466",
"11077814341","22.2803199","114.1688331",
"11077814342","22.2803476","114.1688289",
"11077814343","22.2803763","114.1688054",
"11077814344","22.2803832","114.1687722",
"11077814345","22.2803991","114.1687543",
"11077814346","22.2804244","114.1687507",
"11077814347","22.2804469","114.1687314",
"11077814348","22.2804329","114.1686022",
"11077814349","22.2804252","114.1686344",
"11077814350","22.2804275","114.1686713",
"11077814351","22.2804398","114.1686944",
"11077814352","22.280091","114.1686605",
"11077814353","22.2800842","114.1689063",
"11077814360","22.2806698","114.1691736",
"11077814361","22.2797682","114.17001",
"11077814362","22.2798129","114.1701476",
"11077814363","22.2798117","114.1700922",
"11077814364","22.2798383","114.1699371",
"11077814365","22.2799026","114.1700006",
"11077814366","22.2806718","114.1696557",
"11077814367","22.2806234","114.1695404",
"11077814368","22.2805886","114.1695096",
"11077814369","22.2805923","114.1693741",
"11077814370","22.2805551","114.1693205",
"11077814371","22.2805117","114.1693111",
"11077814372","22.2803482","114.1695198",
"11077814373","22.2798758","114.1699742",
"11077814374","22.279772","114.1700728",
"11077814375","22.2797162","114.1701908",
"11077814376","22.2797025","114.1702673",
"11077814377","22.2797336","114.1703491",
"11077814378","22.2798453","114.1704014",
"11077814379","22.2803516","114.170451",
"11077814380","22.2804918","114.1704564",
"11077814381","22.2806674","114.1702827",
"11077814382","22.2807059","114.1701392",
"11077814383","22.2807108","114.1700024",
"11077814384","22.2801308","114.1704334",
"11077814385","22.2801202","114.1705739",
"11077814386","22.280126","114.1705226",
"11077814387","22.2805729","114.1708984",
"11077814388","22.2805886","114.1704368",
"11077814389","22.2808633","114.1702276",
"11077814390","22.2807004","114.1705157",
"11077814391","22.2805956","114.1707981",
"11083586841","22.2819838","114.1766238",
"11083586842","22.2819555","114.1766688",
"11083586843","22.2820319","114.1767136",
"11083586844","22.2820394","114.1767248",
"11083586845","22.2820477","114.1767263",
"11083586846","22.2820528","114.1767179",
"11083586847","22.2820544","114.1767052",
"11083586848","22.2820214","114.1766568",
"11083586849","22.2820116","114.1765992",
"11083586850","22.2820358","114.1766123",
"11083586854","22.2819505","114.1769769",
"11083586855","22.2820951","114.1775259",
"11083586856","22.2825778","114.1786155",
"11083586857","22.2825158","114.1783894",
"11083586858","22.2825392","114.1784749",
"11083586859","22.28247","114.1781006",
"11083586860","22.2824575","114.1780695",
"11083586861","22.2824384","114.1780753",
"11083586862","22.2824382","114.1781154",
"11083586863","22.2824481","114.1781496",
"11083586864","22.2824731","114.1782417",
"11083586865","22.282157","114.1777138",
"11083586866","22.2819727","114.1769936",
"11083586867","22.2824206","114.1779675",
"11083586868","22.2823911","114.1782184",
"11083586869","22.282318","114.1782501",
"11083586870","22.2822955","114.1782592",
"11083586871","22.2823092","114.1783029",
"11083586872","22.280461","114.1783085",
"11083586873","22.2822729","114.1782321",
"11083586874","22.2824375","114.1783816",
"11083586875","22.2824863","114.178361",
"11083586876","22.2825072","114.1783529",
"11083586877","22.282463","114.1778854",
"11083586879","22.2825561","114.1780604",
"11083586880","22.2826256","114.1782743",
"11083586881","22.2827123","114.1782319",
"11083586882","22.2822014","114.1744758",
"11083586883","22.2820996","114.1749679",
"11083586884","22.2821004","114.1751817",
"11083586885","22.2826188","114.1780347",
"11083586886","22.2825903","114.1779328",
"11083586887","22.2826715","114.1780175",
"11083586888","22.282643","114.1779155",
"11083586889","22.282594","114.1752769",
"11083586890","22.2821177","114.1758805",
"11083586891","22.2820238","114.1765957",
"11083586892","22.2820754","114.1745777",
"11083586893","22.282473","114.1777828",
"11083586894","22.2823981","114.1775339",
"11083586895","22.282087","114.1762441",
"11083586896","22.2821205","114.1764069",
"11083586897","22.2821888","114.1768709",
"11083586898","22.2821735","114.1767909",
"11083586899","22.2825821","114.1783237",
"11083586900","22.2820788","114.1756066",
"11083586901","22.2821401","114.1773335",
"11083586902","22.2821338","114.175345",
"11083586903","22.2821347","114.1753199",
"11083586904","22.2821292","114.1756055",
"11083615705","22.2821339","114.1754375",
"11083615706","22.2821875","114.1772685",
"11083615707","22.2821215","114.1770176",
"11083615708","22.2807806","114.1770528",
"11083615709","22.2810606","114.1773",
"11083615710","22.2809885","114.1768241",
"11083615711","22.2810046","114.1769593",
"11083615712","22.2809189","114.1760264",
"11083615713","22.2808712","114.175806",
"11083615714","22.2808863","114.175937",
"11083615715","22.2809647","114.1769915",
"11083615716","22.2810185","114.1770767",
"11083615717","22.2809711","114.1767679",
"11083615718","22.2818992","114.1769017",
"11083615719","22.2819378","114.1767504",
"11083615720","22.281894","114.1768244",
"11083615721","22.2819789","114.1765775",
"11083615722","22.2820878","114.1765625",
"11088584223","22.2801","114.1783191",
"11088584224","22.2804744","114.179036",
"11088584225","22.2803987","114.1789234",
"11088584226","22.2804252","114.179358",
"11088584227","22.2803204","114.1787846",
"11088584228","22.2802209","114.1787169",
"11088736386","22.2815953","114.1797101",
"11088736388","22.281388","114.1795613",
"11088736390","22.2815191","114.1796511",
"11088736391","22.2819255","114.1800359",
"11088736392","22.2805482","114.1791475",
"11088736393","22.2805947","114.1792179",
"11088736394","22.2807009","114.1790414",
"11088736395","22.280612","114.1789143",
"11088736396","22.2806659","114.1788446",
"11088736397","22.2804233","114.17896",
"11088736398","22.2805944","114.1788141",
"11088736399","22.2805678","114.1788342",
"11088736400","22.2803756","114.1788759",
"11088736401","22.2805284","114.1787522",
"11088736402","22.2805125","114.1787129",
"11088736403","22.2804558","114.1785729",
"11088736404","22.2804337","114.1785184",
"11088745805","22.2799376","114.1777968",
"11088745807","22.2802313","114.1780006",
"11088745808","22.2806318","114.1789478",
"11088745809","22.2805883","114.1788742",
"11088745810","22.2801065","114.1776945",
"11088745811","22.2801627","114.1776727",
"11088745812","22.2800848","114.1776463",
"11088745821","22.2800868","114.1772693",
"11088745822","22.2801179","114.1773016",
"11152894578","22.2806621","114.175919",
"11152894579","22.2806599","114.1758911",
"11152894580","22.2810298","114.1708325",
"11152894581","22.2806442","114.1759016",
"11152894582","22.2806781","114.175899",
"11152894583","22.2806776","114.1758919",
"11152894584","22.2807004","114.1758956",
"11152894585","22.2805251","114.1765837",
"11152894586","22.2805157","114.1765917",
"11152894587","22.2805095","114.1765851",
"11152926267","22.2809","114.1770638",
"11152926268","22.2809217","114.1771015",
"11152926269","22.2808774","114.175885",
"11152926270","22.2808317","114.1745975",
"11152926271","22.2808299","114.1745977",
"11152926272","22.2808309","114.1746087",
"11152926273","22.2808268","114.1746091",
"11152926274","22.280826","114.1746035",
"11155905458","22.2810228","114.1744792",
"11170211548","22.2799799","114.1746175",
"11178350332","22.2816909","114.1794639",
"11302734894","22.280388","114.1736849",
"11341043711","22.2807405","114.1765174",
"11341043712","22.2800599","114.1768105",
"11355665899","22.2822299","114.169831",
"11355665900","22.2823445","114.169864",
"11355665901","22.2823288","114.1703565",
"11355665902","22.2823075","114.1707838",
"11355665903","22.2823118","114.171505",
"11355665904","22.2821222","114.1693291",
"11355665905","22.2822577","114.1693251",
"11355665906","22.2820887","114.1703777",
"11355665907","22.2822058","114.1703912",
"11355665908","22.2821947","114.170984",
"11355665909","22.2822998","114.1709935",
"11355665910","22.2822413","114.1708806",
"11355665911","22.2828328","114.1717103",
"11355665912","22.2816356","114.1726267",
"11355665913","22.2815183","114.1713742",
"11355665915","22.2821992","114.1716092",
"11355665916","22.2822165","114.1720385",
"11355665917","22.2816548","114.1736195",
"11355665918","22.2821558","114.1736454",
"11381853567","22.2945396","114.2006736","北角 North Point"
"11381853568","22.2951439","114.2001929",
"11381874169","22.2957006","114.1992823",
"11381874170","22.2958661","114.1977374",
"11381874171","22.2954749","114.1959486",
"11381874172","22.2946624","114.1936557",
"11381874173","22.2934135","114.1916555",
"11381874174","22.2911415","114.1889397",
"11381874175","22.2897572","114.1871509",
"11381874176","22.2884331","114.1846303",
"11381874177","22.2875604","114.1817032",
"11381874178","22.2868983","114.1781418",
"11381874179","22.2864018","114.1689214",
"11381874180","22.2873347","114.166417",
"11381874181","22.2889815","114.1656297",
"11381874182","22.2897515","114.1660404",
"11381874183","22.2907641","114.1690016",
"11381874184","22.2911711","114.1773486",
"11381874185","22.2880191","114.1656586",
"11381874186","22.2924348","114.1813982",
"11381874187","22.2939846","114.1850246",
"11381874188","22.2974903","114.1896918",
"11381874189","22.2988294","114.1925701",
"11381874190","22.3003189","114.1966844",
"11381874191","22.3012668","114.2015629",
"11381874192","22.3015828","114.2061488",
"11381874193","22.3011314","114.2111575",
"11381874194","22.2999879","114.2155319",
"11381874195","22.2981072","114.2198088",
"11381874196","22.2946165","114.2276145",
"11381874197","22.2912612","114.2281999",
"11381874198","22.2896361","114.2275494",
"11381874199","22.2895158","114.2255329",
"11381874200","22.2913364","114.2217114",
"11381874201","22.2929012","114.2168166",
"11381874202","22.2947068","114.2110274",
"11381874203","22.2964522","114.2056122",
"11381874204","22.2965725","114.2022134",
"11381874205","22.2962688","114.2013945",
"11381874206","22.2956397","114.2007742",
"11381874207","22.2952435","114.2005096",
"11381874209","22.2949116","114.2004977",
"11412781261","22.2847847","114.1733246",
"11412781262","22.2847348","114.1734586",
"11412781263","22.2846507","114.1738528",
"11412781264","22.2846515","114.1740041",
"11412781265","22.2846783","114.1738946",
"11412781266","22.2846783","114.1739723",
"11412781267","22.2846689","114.1740037",
"11412781268","22.2848591","114.172779",
"11412828669","22.2848665","114.1728843",
"11422406256","22.2804161","114.1742075",
"11422406257","22.2829441","114.1794755","灣仔海濱長廊 Wan Chai Promenade"
"11459376534","22.2829834","114.1818053",
"11459376535","22.2830035","114.1818488",
"11459376536","22.2839203","114.1804051",
"11468912169","22.2830535","114.1764178",
"11579035730","22.2910189","114.1742279",
"11729400729","22.2855624","114.1824167",
"11729400730","22.2855922","114.1823731",
"11729400731","22.285586","114.1823241",
"11729400732","22.2855661","114.1823004",
"11729400733","22.2855401","114.1822893",
"11729400734","22.285512","114.1822913",
"11747591374","22.2810544","114.1754532","海港商場 Harbour Shopping Arcade"
"11789598169","22.2823801","114.178803",
"11789598170","22.2825548","114.1788677",
"11789598171","22.2825238","114.1788483",
"11789598172","22.2822912","114.1789048",
"11789598173","22.2823016","114.1789373",
"11789598174","22.2823166","114.1789844",
"11806714698","22.2844088","114.1739061",
"11806714699","22.284244","114.1739592",
"11806714700","22.2843326","114.1742655",
"11806714701","22.2842672","114.1739386",
"11806714702","22.2845756","114.1741812",
"11806714703","22.2843787","114.1739024",
"11806714704","22.2844393","114.1739648",
"11806714705","22.2845696","114.1740354",
"11806714706","22.2842981","114.1739572",
"11806714707","22.2844246","114.1741751",
"11806714708","22.2842606","114.1739843",
"11806714709","22.2845487","114.1739973",
"11806714710","22.284587","114.1741188",
"11806714711","22.2845404","114.1742297",
"11806714712","22.2844761","114.1742678",
"11806714713","22.2844554","114.1741415",
"11806714714","22.2844909","114.1739402",
"11806714715","22.2843739","114.1742761",
"11806714716","22.2842449","114.1742371",
"11806714717","22.2842681","114.174238",
"11806714718","22.2844081","114.1739453",
"11806714719","22.2843343","114.1739407",
"11806714720","22.2843518","114.1742713",
"11806714721","22.2843232","114.174218",
"11806714722","22.2845265","114.1739704",
"11806714723","22.2845097","114.1742515",
"11806714724","22.2842923","114.1742467",
"11806714725","22.2843972","114.1742778",
"11806714726","22.2845827","114.1740744",
"11806714727","22.2844463","114.1739172",
"11806714728","22.2843151","114.1742584",
"11806714729","22.2845631","114.174205",
"11806714730","22.2843456","114.1739047",
"11806714731","22.2843166","114.173912",
"11806714732","22.2843683","114.1739366",
"11806714733","22.2843747","114.1742073",
"11806714734","22.2844588","114.1739934",
"11806714735","22.2844672","114.174035",
"11806714736","22.2842338","114.1742162",
"11806714737","22.284468","114.1740971",
"11806714738","22.2840243","114.1742293",
"11806714739","22.2842785","114.1742409",
"11806714740","22.2844377","114.1742766",
"11806714741","22.2845834","114.1741539",
"11806714742","22.2840255","114.17425",
"11806714743","22.2842912","114.1739233",
"11822402004","22.283318","114.181376",
"11822402016","22.2850461","114.1860857",
"11822402017","22.2852874","114.186446",
"11822402018","22.2855676","114.1868281",
"11822402019","22.2858949","114.1872383",
"11822402020","22.2847752","114.1856416",
"11822402021","22.2844212","114.1849803",
"11822402022","22.2844893","114.185116",
"11822402023","22.2842527","114.1846238",
"11822402024","22.2836588","114.1830004",
"11822402025","22.2835298","114.182505",
"11822402026","22.283428","114.1820373",
"11822402027","22.2838238","114.1835327",
"11822402028","22.2840371","114.1841158",
"11822402029","22.2839272","114.1838264",
"11830942552","22.2811809","114.1766946",
"11850784512","22.2801048","114.1772918",
"11850784513","22.2801136","114.1773276",
"11850784514","22.2801157","114.1773249",
"11850784515","22.2801307","114.1773202",
"11850784516","22.2800986","114.1772012",
"11850784517","22.2800593","114.1772143",
"11867622559","22.2821511","114.1740115",
"11867622560","22.2822168","114.1740242",
"11869115851","22.2808266","114.1753968",
"11869115852","22.2808489","114.1754909",
"11869115853","22.2807382","114.175127",
"11869115854","22.2806539","114.1750598",
"11869115855","22.2806847","114.1758184",
"11869115856","22.2807179","114.1758774",
"11869115857","22.2808364","114.1754891",
"11869115858","22.2808575","114.1758083",
"11869115859","22.2808321","114.1758801",
"11869115860","22.2808023","114.17541",
"11869115861","22.2807597","114.1754166",
"11869115862","22.2807304","114.1750218",
"11869115863","22.2806679","114.175819",
"11869115864","22.2806126","114.175121",
"11869115865","22.2806281","114.1750336",
"11869115866","22.2807947","114.1758886",
"11869115867","22.2807439","114.1764653",
"11869115868","22.2812793","114.175419",
"11869167669","22.2811869","114.1745816",
"11869167670","22.2812163","114.174561",
"11869167671","22.2812205","114.1745998",
"11869167672","22.2809362","114.1758475",
"11869167673","22.2809444","114.1759488",
"11869167674","22.2809398","114.1758779",
"11869167675","22.2812781","114.1758487",
"12121600935","22.2819906","114.1697764",
"12121600936","22.2826474","114.1736627",
"12121600937","22.2825518","114.1724927",
"12121600938","22.2818015","114.1741255",
"12121600939","22.2817742","114.1741098",
"12121600940","22.2817643","114.1740917",
"12121600941","22.2817605","114.1737638",
"12121600942","22.2817661","114.1737074",
"12121600943","22.2817773","114.1736739",
"12121600944","22.2818058","114.173633",
"12121600945","22.2818635","114.1735653",
"12121600946","22.2820694","114.1738641",
"12121600947","22.2820986","114.1736516",
"12121600948","22.2821051","114.1735782",
"12121600949","22.2820953","114.1735463",
"12121600950","22.2819176","114.1735198",
"12121600951","22.2819496","114.1735047",
"12121600952","22.2819897","114.1734994",
"12121600953","22.2820216","114.1734994",
"12121600954","22.2820478","114.1735083",
"12121600955","22.2820757","114.1735233",
"12121650357","22.2798014","114.179235",
"12121650361","22.2802745","114.1794568",
"12122262232","22.2810809","114.1698258",
"12122262233","22.281142","114.1698685",
"12122262234","22.281228","114.1699025",
"12122262236","22.2813127","114.1699107",
"12122262237","22.2813935","114.1699105",
"12122262238","22.281499","114.1698938",
"12122262239","22.2815494","114.1698224",
"12122262242","22.2816601","114.1698116",
"12122262243","22.2816074","114.1698164",
"12122262244","22.281701","114.1703876",
"12122262245","22.2819568","114.1703982",
"12122262246","22.2815783","114.1699849",
"12122262247","22.2815898","114.1699964",
"12122262248","22.2816422","114.1707547",
"12122262249","22.2816357","114.1708113",
"12122262250","22.2816217","114.1708511",
"12122262251","22.2816013","114.1708803",
"12122262252","22.2815718","114.1709016",
"12122262253","22.2815366","114.1709157",
"12122262254","22.2814997","114.170921",
"12122262255","22.281372","114.1708879",
"12122262256","22.2813232","114.1708594",
"12122262257","22.2810777","114.17069",
"12122262258","22.2811371","114.1707392",
"12122262259","22.2811749","114.1707643",
"12122262260","22.2814607","114.1716175",
"12122262261","22.281451","114.1715203",
"12122262262","22.2814326","114.1714001",
"12122262263","22.2814052","114.1713029",
"12122262264","22.2813577","114.1711914",
"12122262265","22.2813103","114.1711012",
"12122262266","22.2809393","114.1708231",
"12122262267","22.2808813","114.1708273",
"12122262268","22.2808319","114.1708365",
"12122262269","22.2807873","114.1708486",
"12122262270","22.2807551","114.1708671",
"12122262271","22.283638","114.1742441",
"12122262272","22.28371","114.1742459",
"12122262273","22.2837673","114.1742547",
"12124730630","22.2829746","114.1715905",
"12124730631","22.2832667","114.1717956",
"12124730632","22.2830984","114.1716874",
"12124730633","22.2833131","114.171829",
"12124730634","22.2833547","114.1718631",
"12128128170","22.2807971","114.1771422",
"12128128171","22.2807479","114.1765166",
"12128128172","22.2807518","114.1765659",
"12128128173","22.2798973","114.1764759",
"12128128176","22.2798661","114.175905",
"12128128177","22.2799035","114.1765057",
"12128128178","22.279919","114.1765276",
"12128128179","22.279942","114.1765428",
"12128128180","22.2799811","114.1765514",
"12128128181","22.2807498","114.176541",
"12128128182","22.2805081","114.1765634",
"12128128183","22.280048","114.176615",
"12128128184","22.2799804","114.1766208",
"12128128185","22.2799451","114.1766224",
"12128128186","22.2799051","114.1766236",
"12193824755","22.2809857","114.1795833",
"12254183025","22.2810275","114.1719421",
"12254183026","22.2810253","114.1719131",
"12254183027","22.2804878","114.1727357",
"12254183028","22.2802131","114.1727582",
"12254183029","22.2805584","114.1727299",
"12254183030","22.280458","114.1728083",
"12254183031","22.2800396","114.1728187",
"12254183032","22.2804563","114.1727845",
"12254183033","22.2806192","114.1719776",
"12254183034","22.2809891","114.1740859",
"12254183035","22.2807396","114.1737296",
"12254183036","22.2814514","114.1719053",
"12254183037","22.2812807","114.1740712",
"12254183038","22.2815553","114.1734984",
"12254183039","22.2815745","114.1735164",
"12254183040","22.2814185","114.1735091",
"12254183041","22.2814207","114.1721907",
"12254183042","22.2814681","114.1721304",
"12254183043","22.2810594","114.1719101",
"12254183044","22.2808031","114.1722317",
"12254183045","22.2808093","114.171972",
"12254183046","22.2807847","114.1719741",
"12254183047","22.280911","114.1720655",
"12254183048","22.280913","114.1720921",
"12254183049","22.2811759","114.1720826",
"12254183050","22.2813044","114.1722008",
"12254183051","22.2810729","114.1720916",
"12254183052","22.2809017","114.1721065",
"12254183053","22.2797608","114.172112",
"12254183054","22.2796054","114.1721248",
"12254183055","22.2798027","114.1727078",
"12255023646","22.2806604","114.1709628",
"12255023647","22.2803259","114.1709714",
"12255023648","22.2800657","114.1710587",
"12255023649","22.2802407","114.1712432",
"12255023650","22.2802217","114.1712412",
"12255023651","22.2802236","114.1712206",
"12255023652","22.2802046","114.1712186",
"12255023653","22.2802065","114.1711981",
"12255023654","22.2801875","114.1711961",
"12255023655","22.2801894","114.1711755",
"12255023656","22.2801704","114.1711735",
"12255023657","22.2801722","114.171153",
"12255023658","22.2801532","114.1711509",
"12255023659","22.2801551","114.1711304",
"12255023660","22.2801361","114.1711284",
"12255023661","22.280138","114.1711079",
"12255023662","22.280119","114.1711058",
"12255023663","22.2801209","114.1710853",
"12255023664","22.2801019","114.1710833",
"12255023665","22.2801037","114.1710627",
"12255023666","22.2802388","114.1712637",
"12255023667","22.2803148","114.1711776",
"12255023668","22.2801778","114.1709971",
"12255023669","22.2801949","114.1710197",
"12255023670","22.280212","114.1710422",
"12255023671","22.2802291","114.1710648",
"12255023672","22.2802463","114.1710873",
"12255023673","22.2802634","114.1711099",
"12255023674","22.2802805","114.1711325",
"12255023675","22.2802976","114.171155",
"12255023676","22.2803166","114.171157",
"12255023677","22.2802995","114.1711345",
"12255023678","22.2802824","114.1711119",
"12255023679","22.2802653","114.1710894",
"12255023680","22.2802481","114.1710668",
"12255023681","22.280231","114.1710442",
"12255023682","22.2802139","114.1710217",
"12255023683","22.2801968","114.1709991",
"12255023684","22.2800761","114.1709448",
"12255023685","22.2801625","114.170954",
"12255023686","22.2803338","114.1711796",
"12255023687","22.2797008","114.1707661",
"12255023688","22.2800286","114.1708011",
"12255023689","22.2796523","114.1712975",
"12255023690","22.27998","114.1713325",
"12255023691","22.2803252","114.171273",
"12255023692","22.2799888","114.1712371",
"12255023693","22.2800161","114.1709384",
"12255023694","22.279639","114.1714425",
"12255023695","22.2797141","114.1706212",
"12255023696","22.2796167","114.1714401",
"12270745077","22.2804197","114.1759041",
"12270745078","22.2803666","114.175872",
"12270745079","22.2803708","114.1757811",
"12270745080","22.2803809","114.1758242",
"12270745081","22.2806888","114.176863",
"12270745082","22.2806952","114.1769487",
"12270745083","22.2807775","114.1770117",
"12270745084","22.2807605","114.1767864",
"12270745085","22.2799496","114.176082",
"12270745086","22.2799752","114.1764448",
"12270745087","22.2806709","114.1763875",
"12270745088","22.2806453","114.1760247",
"12270745089","22.2803493","114.1749702",
"12270745090","22.2806157","114.1749488",
"12270745091","22.2798015","114.1747114",
"12270745092","22.2805949","114.1746475",
"12270745093","22.2798677","114.1750487",
"12270745094","22.2801082","114.1750288",
"12270745095","22.2801011","114.1749284",
"12270745096","22.2801492","114.1747393",
"12270745097","22.2801622","114.1749233",
"12270745098","22.279846","114.1747437",
"12270745099","22.2800865","114.1747238",
"12270745100","22.280088","114.1747444",
"12270766001","22.2804751","114.1749095",
"12270766002","22.2801631","114.1749354",
"12270766003","22.2801483","114.1747272",
"12270766004","22.2804603","114.1747014",
"12270766006","22.2809282","114.1754013",
"12270766007","22.2809275","114.1753916",
"12270766008","22.2809185","114.1753924",
"12270766009","22.2809193","114.1754021",
"12270766010","22.2809103","114.1754029",
"12270766011","22.280911","114.1754125",
"12270766012","22.28092","114.1754117",
"12270766013","22.280929","114.1754109",
"12270766014","22.28095","114.1758034",
"12270766015","22.2809411","114.1758042",
"12270766016","22.2809418","114.1758139",
"12270766017","22.2809508","114.1758131",
"12270766018","22.2809515","114.1758228",
"12270766019","22.2809604","114.175822",
"12270766020","22.2809597","114.1758123",
"12270766021","22.280959","114.1758026",
"12270766022","22.2812293","114.1757882",
"12270766023","22.28123","114.1757979",
"12270766024","22.281239","114.1757971",
"12270766025","22.2812383","114.1757874",
"12270766026","22.2812472","114.1757866",
"12270766027","22.2812465","114.1757769",
"12270766028","22.2812375","114.1757777",
"12270766029","22.2812286","114.1757785",
"12270766030","22.2812146","114.1754791",
"12270766031","22.2812154","114.1754888",
"12270766032","22.2812243","114.175488",
"12270766033","22.2812236","114.1754783",
"12270766034","22.2812296","114.175675",
"12270766035","22.2812304","114.1756846",
"12270766036","22.2812393","114.1756838",
"12270766037","22.2812386","114.1756742",
"12270766038","22.2812221","114.175577",
"12270766039","22.2812229","114.1755867",
"12270766040","22.2812318","114.1755859",
"12270766041","22.2812311","114.1755762",
"12270766042","22.2810451","114.1758047",
"12270766043","22.2810458","114.1758143",
"12270766044","22.2810548","114.1758135",
"12270766045","22.281054","114.1758039",
"12270766046","22.2810226","114.1753928",
"12270766047","22.2810218","114.1753831",
"12270766048","22.2810129","114.1753839",
"12270766049","22.2810136","114.1753936",
"12270766050","22.2809339","114.1757112",
"12270766051","22.2809429","114.1757104",
"12270766052","22.2809421","114.1757007",
"12270766053","22.2809332","114.1757015",
"12270766054","22.2809264","114.1756132",
"12270766055","22.2809354","114.1756124",
"12270766056","22.2809346","114.1756028",
"12270766057","22.2809257","114.1756036",
"12270766058","22.2809189","114.1755153",
"12270766059","22.2809279","114.1755145",
"12270766060","22.2809271","114.1755048",
"12270766061","22.2809182","114.1755056",
"12270766062","22.2811124","114.1753848",
"12270766063","22.2811117","114.1753751",
"12270766064","22.2811027","114.1753759",
"12270766065","22.2811035","114.1753856",
"12270766066","22.281135","114.1757966",
"12270766067","22.2811357","114.1758063",
"12270766068","22.2811447","114.1758055",
"12270766069","22.2811439","114.1757958",
"12270766070","22.281206","114.1753667",
"12270766071","22.2811971","114.1753675",
"12270766072","22.2811978","114.1753771",
"12270766073","22.2811986","114.1753868",
"12270766074","22.2812075","114.175386",
"12270766075","22.2812165","114.1753852",
"12270766076","22.2812157","114.1753755",
"12270766077","22.2812068","114.1753763",
"12270766078","22.2811637","114.1747674",
"12270766079","22.2811644","114.1747771",
"12270766080","22.2811787","114.1749633",
"12270766081","22.2811794","114.1749729",
"12270766082","22.2811712","114.1748653",
"12270766083","22.2811719","114.174875",
"12270766084","22.2808769","114.1748028",
"12270766085","22.2808762","114.1747931",
"12270766086","22.2808844","114.1749007",
"12270766087","22.2808837","114.1748911",
"12270766088","22.2808919","114.1749987",
"12270766089","22.2808912","114.174989",
"12270766090","22.2810615","114.1746731",
"12270766091","22.2810525","114.1746739",
"12270766092","22.281093","114.1750842",
"12270766093","22.281084","114.175085",
"12270766094","22.2809716","114.1746811",
"12270766095","22.2809627","114.1746819",
"12270766096","22.2810031","114.1750922",
"12270766097","22.2809941","114.175093",
"12270766098","22.2810607","114.1746634",
"12270766099","22.2810518","114.1746642",
"12270766100","22.2809709","114.1746715",
"12270766101","22.2809619","114.1746723",
"12270766102","22.2808672","114.174794",
"12270766103","22.2808755","114.1749016",
"12270766104","22.2808822","114.1749898",
"12270766105","22.280868","114.1748036",
"12270766106","22.2808747","114.1748919",
"12270766107","22.280883","114.1749995",
"12270766108","22.2810038","114.1751019",
"12270766109","22.2810848","114.1750946",
"12270766110","22.2809949","114.1751027",
"12270766111","22.2810937","114.1750938",
"12270766112","22.2811734","114.1747763",
"12270766113","22.2811801","114.1748645",
"12270766114","22.2811884","114.1749721",
"12270766115","22.2811726","114.1747666",
"12270766116","22.2811809","114.1748742",
"12270766117","22.2811876","114.1749625",
"12270766118","22.2808991","114.1750918",
"12270766119","22.2809088","114.1751006",
"12270766120","22.2811784","114.1750765",
"12270766121","22.2811866","114.175066",
"12270766122","22.2808773","114.1746896",
"12270766123","22.280869","114.1747001",
"12270766124","22.2811469","114.1746655",
"12270766125","22.2811566","114.1746743",
"12270766126","22.2811791","114.1750862",
"12270766127","22.2811955","114.1750652",
"12270766128","22.2808901","114.1750926",
"12270766129","22.2808908","114.1751022",
"12270766130","22.2809005","114.1751111",
"12270766131","22.2809095","114.1751103",
"12270766132","22.2808765","114.1746799",
"12270766133","22.2808676","114.1746807",
"12270766134","22.2808594","114.1746912",
"12270766135","22.2808601","114.1747009",
"12270766136","22.2811551","114.174655",
"12270766137","22.2811461","114.1746558",
"12270766138","22.2811655","114.1746735",
"12270766139","22.2811648","114.1746639",
"12270766140","22.2811873","114.1750757",
"12270766141","22.2808998","114.1751014",
"12270766142","22.2808683","114.1746904",
"12270766143","22.2811558","114.1746647",
"12270766144","22.2811776","114.1750668",
"12270766145","22.280908","114.175091",
"12270766146","22.280878","114.1746993",
"12270766147","22.2811476","114.1746751",
"12270766148","22.2811963","114.1750749",
"12270766149","22.281188","114.1750854",
"12270766150","22.2802022","114.1754572",
"12270766152","22.2798723","114.1752053",
"12270766153","22.2799229","114.1752012",
"12270766154","22.279902","114.1752029",
"12270766155","22.2799735","114.1751971",
"12270766156","22.2799527","114.1751988",
"12270766157","22.2800241","114.175193",
"12270766158","22.2800033","114.1751947",
"12270766159","22.2800747","114.175189",
"12270766160","22.2800539","114.1751906",
"12270766161","22.2801253","114.1751849",
"12270766162","22.2801045","114.1751866",
"12270766163","22.2801298","114.1751845",
"12270766164","22.2801","114.1751869",
"12270766165","22.2800792","114.1751886",
"12270766166","22.2800494","114.175191",
"12270766167","22.2800286","114.1751927",
"12270766168","22.2799988","114.1751951",
"12270766169","22.279978","114.1751968",
"12270766170","22.2799482","114.1751992",
"12270766171","22.2799273","114.1752008",
"12270766172","22.2798976","114.1752032",
"12270766173","22.2798767","114.1752049",
"12270766174","22.2798772","114.1752122",
"12270766175","22.2801258","114.1751921",
"12270766176","22.280105","114.1751938",
"12270766177","22.2800752","114.1751962",
"12270766178","22.2800544","114.1751979",
"12270766179","22.2800246","114.1752003",
"12270766180","22.2800038","114.175202",
"12270766181","22.279974","114.1752044",
"12270766182","22.2799532","114.1752061",
"12270766183","22.2799234","114.1752085",
"12270766184","22.2799025","114.1752101",
"12270766185","22.2801303","114.1751918",
"12270766186","22.2801005","114.1751942",
"12270766187","22.2800797","114.1751959",
"12270766188","22.2800499","114.1751983",
"12270766189","22.2800291","114.1751999",
"12270766190","22.2799993","114.1752023",
"12270766191","22.2799785","114.175204",
"12270766192","22.2799487","114.1752064",
"12270766193","22.2799279","114.1752081",
"12270766194","22.2798981","114.1752105",
"12270766195","22.2801511","114.1751901",
"12270766196","22.2798499","114.1752168",
"12270766197","22.280128","114.175192",
"12270766198","22.279915","114.1757588",
"12270766199","22.2799358","114.1757571",
"12270766200","22.2799656","114.1757547",
"12270766201","22.2799864","114.1757531",
"12270766202","22.2800162","114.1757507",
"12270766203","22.280037","114.175749",
"12270766204","22.2800668","114.1757466",
"12270766205","22.2800876","114.1757449",
"12270766206","22.2801174","114.1757425",
"12270766207","22.2801382","114.1757408",
"12270766208","22.280168","114.1757384",
"12270766209","22.2799105","114.1757592",
"12270766210","22.2799403","114.1757568",
"12270766211","22.2799611","114.1757551",
"12270766212","22.2799909","114.1757527",
"12270766213","22.2800117","114.175751",
"12270766214","22.2800415","114.1757486",
"12270766215","22.2800623","114.175747",
"12270766216","22.2800921","114.1757446",
"12270766217","22.2801129","114.1757429",
"12270766218","22.2801427","114.1757405",
"12270766219","22.2801635","114.1757388",
"12270766220","22.2799145","114.1757516",
"12270766221","22.2799353","114.1757499",
"12270766222","22.2799651","114.1757475",
"12270766223","22.2799859","114.1757458",
"12270766224","22.2800157","114.1757434",
"12270766225","22.2800365","114.1757417",
"12270766226","22.2800663","114.1757393",
"12270766227","22.2800871","114.1757377",
"12270766228","22.2801169","114.1757353",
"12270766229","22.2801377","114.1757336",
"12270766230","22.2801675","114.1757312",
"12270766231","22.27991","114.1757519",
"12270766232","22.2799398","114.1757495",
"12270766233","22.2799606","114.1757478",
"12270766234","22.2799904","114.1757454",
"12270766235","22.2800112","114.1757438",
"12270766236","22.280041","114.1757414",
"12270766237","22.2800618","114.1757397",
"12270766238","22.2800916","114.1757373",
"12270766239","22.2801124","114.1757356",
"12270766240","22.2801422","114.1757332",
"12270766241","22.280163","114.1757315",
"12270766242","22.2801996","114.1756651",
"12270766243","22.2801929","114.1756656",
"12270766244","22.2801956","114.1756068",
"12270766245","22.2801889","114.1756073",
"12270766246","22.2801916","114.1755484",
"12270766247","22.2801849","114.175549",
"12270766248","22.2801876","114.1754901",
"12270766249","22.2801809","114.1754907",
"12270766250","22.2801835","114.1754318",
"12270766251","22.2801768","114.1754323",
"12270766252","22.2801795","114.1753735",
"12270766253","22.2801728","114.175374",
"12270766254","22.2801755","114.1753152",
"12270766255","22.2801688","114.1753157",
"12270766256","22.2801715","114.1752568",
"12270766257","22.2801648","114.1752574",
"12270766258","22.2801949","114.1756948",
"12270766259","22.2802017","114.1756942",
"12270766260","22.2801909","114.1756365",
"12270766261","22.2801976","114.1756359",
"12270766262","22.2801869","114.1755781",
"12270766263","22.2801936","114.1755776",
"12270766264","22.2801829","114.1755198",
"12270766265","22.2801896","114.1755193",
"12270766266","22.2801788","114.1754615",
"12270766267","22.2801856","114.175461",
"12270766268","22.2801748","114.1754032",
"12270766269","22.2801815","114.1754026",
"12270766270","22.2801708","114.1753449",
"12270766271","22.2801775","114.1753443",
"12270766272","22.2801668","114.1752865",
"12270766273","22.2801735","114.175286",
"12270766274","22.2801627","114.1752282",
"12270766275","22.2801695","114.1752277",
"12270766276","22.2802013","114.1756894",
"12270766277","22.2801993","114.1756602",
"12270766278","22.2801973","114.1756311",
"12270766279","22.2801953","114.1756019",
"12270766280","22.2801933","114.1755728",
"12270766281","22.2801913","114.1755436",
"12270766282","22.2801893","114.1755144",
"12270766283","22.2801872","114.1754853",
"12270766284","22.2801852","114.1754561",
"12270766285","22.2801832","114.175427",
"12270766286","22.2801812","114.1753978",
"12270766287","22.2801792","114.1753686",
"12270766288","22.2801772","114.1753395",
"12270766289","22.2801752","114.1753103",
"12270766290","22.2801732","114.1752812",
"12270766291","22.2801711","114.175252",
"12270766292","22.2801691","114.1752228",
"12270766293","22.2801946","114.1756899",
"12270766294","22.2801926","114.1756608",
"12270766295","22.2801906","114.1756316",
"12270766296","22.2801886","114.1756025",
"12270766297","22.2801866","114.1755733",
"12270766298","22.2801845","114.1755441",
"12270766299","22.2801825","114.175515",
"12270766300","22.2801805","114.1754858",
"12270766301","22.2801785","114.1754567",
"12270766302","22.2801765","114.1754275",
"12270766303","22.2801745","114.1753983",
"12270766304","22.2801725","114.1753692",
"12270766305","22.2801705","114.17534",
"12270766306","22.2801684","114.1753109",
"12270766307","22.2801664","114.1752817",
"12270766308","22.2801644","114.1752525",
"12270766309","22.2801624","114.1752234",
"12270766310","22.2798711","114.1757209",
"12270766311","22.2798688","114.1756869",
"12270766312","22.2798671","114.1756626",
"12270766313","22.2798648","114.1756286",
"12270766314","22.2798631","114.1756042",
"12270766315","22.2798607","114.1755702",
"12270766316","22.2798591","114.1755459",
"12270766317","22.2798567","114.1755119",
"12270766318","22.279855","114.1754876",
"12270766319","22.2798527","114.1754536",
"12270766320","22.279851","114.1754293",
"12270766321","22.2798487","114.1753953",
"12270766322","22.279847","114.175371",
"12270766323","22.2798446","114.175337",
"12270766324","22.279843","114.1753126",
"12270766325","22.2798406","114.1752786",
"12270766326","22.2798389","114.1752543",
"12270766327","22.2798708","114.175716",
"12270766328","22.2798691","114.1756917",
"12270766329","22.2798668","114.1756577",
"12270766330","22.2798651","114.1756334",
"12270766331","22.2798628","114.1755994",
"12270766332","22.2798611","114.1755751",
"12270766333","22.2798587","114.1755411",
"12270766334","22.2798571","114.1755168",
"12270766335","22.2798547","114.1754828",
"12270766336","22.279853","114.1754584",
"12270766337","22.2798507","114.1754244",
"12270766338","22.279849","114.1754001",
"12270766339","22.2798467","114.1753661",
"12270766340","22.279845","114.1753418",
"12270766341","22.2798426","114.1753078",
"12270766342","22.279841","114.1752835",
"12270766343","22.2798386","114.1752495",
"12270766344","22.2798775","114.1757155",
"12270766345","22.2798758","114.1756912",
"12270766346","22.2798735","114.1756572",
"12270766347","22.2798718","114.1756329",
"12270766348","22.2798678","114.1755745",
"12270766349","22.2798655","114.1755405",
"12270766350","22.2798638","114.1755162",
"12270766351","22.2798614","114.1754822",
"12270766352","22.2798597","114.1754579",
"12270766353","22.2798574","114.1754239",
"12270766354","22.2798557","114.1753996",
"12270766355","22.2798534","114.1753656",
"12270766356","22.2798517","114.1753413",
"12270766357","22.2798494","114.1753073",
"12270766358","22.2798477","114.1752829",
"12270766359","22.2798453","114.1752489",
"12270766360","22.2798779","114.1757203",
"12270766361","22.2798755","114.1756863",
"12270766362","22.2798738","114.175662",
"12270766363","22.2798715","114.175628",
"12270766364","22.2798675","114.1755697",
"12270766365","22.2798658","114.1755454",
"12270766366","22.2798634","114.1755114",
"12270766367","22.2798618","114.1754871",
"12270766368","22.2798594","114.1754531",
"12270766369","22.2798577","114.1754287",
"12270766370","22.2798554","114.1753947",
"12270766371","22.2798537","114.1753704",
"12270766372","22.2798514","114.1753364",
"12270766373","22.2798497","114.1753121",
"12270766374","22.2798473","114.1752781",
"12270766375","22.2798457","114.1752538",
"12270766376","22.2801673","114.1751961",
"12270766377","22.2801528","114.1751827",
"12270766378","22.2801606","114.1751966",
"12270766379","22.2801533","114.1751899",
"12270766380","22.2801538","114.1751972",
"12270766381","22.2801968","114.1757215",
"12270766382","22.2801906","114.1757293",
"12270766383","22.2802035","114.175721",
"12270766384","22.2801911","114.1757366",
"12270766385","22.2801901","114.1757221",
"12270766386","22.279873","114.1757476",
"12270766387","22.2798874","114.175761",
"12270766388","22.2798869","114.1757538",
"12270766389","22.2798797","114.1757471",
"12270766390","22.2798864","114.1757465",
"12270766391","22.2798492","114.1752071",
"12270766392","22.2798368","114.1752227",
"12270766393","22.2798497","114.1752144",
"12270766394","22.2798435","114.1752222",
"12270766395","22.2798502","114.1752217",
"12270766396","22.279874","114.1757621",
"12270766397","22.2798358","114.1752082",
"12270766398","22.2802045","114.1757355",
"12270766399","22.2801663","114.1751816",
"12270766400","22.2804661","114.1771288",
"12270766401","22.2804309","114.1767227",
"12270766402","22.2802279","114.1771529",
"12270766403","22.2801927","114.1767467",
"12270766404","22.2804284","114.1766933",
"12270766405","22.2801902","114.1767174",
"12270766406","22.2801656","114.1767495",
"12270766407","22.2802007","114.1771557",
"12270766408","22.2802304","114.1771823",
"12270766409","22.2804686","114.1771582",
"12270766410","22.2804932","114.1771261",
"12270766411","22.2804581","114.1767199",
"12283754565","22.2803376","114.1760216","U購Select U Select"
"12319624338","22.2801577","114.1784884",
"12323347499","22.2812215","114.1757698",
"12323347500","22.2811928","114.175397",
"12323381201","22.2809409","114.1754197",
"12323381202","22.2809696","114.1757925",
"12323381203","22.2811682","114.175058",
"12323381204","22.2811395","114.1746852",
"12323381205","22.2808876","114.1747079",
"12323381206","22.2809163","114.1750807",
"12323381207","22.2809898","114.1749893",
"12323381208","22.2810827","114.1749808",
"12323381209","22.2810659","114.1747666",
"12323381210","22.280973","114.1747751",
"12323381211","22.2811309","114.1757011",
"12323381212","22.2811142","114.1754869",
"12323381213","22.281038","114.1757095",
"12323381214","22.2810213","114.1754954",
"12338989033","22.2813501","114.1705024",
"12338989034","22.2813649","114.1706626",
"12338989035","22.2816144","114.1706411",
"12338989036","22.28162","114.1707506",
"12338989037","22.2815954","114.1708491",
"12338989038","22.2815439","114.1708913",
"12345931766","22.2817486","114.1782314",
"12345931767","22.2809777","114.178526",
"12345931768","22.2809421","114.1785342",
"12345931769","22.2810203","114.1785098",
"12345931770","22.280558","114.1778401",
"12345931771","22.2808417","114.1784465",
"12345931772","22.2808409","114.1784495",
"12345931773","22.2808373","114.1784544",
"12345931774","22.2808347","114.1784559",
"12345931775","22.2808288","114.1784566",
"12345931776","22.280826","114.1784557",
"12345931777","22.2808214","114.1784516",
"12345931778","22.28082","114.1784488",
"12345931779","22.2808195","114.1784424",
"12345931780","22.2808204","114.1784394",
"12345931781","22.2808241","114.1784345",
"12345931782","22.2808268","114.1784331",
"12345931783","22.2808324","114.1784325",
"12345931784","22.2818039","114.1780922",
"12345931785","22.2818059","114.1780904",
"12345931786","22.2818111","114.1780887",
"12345931787","22.2818138","114.178089",
"12345931788","22.2818185","114.1780918",
"12345931789","22.2818202","114.178094",
"12345931790","22.2818217","114.1780996",
"12345931791","22.2818215","114.1781025",
"12345931792","22.2818189","114.1781077",
"12345931793","22.2818168","114.1781095",
"12345931794","22.2818116","114.1781112",
"12345931795","22.2818089","114.1781109",
"12345931796","22.2818042","114.1781081",
"12345931797","22.2818025","114.1781058",
"12382473602","22.2834762","114.1799374",
"12382495728","22.2841293","114.1805798",
"12382495729","22.2842406","114.180722",
"12382495730","22.2842872","114.1807898",
"12382495731","22.2842973","114.1808358",
"12382495732","22.2842852","114.1808905",
"12382495733","22.284269","114.1809189",
"12382495734","22.2842404","114.180951",
"12382495735","22.2841941","114.1809648",
"12382495736","22.2841576","114.1809627",
"12382495737","22.284103","114.1809517",
"12382495738","22.2840665","114.1809233",
"12382495739","22.283354","114.1799979",
"12382495740","22.2833175","114.1799563",
"12382495741","22.2832366","114.1798404",
"12420075443","22.2808138","114.1706742",
"12420075444","22.280797","114.1707398",
"12420075446","22.2807032","114.1708174",
"12420075447","22.2806296","114.1708148",
"12420075448","22.2805732","114.1707796",
"12420075449","22.28053","114.170693",
"12420075450","22.2805326","114.1706278",
"12420075451","22.2805618","114.170567",
"12420075452","22.2806118","114.1705262",
"12420075453","22.2806711","114.1705123",
"12420075454","22.2807259","114.1705242",
"12420075455","22.2807744","114.1705602",
"12420075456","22.2808052","114.1706137",
"12420075457","22.2812358","114.1705612",
"12420075458","22.2812285","114.1705398",
"12420075459","22.281212","114.1705215",
"12420075460","22.2811881","114.1705122",
"12420075461","22.2811635","114.1705155",
"12420075462","22.2811432","114.1705299",
"12420075463","22.2811304","114.1705537",
"12420075464","22.2811289","114.1705804",
"12420075465","22.2811362","114.1706037",
"12420075466","22.2811569","114.1706205",
"12420075467","22.2812126","114.1706174",
"12420075468","22.2812287","114.1706026",
"12420075469","22.2812396","114.1705812",
"12420075470","22.2812424","114.1705563",
"12420075471","22.2812365","114.1705325",
"12420075472","22.2812233","114.1705132",
"12420075473","22.2812051","114.1705006",
"12497776573","22.2805581","114.1770626","Fotomax Digital"
"12531848943","22.2825027","114.168882",
"12535652471","22.280421","114.1744266",
"12546708088","22.2822067","114.1801506",
"12546708089","22.2828011","114.1796895",
"12546708090","22.2828115","114.1796634",
"12546708091","22.2823808","114.1799272",
"12546708092","22.2822574","114.181112",
"12546708093","22.2822085","114.1802345",
"12546708094","22.2827163","114.1797848",
"12546708095","22.2827685","114.1797397",
"12546708096","22.2822121","114.1801169",
"12546708097","22.2822739","114.1799985",
"12546708098","22.2826624","114.1798145",
"12546708099","22.2827875","114.1797139",
"12546708100","22.2826909","114.1798006",
"12546720001","22.2822051","114.1801882",
"12546720002","22.2822692","114.1810356",
"12548443287","22.2843126","114.1808498",
"12548443288","22.2843121","114.1808236",
"12548443289","22.2842921","114.1807618",
"12548443290","22.2842814","114.1807454",
"12548443291","22.2843013","114.1807808",
"12578104755","22.283174","114.1676264",
"12609323720","22.2820994","114.1761102","灣仔碼頭 Wan Chai Ferry Pier"
"12690809318","22.2801528","114.1774939",
"12794340202","22.2846761","114.173683",
"12856789936","22.2810278","114.1812701","伊利莎伯大廈 Elizabeth House"
"12913496803","22.280307","114.1797039","Casa 218"
"13033834156","22.2826015","114.1707991",
"13033834157","22.2828875","114.171245",
"13033834158","22.2828759","114.1713862",
"13033834159","22.282803","114.1714599",
"13033834160","22.2827299","114.1715038",
"13033834161","22.2826378","114.1715204",
"13033834162","22.2822382","114.1715103",
"13033834163","22.2820994","114.1715168",
"13033834164","22.2814521","114.1716745",
"13033834165","22.2823888","114.1715166",
"13033834166","22.281447","114.1715913",
"13033834167","22.2814224","114.1714134",
"13033834168","22.281382","114.1712964",
"13033834169","22.2815142","114.1712576",
"13033834170","22.2814775","114.171261",
"13033834171","22.2814301","114.1712728",
"13033834172","22.2821677","114.1713527",
"13033834173","22.2822461","114.1713496",
"13033834174","22.2823952","114.1713294",
"13033834175","22.282554","114.1708366",
"13033834176","22.2826292","114.170967",
"13033834177","22.2826379","114.1710018",
"13033834178","22.2826398","114.1710478",
"13033834179","22.2826257","114.1710959",
"13033834180","22.2825935","114.1711705",
"13033834181","22.2825638","114.1712195",
"13033834182","22.2825176","114.1712694",
"13033834183","22.2824729","114.171298",
"13033834184","22.2823256","114.1713457",
"13033834185","22.2819288","114.1714024",
"13033834186","22.2816004","114.1713452",
"13033834187","22.2819331","114.1714397",
"13033834188","22.2819391","114.1714205",
"13033834189","22.281918","114.1714537",
"13033834190","22.2816382","114.1715168",
"13033834191","22.2816177","114.1715203",
"13033834192","22.2816025","114.1715063",
"13033834193","22.281582","114.171379",
"13033834194","22.2815863","114.1713452",
"13033834195","22.2815788","114.1713568",
"13033834196","22.2814792","114.1715947",
"13033834197","22.2823993","114.1714263",
"13033834198","22.2825415","114.1713918",
"13033834199","22.2827237","114.1710634",
"13033834200","22.2827462","114.1711521",
"13033836601","22.2826654","114.1713094",
"13033836602","22.2825896","114.1708407",
"13033836603","22.2828696","114.1712025",
"13033836604","22.2828907","114.1713055",
"13039072164","22.281522","114.1704931",
"13039072165","22.2814166","114.1705028",
"13039072166","22.28142","114.170547",
"13039072167","22.2815255","114.1705373",
"13170063816","22.280376","114.1769345","巴西駐港總領事館 Consulate General of Brazil"
"13190719460","22.2818382","114.17591",
"13197414336","22.2831582","114.1779121",
"13197414337","22.2829853","114.1796588",
"13197414338","22.283121","114.179691",
"13197414339","22.2832233","114.17814",
"13290596651","22.2846866","114.1739725",
"13390838863","22.2821273","114.1706944",
"13390838864","22.2821681","114.1706939",
"13390838865","22.2821145","114.1711527",
"13390838866","22.2821662","114.1711506",
"13390838867","22.28208","114.1688445",
"13390838868","22.2820528","114.1688892",
"13390838869","22.2820336","114.1689533",
"13390838871","22.2820257","114.168769",
"13390838872","22.2819366","114.1703802",
"13390838873","22.2815727","114.1695907",
"13390838874","22.281532","114.1694418",
"13390838875","22.2819753","114.1700741",
"13390838876","22.2819737","114.1704115",
"13390838877","22.2820239","114.1704103",
"13390838878","22.2820172","114.1706053",
"13390838879","22.281704","114.1705932",
"13390838880","22.2816848","114.1704007",
"13390838881","22.2822074","114.1690035",
"13390838882","22.2821548","114.1700871",
"13390838883","22.2821456","114.1703901",
"13390838884","22.28214","114.1708557",
"13390838885","22.2821373","114.1711138",
"13390838886","22.2820708","114.1689946",
"13390838887","22.2820469","114.169487",
"13390838888","22.2820238","114.1699236",
"13390838889","22.2819989","114.1703911",
"13390838890","22.2819953","114.1712497",
"13390838891","22.2820398","114.1710601",
"13390838892","22.2820136","114.1711597",
"13390838893","22.2822722","114.1710225",
"13390838894","22.2821266","114.1719348",
"13390838895","22.2821647","114.1723721",
"13390838896","22.2821929","114.1727149",
"13390838897","22.28221","114.1729692",
"13390838898","22.2822207","114.1732347",
"13390838899","22.2821995","114.1737181",
"13390838900","22.2821675","114.1739352",
"13390840001","22.2822156","114.1735033",
"13390840002","22.2822696","114.1717926",
"13390840003","22.2823075","114.1723176",
"13390840004","22.2823332","114.1726853",
"13390840005","22.282354","114.1731562",
"13390840006","22.282365","114.1735768",
"13390859260","22.2820922","114.1714348",
"13390859261","22.2815768","114.1713167",
"13390859262","22.2814336","114.1713392",
"13390859263","22.2825045","114.1715269",
"13390859264","22.2822352","114.1714384",
"13390859265","22.2814992","114.1713188",
"13390859266","22.2827138","114.1712649",
"13390859267","22.28274","114.171209",
"13390859268","22.2823789","114.1716733",
"13390859269","22.2828479","114.1718183",
"13390859270","22.2827088","114.1718829",
"13390859271","22.2828818","114.1716907",
"13390859272","22.282585","114.171973",
"13390859273","22.2828538","114.1717748",
"13390859274","22.2829026","114.1717757",
"13390859275","22.2827155","114.1718111",
"13390859276","22.282674","114.1718389",
"13390859277","22.2825269","114.1717174",
"13390859278","22.2824586","114.1716317",
"13390859279","22.2824267","114.1715829",
"13390859280","22.2824046","114.171537",
"13390859281","22.2823909","114.1714844",
"13390859282","22.2823864","114.1712712",
"13390859283","22.2823993","114.1712103",
"13390859284","22.2824233","114.1711567",
"13390859285","22.282456","114.1711113",
"13390859286","22.2824989","114.1710717",
"13390859287","22.2825328","114.1710385",
"13390859288","22.2824697","114.1709539",
"13390859289","22.2823838","114.1713289",
"13390859290","22.2828471","114.1717413",
"13390859291","22.2827929","114.1717505",
"13390859292","22.2827217","114.1717655",
"13390859293","22.2826484","114.1718217",
"13390859294","22.2824497","114.1715553",
"13390859295","22.282421","114.1714979",
"13390859296","22.2824147","114.1713062",
"13390859297","22.2824221","114.1712419",
"13390859298","22.2824465","114.1711856",
"13390859299","22.2824827","114.1711443",
"13390859300","22.2825454","114.1711029",
"13390864401","22.2827847","114.1714828",
"13390905072","22.2810405","114.1690056",
"13390905073","22.2809755","114.1689805",
"13390905074","22.2809263","114.1689405",
"13390905075","22.2808989","114.1685239",
"13390911127","22.2815237","114.1698671",
"13390911128","22.2814225","114.1708863",
"13390911129","22.2811883","114.1707298",
"13390911130","22.2812656","114.1706241",
"13390911131","22.2812728","114.1705628",
"13390911132","22.2812632","114.1705158",
"13390911133","22.2812366","114.1704702",
"13390911134","22.281198","114.1704532",
"13390911135","22.2810749","114.1704572",
"13390911136","22.2810218","114.1704141",
"13390911137","22.2809868","114.1699941",
"13390911138","22.2815046","114.169981",
"13390911139","22.281548","114.1700058",
"13390911140","22.2815747","114.1700507",
"13390911141","22.2809268","114.1704102",
"13390911142","22.2809224","114.1703574",
"13390911143","22.2809757","114.1700464",
"13390911144","22.2809821","114.1702558",
"13390911145","22.2809821","114.1704387",
"13390911146","22.2810221","114.1706245",
"13390911147","22.2809857","114.1705616",
"13390911148","22.2808818","114.1707643",
"13390911149","22.2809562","114.1707695",
"13390911150","22.2807818","114.1707679",
"13390911151","22.2810993","114.1707512",
"13390911152","22.2810179","114.1706676",
"13390911153","22.2809611","114.1705797",
"13390911154","22.2809231","114.1704901",
"13390911155","22.2808521","114.170496",
"13390911156","22.2808386","114.1705848",
"13390911157","22.2808466","114.1706227",
"13390911158","22.2808523","114.1706616",
"13390911159","22.2808433","114.1707123",
"13390911160","22.2808901","114.1707243",
"13390911161","22.2809579","114.1707285",
"13390911162","22.2808856","114.1703744",
"13390911163","22.2808538","114.1703417",
"13392404725","22.2810179","114.170809",
"13392404726","22.2808144","114.1708043",
"13423668404","22.2831159","114.1740307",
"13423668405","22.283096","114.1740453",
"13423668406","22.2833498","114.1740277",
"13423668407","22.2833345","114.1740183",
"13426136046","22.2776769","114.1649965",
"13426136047","22.2791985","114.1665171",
"13426136050","22.2767094","114.1642533",
"13426136051","22.2772133","114.1645821",
"13426136052","22.2765372","114.1641371",
"13426136053","22.2794346","114.1667931",
"13426136054","22.2796274","114.1670318",
"13507278494","22.2798161","114.171315",
"13507278495","22.2798465","114.1713182",
"13564131567","22.2829685","114.1798921",
"13637633367","22.282458","114.1793451",
"13637633368","22.2824248","114.1793566",
"13637633369","22.282441","114.1794117",
"13637633370","22.2824743","114.1794002",
"13637633371","22.2824094","114.1792278",
"13637633372","22.2824362","114.1792167",
"13637633373","22.2824717","114.1793166",
"13637633374","22.282389","114.1793509",
"13637633375","22.2823381","114.1792078",
"13637633376","22.282394","114.1791846",
"13716300922","22.2817276","114.1785191",
"13716300923","22.2803832","114.1794072",
"13716300924","22.2809332","114.1789314",
"13727770114","22.2817885","114.1790934",
"13727770115","22.2821654","114.1789521",
"13727770116","22.2813183","114.1791869",
"13727770117","22.2814064","114.1792057",
"13727770118","22.2813916","114.1793101",
"13727770119","22.281384","114.1791802",
"13727770120","22.2824814","114.1787485",
"13727770121","22.2824082","114.1784092",
"13727770122","22.2821218","114.1787925",
"13727770123","22.2821081","114.1787503",
"13727770124","22.2817568","114.1791059",
"13727770125","22.2818464","114.1790346",
"13727770126","22.2818379","114.178692",
"13727770127","22.2818698","114.1789926",
"13727770128","22.281742","114.1790407",
"13728113201","22.2817204","114.1794496",
"13946658401","22.2829616","114.1771181",
"13946658402","22.2829336","114.1756996",
"13946658403","22.2829022","114.1754746",
"13946658404","22.2828561","114.175067",
"13946658405","22.2829452","114.1744291",
"13946658501","22.2829612","114.1759882",
"13946658502","22.282896","114.1754331",
"13946658601","22.2829537","114.175968",
"13946658602","22.2829567","114.1759476",
"13946658603","22.2828621","114.1751612",
"13946658701","22.2829013","114.1754541",
"13946694201","22.2831199","114.1771065",
"13946694202","22.2831421","114.1773125",
"13946694301","22.2831242","114.1771325",
"13946694401","22.2831264","114.1771531",
"13946694501","22.2831438","114.1772796",
"13955973801","22.2812343","114.1757404","新潮流茶餐廳"
"13955979401","22.2803093","114.1762728","京東 Mall"
"14148863016","22.2810413","114.1770133",
